[0.454s] DEBUG:colcon:Command line arguments: ['/usr/bin/colcon', 'build', '--symlink-install', '--packages-select', 'wheeltec_mic_msg']
[0.455s] DEBUG:colcon:Parsed command line arguments: Namespace(log_base=None, log_level=None, verb_name='build', build_base='build', install_base='install', merge_install=False, symlink_install=True, test_result_base=None, continue_on_error=False, executor='parallel', parallel_workers=6, event_handlers=None, ignore_user_meta=False, metas=['./colcon.meta'], base_paths=['.'], packages_ignore=None, packages_ignore_regex=None, paths=None, packages_up_to=None, packages_up_to_regex=None, packages_above=None, packages_above_and_dependencies=None, packages_above_depth=None, packages_select_by_dep=None, packages_skip_by_dep=None, packages_skip_up_to=None, packages_select_build_failed=False, packages_skip_build_finished=False, packages_select_test_failures=False, packages_skip_test_passed=False, packages_select=['wheeltec_mic_msg'], packages_skip=None, packages_select_regex=None, packages_skip_regex=None, packages_start=None, packages_end=None, allow_overriding=[], cmake_args=None, cmake_target=None, cmake_target_skip_unavailable=False, cmake_clean_cache=False, cmake_clean_first=False, cmake_force_configure=False, ament_cmake_args=None, catkin_cmake_args=None, catkin_skip_building_tests=False, verb_parser=<colcon_defaults.argument_parser.defaults.DefaultArgumentsDecorator object at 0xffff8889d0c0>, verb_extension=<colcon_core.verb.build.BuildVerb object at 0xffff8889ca00>, main=<bound method BuildVerb.main of <colcon_core.verb.build.BuildVerb object at 0xffff8889ca00>>)
[1.143s] Level 1:colcon.colcon_core.package_discovery:discover_packages(colcon_meta) check parameters
[1.143s] Level 1:colcon.colcon_core.package_discovery:discover_packages(recursive) check parameters
[1.143s] Level 1:colcon.colcon_core.package_discovery:discover_packages(ignore) check parameters
[1.143s] Level 1:colcon.colcon_core.package_discovery:discover_packages(path) check parameters
[1.143s] Level 1:colcon.colcon_core.package_discovery:discover_packages(colcon_meta) discover
[1.144s] Level 1:colcon.colcon_core.package_discovery:discover_packages(recursive) discover
[1.144s] INFO:colcon.colcon_core.package_discovery:Crawling recursively for packages in '/home/wheeltec/wheeltec_ros2'
[1.144s] Level 1:colcon.colcon_core.package_identification:_identify(.) by extensions ['ignore', 'ignore_ament_install']
[1.144s] Level 1:colcon.colcon_core.package_identification:_identify(.) by extension 'ignore'
[1.144s] Level 1:colcon.colcon_core.package_identification:_identify(.) by extension 'ignore_ament_install'
[1.145s] Level 1:colcon.colcon_core.package_identification:_identify(.) by extensions ['colcon_pkg']
[1.145s] Level 1:colcon.colcon_core.package_identification:_identify(.) by extension 'colcon_pkg'
[1.145s] Level 1:colcon.colcon_core.package_identification:_identify(.) by extensions ['colcon_meta']
[1.145s] Level 1:colcon.colcon_core.package_identification:_identify(.) by extension 'colcon_meta'
[1.145s] Level 1:colcon.colcon_core.package_identification:_identify(.) by extensions ['ros']
[1.145s] Level 1:colcon.colcon_core.package_identification:_identify(.) by extension 'ros'
[1.198s] Level 1:colcon.colcon_core.package_identification:_identify(.) by extensions ['cmake', 'python']
[1.198s] Level 1:colcon.colcon_core.package_identification:_identify(.) by extension 'cmake'
[1.198s] Level 1:colcon.colcon_core.package_identification:_identify(.) by extension 'python'
[1.198s] Level 1:colcon.colcon_core.package_identification:_identify(.) by extensions ['python_setup_py']
[1.199s] Level 1:colcon.colcon_core.package_identification:_identify(.) by extension 'python_setup_py'
[1.199s] Level 1:colcon.colcon_core.package_identification:_identify(build) by extensions ['ignore', 'ignore_ament_install']
[1.199s] Level 1:colcon.colcon_core.package_identification:_identify(build) by extension 'ignore'
[1.199s] Level 1:colcon.colcon_core.package_identification:_identify(build) ignored
[1.199s] Level 1:colcon.colcon_core.package_identification:_identify(install) by extensions ['ignore', 'ignore_ament_install']
[1.200s] Level 1:colcon.colcon_core.package_identification:_identify(install) by extension 'ignore'
[1.200s] Level 1:colcon.colcon_core.package_identification:_identify(install) ignored
[1.200s] Level 1:colcon.colcon_core.package_identification:_identify(log) by extensions ['ignore', 'ignore_ament_install']
[1.200s] Level 1:colcon.colcon_core.package_identification:_identify(log) by extension 'ignore'
[1.200s] Level 1:colcon.colcon_core.package_identification:_identify(log) ignored
[1.201s] Level 1:colcon.colcon_core.package_identification:_identify(src) by extensions ['ignore', 'ignore_ament_install']
[1.201s] Level 1:colcon.colcon_core.package_identification:_identify(src) by extension 'ignore'
[1.201s] Level 1:colcon.colcon_core.package_identification:_identify(src) by extension 'ignore_ament_install'
[1.201s] Level 1:colcon.colcon_core.package_identification:_identify(src) by extensions ['colcon_pkg']
[1.201s] Level 1:colcon.colcon_core.package_identification:_identify(src) by extension 'colcon_pkg'
[1.201s] Level 1:colcon.colcon_core.package_identification:_identify(src) by extensions ['colcon_meta']
[1.201s] Level 1:colcon.colcon_core.package_identification:_identify(src) by extension 'colcon_meta'
[1.201s] Level 1:colcon.colcon_core.package_identification:_identify(src) by extensions ['ros']
[1.201s] Level 1:colcon.colcon_core.package_identification:_identify(src) by extension 'ros'
[1.201s] Level 1:colcon.colcon_core.package_identification:_identify(src) by extensions ['cmake', 'python']
[1.201s] Level 1:colcon.colcon_core.package_identification:_identify(src) by extension 'cmake'
[1.202s] Level 1:colcon.colcon_core.package_identification:_identify(src) by extension 'python'
[1.202s] Level 1:colcon.colcon_core.package_identification:_identify(src) by extensions ['python_setup_py']
[1.202s] Level 1:colcon.colcon_core.package_identification:_identify(src) by extension 'python_setup_py'
[1.202s] Level 1:colcon.colcon_core.package_identification:_identify(src/aruco_ros-humble-devel) by extensions ['ignore', 'ignore_ament_install']
[1.202s] Level 1:colcon.colcon_core.package_identification:_identify(src/aruco_ros-humble-devel) by extension 'ignore'
[1.202s] Level 1:colcon.colcon_core.package_identification:_identify(src/aruco_ros-humble-devel) by extension 'ignore_ament_install'
[1.202s] Level 1:colcon.colcon_core.package_identification:_identify(src/aruco_ros-humble-devel) by extensions ['colcon_pkg']
[1.202s] Level 1:colcon.colcon_core.package_identification:_identify(src/aruco_ros-humble-devel) by extension 'colcon_pkg'
[1.203s] Level 1:colcon.colcon_core.package_identification:_identify(src/aruco_ros-humble-devel) by extensions ['colcon_meta']
[1.203s] Level 1:colcon.colcon_core.package_identification:_identify(src/aruco_ros-humble-devel) by extension 'colcon_meta'
[1.203s] Level 1:colcon.colcon_core.package_identification:_identify(src/aruco_ros-humble-devel) by extensions ['ros']
[1.203s] Level 1:colcon.colcon_core.package_identification:_identify(src/aruco_ros-humble-devel) by extension 'ros'
[1.203s] Level 1:colcon.colcon_core.package_identification:_identify(src/aruco_ros-humble-devel) by extensions ['cmake', 'python']
[1.203s] Level 1:colcon.colcon_core.package_identification:_identify(src/aruco_ros-humble-devel) by extension 'cmake'
[1.203s] Level 1:colcon.colcon_core.package_identification:_identify(src/aruco_ros-humble-devel) by extension 'python'
[1.203s] Level 1:colcon.colcon_core.package_identification:_identify(src/aruco_ros-humble-devel) by extensions ['python_setup_py']
[1.203s] Level 1:colcon.colcon_core.package_identification:_identify(src/aruco_ros-humble-devel) by extension 'python_setup_py'
[1.204s] Level 1:colcon.colcon_core.package_identification:_identify(src/aruco_ros-humble-devel/aruco) by extensions ['ignore', 'ignore_ament_install']
[1.204s] Level 1:colcon.colcon_core.package_identification:_identify(src/aruco_ros-humble-devel/aruco) by extension 'ignore'
[1.204s] Level 1:colcon.colcon_core.package_identification:_identify(src/aruco_ros-humble-devel/aruco) by extension 'ignore_ament_install'
[1.204s] Level 1:colcon.colcon_core.package_identification:_identify(src/aruco_ros-humble-devel/aruco) by extensions ['colcon_pkg']
[1.204s] Level 1:colcon.colcon_core.package_identification:_identify(src/aruco_ros-humble-devel/aruco) by extension 'colcon_pkg'
[1.204s] Level 1:colcon.colcon_core.package_identification:_identify(src/aruco_ros-humble-devel/aruco) by extensions ['colcon_meta']
[1.205s] Level 1:colcon.colcon_core.package_identification:_identify(src/aruco_ros-humble-devel/aruco) by extension 'colcon_meta'
[1.205s] Level 1:colcon.colcon_core.package_identification:_identify(src/aruco_ros-humble-devel/aruco) by extensions ['ros']
[1.205s] Level 1:colcon.colcon_core.package_identification:_identify(src/aruco_ros-humble-devel/aruco) by extension 'ros'
[1.210s] DEBUG:colcon.colcon_core.package_identification:Package 'src/aruco_ros-humble-devel/aruco' with type 'ros.ament_cmake' and name 'aruco'
[1.211s] Level 1:colcon.colcon_core.package_identification:_identify(src/aruco_ros-humble-devel/aruco_msgs) by extensions ['ignore', 'ignore_ament_install']
[1.211s] Level 1:colcon.colcon_core.package_identification:_identify(src/aruco_ros-humble-devel/aruco_msgs) by extension 'ignore'
[1.211s] Level 1:colcon.colcon_core.package_identification:_identify(src/aruco_ros-humble-devel/aruco_msgs) by extension 'ignore_ament_install'
[1.211s] Level 1:colcon.colcon_core.package_identification:_identify(src/aruco_ros-humble-devel/aruco_msgs) by extensions ['colcon_pkg']
[1.211s] Level 1:colcon.colcon_core.package_identification:_identify(src/aruco_ros-humble-devel/aruco_msgs) by extension 'colcon_pkg'
[1.211s] Level 1:colcon.colcon_core.package_identification:_identify(src/aruco_ros-humble-devel/aruco_msgs) by extensions ['colcon_meta']
[1.211s] Level 1:colcon.colcon_core.package_identification:_identify(src/aruco_ros-humble-devel/aruco_msgs) by extension 'colcon_meta'
[1.211s] Level 1:colcon.colcon_core.package_identification:_identify(src/aruco_ros-humble-devel/aruco_msgs) by extensions ['ros']
[1.212s] Level 1:colcon.colcon_core.package_identification:_identify(src/aruco_ros-humble-devel/aruco_msgs) by extension 'ros'
[1.213s] DEBUG:colcon.colcon_core.package_identification:Package 'src/aruco_ros-humble-devel/aruco_msgs' with type 'ros.ament_cmake' and name 'aruco_msgs'
[1.214s] Level 1:colcon.colcon_core.package_identification:_identify(src/aruco_ros-humble-devel/aruco_ros) by extensions ['ignore', 'ignore_ament_install']
[1.214s] Level 1:colcon.colcon_core.package_identification:_identify(src/aruco_ros-humble-devel/aruco_ros) by extension 'ignore'
[1.214s] Level 1:colcon.colcon_core.package_identification:_identify(src/aruco_ros-humble-devel/aruco_ros) by extension 'ignore_ament_install'
[1.214s] Level 1:colcon.colcon_core.package_identification:_identify(src/aruco_ros-humble-devel/aruco_ros) by extensions ['colcon_pkg']
[1.214s] Level 1:colcon.colcon_core.package_identification:_identify(src/aruco_ros-humble-devel/aruco_ros) by extension 'colcon_pkg'
[1.214s] Level 1:colcon.colcon_core.package_identification:_identify(src/aruco_ros-humble-devel/aruco_ros) by extensions ['colcon_meta']
[1.214s] Level 1:colcon.colcon_core.package_identification:_identify(src/aruco_ros-humble-devel/aruco_ros) by extension 'colcon_meta'
[1.214s] Level 1:colcon.colcon_core.package_identification:_identify(src/aruco_ros-humble-devel/aruco_ros) by extensions ['ros']
[1.214s] Level 1:colcon.colcon_core.package_identification:_identify(src/aruco_ros-humble-devel/aruco_ros) by extension 'ros'
[1.217s] DEBUG:colcon.colcon_core.package_identification:Package 'src/aruco_ros-humble-devel/aruco_ros' with type 'ros.ament_cmake' and name 'aruco_ros'
[1.217s] Level 1:colcon.colcon_core.package_identification:_identify(src/auto_recharge_ros2) by extensions ['ignore', 'ignore_ament_install']
[1.217s] Level 1:colcon.colcon_core.package_identification:_identify(src/auto_recharge_ros2) by extension 'ignore'
[1.217s] Level 1:colcon.colcon_core.package_identification:_identify(src/auto_recharge_ros2) by extension 'ignore_ament_install'
[1.217s] Level 1:colcon.colcon_core.package_identification:_identify(src/auto_recharge_ros2) by extensions ['colcon_pkg']
[1.217s] Level 1:colcon.colcon_core.package_identification:_identify(src/auto_recharge_ros2) by extension 'colcon_pkg'
[1.218s] Level 1:colcon.colcon_core.package_identification:_identify(src/auto_recharge_ros2) by extensions ['colcon_meta']
[1.218s] Level 1:colcon.colcon_core.package_identification:_identify(src/auto_recharge_ros2) by extension 'colcon_meta'
[1.218s] Level 1:colcon.colcon_core.package_identification:_identify(src/auto_recharge_ros2) by extensions ['ros']
[1.218s] Level 1:colcon.colcon_core.package_identification:_identify(src/auto_recharge_ros2) by extension 'ros'
[1.220s] DEBUG:colcon.colcon_core.package_identification:Package 'src/auto_recharge_ros2' with type 'ros.ament_python' and name 'auto_recharge_ros2'
[1.220s] Level 1:colcon.colcon_core.package_identification:_identify(src/data) by extensions ['ignore', 'ignore_ament_install']
[1.220s] Level 1:colcon.colcon_core.package_identification:_identify(src/data) by extension 'ignore'
[1.220s] Level 1:colcon.colcon_core.package_identification:_identify(src/data) by extension 'ignore_ament_install'
[1.220s] Level 1:colcon.colcon_core.package_identification:_identify(src/data) by extensions ['colcon_pkg']
[1.221s] Level 1:colcon.colcon_core.package_identification:_identify(src/data) by extension 'colcon_pkg'
[1.221s] Level 1:colcon.colcon_core.package_identification:_identify(src/data) by extensions ['colcon_meta']
[1.221s] Level 1:colcon.colcon_core.package_identification:_identify(src/data) by extension 'colcon_meta'
[1.221s] Level 1:colcon.colcon_core.package_identification:_identify(src/data) by extensions ['ros']
[1.221s] Level 1:colcon.colcon_core.package_identification:_identify(src/data) by extension 'ros'
[1.221s] Level 1:colcon.colcon_core.package_identification:_identify(src/data) by extensions ['cmake', 'python']
[1.221s] Level 1:colcon.colcon_core.package_identification:_identify(src/data) by extension 'cmake'
[1.221s] Level 1:colcon.colcon_core.package_identification:_identify(src/data) by extension 'python'
[1.221s] Level 1:colcon.colcon_core.package_identification:_identify(src/data) by extensions ['python_setup_py']
[1.221s] Level 1:colcon.colcon_core.package_identification:_identify(src/data) by extension 'python_setup_py'
[1.222s] Level 1:colcon.colcon_core.package_identification:_identify(src/data/LEGO-LOAM) by extensions ['ignore', 'ignore_ament_install']
[1.222s] Level 1:colcon.colcon_core.package_identification:_identify(src/data/LEGO-LOAM) by extension 'ignore'
[1.222s] Level 1:colcon.colcon_core.package_identification:_identify(src/data/LEGO-LOAM) by extension 'ignore_ament_install'
[1.222s] Level 1:colcon.colcon_core.package_identification:_identify(src/data/LEGO-LOAM) by extensions ['colcon_pkg']
[1.222s] Level 1:colcon.colcon_core.package_identification:_identify(src/data/LEGO-LOAM) by extension 'colcon_pkg'
[1.222s] Level 1:colcon.colcon_core.package_identification:_identify(src/data/LEGO-LOAM) by extensions ['colcon_meta']
[1.222s] Level 1:colcon.colcon_core.package_identification:_identify(src/data/LEGO-LOAM) by extension 'colcon_meta'
[1.222s] Level 1:colcon.colcon_core.package_identification:_identify(src/data/LEGO-LOAM) by extensions ['ros']
[1.222s] Level 1:colcon.colcon_core.package_identification:_identify(src/data/LEGO-LOAM) by extension 'ros'
[1.222s] Level 1:colcon.colcon_core.package_identification:_identify(src/data/LEGO-LOAM) by extensions ['cmake', 'python']
[1.222s] Level 1:colcon.colcon_core.package_identification:_identify(src/data/LEGO-LOAM) by extension 'cmake'
[1.222s] Level 1:colcon.colcon_core.package_identification:_identify(src/data/LEGO-LOAM) by extension 'python'
[1.223s] Level 1:colcon.colcon_core.package_identification:_identify(src/data/LEGO-LOAM) by extensions ['python_setup_py']
[1.223s] Level 1:colcon.colcon_core.package_identification:_identify(src/data/LEGO-LOAM) by extension 'python_setup_py'
[1.223s] Level 1:colcon.colcon_core.package_identification:_identify(src/data/LIO-SAM) by extensions ['ignore', 'ignore_ament_install']
[1.223s] Level 1:colcon.colcon_core.package_identification:_identify(src/data/LIO-SAM) by extension 'ignore'
[1.223s] Level 1:colcon.colcon_core.package_identification:_identify(src/data/LIO-SAM) by extension 'ignore_ament_install'
[1.223s] Level 1:colcon.colcon_core.package_identification:_identify(src/data/LIO-SAM) by extensions ['colcon_pkg']
[1.223s] Level 1:colcon.colcon_core.package_identification:_identify(src/data/LIO-SAM) by extension 'colcon_pkg'
[1.223s] Level 1:colcon.colcon_core.package_identification:_identify(src/data/LIO-SAM) by extensions ['colcon_meta']
[1.223s] Level 1:colcon.colcon_core.package_identification:_identify(src/data/LIO-SAM) by extension 'colcon_meta'
[1.224s] Level 1:colcon.colcon_core.package_identification:_identify(src/data/LIO-SAM) by extensions ['ros']
[1.224s] Level 1:colcon.colcon_core.package_identification:_identify(src/data/LIO-SAM) by extension 'ros'
[1.224s] Level 1:colcon.colcon_core.package_identification:_identify(src/data/LIO-SAM) by extensions ['cmake', 'python']
[1.224s] Level 1:colcon.colcon_core.package_identification:_identify(src/data/LIO-SAM) by extension 'cmake'
[1.224s] Level 1:colcon.colcon_core.package_identification:_identify(src/data/LIO-SAM) by extension 'python'
[1.224s] Level 1:colcon.colcon_core.package_identification:_identify(src/data/LIO-SAM) by extensions ['python_setup_py']
[1.224s] Level 1:colcon.colcon_core.package_identification:_identify(src/data/LIO-SAM) by extension 'python_setup_py'
[1.224s] Level 1:colcon.colcon_core.package_identification:_identify(src/data/cartographer) by extensions ['ignore', 'ignore_ament_install']
[1.224s] Level 1:colcon.colcon_core.package_identification:_identify(src/data/cartographer) by extension 'ignore'
[1.224s] Level 1:colcon.colcon_core.package_identification:_identify(src/data/cartographer) by extension 'ignore_ament_install'
[1.225s] Level 1:colcon.colcon_core.package_identification:_identify(src/data/cartographer) by extensions ['colcon_pkg']
[1.225s] Level 1:colcon.colcon_core.package_identification:_identify(src/data/cartographer) by extension 'colcon_pkg'
[1.225s] Level 1:colcon.colcon_core.package_identification:_identify(src/data/cartographer) by extensions ['colcon_meta']
[1.225s] Level 1:colcon.colcon_core.package_identification:_identify(src/data/cartographer) by extension 'colcon_meta'
[1.225s] Level 1:colcon.colcon_core.package_identification:_identify(src/data/cartographer) by extensions ['ros']
[1.225s] Level 1:colcon.colcon_core.package_identification:_identify(src/data/cartographer) by extension 'ros'
[1.225s] Level 1:colcon.colcon_core.package_identification:_identify(src/data/cartographer) by extensions ['cmake', 'python']
[1.225s] Level 1:colcon.colcon_core.package_identification:_identify(src/data/cartographer) by extension 'cmake'
[1.225s] Level 1:colcon.colcon_core.package_identification:_identify(src/data/cartographer) by extension 'python'
[1.225s] Level 1:colcon.colcon_core.package_identification:_identify(src/data/cartographer) by extensions ['python_setup_py']
[1.225s] Level 1:colcon.colcon_core.package_identification:_identify(src/data/cartographer) by extension 'python_setup_py'
[1.226s] Level 1:colcon.colcon_core.package_identification:_identify(src/data/cartographer/carto_map) by extensions ['ignore', 'ignore_ament_install']
[1.226s] Level 1:colcon.colcon_core.package_identification:_identify(src/data/cartographer/carto_map) by extension 'ignore'
[1.226s] Level 1:colcon.colcon_core.package_identification:_identify(src/data/cartographer/carto_map) by extension 'ignore_ament_install'
[1.226s] Level 1:colcon.colcon_core.package_identification:_identify(src/data/cartographer/carto_map) by extensions ['colcon_pkg']
[1.226s] Level 1:colcon.colcon_core.package_identification:_identify(src/data/cartographer/carto_map) by extension 'colcon_pkg'
[1.226s] Level 1:colcon.colcon_core.package_identification:_identify(src/data/cartographer/carto_map) by extensions ['colcon_meta']
[1.226s] Level 1:colcon.colcon_core.package_identification:_identify(src/data/cartographer/carto_map) by extension 'colcon_meta'
[1.226s] Level 1:colcon.colcon_core.package_identification:_identify(src/data/cartographer/carto_map) by extensions ['ros']
[1.226s] Level 1:colcon.colcon_core.package_identification:_identify(src/data/cartographer/carto_map) by extension 'ros'
[1.226s] Level 1:colcon.colcon_core.package_identification:_identify(src/data/cartographer/carto_map) by extensions ['cmake', 'python']
[1.226s] Level 1:colcon.colcon_core.package_identification:_identify(src/data/cartographer/carto_map) by extension 'cmake'
[1.226s] Level 1:colcon.colcon_core.package_identification:_identify(src/data/cartographer/carto_map) by extension 'python'
[1.227s] Level 1:colcon.colcon_core.package_identification:_identify(src/data/cartographer/carto_map) by extensions ['python_setup_py']
[1.227s] Level 1:colcon.colcon_core.package_identification:_identify(src/data/cartographer/carto_map) by extension 'python_setup_py'
[1.227s] Level 1:colcon.colcon_core.package_identification:_identify(src/depend) by extensions ['ignore', 'ignore_ament_install']
[1.227s] Level 1:colcon.colcon_core.package_identification:_identify(src/depend) by extension 'ignore'
[1.227s] Level 1:colcon.colcon_core.package_identification:_identify(src/depend) by extension 'ignore_ament_install'
[1.227s] Level 1:colcon.colcon_core.package_identification:_identify(src/depend) by extensions ['colcon_pkg']
[1.227s] Level 1:colcon.colcon_core.package_identification:_identify(src/depend) by extension 'colcon_pkg'
[1.227s] Level 1:colcon.colcon_core.package_identification:_identify(src/depend) by extensions ['colcon_meta']
[1.227s] Level 1:colcon.colcon_core.package_identification:_identify(src/depend) by extension 'colcon_meta'
[1.227s] Level 1:colcon.colcon_core.package_identification:_identify(src/depend) by extensions ['ros']
[1.227s] Level 1:colcon.colcon_core.package_identification:_identify(src/depend) by extension 'ros'
[1.228s] Level 1:colcon.colcon_core.package_identification:_identify(src/depend) by extensions ['cmake', 'python']
[1.228s] Level 1:colcon.colcon_core.package_identification:_identify(src/depend) by extension 'cmake'
[1.228s] Level 1:colcon.colcon_core.package_identification:_identify(src/depend) by extension 'python'
[1.228s] Level 1:colcon.colcon_core.package_identification:_identify(src/depend) by extensions ['python_setup_py']
[1.228s] Level 1:colcon.colcon_core.package_identification:_identify(src/depend) by extension 'python_setup_py'
[1.228s] Level 1:colcon.colcon_core.package_identification:_identify(src/depend/ackermann_msgs-ros2) by extensions ['ignore', 'ignore_ament_install']
[1.228s] Level 1:colcon.colcon_core.package_identification:_identify(src/depend/ackermann_msgs-ros2) by extension 'ignore'
[1.228s] Level 1:colcon.colcon_core.package_identification:_identify(src/depend/ackermann_msgs-ros2) by extension 'ignore_ament_install'
[1.229s] Level 1:colcon.colcon_core.package_identification:_identify(src/depend/ackermann_msgs-ros2) by extensions ['colcon_pkg']
[1.229s] Level 1:colcon.colcon_core.package_identification:_identify(src/depend/ackermann_msgs-ros2) by extension 'colcon_pkg'
[1.229s] Level 1:colcon.colcon_core.package_identification:_identify(src/depend/ackermann_msgs-ros2) by extensions ['colcon_meta']
[1.229s] Level 1:colcon.colcon_core.package_identification:_identify(src/depend/ackermann_msgs-ros2) by extension 'colcon_meta'
[1.229s] Level 1:colcon.colcon_core.package_identification:_identify(src/depend/ackermann_msgs-ros2) by extensions ['ros']
[1.229s] Level 1:colcon.colcon_core.package_identification:_identify(src/depend/ackermann_msgs-ros2) by extension 'ros'
[1.230s] DEBUG:colcon.colcon_core.package_identification:Package 'src/depend/ackermann_msgs-ros2' with type 'ros.ament_cmake' and name 'ackermann_msgs'
[1.230s] Level 1:colcon.colcon_core.package_identification:_identify(src/depend/serial_ros2) by extensions ['ignore', 'ignore_ament_install']
[1.231s] Level 1:colcon.colcon_core.package_identification:_identify(src/depend/serial_ros2) by extension 'ignore'
[1.231s] Level 1:colcon.colcon_core.package_identification:_identify(src/depend/serial_ros2) by extension 'ignore_ament_install'
[1.231s] Level 1:colcon.colcon_core.package_identification:_identify(src/depend/serial_ros2) by extensions ['colcon_pkg']
[1.231s] Level 1:colcon.colcon_core.package_identification:_identify(src/depend/serial_ros2) by extension 'colcon_pkg'
[1.231s] Level 1:colcon.colcon_core.package_identification:_identify(src/depend/serial_ros2) by extensions ['colcon_meta']
[1.231s] Level 1:colcon.colcon_core.package_identification:_identify(src/depend/serial_ros2) by extension 'colcon_meta'
[1.231s] Level 1:colcon.colcon_core.package_identification:_identify(src/depend/serial_ros2) by extensions ['ros']
[1.231s] Level 1:colcon.colcon_core.package_identification:_identify(src/depend/serial_ros2) by extension 'ros'
[1.232s] DEBUG:colcon.colcon_core.package_identification:Package 'src/depend/serial_ros2' with type 'ros.ament_cmake' and name 'serial'
[1.233s] Level 1:colcon.colcon_core.package_identification:_identify(src/depend/tf2_tools) by extensions ['ignore', 'ignore_ament_install']
[1.233s] Level 1:colcon.colcon_core.package_identification:_identify(src/depend/tf2_tools) by extension 'ignore'
[1.233s] Level 1:colcon.colcon_core.package_identification:_identify(src/depend/tf2_tools) by extension 'ignore_ament_install'
[1.233s] Level 1:colcon.colcon_core.package_identification:_identify(src/depend/tf2_tools) by extensions ['colcon_pkg']
[1.233s] Level 1:colcon.colcon_core.package_identification:_identify(src/depend/tf2_tools) by extension 'colcon_pkg'
[1.233s] Level 1:colcon.colcon_core.package_identification:_identify(src/depend/tf2_tools) by extensions ['colcon_meta']
[1.233s] Level 1:colcon.colcon_core.package_identification:_identify(src/depend/tf2_tools) by extension 'colcon_meta'
[1.233s] Level 1:colcon.colcon_core.package_identification:_identify(src/depend/tf2_tools) by extensions ['ros']
[1.233s] Level 1:colcon.colcon_core.package_identification:_identify(src/depend/tf2_tools) by extension 'ros'
[1.235s] DEBUG:colcon.colcon_core.package_identification:Package 'src/depend/tf2_tools' with type 'ros.ament_python' and name 'tf2_tools'
[1.235s] Level 1:colcon.colcon_core.package_identification:_identify(src/nav2_waypoint_cycle) by extensions ['ignore', 'ignore_ament_install']
[1.235s] Level 1:colcon.colcon_core.package_identification:_identify(src/nav2_waypoint_cycle) by extension 'ignore'
[1.235s] Level 1:colcon.colcon_core.package_identification:_identify(src/nav2_waypoint_cycle) by extension 'ignore_ament_install'
[1.235s] Level 1:colcon.colcon_core.package_identification:_identify(src/nav2_waypoint_cycle) by extensions ['colcon_pkg']
[1.235s] Level 1:colcon.colcon_core.package_identification:_identify(src/nav2_waypoint_cycle) by extension 'colcon_pkg'
[1.235s] Level 1:colcon.colcon_core.package_identification:_identify(src/nav2_waypoint_cycle) by extensions ['colcon_meta']
[1.235s] Level 1:colcon.colcon_core.package_identification:_identify(src/nav2_waypoint_cycle) by extension 'colcon_meta'
[1.235s] Level 1:colcon.colcon_core.package_identification:_identify(src/nav2_waypoint_cycle) by extensions ['ros']
[1.236s] Level 1:colcon.colcon_core.package_identification:_identify(src/nav2_waypoint_cycle) by extension 'ros'
[1.237s] DEBUG:colcon.colcon_core.package_identification:Package 'src/nav2_waypoint_cycle' with type 'ros.ament_python' and name 'nav2_waypoint_cycle'
[1.237s] Level 1:colcon.colcon_core.package_identification:_identify(src/navigation2-humble) by extensions ['ignore', 'ignore_ament_install']
[1.238s] Level 1:colcon.colcon_core.package_identification:_identify(src/navigation2-humble) by extension 'ignore'
[1.238s] Level 1:colcon.colcon_core.package_identification:_identify(src/navigation2-humble) by extension 'ignore_ament_install'
[1.238s] Level 1:colcon.colcon_core.package_identification:_identify(src/navigation2-humble) by extensions ['colcon_pkg']
[1.238s] Level 1:colcon.colcon_core.package_identification:_identify(src/navigation2-humble) by extension 'colcon_pkg'
[1.238s] Level 1:colcon.colcon_core.package_identification:_identify(src/navigation2-humble) by extensions ['colcon_meta']
[1.238s] Level 1:colcon.colcon_core.package_identification:_identify(src/navigation2-humble) by extension 'colcon_meta'
[1.238s] Level 1:colcon.colcon_core.package_identification:_identify(src/navigation2-humble) by extensions ['ros']
[1.238s] Level 1:colcon.colcon_core.package_identification:_identify(src/navigation2-humble) by extension 'ros'
[1.238s] Level 1:colcon.colcon_core.package_identification:_identify(src/navigation2-humble) by extensions ['cmake', 'python']
[1.238s] Level 1:colcon.colcon_core.package_identification:_identify(src/navigation2-humble) by extension 'cmake'
[1.238s] Level 1:colcon.colcon_core.package_identification:_identify(src/navigation2-humble) by extension 'python'
[1.239s] Level 1:colcon.colcon_core.package_identification:_identify(src/navigation2-humble) by extensions ['python_setup_py']
[1.239s] Level 1:colcon.colcon_core.package_identification:_identify(src/navigation2-humble) by extension 'python_setup_py'
[1.239s] Level 1:colcon.colcon_core.package_identification:_identify(src/navigation2-humble/doc) by extensions ['ignore', 'ignore_ament_install']
[1.239s] Level 1:colcon.colcon_core.package_identification:_identify(src/navigation2-humble/doc) by extension 'ignore'
[1.239s] Level 1:colcon.colcon_core.package_identification:_identify(src/navigation2-humble/doc) by extension 'ignore_ament_install'
[1.239s] Level 1:colcon.colcon_core.package_identification:_identify(src/navigation2-humble/doc) by extensions ['colcon_pkg']
[1.239s] Level 1:colcon.colcon_core.package_identification:_identify(src/navigation2-humble/doc) by extension 'colcon_pkg'
[1.239s] Level 1:colcon.colcon_core.package_identification:_identify(src/navigation2-humble/doc) by extensions ['colcon_meta']
[1.239s] Level 1:colcon.colcon_core.package_identification:_identify(src/navigation2-humble/doc) by extension 'colcon_meta'
[1.240s] Level 1:colcon.colcon_core.package_identification:_identify(src/navigation2-humble/doc) by extensions ['ros']
[1.240s] Level 1:colcon.colcon_core.package_identification:_identify(src/navigation2-humble/doc) by extension 'ros'
[1.240s] Level 1:colcon.colcon_core.package_identification:_identify(src/navigation2-humble/doc) by extensions ['cmake', 'python']
[1.240s] Level 1:colcon.colcon_core.package_identification:_identify(src/navigation2-humble/doc) by extension 'cmake'
[1.240s] Level 1:colcon.colcon_core.package_identification:_identify(src/navigation2-humble/doc) by extension 'python'
[1.240s] Level 1:colcon.colcon_core.package_identification:_identify(src/navigation2-humble/doc) by extensions ['python_setup_py']
[1.240s] Level 1:colcon.colcon_core.package_identification:_identify(src/navigation2-humble/doc) by extension 'python_setup_py'
[1.240s] Level 1:colcon.colcon_core.package_identification:_identify(src/navigation2-humble/doc/architecture) by extensions ['ignore', 'ignore_ament_install']
[1.240s] Level 1:colcon.colcon_core.package_identification:_identify(src/navigation2-humble/doc/architecture) by extension 'ignore'
[1.240s] Level 1:colcon.colcon_core.package_identification:_identify(src/navigation2-humble/doc/architecture) by extension 'ignore_ament_install'
[1.241s] Level 1:colcon.colcon_core.package_identification:_identify(src/navigation2-humble/doc/architecture) by extensions ['colcon_pkg']
[1.241s] Level 1:colcon.colcon_core.package_identification:_identify(src/navigation2-humble/doc/architecture) by extension 'colcon_pkg'
[1.241s] Level 1:colcon.colcon_core.package_identification:_identify(src/navigation2-humble/doc/architecture) by extensions ['colcon_meta']
[1.241s] Level 1:colcon.colcon_core.package_identification:_identify(src/navigation2-humble/doc/architecture) by extension 'colcon_meta'
[1.241s] Level 1:colcon.colcon_core.package_identification:_identify(src/navigation2-humble/doc/architecture) by extensions ['ros']
[1.241s] Level 1:colcon.colcon_core.package_identification:_identify(src/navigation2-humble/doc/architecture) by extension 'ros'
[1.241s] Level 1:colcon.colcon_core.package_identification:_identify(src/navigation2-humble/doc/architecture) by extensions ['cmake', 'python']
[1.241s] Level 1:colcon.colcon_core.package_identification:_identify(src/navigation2-humble/doc/architecture) by extension 'cmake'
[1.241s] Level 1:colcon.colcon_core.package_identification:_identify(src/navigation2-humble/doc/architecture) by extension 'python'
[1.241s] Level 1:colcon.colcon_core.package_identification:_identify(src/navigation2-humble/doc/architecture) by extensions ['python_setup_py']
[1.241s] Level 1:colcon.colcon_core.package_identification:_identify(src/navigation2-humble/doc/architecture) by extension 'python_setup_py'
[1.242s] Level 1:colcon.colcon_core.package_identification:_identify(src/navigation2-humble/doc/design) by extensions ['ignore', 'ignore_ament_install']
[1.242s] Level 1:colcon.colcon_core.package_identification:_identify(src/navigation2-humble/doc/design) by extension 'ignore'
[1.242s] Level 1:colcon.colcon_core.package_identification:_identify(src/navigation2-humble/doc/design) by extension 'ignore_ament_install'
[1.242s] Level 1:colcon.colcon_core.package_identification:_identify(src/navigation2-humble/doc/design) by extensions ['colcon_pkg']
[1.242s] Level 1:colcon.colcon_core.package_identification:_identify(src/navigation2-humble/doc/design) by extension 'colcon_pkg'
[1.242s] Level 1:colcon.colcon_core.package_identification:_identify(src/navigation2-humble/doc/design) by extensions ['colcon_meta']
[1.242s] Level 1:colcon.colcon_core.package_identification:_identify(src/navigation2-humble/doc/design) by extension 'colcon_meta'
[1.242s] Level 1:colcon.colcon_core.package_identification:_identify(src/navigation2-humble/doc/design) by extensions ['ros']
[1.242s] Level 1:colcon.colcon_core.package_identification:_identify(src/navigation2-humble/doc/design) by extension 'ros'
[1.242s] Level 1:colcon.colcon_core.package_identification:_identify(src/navigation2-humble/doc/design) by extensions ['cmake', 'python']
[1.242s] Level 1:colcon.colcon_core.package_identification:_identify(src/navigation2-humble/doc/design) by extension 'cmake'
[1.242s] Level 1:colcon.colcon_core.package_identification:_identify(src/navigation2-humble/doc/design) by extension 'python'
[1.242s] Level 1:colcon.colcon_core.package_identification:_identify(src/navigation2-humble/doc/design) by extensions ['python_setup_py']
[1.243s] Level 1:colcon.colcon_core.package_identification:_identify(src/navigation2-humble/doc/design) by extension 'python_setup_py'
[1.243s] Level 1:colcon.colcon_core.package_identification:_identify(src/navigation2-humble/doc/process) by extensions ['ignore', 'ignore_ament_install']
[1.243s] Level 1:colcon.colcon_core.package_identification:_identify(src/navigation2-humble/doc/process) by extension 'ignore'
[1.243s] Level 1:colcon.colcon_core.package_identification:_identify(src/navigation2-humble/doc/process) by extension 'ignore_ament_install'
[1.243s] Level 1:colcon.colcon_core.package_identification:_identify(src/navigation2-humble/doc/process) by extensions ['colcon_pkg']
[1.243s] Level 1:colcon.colcon_core.package_identification:_identify(src/navigation2-humble/doc/process) by extension 'colcon_pkg'
[1.243s] Level 1:colcon.colcon_core.package_identification:_identify(src/navigation2-humble/doc/process) by extensions ['colcon_meta']
[1.243s] Level 1:colcon.colcon_core.package_identification:_identify(src/navigation2-humble/doc/process) by extension 'colcon_meta'
[1.243s] Level 1:colcon.colcon_core.package_identification:_identify(src/navigation2-humble/doc/process) by extensions ['ros']
[1.243s] Level 1:colcon.colcon_core.package_identification:_identify(src/navigation2-humble/doc/process) by extension 'ros'
[1.244s] Level 1:colcon.colcon_core.package_identification:_identify(src/navigation2-humble/doc/process) by extensions ['cmake', 'python']
[1.244s] Level 1:colcon.colcon_core.package_identification:_identify(src/navigation2-humble/doc/process) by extension 'cmake'
[1.244s] Level 1:colcon.colcon_core.package_identification:_identify(src/navigation2-humble/doc/process) by extension 'python'
[1.244s] Level 1:colcon.colcon_core.package_identification:_identify(src/navigation2-humble/doc/process) by extensions ['python_setup_py']
[1.244s] Level 1:colcon.colcon_core.package_identification:_identify(src/navigation2-humble/doc/process) by extension 'python_setup_py'
[1.244s] Level 1:colcon.colcon_core.package_identification:_identify(src/navigation2-humble/doc/requirements) by extensions ['ignore', 'ignore_ament_install']
[1.244s] Level 1:colcon.colcon_core.package_identification:_identify(src/navigation2-humble/doc/requirements) by extension 'ignore'
[1.244s] Level 1:colcon.colcon_core.package_identification:_identify(src/navigation2-humble/doc/requirements) by extension 'ignore_ament_install'
[1.244s] Level 1:colcon.colcon_core.package_identification:_identify(src/navigation2-humble/doc/requirements) by extensions ['colcon_pkg']
[1.244s] Level 1:colcon.colcon_core.package_identification:_identify(src/navigation2-humble/doc/requirements) by extension 'colcon_pkg'
[1.245s] Level 1:colcon.colcon_core.package_identification:_identify(src/navigation2-humble/doc/requirements) by extensions ['colcon_meta']
[1.245s] Level 1:colcon.colcon_core.package_identification:_identify(src/navigation2-humble/doc/requirements) by extension 'colcon_meta'
[1.245s] Level 1:colcon.colcon_core.package_identification:_identify(src/navigation2-humble/doc/requirements) by extensions ['ros']
[1.245s] Level 1:colcon.colcon_core.package_identification:_identify(src/navigation2-humble/doc/requirements) by extension 'ros'
[1.245s] Level 1:colcon.colcon_core.package_identification:_identify(src/navigation2-humble/doc/requirements) by extensions ['cmake', 'python']
[1.245s] Level 1:colcon.colcon_core.package_identification:_identify(src/navigation2-humble/doc/requirements) by extension 'cmake'
[1.245s] Level 1:colcon.colcon_core.package_identification:_identify(src/navigation2-humble/doc/requirements) by extension 'python'
[1.245s] Level 1:colcon.colcon_core.package_identification:_identify(src/navigation2-humble/doc/requirements) by extensions ['python_setup_py']
[1.245s] Level 1:colcon.colcon_core.package_identification:_identify(src/navigation2-humble/doc/requirements) by extension 'python_setup_py'
[1.245s] Level 1:colcon.colcon_core.package_identification:_identify(src/navigation2-humble/doc/requirements/images) by extensions ['ignore', 'ignore_ament_install']
[1.246s] Level 1:colcon.colcon_core.package_identification:_identify(src/navigation2-humble/doc/requirements/images) by extension 'ignore'
[1.246s] Level 1:colcon.colcon_core.package_identification:_identify(src/navigation2-humble/doc/requirements/images) by extension 'ignore_ament_install'
[1.246s] Level 1:colcon.colcon_core.package_identification:_identify(src/navigation2-humble/doc/requirements/images) by extensions ['colcon_pkg']
[1.246s] Level 1:colcon.colcon_core.package_identification:_identify(src/navigation2-humble/doc/requirements/images) by extension 'colcon_pkg'
[1.246s] Level 1:colcon.colcon_core.package_identification:_identify(src/navigation2-humble/doc/requirements/images) by extensions ['colcon_meta']
[1.246s] Level 1:colcon.colcon_core.package_identification:_identify(src/navigation2-humble/doc/requirements/images) by extension 'colcon_meta'
[1.246s] Level 1:colcon.colcon_core.package_identification:_identify(src/navigation2-humble/doc/requirements/images) by extensions ['ros']
[1.246s] Level 1:colcon.colcon_core.package_identification:_identify(src/navigation2-humble/doc/requirements/images) by extension 'ros'
[1.246s] Level 1:colcon.colcon_core.package_identification:_identify(src/navigation2-humble/doc/requirements/images) by extensions ['cmake', 'python']
[1.246s] Level 1:colcon.colcon_core.package_identification:_identify(src/navigation2-humble/doc/requirements/images) by extension 'cmake'
[1.246s] Level 1:colcon.colcon_core.package_identification:_identify(src/navigation2-humble/doc/requirements/images) by extension 'python'
[1.246s] Level 1:colcon.colcon_core.package_identification:_identify(src/navigation2-humble/doc/requirements/images) by extensions ['python_setup_py']
[1.246s] Level 1:colcon.colcon_core.package_identification:_identify(src/navigation2-humble/doc/requirements/images) by extension 'python_setup_py'
[1.247s] Level 1:colcon.colcon_core.package_identification:_identify(src/navigation2-humble/doc/use_cases) by extensions ['ignore', 'ignore_ament_install']
[1.247s] Level 1:colcon.colcon_core.package_identification:_identify(src/navigation2-humble/doc/use_cases) by extension 'ignore'
[1.247s] Level 1:colcon.colcon_core.package_identification:_identify(src/navigation2-humble/doc/use_cases) by extension 'ignore_ament_install'
[1.247s] Level 1:colcon.colcon_core.package_identification:_identify(src/navigation2-humble/doc/use_cases) by extensions ['colcon_pkg']
[1.247s] Level 1:colcon.colcon_core.package_identification:_identify(src/navigation2-humble/doc/use_cases) by extension 'colcon_pkg'
[1.247s] Level 1:colcon.colcon_core.package_identification:_identify(src/navigation2-humble/doc/use_cases) by extensions ['colcon_meta']
[1.247s] Level 1:colcon.colcon_core.package_identification:_identify(src/navigation2-humble/doc/use_cases) by extension 'colcon_meta'
[1.247s] Level 1:colcon.colcon_core.package_identification:_identify(src/navigation2-humble/doc/use_cases) by extensions ['ros']
[1.247s] Level 1:colcon.colcon_core.package_identification:_identify(src/navigation2-humble/doc/use_cases) by extension 'ros'
[1.248s] Level 1:colcon.colcon_core.package_identification:_identify(src/navigation2-humble/doc/use_cases) by extensions ['cmake', 'python']
[1.248s] Level 1:colcon.colcon_core.package_identification:_identify(src/navigation2-humble/doc/use_cases) by extension 'cmake'
[1.248s] Level 1:colcon.colcon_core.package_identification:_identify(src/navigation2-humble/doc/use_cases) by extension 'python'
[1.248s] Level 1:colcon.colcon_core.package_identification:_identify(src/navigation2-humble/doc/use_cases) by extensions ['python_setup_py']
[1.248s] Level 1:colcon.colcon_core.package_identification:_identify(src/navigation2-humble/doc/use_cases) by extension 'python_setup_py'
[1.248s] Level 1:colcon.colcon_core.package_identification:_identify(src/navigation2-humble/nav2_amcl) by extensions ['ignore', 'ignore_ament_install']
[1.248s] Level 1:colcon.colcon_core.package_identification:_identify(src/navigation2-humble/nav2_amcl) by extension 'ignore'
[1.248s] Level 1:colcon.colcon_core.package_identification:_identify(src/navigation2-humble/nav2_amcl) by extension 'ignore_ament_install'
[1.248s] Level 1:colcon.colcon_core.package_identification:_identify(src/navigation2-humble/nav2_amcl) by extensions ['colcon_pkg']
[1.248s] Level 1:colcon.colcon_core.package_identification:_identify(src/navigation2-humble/nav2_amcl) by extension 'colcon_pkg'
[1.249s] Level 1:colcon.colcon_core.package_identification:_identify(src/navigation2-humble/nav2_amcl) by extensions ['colcon_meta']
[1.249s] Level 1:colcon.colcon_core.package_identification:_identify(src/navigation2-humble/nav2_amcl) by extension 'colcon_meta'
[1.249s] Level 1:colcon.colcon_core.package_identification:_identify(src/navigation2-humble/nav2_amcl) by extensions ['ros']
[1.249s] Level 1:colcon.colcon_core.package_identification:_identify(src/navigation2-humble/nav2_amcl) by extension 'ros'
[1.251s] DEBUG:colcon.colcon_core.package_identification:Package 'src/navigation2-humble/nav2_amcl' with type 'ros.ament_cmake' and name 'nav2_amcl'
[1.251s] Level 1:colcon.colcon_core.package_identification:_identify(src/navigation2-humble/nav2_behavior_tree) by extensions ['ignore', 'ignore_ament_install']
[1.252s] Level 1:colcon.colcon_core.package_identification:_identify(src/navigation2-humble/nav2_behavior_tree) by extension 'ignore'
[1.252s] Level 1:colcon.colcon_core.package_identification:_identify(src/navigation2-humble/nav2_behavior_tree) by extension 'ignore_ament_install'
[1.252s] Level 1:colcon.colcon_core.package_identification:_identify(src/navigation2-humble/nav2_behavior_tree) by extensions ['colcon_pkg']
[1.252s] Level 1:colcon.colcon_core.package_identification:_identify(src/navigation2-humble/nav2_behavior_tree) by extension 'colcon_pkg'
[1.252s] Level 1:colcon.colcon_core.package_identification:_identify(src/navigation2-humble/nav2_behavior_tree) by extensions ['colcon_meta']
[1.252s] Level 1:colcon.colcon_core.package_identification:_identify(src/navigation2-humble/nav2_behavior_tree) by extension 'colcon_meta'
[1.252s] Level 1:colcon.colcon_core.package_identification:_identify(src/navigation2-humble/nav2_behavior_tree) by extensions ['ros']
[1.252s] Level 1:colcon.colcon_core.package_identification:_identify(src/navigation2-humble/nav2_behavior_tree) by extension 'ros'
[1.254s] DEBUG:colcon.colcon_core.package_identification:Package 'src/navigation2-humble/nav2_behavior_tree' with type 'ros.ament_cmake' and name 'nav2_behavior_tree'
[1.254s] Level 1:colcon.colcon_core.package_identification:_identify(src/navigation2-humble/nav2_behaviors) by extensions ['ignore', 'ignore_ament_install']
[1.254s] Level 1:colcon.colcon_core.package_identification:_identify(src/navigation2-humble/nav2_behaviors) by extension 'ignore'
[1.254s] Level 1:colcon.colcon_core.package_identification:_identify(src/navigation2-humble/nav2_behaviors) by extension 'ignore_ament_install'
[1.255s] Level 1:colcon.colcon_core.package_identification:_identify(src/navigation2-humble/nav2_behaviors) by extensions ['colcon_pkg']
[1.255s] Level 1:colcon.colcon_core.package_identification:_identify(src/navigation2-humble/nav2_behaviors) by extension 'colcon_pkg'
[1.255s] Level 1:colcon.colcon_core.package_identification:_identify(src/navigation2-humble/nav2_behaviors) by extensions ['colcon_meta']
[1.255s] Level 1:colcon.colcon_core.package_identification:_identify(src/navigation2-humble/nav2_behaviors) by extension 'colcon_meta'
[1.255s] Level 1:colcon.colcon_core.package_identification:_identify(src/navigation2-humble/nav2_behaviors) by extensions ['ros']
[1.255s] Level 1:colcon.colcon_core.package_identification:_identify(src/navigation2-humble/nav2_behaviors) by extension 'ros'
[1.256s] DEBUG:colcon.colcon_core.package_identification:Package 'src/navigation2-humble/nav2_behaviors' with type 'ros.ament_cmake' and name 'nav2_behaviors'
[1.257s] Level 1:colcon.colcon_core.package_identification:_identify(src/navigation2-humble/nav2_bringup) by extensions ['ignore', 'ignore_ament_install']
[1.257s] Level 1:colcon.colcon_core.package_identification:_identify(src/navigation2-humble/nav2_bringup) by extension 'ignore'
[1.257s] Level 1:colcon.colcon_core.package_identification:_identify(src/navigation2-humble/nav2_bringup) by extension 'ignore_ament_install'
[1.257s] Level 1:colcon.colcon_core.package_identification:_identify(src/navigation2-humble/nav2_bringup) by extensions ['colcon_pkg']
[1.257s] Level 1:colcon.colcon_core.package_identification:_identify(src/navigation2-humble/nav2_bringup) by extension 'colcon_pkg'
[1.257s] Level 1:colcon.colcon_core.package_identification:_identify(src/navigation2-humble/nav2_bringup) by extensions ['colcon_meta']
[1.257s] Level 1:colcon.colcon_core.package_identification:_identify(src/navigation2-humble/nav2_bringup) by extension 'colcon_meta'
[1.257s] Level 1:colcon.colcon_core.package_identification:_identify(src/navigation2-humble/nav2_bringup) by extensions ['ros']
[1.257s] Level 1:colcon.colcon_core.package_identification:_identify(src/navigation2-humble/nav2_bringup) by extension 'ros'
[1.258s] DEBUG:colcon.colcon_core.package_identification:Package 'src/navigation2-humble/nav2_bringup' with type 'ros.ament_cmake' and name 'nav2_bringup'
[1.259s] Level 1:colcon.colcon_core.package_identification:_identify(src/navigation2-humble/nav2_bt_navigator) by extensions ['ignore', 'ignore_ament_install']
[1.259s] Level 1:colcon.colcon_core.package_identification:_identify(src/navigation2-humble/nav2_bt_navigator) by extension 'ignore'
[1.259s] Level 1:colcon.colcon_core.package_identification:_identify(src/navigation2-humble/nav2_bt_navigator) by extension 'ignore_ament_install'
[1.259s] Level 1:colcon.colcon_core.package_identification:_identify(src/navigation2-humble/nav2_bt_navigator) by extensions ['colcon_pkg']
[1.259s] Level 1:colcon.colcon_core.package_identification:_identify(src/navigation2-humble/nav2_bt_navigator) by extension 'colcon_pkg'
[1.259s] Level 1:colcon.colcon_core.package_identification:_identify(src/navigation2-humble/nav2_bt_navigator) by extensions ['colcon_meta']
[1.259s] Level 1:colcon.colcon_core.package_identification:_identify(src/navigation2-humble/nav2_bt_navigator) by extension 'colcon_meta'
[1.259s] Level 1:colcon.colcon_core.package_identification:_identify(src/navigation2-humble/nav2_bt_navigator) by extensions ['ros']
[1.259s] Level 1:colcon.colcon_core.package_identification:_identify(src/navigation2-humble/nav2_bt_navigator) by extension 'ros'
[1.261s] DEBUG:colcon.colcon_core.package_identification:Package 'src/navigation2-humble/nav2_bt_navigator' with type 'ros.ament_cmake' and name 'nav2_bt_navigator'
[1.261s] Level 1:colcon.colcon_core.package_identification:_identify(src/navigation2-humble/nav2_collision_monitor) by extensions ['ignore', 'ignore_ament_install']
[1.261s] Level 1:colcon.colcon_core.package_identification:_identify(src/navigation2-humble/nav2_collision_monitor) by extension 'ignore'
[1.262s] Level 1:colcon.colcon_core.package_identification:_identify(src/navigation2-humble/nav2_collision_monitor) by extension 'ignore_ament_install'
[1.262s] Level 1:colcon.colcon_core.package_identification:_identify(src/navigation2-humble/nav2_collision_monitor) by extensions ['colcon_pkg']
[1.262s] Level 1:colcon.colcon_core.package_identification:_identify(src/navigation2-humble/nav2_collision_monitor) by extension 'colcon_pkg'
[1.262s] Level 1:colcon.colcon_core.package_identification:_identify(src/navigation2-humble/nav2_collision_monitor) by extensions ['colcon_meta']
[1.262s] Level 1:colcon.colcon_core.package_identification:_identify(src/navigation2-humble/nav2_collision_monitor) by extension 'colcon_meta'
[1.262s] Level 1:colcon.colcon_core.package_identification:_identify(src/navigation2-humble/nav2_collision_monitor) by extensions ['ros']
[1.262s] Level 1:colcon.colcon_core.package_identification:_identify(src/navigation2-humble/nav2_collision_monitor) by extension 'ros'
[1.264s] DEBUG:colcon.colcon_core.package_identification:Package 'src/navigation2-humble/nav2_collision_monitor' with type 'ros.ament_cmake' and name 'nav2_collision_monitor'
[1.265s] Level 1:colcon.colcon_core.package_identification:_identify(src/navigation2-humble/nav2_common) by extensions ['ignore', 'ignore_ament_install']
[1.265s] Level 1:colcon.colcon_core.package_identification:_identify(src/navigation2-humble/nav2_common) by extension 'ignore'
[1.265s] Level 1:colcon.colcon_core.package_identification:_identify(src/navigation2-humble/nav2_common) by extension 'ignore_ament_install'
[1.265s] Level 1:colcon.colcon_core.package_identification:_identify(src/navigation2-humble/nav2_common) by extensions ['colcon_pkg']
[1.265s] Level 1:colcon.colcon_core.package_identification:_identify(src/navigation2-humble/nav2_common) by extension 'colcon_pkg'
[1.265s] Level 1:colcon.colcon_core.package_identification:_identify(src/navigation2-humble/nav2_common) by extensions ['colcon_meta']
[1.266s] Level 1:colcon.colcon_core.package_identification:_identify(src/navigation2-humble/nav2_common) by extension 'colcon_meta'
[1.266s] Level 1:colcon.colcon_core.package_identification:_identify(src/navigation2-humble/nav2_common) by extensions ['ros']
[1.266s] Level 1:colcon.colcon_core.package_identification:_identify(src/navigation2-humble/nav2_common) by extension 'ros'
[1.267s] DEBUG:colcon.colcon_core.package_identification:Package 'src/navigation2-humble/nav2_common' with type 'ros.ament_cmake' and name 'nav2_common'
[1.267s] Level 1:colcon.colcon_core.package_identification:_identify(src/navigation2-humble/nav2_constrained_smoother) by extensions ['ignore', 'ignore_ament_install']
[1.268s] Level 1:colcon.colcon_core.package_identification:_identify(src/navigation2-humble/nav2_constrained_smoother) by extension 'ignore'
[1.268s] Level 1:colcon.colcon_core.package_identification:_identify(src/navigation2-humble/nav2_constrained_smoother) by extension 'ignore_ament_install'
[1.268s] Level 1:colcon.colcon_core.package_identification:_identify(src/navigation2-humble/nav2_constrained_smoother) by extensions ['colcon_pkg']
[1.268s] Level 1:colcon.colcon_core.package_identification:_identify(src/navigation2-humble/nav2_constrained_smoother) by extension 'colcon_pkg'
[1.268s] Level 1:colcon.colcon_core.package_identification:_identify(src/navigation2-humble/nav2_constrained_smoother) by extensions ['colcon_meta']
[1.268s] Level 1:colcon.colcon_core.package_identification:_identify(src/navigation2-humble/nav2_constrained_smoother) by extension 'colcon_meta'
[1.268s] Level 1:colcon.colcon_core.package_identification:_identify(src/navigation2-humble/nav2_constrained_smoother) by extensions ['ros']
[1.268s] Level 1:colcon.colcon_core.package_identification:_identify(src/navigation2-humble/nav2_constrained_smoother) by extension 'ros'
[1.270s] DEBUG:colcon.colcon_core.package_identification:Package 'src/navigation2-humble/nav2_constrained_smoother' with type 'ros.ament_cmake' and name 'nav2_constrained_smoother'
[1.270s] Level 1:colcon.colcon_core.package_identification:_identify(src/navigation2-humble/nav2_controller) by extensions ['ignore', 'ignore_ament_install']
[1.270s] Level 1:colcon.colcon_core.package_identification:_identify(src/navigation2-humble/nav2_controller) by extension 'ignore'
[1.270s] Level 1:colcon.colcon_core.package_identification:_identify(src/navigation2-humble/nav2_controller) by extension 'ignore_ament_install'
[1.271s] Level 1:colcon.colcon_core.package_identification:_identify(src/navigation2-humble/nav2_controller) by extensions ['colcon_pkg']
[1.271s] Level 1:colcon.colcon_core.package_identification:_identify(src/navigation2-humble/nav2_controller) by extension 'colcon_pkg'
[1.271s] Level 1:colcon.colcon_core.package_identification:_identify(src/navigation2-humble/nav2_controller) by extensions ['colcon_meta']
[1.271s] Level 1:colcon.colcon_core.package_identification:_identify(src/navigation2-humble/nav2_controller) by extension 'colcon_meta'
[1.271s] Level 1:colcon.colcon_core.package_identification:_identify(src/navigation2-humble/nav2_controller) by extensions ['ros']
[1.271s] Level 1:colcon.colcon_core.package_identification:_identify(src/navigation2-humble/nav2_controller) by extension 'ros'
[1.273s] DEBUG:colcon.colcon_core.package_identification:Package 'src/navigation2-humble/nav2_controller' with type 'ros.ament_cmake' and name 'nav2_controller'
[1.273s] Level 1:colcon.colcon_core.package_identification:_identify(src/navigation2-humble/nav2_core) by extensions ['ignore', 'ignore_ament_install']
[1.274s] Level 1:colcon.colcon_core.package_identification:_identify(src/navigation2-humble/nav2_core) by extension 'ignore'
[1.274s] Level 1:colcon.colcon_core.package_identification:_identify(src/navigation2-humble/nav2_core) by extension 'ignore_ament_install'
[1.274s] Level 1:colcon.colcon_core.package_identification:_identify(src/navigation2-humble/nav2_core) by extensions ['colcon_pkg']
[1.274s] Level 1:colcon.colcon_core.package_identification:_identify(src/navigation2-humble/nav2_core) by extension 'colcon_pkg'
[1.274s] Level 1:colcon.colcon_core.package_identification:_identify(src/navigation2-humble/nav2_core) by extensions ['colcon_meta']
[1.274s] Level 1:colcon.colcon_core.package_identification:_identify(src/navigation2-humble/nav2_core) by extension 'colcon_meta'
[1.274s] Level 1:colcon.colcon_core.package_identification:_identify(src/navigation2-humble/nav2_core) by extensions ['ros']
[1.274s] Level 1:colcon.colcon_core.package_identification:_identify(src/navigation2-humble/nav2_core) by extension 'ros'
[1.276s] DEBUG:colcon.colcon_core.package_identification:Package 'src/navigation2-humble/nav2_core' with type 'ros.ament_cmake' and name 'nav2_core'
[1.276s] Level 1:colcon.colcon_core.package_identification:_identify(src/navigation2-humble/nav2_costmap_2d) by extensions ['ignore', 'ignore_ament_install']
[1.276s] Level 1:colcon.colcon_core.package_identification:_identify(src/navigation2-humble/nav2_costmap_2d) by extension 'ignore'
[1.276s] Level 1:colcon.colcon_core.package_identification:_identify(src/navigation2-humble/nav2_costmap_2d) by extension 'ignore_ament_install'
[1.276s] Level 1:colcon.colcon_core.package_identification:_identify(src/navigation2-humble/nav2_costmap_2d) by extensions ['colcon_pkg']
[1.276s] Level 1:colcon.colcon_core.package_identification:_identify(src/navigation2-humble/nav2_costmap_2d) by extension 'colcon_pkg'
[1.277s] Level 1:colcon.colcon_core.package_identification:_identify(src/navigation2-humble/nav2_costmap_2d) by extensions ['colcon_meta']
[1.277s] Level 1:colcon.colcon_core.package_identification:_identify(src/navigation2-humble/nav2_costmap_2d) by extension 'colcon_meta'
[1.277s] Level 1:colcon.colcon_core.package_identification:_identify(src/navigation2-humble/nav2_costmap_2d) by extensions ['ros']
[1.277s] Level 1:colcon.colcon_core.package_identification:_identify(src/navigation2-humble/nav2_costmap_2d) by extension 'ros'
[1.280s] DEBUG:colcon.colcon_core.package_identification:Package 'src/navigation2-humble/nav2_costmap_2d' with type 'ros.ament_cmake' and name 'nav2_costmap_2d'
[1.281s] Level 1:colcon.colcon_core.package_identification:_identify(src/navigation2-humble/nav2_dwb_controller) by extensions ['ignore', 'ignore_ament_install']
[1.281s] Level 1:colcon.colcon_core.package_identification:_identify(src/navigation2-humble/nav2_dwb_controller) by extension 'ignore'
[1.281s] Level 1:colcon.colcon_core.package_identification:_identify(src/navigation2-humble/nav2_dwb_controller) by extension 'ignore_ament_install'
[1.281s] Level 1:colcon.colcon_core.package_identification:_identify(src/navigation2-humble/nav2_dwb_controller) by extensions ['colcon_pkg']
[1.281s] Level 1:colcon.colcon_core.package_identification:_identify(src/navigation2-humble/nav2_dwb_controller) by extension 'colcon_pkg'
[1.281s] Level 1:colcon.colcon_core.package_identification:_identify(src/navigation2-humble/nav2_dwb_controller) by extensions ['colcon_meta']
[1.281s] Level 1:colcon.colcon_core.package_identification:_identify(src/navigation2-humble/nav2_dwb_controller) by extension 'colcon_meta'
[1.281s] Level 1:colcon.colcon_core.package_identification:_identify(src/navigation2-humble/nav2_dwb_controller) by extensions ['ros']
[1.281s] Level 1:colcon.colcon_core.package_identification:_identify(src/navigation2-humble/nav2_dwb_controller) by extension 'ros'
[1.281s] Level 1:colcon.colcon_core.package_identification:_identify(src/navigation2-humble/nav2_dwb_controller) by extensions ['cmake', 'python']
[1.282s] Level 1:colcon.colcon_core.package_identification:_identify(src/navigation2-humble/nav2_dwb_controller) by extension 'cmake'
[1.282s] Level 1:colcon.colcon_core.package_identification:_identify(src/navigation2-humble/nav2_dwb_controller) by extension 'python'
[1.282s] Level 1:colcon.colcon_core.package_identification:_identify(src/navigation2-humble/nav2_dwb_controller) by extensions ['python_setup_py']
[1.282s] Level 1:colcon.colcon_core.package_identification:_identify(src/navigation2-humble/nav2_dwb_controller) by extension 'python_setup_py'
[1.282s] Level 1:colcon.colcon_core.package_identification:_identify(src/navigation2-humble/nav2_dwb_controller/costmap_queue) by extensions ['ignore', 'ignore_ament_install']
[1.282s] Level 1:colcon.colcon_core.package_identification:_identify(src/navigation2-humble/nav2_dwb_controller/costmap_queue) by extension 'ignore'
[1.282s] Level 1:colcon.colcon_core.package_identification:_identify(src/navigation2-humble/nav2_dwb_controller/costmap_queue) by extension 'ignore_ament_install'
[1.282s] Level 1:colcon.colcon_core.package_identification:_identify(src/navigation2-humble/nav2_dwb_controller/costmap_queue) by extensions ['colcon_pkg']
[1.282s] Level 1:colcon.colcon_core.package_identification:_identify(src/navigation2-humble/nav2_dwb_controller/costmap_queue) by extension 'colcon_pkg'
[1.283s] Level 1:colcon.colcon_core.package_identification:_identify(src/navigation2-humble/nav2_dwb_controller/costmap_queue) by extensions ['colcon_meta']
[1.283s] Level 1:colcon.colcon_core.package_identification:_identify(src/navigation2-humble/nav2_dwb_controller/costmap_queue) by extension 'colcon_meta'
[1.283s] Level 1:colcon.colcon_core.package_identification:_identify(src/navigation2-humble/nav2_dwb_controller/costmap_queue) by extensions ['ros']
[1.283s] Level 1:colcon.colcon_core.package_identification:_identify(src/navigation2-humble/nav2_dwb_controller/costmap_queue) by extension 'ros'
[1.284s] DEBUG:colcon.colcon_core.package_identification:Package 'src/navigation2-humble/nav2_dwb_controller/costmap_queue' with type 'ros.ament_cmake' and name 'costmap_queue'
[1.284s] Level 1:colcon.colcon_core.package_identification:_identify(src/navigation2-humble/nav2_dwb_controller/dwb_core) by extensions ['ignore', 'ignore_ament_install']
[1.284s] Level 1:colcon.colcon_core.package_identification:_identify(src/navigation2-humble/nav2_dwb_controller/dwb_core) by extension 'ignore'
[1.284s] Level 1:colcon.colcon_core.package_identification:_identify(src/navigation2-humble/nav2_dwb_controller/dwb_core) by extension 'ignore_ament_install'
[1.285s] Level 1:colcon.colcon_core.package_identification:_identify(src/navigation2-humble/nav2_dwb_controller/dwb_core) by extensions ['colcon_pkg']
[1.285s] Level 1:colcon.colcon_core.package_identification:_identify(src/navigation2-humble/nav2_dwb_controller/dwb_core) by extension 'colcon_pkg'
[1.285s] Level 1:colcon.colcon_core.package_identification:_identify(src/navigation2-humble/nav2_dwb_controller/dwb_core) by extensions ['colcon_meta']
[1.285s] Level 1:colcon.colcon_core.package_identification:_identify(src/navigation2-humble/nav2_dwb_controller/dwb_core) by extension 'colcon_meta'
[1.285s] Level 1:colcon.colcon_core.package_identification:_identify(src/navigation2-humble/nav2_dwb_controller/dwb_core) by extensions ['ros']
[1.285s] Level 1:colcon.colcon_core.package_identification:_identify(src/navigation2-humble/nav2_dwb_controller/dwb_core) by extension 'ros'
[1.286s] DEBUG:colcon.colcon_core.package_identification:Package 'src/navigation2-humble/nav2_dwb_controller/dwb_core' with type 'ros.ament_cmake' and name 'dwb_core'
[1.287s] Level 1:colcon.colcon_core.package_identification:_identify(src/navigation2-humble/nav2_dwb_controller/dwb_critics) by extensions ['ignore', 'ignore_ament_install']
[1.287s] Level 1:colcon.colcon_core.package_identification:_identify(src/navigation2-humble/nav2_dwb_controller/dwb_critics) by extension 'ignore'
[1.287s] Level 1:colcon.colcon_core.package_identification:_identify(src/navigation2-humble/nav2_dwb_controller/dwb_critics) by extension 'ignore_ament_install'
[1.287s] Level 1:colcon.colcon_core.package_identification:_identify(src/navigation2-humble/nav2_dwb_controller/dwb_critics) by extensions ['colcon_pkg']
[1.287s] Level 1:colcon.colcon_core.package_identification:_identify(src/navigation2-humble/nav2_dwb_controller/dwb_critics) by extension 'colcon_pkg'
[1.287s] Level 1:colcon.colcon_core.package_identification:_identify(src/navigation2-humble/nav2_dwb_controller/dwb_critics) by extensions ['colcon_meta']
[1.287s] Level 1:colcon.colcon_core.package_identification:_identify(src/navigation2-humble/nav2_dwb_controller/dwb_critics) by extension 'colcon_meta'
[1.287s] Level 1:colcon.colcon_core.package_identification:_identify(src/navigation2-humble/nav2_dwb_controller/dwb_critics) by extensions ['ros']
[1.287s] Level 1:colcon.colcon_core.package_identification:_identify(src/navigation2-humble/nav2_dwb_controller/dwb_critics) by extension 'ros'
[1.289s] DEBUG:colcon.colcon_core.package_identification:Package 'src/navigation2-humble/nav2_dwb_controller/dwb_critics' with type 'ros.ament_cmake' and name 'dwb_critics'
[1.290s] Level 1:colcon.colcon_core.package_identification:_identify(src/navigation2-humble/nav2_dwb_controller/dwb_msgs) by extensions ['ignore', 'ignore_ament_install']
[1.290s] Level 1:colcon.colcon_core.package_identification:_identify(src/navigation2-humble/nav2_dwb_controller/dwb_msgs) by extension 'ignore'
[1.290s] Level 1:colcon.colcon_core.package_identification:_identify(src/navigation2-humble/nav2_dwb_controller/dwb_msgs) by extension 'ignore_ament_install'
[1.290s] Level 1:colcon.colcon_core.package_identification:_identify(src/navigation2-humble/nav2_dwb_controller/dwb_msgs) by extensions ['colcon_pkg']
[1.290s] Level 1:colcon.colcon_core.package_identification:_identify(src/navigation2-humble/nav2_dwb_controller/dwb_msgs) by extension 'colcon_pkg'
[1.290s] Level 1:colcon.colcon_core.package_identification:_identify(src/navigation2-humble/nav2_dwb_controller/dwb_msgs) by extensions ['colcon_meta']
[1.290s] Level 1:colcon.colcon_core.package_identification:_identify(src/navigation2-humble/nav2_dwb_controller/dwb_msgs) by extension 'colcon_meta'
[1.290s] Level 1:colcon.colcon_core.package_identification:_identify(src/navigation2-humble/nav2_dwb_controller/dwb_msgs) by extensions ['ros']
[1.290s] Level 1:colcon.colcon_core.package_identification:_identify(src/navigation2-humble/nav2_dwb_controller/dwb_msgs) by extension 'ros'
[1.292s] DEBUG:colcon.colcon_core.package_identification:Package 'src/navigation2-humble/nav2_dwb_controller/dwb_msgs' with type 'ros.ament_cmake' and name 'dwb_msgs'
[1.292s] Level 1:colcon.colcon_core.package_identification:_identify(src/navigation2-humble/nav2_dwb_controller/dwb_plugins) by extensions ['ignore', 'ignore_ament_install']
[1.292s] Level 1:colcon.colcon_core.package_identification:_identify(src/navigation2-humble/nav2_dwb_controller/dwb_plugins) by extension 'ignore'
[1.292s] Level 1:colcon.colcon_core.package_identification:_identify(src/navigation2-humble/nav2_dwb_controller/dwb_plugins) by extension 'ignore_ament_install'
[1.292s] Level 1:colcon.colcon_core.package_identification:_identify(src/navigation2-humble/nav2_dwb_controller/dwb_plugins) by extensions ['colcon_pkg']
[1.292s] Level 1:colcon.colcon_core.package_identification:_identify(src/navigation2-humble/nav2_dwb_controller/dwb_plugins) by extension 'colcon_pkg'
[1.293s] Level 1:colcon.colcon_core.package_identification:_identify(src/navigation2-humble/nav2_dwb_controller/dwb_plugins) by extensions ['colcon_meta']
[1.293s] Level 1:colcon.colcon_core.package_identification:_identify(src/navigation2-humble/nav2_dwb_controller/dwb_plugins) by extension 'colcon_meta'
[1.293s] Level 1:colcon.colcon_core.package_identification:_identify(src/navigation2-humble/nav2_dwb_controller/dwb_plugins) by extensions ['ros']
[1.293s] Level 1:colcon.colcon_core.package_identification:_identify(src/navigation2-humble/nav2_dwb_controller/dwb_plugins) by extension 'ros'
[1.294s] DEBUG:colcon.colcon_core.package_identification:Package 'src/navigation2-humble/nav2_dwb_controller/dwb_plugins' with type 'ros.ament_cmake' and name 'dwb_plugins'
[1.295s] Level 1:colcon.colcon_core.package_identification:_identify(src/navigation2-humble/nav2_dwb_controller/images) by extensions ['ignore', 'ignore_ament_install']
[1.295s] Level 1:colcon.colcon_core.package_identification:_identify(src/navigation2-humble/nav2_dwb_controller/images) by extension 'ignore'
[1.295s] Level 1:colcon.colcon_core.package_identification:_identify(src/navigation2-humble/nav2_dwb_controller/images) by extension 'ignore_ament_install'
[1.295s] Level 1:colcon.colcon_core.package_identification:_identify(src/navigation2-humble/nav2_dwb_controller/images) by extensions ['colcon_pkg']
[1.295s] Level 1:colcon.colcon_core.package_identification:_identify(src/navigation2-humble/nav2_dwb_controller/images) by extension 'colcon_pkg'
[1.295s] Level 1:colcon.colcon_core.package_identification:_identify(src/navigation2-humble/nav2_dwb_controller/images) by extensions ['colcon_meta']
[1.295s] Level 1:colcon.colcon_core.package_identification:_identify(src/navigation2-humble/nav2_dwb_controller/images) by extension 'colcon_meta'
[1.295s] Level 1:colcon.colcon_core.package_identification:_identify(src/navigation2-humble/nav2_dwb_controller/images) by extensions ['ros']
[1.295s] Level 1:colcon.colcon_core.package_identification:_identify(src/navigation2-humble/nav2_dwb_controller/images) by extension 'ros'
[1.296s] Level 1:colcon.colcon_core.package_identification:_identify(src/navigation2-humble/nav2_dwb_controller/images) by extensions ['cmake', 'python']
[1.296s] Level 1:colcon.colcon_core.package_identification:_identify(src/navigation2-humble/nav2_dwb_controller/images) by extension 'cmake'
[1.296s] Level 1:colcon.colcon_core.package_identification:_identify(src/navigation2-humble/nav2_dwb_controller/images) by extension 'python'
[1.296s] Level 1:colcon.colcon_core.package_identification:_identify(src/navigation2-humble/nav2_dwb_controller/images) by extensions ['python_setup_py']
[1.296s] Level 1:colcon.colcon_core.package_identification:_identify(src/navigation2-humble/nav2_dwb_controller/images) by extension 'python_setup_py'
[1.296s] Level 1:colcon.colcon_core.package_identification:_identify(src/navigation2-humble/nav2_dwb_controller/nav2_dwb_controller) by extensions ['ignore', 'ignore_ament_install']
[1.296s] Level 1:colcon.colcon_core.package_identification:_identify(src/navigation2-humble/nav2_dwb_controller/nav2_dwb_controller) by extension 'ignore'
[1.296s] Level 1:colcon.colcon_core.package_identification:_identify(src/navigation2-humble/nav2_dwb_controller/nav2_dwb_controller) by extension 'ignore_ament_install'
[1.297s] Level 1:colcon.colcon_core.package_identification:_identify(src/navigation2-humble/nav2_dwb_controller/nav2_dwb_controller) by extensions ['colcon_pkg']
[1.297s] Level 1:colcon.colcon_core.package_identification:_identify(src/navigation2-humble/nav2_dwb_controller/nav2_dwb_controller) by extension 'colcon_pkg'
[1.297s] Level 1:colcon.colcon_core.package_identification:_identify(src/navigation2-humble/nav2_dwb_controller/nav2_dwb_controller) by extensions ['colcon_meta']
[1.297s] Level 1:colcon.colcon_core.package_identification:_identify(src/navigation2-humble/nav2_dwb_controller/nav2_dwb_controller) by extension 'colcon_meta'
[1.297s] Level 1:colcon.colcon_core.package_identification:_identify(src/navigation2-humble/nav2_dwb_controller/nav2_dwb_controller) by extensions ['ros']
[1.297s] Level 1:colcon.colcon_core.package_identification:_identify(src/navigation2-humble/nav2_dwb_controller/nav2_dwb_controller) by extension 'ros'
[1.298s] DEBUG:colcon.colcon_core.package_identification:Package 'src/navigation2-humble/nav2_dwb_controller/nav2_dwb_controller' with type 'ros.ament_cmake' and name 'nav2_dwb_controller'
[1.299s] Level 1:colcon.colcon_core.package_identification:_identify(src/navigation2-humble/nav2_dwb_controller/nav_2d_msgs) by extensions ['ignore', 'ignore_ament_install']
[1.299s] Level 1:colcon.colcon_core.package_identification:_identify(src/navigation2-humble/nav2_dwb_controller/nav_2d_msgs) by extension 'ignore'
[1.299s] Level 1:colcon.colcon_core.package_identification:_identify(src/navigation2-humble/nav2_dwb_controller/nav_2d_msgs) by extension 'ignore_ament_install'
[1.299s] Level 1:colcon.colcon_core.package_identification:_identify(src/navigation2-humble/nav2_dwb_controller/nav_2d_msgs) by extensions ['colcon_pkg']
[1.299s] Level 1:colcon.colcon_core.package_identification:_identify(src/navigation2-humble/nav2_dwb_controller/nav_2d_msgs) by extension 'colcon_pkg'
[1.299s] Level 1:colcon.colcon_core.package_identification:_identify(src/navigation2-humble/nav2_dwb_controller/nav_2d_msgs) by extensions ['colcon_meta']
[1.299s] Level 1:colcon.colcon_core.package_identification:_identify(src/navigation2-humble/nav2_dwb_controller/nav_2d_msgs) by extension 'colcon_meta'
[1.299s] Level 1:colcon.colcon_core.package_identification:_identify(src/navigation2-humble/nav2_dwb_controller/nav_2d_msgs) by extensions ['ros']
[1.299s] Level 1:colcon.colcon_core.package_identification:_identify(src/navigation2-humble/nav2_dwb_controller/nav_2d_msgs) by extension 'ros'
[1.301s] DEBUG:colcon.colcon_core.package_identification:Package 'src/navigation2-humble/nav2_dwb_controller/nav_2d_msgs' with type 'ros.ament_cmake' and name 'nav_2d_msgs'
[1.301s] Level 1:colcon.colcon_core.package_identification:_identify(src/navigation2-humble/nav2_dwb_controller/nav_2d_utils) by extensions ['ignore', 'ignore_ament_install']
[1.301s] Level 1:colcon.colcon_core.package_identification:_identify(src/navigation2-humble/nav2_dwb_controller/nav_2d_utils) by extension 'ignore'
[1.301s] Level 1:colcon.colcon_core.package_identification:_identify(src/navigation2-humble/nav2_dwb_controller/nav_2d_utils) by extension 'ignore_ament_install'
[1.301s] Level 1:colcon.colcon_core.package_identification:_identify(src/navigation2-humble/nav2_dwb_controller/nav_2d_utils) by extensions ['colcon_pkg']
[1.301s] Level 1:colcon.colcon_core.package_identification:_identify(src/navigation2-humble/nav2_dwb_controller/nav_2d_utils) by extension 'colcon_pkg'
[1.301s] Level 1:colcon.colcon_core.package_identification:_identify(src/navigation2-humble/nav2_dwb_controller/nav_2d_utils) by extensions ['colcon_meta']
[1.302s] Level 1:colcon.colcon_core.package_identification:_identify(src/navigation2-humble/nav2_dwb_controller/nav_2d_utils) by extension 'colcon_meta'
[1.302s] Level 1:colcon.colcon_core.package_identification:_identify(src/navigation2-humble/nav2_dwb_controller/nav_2d_utils) by extensions ['ros']
[1.302s] Level 1:colcon.colcon_core.package_identification:_identify(src/navigation2-humble/nav2_dwb_controller/nav_2d_utils) by extension 'ros'
[1.303s] DEBUG:colcon.colcon_core.package_identification:Package 'src/navigation2-humble/nav2_dwb_controller/nav_2d_utils' with type 'ros.ament_cmake' and name 'nav_2d_utils'
[1.304s] Level 1:colcon.colcon_core.package_identification:_identify(src/navigation2-humble/nav2_lifecycle_manager) by extensions ['ignore', 'ignore_ament_install']
[1.304s] Level 1:colcon.colcon_core.package_identification:_identify(src/navigation2-humble/nav2_lifecycle_manager) by extension 'ignore'
[1.304s] Level 1:colcon.colcon_core.package_identification:_identify(src/navigation2-humble/nav2_lifecycle_manager) by extension 'ignore_ament_install'
[1.304s] Level 1:colcon.colcon_core.package_identification:_identify(src/navigation2-humble/nav2_lifecycle_manager) by extensions ['colcon_pkg']
[1.304s] Level 1:colcon.colcon_core.package_identification:_identify(src/navigation2-humble/nav2_lifecycle_manager) by extension 'colcon_pkg'
[1.304s] Level 1:colcon.colcon_core.package_identification:_identify(src/navigation2-humble/nav2_lifecycle_manager) by extensions ['colcon_meta']
[1.304s] Level 1:colcon.colcon_core.package_identification:_identify(src/navigation2-humble/nav2_lifecycle_manager) by extension 'colcon_meta'
[1.304s] Level 1:colcon.colcon_core.package_identification:_identify(src/navigation2-humble/nav2_lifecycle_manager) by extensions ['ros']
[1.304s] Level 1:colcon.colcon_core.package_identification:_identify(src/navigation2-humble/nav2_lifecycle_manager) by extension 'ros'
[1.306s] DEBUG:colcon.colcon_core.package_identification:Package 'src/navigation2-humble/nav2_lifecycle_manager' with type 'ros.ament_cmake' and name 'nav2_lifecycle_manager'
[1.306s] Level 1:colcon.colcon_core.package_identification:_identify(src/navigation2-humble/nav2_map_server) by extensions ['ignore', 'ignore_ament_install']
[1.306s] Level 1:colcon.colcon_core.package_identification:_identify(src/navigation2-humble/nav2_map_server) by extension 'ignore'
[1.306s] Level 1:colcon.colcon_core.package_identification:_identify(src/navigation2-humble/nav2_map_server) by extension 'ignore_ament_install'
[1.306s] Level 1:colcon.colcon_core.package_identification:_identify(src/navigation2-humble/nav2_map_server) by extensions ['colcon_pkg']
[1.306s] Level 1:colcon.colcon_core.package_identification:_identify(src/navigation2-humble/nav2_map_server) by extension 'colcon_pkg'
[1.307s] Level 1:colcon.colcon_core.package_identification:_identify(src/navigation2-humble/nav2_map_server) by extensions ['colcon_meta']
[1.307s] Level 1:colcon.colcon_core.package_identification:_identify(src/navigation2-humble/nav2_map_server) by extension 'colcon_meta'
[1.307s] Level 1:colcon.colcon_core.package_identification:_identify(src/navigation2-humble/nav2_map_server) by extensions ['ros']
[1.307s] Level 1:colcon.colcon_core.package_identification:_identify(src/navigation2-humble/nav2_map_server) by extension 'ros'
[1.309s] DEBUG:colcon.colcon_core.package_identification:Package 'src/navigation2-humble/nav2_map_server' with type 'ros.ament_cmake' and name 'nav2_map_server'
[1.309s] Level 1:colcon.colcon_core.package_identification:_identify(src/navigation2-humble/nav2_mppi_controller) by extensions ['ignore', 'ignore_ament_install']
[1.309s] Level 1:colcon.colcon_core.package_identification:_identify(src/navigation2-humble/nav2_mppi_controller) by extension 'ignore'
[1.309s] Level 1:colcon.colcon_core.package_identification:_identify(src/navigation2-humble/nav2_mppi_controller) by extension 'ignore_ament_install'
[1.309s] Level 1:colcon.colcon_core.package_identification:_identify(src/navigation2-humble/nav2_mppi_controller) by extensions ['colcon_pkg']
[1.309s] Level 1:colcon.colcon_core.package_identification:_identify(src/navigation2-humble/nav2_mppi_controller) by extension 'colcon_pkg'
[1.310s] Level 1:colcon.colcon_core.package_identification:_identify(src/navigation2-humble/nav2_mppi_controller) by extensions ['colcon_meta']
[1.310s] Level 1:colcon.colcon_core.package_identification:_identify(src/navigation2-humble/nav2_mppi_controller) by extension 'colcon_meta'
[1.310s] Level 1:colcon.colcon_core.package_identification:_identify(src/navigation2-humble/nav2_mppi_controller) by extensions ['ros']
[1.310s] Level 1:colcon.colcon_core.package_identification:_identify(src/navigation2-humble/nav2_mppi_controller) by extension 'ros'
[1.314s] DEBUG:colcon.colcon_core.package_identification:Package 'src/navigation2-humble/nav2_mppi_controller' with type 'ros.ament_cmake' and name 'nav2_mppi_controller'
[1.315s] Level 1:colcon.colcon_core.package_identification:_identify(src/navigation2-humble/nav2_msgs) by extensions ['ignore', 'ignore_ament_install']
[1.315s] Level 1:colcon.colcon_core.package_identification:_identify(src/navigation2-humble/nav2_msgs) by extension 'ignore'
[1.315s] Level 1:colcon.colcon_core.package_identification:_identify(src/navigation2-humble/nav2_msgs) by extension 'ignore_ament_install'
[1.315s] Level 1:colcon.colcon_core.package_identification:_identify(src/navigation2-humble/nav2_msgs) by extensions ['colcon_pkg']
[1.315s] Level 1:colcon.colcon_core.package_identification:_identify(src/navigation2-humble/nav2_msgs) by extension 'colcon_pkg'
[1.315s] Level 1:colcon.colcon_core.package_identification:_identify(src/navigation2-humble/nav2_msgs) by extensions ['colcon_meta']
[1.315s] Level 1:colcon.colcon_core.package_identification:_identify(src/navigation2-humble/nav2_msgs) by extension 'colcon_meta'
[1.316s] Level 1:colcon.colcon_core.package_identification:_identify(src/navigation2-humble/nav2_msgs) by extensions ['ros']
[1.316s] Level 1:colcon.colcon_core.package_identification:_identify(src/navigation2-humble/nav2_msgs) by extension 'ros'
[1.317s] DEBUG:colcon.colcon_core.package_identification:Package 'src/navigation2-humble/nav2_msgs' with type 'ros.ament_cmake' and name 'nav2_msgs'
[1.318s] Level 1:colcon.colcon_core.package_identification:_identify(src/navigation2-humble/nav2_navfn_planner) by extensions ['ignore', 'ignore_ament_install']
[1.318s] Level 1:colcon.colcon_core.package_identification:_identify(src/navigation2-humble/nav2_navfn_planner) by extension 'ignore'
[1.318s] Level 1:colcon.colcon_core.package_identification:_identify(src/navigation2-humble/nav2_navfn_planner) by extension 'ignore_ament_install'
[1.318s] Level 1:colcon.colcon_core.package_identification:_identify(src/navigation2-humble/nav2_navfn_planner) by extensions ['colcon_pkg']
[1.318s] Level 1:colcon.colcon_core.package_identification:_identify(src/navigation2-humble/nav2_navfn_planner) by extension 'colcon_pkg'
[1.318s] Level 1:colcon.colcon_core.package_identification:_identify(src/navigation2-humble/nav2_navfn_planner) by extensions ['colcon_meta']
[1.318s] Level 1:colcon.colcon_core.package_identification:_identify(src/navigation2-humble/nav2_navfn_planner) by extension 'colcon_meta'
[1.318s] Level 1:colcon.colcon_core.package_identification:_identify(src/navigation2-humble/nav2_navfn_planner) by extensions ['ros']
[1.318s] Level 1:colcon.colcon_core.package_identification:_identify(src/navigation2-humble/nav2_navfn_planner) by extension 'ros'
[1.321s] DEBUG:colcon.colcon_core.package_identification:Package 'src/navigation2-humble/nav2_navfn_planner' with type 'ros.ament_cmake' and name 'nav2_navfn_planner'
[1.321s] Level 1:colcon.colcon_core.package_identification:_identify(src/navigation2-humble/nav2_planner) by extensions ['ignore', 'ignore_ament_install']
[1.321s] Level 1:colcon.colcon_core.package_identification:_identify(src/navigation2-humble/nav2_planner) by extension 'ignore'
[1.321s] Level 1:colcon.colcon_core.package_identification:_identify(src/navigation2-humble/nav2_planner) by extension 'ignore_ament_install'
[1.321s] Level 1:colcon.colcon_core.package_identification:_identify(src/navigation2-humble/nav2_planner) by extensions ['colcon_pkg']
[1.321s] Level 1:colcon.colcon_core.package_identification:_identify(src/navigation2-humble/nav2_planner) by extension 'colcon_pkg'
[1.321s] Level 1:colcon.colcon_core.package_identification:_identify(src/navigation2-humble/nav2_planner) by extensions ['colcon_meta']
[1.321s] Level 1:colcon.colcon_core.package_identification:_identify(src/navigation2-humble/nav2_planner) by extension 'colcon_meta'
[1.322s] Level 1:colcon.colcon_core.package_identification:_identify(src/navigation2-humble/nav2_planner) by extensions ['ros']
[1.322s] Level 1:colcon.colcon_core.package_identification:_identify(src/navigation2-humble/nav2_planner) by extension 'ros'
[1.324s] DEBUG:colcon.colcon_core.package_identification:Package 'src/navigation2-humble/nav2_planner' with type 'ros.ament_cmake' and name 'nav2_planner'
[1.324s] Level 1:colcon.colcon_core.package_identification:_identify(src/navigation2-humble/nav2_regulated_pure_pursuit_controller) by extensions ['ignore', 'ignore_ament_install']
[1.324s] Level 1:colcon.colcon_core.package_identification:_identify(src/navigation2-humble/nav2_regulated_pure_pursuit_controller) by extension 'ignore'
[1.324s] Level 1:colcon.colcon_core.package_identification:_identify(src/navigation2-humble/nav2_regulated_pure_pursuit_controller) by extension 'ignore_ament_install'
[1.325s] Level 1:colcon.colcon_core.package_identification:_identify(src/navigation2-humble/nav2_regulated_pure_pursuit_controller) by extensions ['colcon_pkg']
[1.325s] Level 1:colcon.colcon_core.package_identification:_identify(src/navigation2-humble/nav2_regulated_pure_pursuit_controller) by extension 'colcon_pkg'
[1.325s] Level 1:colcon.colcon_core.package_identification:_identify(src/navigation2-humble/nav2_regulated_pure_pursuit_controller) by extensions ['colcon_meta']
[1.325s] Level 1:colcon.colcon_core.package_identification:_identify(src/navigation2-humble/nav2_regulated_pure_pursuit_controller) by extension 'colcon_meta'
[1.325s] Level 1:colcon.colcon_core.package_identification:_identify(src/navigation2-humble/nav2_regulated_pure_pursuit_controller) by extensions ['ros']
[1.325s] Level 1:colcon.colcon_core.package_identification:_identify(src/navigation2-humble/nav2_regulated_pure_pursuit_controller) by extension 'ros'
[1.327s] DEBUG:colcon.colcon_core.package_identification:Package 'src/navigation2-humble/nav2_regulated_pure_pursuit_controller' with type 'ros.ament_cmake' and name 'nav2_regulated_pure_pursuit_controller'
[1.327s] Level 1:colcon.colcon_core.package_identification:_identify(src/navigation2-humble/nav2_rotation_shim_controller) by extensions ['ignore', 'ignore_ament_install']
[1.327s] Level 1:colcon.colcon_core.package_identification:_identify(src/navigation2-humble/nav2_rotation_shim_controller) by extension 'ignore'
[1.327s] Level 1:colcon.colcon_core.package_identification:_identify(src/navigation2-humble/nav2_rotation_shim_controller) by extension 'ignore_ament_install'
[1.327s] Level 1:colcon.colcon_core.package_identification:_identify(src/navigation2-humble/nav2_rotation_shim_controller) by extensions ['colcon_pkg']
[1.328s] Level 1:colcon.colcon_core.package_identification:_identify(src/navigation2-humble/nav2_rotation_shim_controller) by extension 'colcon_pkg'
[1.328s] Level 1:colcon.colcon_core.package_identification:_identify(src/navigation2-humble/nav2_rotation_shim_controller) by extensions ['colcon_meta']
[1.328s] Level 1:colcon.colcon_core.package_identification:_identify(src/navigation2-humble/nav2_rotation_shim_controller) by extension 'colcon_meta'
[1.328s] Level 1:colcon.colcon_core.package_identification:_identify(src/navigation2-humble/nav2_rotation_shim_controller) by extensions ['ros']
[1.328s] Level 1:colcon.colcon_core.package_identification:_identify(src/navigation2-humble/nav2_rotation_shim_controller) by extension 'ros'
[1.330s] DEBUG:colcon.colcon_core.package_identification:Package 'src/navigation2-humble/nav2_rotation_shim_controller' with type 'ros.ament_cmake' and name 'nav2_rotation_shim_controller'
[1.330s] Level 1:colcon.colcon_core.package_identification:_identify(src/navigation2-humble/nav2_rviz_plugins) by extensions ['ignore', 'ignore_ament_install']
[1.330s] Level 1:colcon.colcon_core.package_identification:_identify(src/navigation2-humble/nav2_rviz_plugins) by extension 'ignore'
[1.330s] Level 1:colcon.colcon_core.package_identification:_identify(src/navigation2-humble/nav2_rviz_plugins) by extension 'ignore_ament_install'
[1.331s] Level 1:colcon.colcon_core.package_identification:_identify(src/navigation2-humble/nav2_rviz_plugins) by extensions ['colcon_pkg']
[1.331s] Level 1:colcon.colcon_core.package_identification:_identify(src/navigation2-humble/nav2_rviz_plugins) by extension 'colcon_pkg'
[1.331s] Level 1:colcon.colcon_core.package_identification:_identify(src/navigation2-humble/nav2_rviz_plugins) by extensions ['colcon_meta']
[1.331s] Level 1:colcon.colcon_core.package_identification:_identify(src/navigation2-humble/nav2_rviz_plugins) by extension 'colcon_meta'
[1.331s] Level 1:colcon.colcon_core.package_identification:_identify(src/navigation2-humble/nav2_rviz_plugins) by extensions ['ros']
[1.331s] Level 1:colcon.colcon_core.package_identification:_identify(src/navigation2-humble/nav2_rviz_plugins) by extension 'ros'
[1.334s] DEBUG:colcon.colcon_core.package_identification:Package 'src/navigation2-humble/nav2_rviz_plugins' with type 'ros.ament_cmake' and name 'nav2_rviz_plugins'
[1.334s] Level 1:colcon.colcon_core.package_identification:_identify(src/navigation2-humble/nav2_simple_commander) by extensions ['ignore', 'ignore_ament_install']
[1.334s] Level 1:colcon.colcon_core.package_identification:_identify(src/navigation2-humble/nav2_simple_commander) by extension 'ignore'
[1.334s] Level 1:colcon.colcon_core.package_identification:_identify(src/navigation2-humble/nav2_simple_commander) by extension 'ignore_ament_install'
[1.334s] Level 1:colcon.colcon_core.package_identification:_identify(src/navigation2-humble/nav2_simple_commander) by extensions ['colcon_pkg']
[1.334s] Level 1:colcon.colcon_core.package_identification:_identify(src/navigation2-humble/nav2_simple_commander) by extension 'colcon_pkg'
[1.334s] Level 1:colcon.colcon_core.package_identification:_identify(src/navigation2-humble/nav2_simple_commander) by extensions ['colcon_meta']
[1.335s] Level 1:colcon.colcon_core.package_identification:_identify(src/navigation2-humble/nav2_simple_commander) by extension 'colcon_meta'
[1.335s] Level 1:colcon.colcon_core.package_identification:_identify(src/navigation2-humble/nav2_simple_commander) by extensions ['ros']
[1.335s] Level 1:colcon.colcon_core.package_identification:_identify(src/navigation2-humble/nav2_simple_commander) by extension 'ros'
[1.336s] DEBUG:colcon.colcon_core.package_identification:Package 'src/navigation2-humble/nav2_simple_commander' with type 'ros.ament_python' and name 'nav2_simple_commander'
[1.336s] Level 1:colcon.colcon_core.package_identification:_identify(src/navigation2-humble/nav2_smac_planner) by extensions ['ignore', 'ignore_ament_install']
[1.336s] Level 1:colcon.colcon_core.package_identification:_identify(src/navigation2-humble/nav2_smac_planner) by extension 'ignore'
[1.336s] Level 1:colcon.colcon_core.package_identification:_identify(src/navigation2-humble/nav2_smac_planner) by extension 'ignore_ament_install'
[1.336s] Level 1:colcon.colcon_core.package_identification:_identify(src/navigation2-humble/nav2_smac_planner) by extensions ['colcon_pkg']
[1.336s] Level 1:colcon.colcon_core.package_identification:_identify(src/navigation2-humble/nav2_smac_planner) by extension 'colcon_pkg'
[1.336s] Level 1:colcon.colcon_core.package_identification:_identify(src/navigation2-humble/nav2_smac_planner) by extensions ['colcon_meta']
[1.337s] Level 1:colcon.colcon_core.package_identification:_identify(src/navigation2-humble/nav2_smac_planner) by extension 'colcon_meta'
[1.337s] Level 1:colcon.colcon_core.package_identification:_identify(src/navigation2-humble/nav2_smac_planner) by extensions ['ros']
[1.337s] Level 1:colcon.colcon_core.package_identification:_identify(src/navigation2-humble/nav2_smac_planner) by extension 'ros'
[1.339s] DEBUG:colcon.colcon_core.package_identification:Package 'src/navigation2-humble/nav2_smac_planner' with type 'ros.ament_cmake' and name 'nav2_smac_planner'
[1.340s] Level 1:colcon.colcon_core.package_identification:_identify(src/navigation2-humble/nav2_smoother) by extensions ['ignore', 'ignore_ament_install']
[1.340s] Level 1:colcon.colcon_core.package_identification:_identify(src/navigation2-humble/nav2_smoother) by extension 'ignore'
[1.340s] Level 1:colcon.colcon_core.package_identification:_identify(src/navigation2-humble/nav2_smoother) by extension 'ignore_ament_install'
[1.340s] Level 1:colcon.colcon_core.package_identification:_identify(src/navigation2-humble/nav2_smoother) by extensions ['colcon_pkg']
[1.340s] Level 1:colcon.colcon_core.package_identification:_identify(src/navigation2-humble/nav2_smoother) by extension 'colcon_pkg'
[1.340s] Level 1:colcon.colcon_core.package_identification:_identify(src/navigation2-humble/nav2_smoother) by extensions ['colcon_meta']
[1.340s] Level 1:colcon.colcon_core.package_identification:_identify(src/navigation2-humble/nav2_smoother) by extension 'colcon_meta'
[1.340s] Level 1:colcon.colcon_core.package_identification:_identify(src/navigation2-humble/nav2_smoother) by extensions ['ros']
[1.341s] Level 1:colcon.colcon_core.package_identification:_identify(src/navigation2-humble/nav2_smoother) by extension 'ros'
[1.343s] DEBUG:colcon.colcon_core.package_identification:Package 'src/navigation2-humble/nav2_smoother' with type 'ros.ament_cmake' and name 'nav2_smoother'
[1.343s] Level 1:colcon.colcon_core.package_identification:_identify(src/navigation2-humble/nav2_theta_star_planner) by extensions ['ignore', 'ignore_ament_install']
[1.343s] Level 1:colcon.colcon_core.package_identification:_identify(src/navigation2-humble/nav2_theta_star_planner) by extension 'ignore'
[1.343s] Level 1:colcon.colcon_core.package_identification:_identify(src/navigation2-humble/nav2_theta_star_planner) by extension 'ignore_ament_install'
[1.343s] Level 1:colcon.colcon_core.package_identification:_identify(src/navigation2-humble/nav2_theta_star_planner) by extensions ['colcon_pkg']
[1.343s] Level 1:colcon.colcon_core.package_identification:_identify(src/navigation2-humble/nav2_theta_star_planner) by extension 'colcon_pkg'
[1.343s] Level 1:colcon.colcon_core.package_identification:_identify(src/navigation2-humble/nav2_theta_star_planner) by extensions ['colcon_meta']
[1.343s] Level 1:colcon.colcon_core.package_identification:_identify(src/navigation2-humble/nav2_theta_star_planner) by extension 'colcon_meta'
[1.344s] Level 1:colcon.colcon_core.package_identification:_identify(src/navigation2-humble/nav2_theta_star_planner) by extensions ['ros']
[1.344s] Level 1:colcon.colcon_core.package_identification:_identify(src/navigation2-humble/nav2_theta_star_planner) by extension 'ros'
[1.346s] DEBUG:colcon.colcon_core.package_identification:Package 'src/navigation2-humble/nav2_theta_star_planner' with type 'ros.ament_cmake' and name 'nav2_theta_star_planner'
[1.346s] Level 1:colcon.colcon_core.package_identification:_identify(src/navigation2-humble/nav2_util) by extensions ['ignore', 'ignore_ament_install']
[1.346s] Level 1:colcon.colcon_core.package_identification:_identify(src/navigation2-humble/nav2_util) by extension 'ignore'
[1.347s] Level 1:colcon.colcon_core.package_identification:_identify(src/navigation2-humble/nav2_util) by extension 'ignore_ament_install'
[1.347s] Level 1:colcon.colcon_core.package_identification:_identify(src/navigation2-humble/nav2_util) by extensions ['colcon_pkg']
[1.347s] Level 1:colcon.colcon_core.package_identification:_identify(src/navigation2-humble/nav2_util) by extension 'colcon_pkg'
[1.347s] Level 1:colcon.colcon_core.package_identification:_identify(src/navigation2-humble/nav2_util) by extensions ['colcon_meta']
[1.347s] Level 1:colcon.colcon_core.package_identification:_identify(src/navigation2-humble/nav2_util) by extension 'colcon_meta'
[1.347s] Level 1:colcon.colcon_core.package_identification:_identify(src/navigation2-humble/nav2_util) by extensions ['ros']
[1.347s] Level 1:colcon.colcon_core.package_identification:_identify(src/navigation2-humble/nav2_util) by extension 'ros'
[1.350s] DEBUG:colcon.colcon_core.package_identification:Package 'src/navigation2-humble/nav2_util' with type 'ros.ament_cmake' and name 'nav2_util'
[1.350s] Level 1:colcon.colcon_core.package_identification:_identify(src/navigation2-humble/nav2_velocity_smoother) by extensions ['ignore', 'ignore_ament_install']
[1.350s] Level 1:colcon.colcon_core.package_identification:_identify(src/navigation2-humble/nav2_velocity_smoother) by extension 'ignore'
[1.350s] Level 1:colcon.colcon_core.package_identification:_identify(src/navigation2-humble/nav2_velocity_smoother) by extension 'ignore_ament_install'
[1.351s] Level 1:colcon.colcon_core.package_identification:_identify(src/navigation2-humble/nav2_velocity_smoother) by extensions ['colcon_pkg']
[1.351s] Level 1:colcon.colcon_core.package_identification:_identify(src/navigation2-humble/nav2_velocity_smoother) by extension 'colcon_pkg'
[1.351s] Level 1:colcon.colcon_core.package_identification:_identify(src/navigation2-humble/nav2_velocity_smoother) by extensions ['colcon_meta']
[1.351s] Level 1:colcon.colcon_core.package_identification:_identify(src/navigation2-humble/nav2_velocity_smoother) by extension 'colcon_meta'
[1.351s] Level 1:colcon.colcon_core.package_identification:_identify(src/navigation2-humble/nav2_velocity_smoother) by extensions ['ros']
[1.351s] Level 1:colcon.colcon_core.package_identification:_identify(src/navigation2-humble/nav2_velocity_smoother) by extension 'ros'
[1.352s] DEBUG:colcon.colcon_core.package_identification:Package 'src/navigation2-humble/nav2_velocity_smoother' with type 'ros.ament_cmake' and name 'nav2_velocity_smoother'
[1.353s] Level 1:colcon.colcon_core.package_identification:_identify(src/navigation2-humble/nav2_voxel_grid) by extensions ['ignore', 'ignore_ament_install']
[1.353s] Level 1:colcon.colcon_core.package_identification:_identify(src/navigation2-humble/nav2_voxel_grid) by extension 'ignore'
[1.353s] Level 1:colcon.colcon_core.package_identification:_identify(src/navigation2-humble/nav2_voxel_grid) by extension 'ignore_ament_install'
[1.353s] Level 1:colcon.colcon_core.package_identification:_identify(src/navigation2-humble/nav2_voxel_grid) by extensions ['colcon_pkg']
[1.353s] Level 1:colcon.colcon_core.package_identification:_identify(src/navigation2-humble/nav2_voxel_grid) by extension 'colcon_pkg'
[1.353s] Level 1:colcon.colcon_core.package_identification:_identify(src/navigation2-humble/nav2_voxel_grid) by extensions ['colcon_meta']
[1.353s] Level 1:colcon.colcon_core.package_identification:_identify(src/navigation2-humble/nav2_voxel_grid) by extension 'colcon_meta'
[1.353s] Level 1:colcon.colcon_core.package_identification:_identify(src/navigation2-humble/nav2_voxel_grid) by extensions ['ros']
[1.353s] Level 1:colcon.colcon_core.package_identification:_identify(src/navigation2-humble/nav2_voxel_grid) by extension 'ros'
[1.354s] DEBUG:colcon.colcon_core.package_identification:Package 'src/navigation2-humble/nav2_voxel_grid' with type 'ros.ament_cmake' and name 'nav2_voxel_grid'
[1.362s] Level 1:colcon.colcon_core.package_identification:_identify(src/navigation2-humble/nav2_waypoint_follower) by extensions ['ignore', 'ignore_ament_install']
[1.362s] Level 1:colcon.colcon_core.package_identification:_identify(src/navigation2-humble/nav2_waypoint_follower) by extension 'ignore'
[1.362s] Level 1:colcon.colcon_core.package_identification:_identify(src/navigation2-humble/nav2_waypoint_follower) by extension 'ignore_ament_install'
[1.362s] Level 1:colcon.colcon_core.package_identification:_identify(src/navigation2-humble/nav2_waypoint_follower) by extensions ['colcon_pkg']
[1.362s] Level 1:colcon.colcon_core.package_identification:_identify(src/navigation2-humble/nav2_waypoint_follower) by extension 'colcon_pkg'
[1.362s] Level 1:colcon.colcon_core.package_identification:_identify(src/navigation2-humble/nav2_waypoint_follower) by extensions ['colcon_meta']
[1.362s] Level 1:colcon.colcon_core.package_identification:_identify(src/navigation2-humble/nav2_waypoint_follower) by extension 'colcon_meta'
[1.362s] Level 1:colcon.colcon_core.package_identification:_identify(src/navigation2-humble/nav2_waypoint_follower) by extensions ['ros']
[1.363s] Level 1:colcon.colcon_core.package_identification:_identify(src/navigation2-humble/nav2_waypoint_follower) by extension 'ros'
[1.365s] DEBUG:colcon.colcon_core.package_identification:Package 'src/navigation2-humble/nav2_waypoint_follower' with type 'ros.ament_cmake' and name 'nav2_waypoint_follower'
[1.365s] Level 1:colcon.colcon_core.package_identification:_identify(src/navigation2-humble/navigation2) by extensions ['ignore', 'ignore_ament_install']
[1.365s] Level 1:colcon.colcon_core.package_identification:_identify(src/navigation2-humble/navigation2) by extension 'ignore'
[1.365s] Level 1:colcon.colcon_core.package_identification:_identify(src/navigation2-humble/navigation2) by extension 'ignore_ament_install'
[1.365s] Level 1:colcon.colcon_core.package_identification:_identify(src/navigation2-humble/navigation2) by extensions ['colcon_pkg']
[1.365s] Level 1:colcon.colcon_core.package_identification:_identify(src/navigation2-humble/navigation2) by extension 'colcon_pkg'
[1.366s] Level 1:colcon.colcon_core.package_identification:_identify(src/navigation2-humble/navigation2) by extensions ['colcon_meta']
[1.366s] Level 1:colcon.colcon_core.package_identification:_identify(src/navigation2-humble/navigation2) by extension 'colcon_meta'
[1.366s] Level 1:colcon.colcon_core.package_identification:_identify(src/navigation2-humble/navigation2) by extensions ['ros']
[1.366s] Level 1:colcon.colcon_core.package_identification:_identify(src/navigation2-humble/navigation2) by extension 'ros'
[1.367s] DEBUG:colcon.colcon_core.package_identification:Package 'src/navigation2-humble/navigation2' with type 'ros.ament_cmake' and name 'navigation2'
[1.368s] Level 1:colcon.colcon_core.package_identification:_identify(src/navigation2-humble/tools) by extensions ['ignore', 'ignore_ament_install']
[1.368s] Level 1:colcon.colcon_core.package_identification:_identify(src/navigation2-humble/tools) by extension 'ignore'
[1.368s] Level 1:colcon.colcon_core.package_identification:_identify(src/navigation2-humble/tools) by extension 'ignore_ament_install'
[1.368s] Level 1:colcon.colcon_core.package_identification:_identify(src/navigation2-humble/tools) by extensions ['colcon_pkg']
[1.368s] Level 1:colcon.colcon_core.package_identification:_identify(src/navigation2-humble/tools) by extension 'colcon_pkg'
[1.368s] Level 1:colcon.colcon_core.package_identification:_identify(src/navigation2-humble/tools) by extensions ['colcon_meta']
[1.368s] Level 1:colcon.colcon_core.package_identification:_identify(src/navigation2-humble/tools) by extension 'colcon_meta'
[1.368s] Level 1:colcon.colcon_core.package_identification:_identify(src/navigation2-humble/tools) by extensions ['ros']
[1.368s] Level 1:colcon.colcon_core.package_identification:_identify(src/navigation2-humble/tools) by extension 'ros'
[1.368s] Level 1:colcon.colcon_core.package_identification:_identify(src/navigation2-humble/tools) by extensions ['cmake', 'python']
[1.368s] Level 1:colcon.colcon_core.package_identification:_identify(src/navigation2-humble/tools) by extension 'cmake'
[1.369s] Level 1:colcon.colcon_core.package_identification:_identify(src/navigation2-humble/tools) by extension 'python'
[1.369s] Level 1:colcon.colcon_core.package_identification:_identify(src/navigation2-humble/tools) by extensions ['python_setup_py']
[1.369s] Level 1:colcon.colcon_core.package_identification:_identify(src/navigation2-humble/tools) by extension 'python_setup_py'
[1.369s] Level 1:colcon.colcon_core.package_identification:_identify(src/navigation2-humble/tools/planner_benchmarking) by extensions ['ignore', 'ignore_ament_install']
[1.369s] Level 1:colcon.colcon_core.package_identification:_identify(src/navigation2-humble/tools/planner_benchmarking) by extension 'ignore'
[1.369s] Level 1:colcon.colcon_core.package_identification:_identify(src/navigation2-humble/tools/planner_benchmarking) by extension 'ignore_ament_install'
[1.369s] Level 1:colcon.colcon_core.package_identification:_identify(src/navigation2-humble/tools/planner_benchmarking) by extensions ['colcon_pkg']
[1.369s] Level 1:colcon.colcon_core.package_identification:_identify(src/navigation2-humble/tools/planner_benchmarking) by extension 'colcon_pkg'
[1.370s] Level 1:colcon.colcon_core.package_identification:_identify(src/navigation2-humble/tools/planner_benchmarking) by extensions ['colcon_meta']
[1.370s] Level 1:colcon.colcon_core.package_identification:_identify(src/navigation2-humble/tools/planner_benchmarking) by extension 'colcon_meta'
[1.370s] Level 1:colcon.colcon_core.package_identification:_identify(src/navigation2-humble/tools/planner_benchmarking) by extensions ['ros']
[1.370s] Level 1:colcon.colcon_core.package_identification:_identify(src/navigation2-humble/tools/planner_benchmarking) by extension 'ros'
[1.370s] Level 1:colcon.colcon_core.package_identification:_identify(src/navigation2-humble/tools/planner_benchmarking) by extensions ['cmake', 'python']
[1.370s] Level 1:colcon.colcon_core.package_identification:_identify(src/navigation2-humble/tools/planner_benchmarking) by extension 'cmake'
[1.370s] Level 1:colcon.colcon_core.package_identification:_identify(src/navigation2-humble/tools/planner_benchmarking) by extension 'python'
[1.370s] Level 1:colcon.colcon_core.package_identification:_identify(src/navigation2-humble/tools/planner_benchmarking) by extensions ['python_setup_py']
[1.370s] Level 1:colcon.colcon_core.package_identification:_identify(src/navigation2-humble/tools/planner_benchmarking) by extension 'python_setup_py'
[1.370s] Level 1:colcon.colcon_core.package_identification:_identify(src/navigation2-humble/tools/smoother_benchmarking) by extensions ['ignore', 'ignore_ament_install']
[1.370s] Level 1:colcon.colcon_core.package_identification:_identify(src/navigation2-humble/tools/smoother_benchmarking) by extension 'ignore'
[1.371s] Level 1:colcon.colcon_core.package_identification:_identify(src/navigation2-humble/tools/smoother_benchmarking) by extension 'ignore_ament_install'
[1.371s] Level 1:colcon.colcon_core.package_identification:_identify(src/navigation2-humble/tools/smoother_benchmarking) by extensions ['colcon_pkg']
[1.371s] Level 1:colcon.colcon_core.package_identification:_identify(src/navigation2-humble/tools/smoother_benchmarking) by extension 'colcon_pkg'
[1.371s] Level 1:colcon.colcon_core.package_identification:_identify(src/navigation2-humble/tools/smoother_benchmarking) by extensions ['colcon_meta']
[1.371s] Level 1:colcon.colcon_core.package_identification:_identify(src/navigation2-humble/tools/smoother_benchmarking) by extension 'colcon_meta'
[1.371s] Level 1:colcon.colcon_core.package_identification:_identify(src/navigation2-humble/tools/smoother_benchmarking) by extensions ['ros']
[1.371s] Level 1:colcon.colcon_core.package_identification:_identify(src/navigation2-humble/tools/smoother_benchmarking) by extension 'ros'
[1.371s] Level 1:colcon.colcon_core.package_identification:_identify(src/navigation2-humble/tools/smoother_benchmarking) by extensions ['cmake', 'python']
[1.371s] Level 1:colcon.colcon_core.package_identification:_identify(src/navigation2-humble/tools/smoother_benchmarking) by extension 'cmake'
[1.371s] Level 1:colcon.colcon_core.package_identification:_identify(src/navigation2-humble/tools/smoother_benchmarking) by extension 'python'
[1.371s] Level 1:colcon.colcon_core.package_identification:_identify(src/navigation2-humble/tools/smoother_benchmarking) by extensions ['python_setup_py']
[1.371s] Level 1:colcon.colcon_core.package_identification:_identify(src/navigation2-humble/tools/smoother_benchmarking) by extension 'python_setup_py'
[1.372s] Level 1:colcon.colcon_core.package_identification:_identify(src/navigation2-humble/tools/smoother_benchmarking/maps) by extensions ['ignore', 'ignore_ament_install']
[1.372s] Level 1:colcon.colcon_core.package_identification:_identify(src/navigation2-humble/tools/smoother_benchmarking/maps) by extension 'ignore'
[1.372s] Level 1:colcon.colcon_core.package_identification:_identify(src/navigation2-humble/tools/smoother_benchmarking/maps) by extension 'ignore_ament_install'
[1.372s] Level 1:colcon.colcon_core.package_identification:_identify(src/navigation2-humble/tools/smoother_benchmarking/maps) by extensions ['colcon_pkg']
[1.372s] Level 1:colcon.colcon_core.package_identification:_identify(src/navigation2-humble/tools/smoother_benchmarking/maps) by extension 'colcon_pkg'
[1.372s] Level 1:colcon.colcon_core.package_identification:_identify(src/navigation2-humble/tools/smoother_benchmarking/maps) by extensions ['colcon_meta']
[1.372s] Level 1:colcon.colcon_core.package_identification:_identify(src/navigation2-humble/tools/smoother_benchmarking/maps) by extension 'colcon_meta'
[1.372s] Level 1:colcon.colcon_core.package_identification:_identify(src/navigation2-humble/tools/smoother_benchmarking/maps) by extensions ['ros']
[1.372s] Level 1:colcon.colcon_core.package_identification:_identify(src/navigation2-humble/tools/smoother_benchmarking/maps) by extension 'ros'
[1.372s] Level 1:colcon.colcon_core.package_identification:_identify(src/navigation2-humble/tools/smoother_benchmarking/maps) by extensions ['cmake', 'python']
[1.372s] Level 1:colcon.colcon_core.package_identification:_identify(src/navigation2-humble/tools/smoother_benchmarking/maps) by extension 'cmake'
[1.372s] Level 1:colcon.colcon_core.package_identification:_identify(src/navigation2-humble/tools/smoother_benchmarking/maps) by extension 'python'
[1.373s] Level 1:colcon.colcon_core.package_identification:_identify(src/navigation2-humble/tools/smoother_benchmarking/maps) by extensions ['python_setup_py']
[1.373s] Level 1:colcon.colcon_core.package_identification:_identify(src/navigation2-humble/tools/smoother_benchmarking/maps) by extension 'python_setup_py'
[1.373s] Level 1:colcon.colcon_core.package_identification:_identify(src/ollama_ros_chat-ros2) by extensions ['ignore', 'ignore_ament_install']
[1.373s] Level 1:colcon.colcon_core.package_identification:_identify(src/ollama_ros_chat-ros2) by extension 'ignore'
[1.373s] Level 1:colcon.colcon_core.package_identification:_identify(src/ollama_ros_chat-ros2) by extension 'ignore_ament_install'
[1.373s] Level 1:colcon.colcon_core.package_identification:_identify(src/ollama_ros_chat-ros2) by extensions ['colcon_pkg']
[1.373s] Level 1:colcon.colcon_core.package_identification:_identify(src/ollama_ros_chat-ros2) by extension 'colcon_pkg'
[1.373s] Level 1:colcon.colcon_core.package_identification:_identify(src/ollama_ros_chat-ros2) by extensions ['colcon_meta']
[1.373s] Level 1:colcon.colcon_core.package_identification:_identify(src/ollama_ros_chat-ros2) by extension 'colcon_meta'
[1.374s] Level 1:colcon.colcon_core.package_identification:_identify(src/ollama_ros_chat-ros2) by extensions ['ros']
[1.374s] Level 1:colcon.colcon_core.package_identification:_identify(src/ollama_ros_chat-ros2) by extension 'ros'
[1.374s] Level 1:colcon.colcon_core.package_identification:_identify(src/ollama_ros_chat-ros2) by extensions ['cmake', 'python']
[1.374s] Level 1:colcon.colcon_core.package_identification:_identify(src/ollama_ros_chat-ros2) by extension 'cmake'
[1.374s] Level 1:colcon.colcon_core.package_identification:_identify(src/ollama_ros_chat-ros2) by extension 'python'
[1.374s] Level 1:colcon.colcon_core.package_identification:_identify(src/ollama_ros_chat-ros2) by extensions ['python_setup_py']
[1.374s] Level 1:colcon.colcon_core.package_identification:_identify(src/ollama_ros_chat-ros2) by extension 'python_setup_py'
[1.374s] Level 1:colcon.colcon_core.package_identification:_identify(src/ollama_ros_chat-ros2/ollama_ros_chat) by extensions ['ignore', 'ignore_ament_install']
[1.374s] Level 1:colcon.colcon_core.package_identification:_identify(src/ollama_ros_chat-ros2/ollama_ros_chat) by extension 'ignore'
[1.374s] Level 1:colcon.colcon_core.package_identification:_identify(src/ollama_ros_chat-ros2/ollama_ros_chat) by extension 'ignore_ament_install'
[1.375s] Level 1:colcon.colcon_core.package_identification:_identify(src/ollama_ros_chat-ros2/ollama_ros_chat) by extensions ['colcon_pkg']
[1.375s] Level 1:colcon.colcon_core.package_identification:_identify(src/ollama_ros_chat-ros2/ollama_ros_chat) by extension 'colcon_pkg'
[1.375s] Level 1:colcon.colcon_core.package_identification:_identify(src/ollama_ros_chat-ros2/ollama_ros_chat) by extensions ['colcon_meta']
[1.375s] Level 1:colcon.colcon_core.package_identification:_identify(src/ollama_ros_chat-ros2/ollama_ros_chat) by extension 'colcon_meta'
[1.375s] Level 1:colcon.colcon_core.package_identification:_identify(src/ollama_ros_chat-ros2/ollama_ros_chat) by extensions ['ros']
[1.375s] Level 1:colcon.colcon_core.package_identification:_identify(src/ollama_ros_chat-ros2/ollama_ros_chat) by extension 'ros'
[1.377s] DEBUG:colcon.colcon_core.package_identification:Package 'src/ollama_ros_chat-ros2/ollama_ros_chat' with type 'ros.ament_python' and name 'ollama_ros_chat'
[1.377s] Level 1:colcon.colcon_core.package_identification:_identify(src/ollama_ros_chat-ros2/ollama_ros_msgs) by extensions ['ignore', 'ignore_ament_install']
[1.377s] Level 1:colcon.colcon_core.package_identification:_identify(src/ollama_ros_chat-ros2/ollama_ros_msgs) by extension 'ignore'
[1.377s] Level 1:colcon.colcon_core.package_identification:_identify(src/ollama_ros_chat-ros2/ollama_ros_msgs) by extension 'ignore_ament_install'
[1.377s] Level 1:colcon.colcon_core.package_identification:_identify(src/ollama_ros_chat-ros2/ollama_ros_msgs) by extensions ['colcon_pkg']
[1.377s] Level 1:colcon.colcon_core.package_identification:_identify(src/ollama_ros_chat-ros2/ollama_ros_msgs) by extension 'colcon_pkg'
[1.378s] Level 1:colcon.colcon_core.package_identification:_identify(src/ollama_ros_chat-ros2/ollama_ros_msgs) by extensions ['colcon_meta']
[1.378s] Level 1:colcon.colcon_core.package_identification:_identify(src/ollama_ros_chat-ros2/ollama_ros_msgs) by extension 'colcon_meta'
[1.378s] Level 1:colcon.colcon_core.package_identification:_identify(src/ollama_ros_chat-ros2/ollama_ros_msgs) by extensions ['ros']
[1.378s] Level 1:colcon.colcon_core.package_identification:_identify(src/ollama_ros_chat-ros2/ollama_ros_msgs) by extension 'ros'
[1.379s] DEBUG:colcon.colcon_core.package_identification:Package 'src/ollama_ros_chat-ros2/ollama_ros_msgs' with type 'ros.ament_cmake' and name 'ollama_ros_msgs'
[1.379s] Level 1:colcon.colcon_core.package_identification:_identify(src/ros2_astra_camera-master) by extensions ['ignore', 'ignore_ament_install']
[1.380s] Level 1:colcon.colcon_core.package_identification:_identify(src/ros2_astra_camera-master) by extension 'ignore'
[1.380s] Level 1:colcon.colcon_core.package_identification:_identify(src/ros2_astra_camera-master) by extension 'ignore_ament_install'
[1.380s] Level 1:colcon.colcon_core.package_identification:_identify(src/ros2_astra_camera-master) by extensions ['colcon_pkg']
[1.380s] Level 1:colcon.colcon_core.package_identification:_identify(src/ros2_astra_camera-master) by extension 'colcon_pkg'
[1.380s] Level 1:colcon.colcon_core.package_identification:_identify(src/ros2_astra_camera-master) by extensions ['colcon_meta']
[1.380s] Level 1:colcon.colcon_core.package_identification:_identify(src/ros2_astra_camera-master) by extension 'colcon_meta'
[1.380s] Level 1:colcon.colcon_core.package_identification:_identify(src/ros2_astra_camera-master) by extensions ['ros']
[1.380s] Level 1:colcon.colcon_core.package_identification:_identify(src/ros2_astra_camera-master) by extension 'ros'
[1.380s] Level 1:colcon.colcon_core.package_identification:_identify(src/ros2_astra_camera-master) by extensions ['cmake', 'python']
[1.380s] Level 1:colcon.colcon_core.package_identification:_identify(src/ros2_astra_camera-master) by extension 'cmake'
[1.380s] Level 1:colcon.colcon_core.package_identification:_identify(src/ros2_astra_camera-master) by extension 'python'
[1.380s] Level 1:colcon.colcon_core.package_identification:_identify(src/ros2_astra_camera-master) by extensions ['python_setup_py']
[1.381s] Level 1:colcon.colcon_core.package_identification:_identify(src/ros2_astra_camera-master) by extension 'python_setup_py'
[1.381s] Level 1:colcon.colcon_core.package_identification:_identify(src/ros2_astra_camera-master/astra_camera) by extensions ['ignore', 'ignore_ament_install']
[1.381s] Level 1:colcon.colcon_core.package_identification:_identify(src/ros2_astra_camera-master/astra_camera) by extension 'ignore'
[1.381s] Level 1:colcon.colcon_core.package_identification:_identify(src/ros2_astra_camera-master/astra_camera) by extension 'ignore_ament_install'
[1.381s] Level 1:colcon.colcon_core.package_identification:_identify(src/ros2_astra_camera-master/astra_camera) by extensions ['colcon_pkg']
[1.381s] Level 1:colcon.colcon_core.package_identification:_identify(src/ros2_astra_camera-master/astra_camera) by extension 'colcon_pkg'
[1.381s] Level 1:colcon.colcon_core.package_identification:_identify(src/ros2_astra_camera-master/astra_camera) by extensions ['colcon_meta']
[1.381s] Level 1:colcon.colcon_core.package_identification:_identify(src/ros2_astra_camera-master/astra_camera) by extension 'colcon_meta'
[1.381s] Level 1:colcon.colcon_core.package_identification:_identify(src/ros2_astra_camera-master/astra_camera) by extensions ['ros']
[1.381s] Level 1:colcon.colcon_core.package_identification:_identify(src/ros2_astra_camera-master/astra_camera) by extension 'ros'
[1.384s] DEBUG:colcon.colcon_core.package_identification:Package 'src/ros2_astra_camera-master/astra_camera' with type 'ros.ament_cmake' and name 'astra_camera'
[1.385s] Level 1:colcon.colcon_core.package_identification:_identify(src/ros2_astra_camera-master/astra_camera_msgs) by extensions ['ignore', 'ignore_ament_install']
[1.385s] Level 1:colcon.colcon_core.package_identification:_identify(src/ros2_astra_camera-master/astra_camera_msgs) by extension 'ignore'
[1.385s] Level 1:colcon.colcon_core.package_identification:_identify(src/ros2_astra_camera-master/astra_camera_msgs) by extension 'ignore_ament_install'
[1.385s] Level 1:colcon.colcon_core.package_identification:_identify(src/ros2_astra_camera-master/astra_camera_msgs) by extensions ['colcon_pkg']
[1.385s] Level 1:colcon.colcon_core.package_identification:_identify(src/ros2_astra_camera-master/astra_camera_msgs) by extension 'colcon_pkg'
[1.385s] Level 1:colcon.colcon_core.package_identification:_identify(src/ros2_astra_camera-master/astra_camera_msgs) by extensions ['colcon_meta']
[1.385s] Level 1:colcon.colcon_core.package_identification:_identify(src/ros2_astra_camera-master/astra_camera_msgs) by extension 'colcon_meta'
[1.385s] Level 1:colcon.colcon_core.package_identification:_identify(src/ros2_astra_camera-master/astra_camera_msgs) by extensions ['ros']
[1.385s] Level 1:colcon.colcon_core.package_identification:_identify(src/ros2_astra_camera-master/astra_camera_msgs) by extension 'ros'
[1.387s] DEBUG:colcon.colcon_core.package_identification:Package 'src/ros2_astra_camera-master/astra_camera_msgs' with type 'ros.ament_cmake' and name 'astra_camera_msgs'
[1.387s] Level 1:colcon.colcon_core.package_identification:_identify(src/simple_follower_ros2) by extensions ['ignore', 'ignore_ament_install']
[1.387s] Level 1:colcon.colcon_core.package_identification:_identify(src/simple_follower_ros2) by extension 'ignore'
[1.387s] Level 1:colcon.colcon_core.package_identification:_identify(src/simple_follower_ros2) by extension 'ignore_ament_install'
[1.387s] Level 1:colcon.colcon_core.package_identification:_identify(src/simple_follower_ros2) by extensions ['colcon_pkg']
[1.387s] Level 1:colcon.colcon_core.package_identification:_identify(src/simple_follower_ros2) by extension 'colcon_pkg'
[1.387s] Level 1:colcon.colcon_core.package_identification:_identify(src/simple_follower_ros2) by extensions ['colcon_meta']
[1.387s] Level 1:colcon.colcon_core.package_identification:_identify(src/simple_follower_ros2) by extension 'colcon_meta'
[1.387s] Level 1:colcon.colcon_core.package_identification:_identify(src/simple_follower_ros2) by extensions ['ros']
[1.388s] Level 1:colcon.colcon_core.package_identification:_identify(src/simple_follower_ros2) by extension 'ros'
[1.389s] DEBUG:colcon.colcon_core.package_identification:Package 'src/simple_follower_ros2' with type 'ros.ament_python' and name 'simple_follower_ros2'
[1.389s] Level 1:colcon.colcon_core.package_identification:_identify(src/tts_make_ros2) by extensions ['ignore', 'ignore_ament_install']
[1.389s] Level 1:colcon.colcon_core.package_identification:_identify(src/tts_make_ros2) by extension 'ignore'
[1.390s] Level 1:colcon.colcon_core.package_identification:_identify(src/tts_make_ros2) by extension 'ignore_ament_install'
[1.390s] Level 1:colcon.colcon_core.package_identification:_identify(src/tts_make_ros2) by extensions ['colcon_pkg']
[1.390s] Level 1:colcon.colcon_core.package_identification:_identify(src/tts_make_ros2) by extension 'colcon_pkg'
[1.390s] Level 1:colcon.colcon_core.package_identification:_identify(src/tts_make_ros2) by extensions ['colcon_meta']
[1.390s] Level 1:colcon.colcon_core.package_identification:_identify(src/tts_make_ros2) by extension 'colcon_meta'
[1.390s] Level 1:colcon.colcon_core.package_identification:_identify(src/tts_make_ros2) by extensions ['ros']
[1.390s] Level 1:colcon.colcon_core.package_identification:_identify(src/tts_make_ros2) by extension 'ros'
[1.391s] DEBUG:colcon.colcon_core.package_identification:Package 'src/tts_make_ros2' with type 'ros.ament_cmake' and name 'tts'
[1.392s] Level 1:colcon.colcon_core.package_identification:_identify(src/turn_on_wheeltec_robot) by extensions ['ignore', 'ignore_ament_install']
[1.392s] Level 1:colcon.colcon_core.package_identification:_identify(src/turn_on_wheeltec_robot) by extension 'ignore'
[1.392s] Level 1:colcon.colcon_core.package_identification:_identify(src/turn_on_wheeltec_robot) by extension 'ignore_ament_install'
[1.392s] Level 1:colcon.colcon_core.package_identification:_identify(src/turn_on_wheeltec_robot) by extensions ['colcon_pkg']
[1.392s] Level 1:colcon.colcon_core.package_identification:_identify(src/turn_on_wheeltec_robot) by extension 'colcon_pkg'
[1.392s] Level 1:colcon.colcon_core.package_identification:_identify(src/turn_on_wheeltec_robot) by extensions ['colcon_meta']
[1.392s] Level 1:colcon.colcon_core.package_identification:_identify(src/turn_on_wheeltec_robot) by extension 'colcon_meta'
[1.392s] Level 1:colcon.colcon_core.package_identification:_identify(src/turn_on_wheeltec_robot) by extensions ['ros']
[1.392s] Level 1:colcon.colcon_core.package_identification:_identify(src/turn_on_wheeltec_robot) by extension 'ros'
[1.395s] DEBUG:colcon.colcon_core.package_identification:Package 'src/turn_on_wheeltec_robot' with type 'ros.ament_cmake' and name 'turn_on_wheeltec_robot'
[1.396s] Level 1:colcon.colcon_core.package_identification:_identify(src/ultralytics_ros2) by extensions ['ignore', 'ignore_ament_install']
[1.396s] Level 1:colcon.colcon_core.package_identification:_identify(src/ultralytics_ros2) by extension 'ignore'
[1.396s] Level 1:colcon.colcon_core.package_identification:_identify(src/ultralytics_ros2) by extension 'ignore_ament_install'
[1.396s] Level 1:colcon.colcon_core.package_identification:_identify(src/ultralytics_ros2) by extensions ['colcon_pkg']
[1.396s] Level 1:colcon.colcon_core.package_identification:_identify(src/ultralytics_ros2) by extension 'colcon_pkg'
[1.396s] Level 1:colcon.colcon_core.package_identification:_identify(src/ultralytics_ros2) by extensions ['colcon_meta']
[1.396s] Level 1:colcon.colcon_core.package_identification:_identify(src/ultralytics_ros2) by extension 'colcon_meta'
[1.396s] Level 1:colcon.colcon_core.package_identification:_identify(src/ultralytics_ros2) by extensions ['ros']
[1.396s] Level 1:colcon.colcon_core.package_identification:_identify(src/ultralytics_ros2) by extension 'ros'
[1.398s] DEBUG:colcon.colcon_core.package_identification:Package 'src/ultralytics_ros2' with type 'ros.ament_python' and name 'ultralytics_ros2'
[1.398s] Level 1:colcon.colcon_core.package_identification:_identify(src/usb_cam-ros2) by extensions ['ignore', 'ignore_ament_install']
[1.398s] Level 1:colcon.colcon_core.package_identification:_identify(src/usb_cam-ros2) by extension 'ignore'
[1.398s] Level 1:colcon.colcon_core.package_identification:_identify(src/usb_cam-ros2) by extension 'ignore_ament_install'
[1.399s] Level 1:colcon.colcon_core.package_identification:_identify(src/usb_cam-ros2) by extensions ['colcon_pkg']
[1.399s] Level 1:colcon.colcon_core.package_identification:_identify(src/usb_cam-ros2) by extension 'colcon_pkg'
[1.399s] Level 1:colcon.colcon_core.package_identification:_identify(src/usb_cam-ros2) by extensions ['colcon_meta']
[1.399s] Level 1:colcon.colcon_core.package_identification:_identify(src/usb_cam-ros2) by extension 'colcon_meta'
[1.399s] Level 1:colcon.colcon_core.package_identification:_identify(src/usb_cam-ros2) by extensions ['ros']
[1.399s] Level 1:colcon.colcon_core.package_identification:_identify(src/usb_cam-ros2) by extension 'ros'
[1.401s] DEBUG:colcon.colcon_core.package_identification:Package 'src/usb_cam-ros2' with type 'ros.ament_cmake' and name 'usb_cam'
[1.401s] Level 1:colcon.colcon_core.package_identification:_identify(src/web_video_server-ros2) by extensions ['ignore', 'ignore_ament_install']
[1.402s] Level 1:colcon.colcon_core.package_identification:_identify(src/web_video_server-ros2) by extension 'ignore'
[1.402s] Level 1:colcon.colcon_core.package_identification:_identify(src/web_video_server-ros2) by extension 'ignore_ament_install'
[1.402s] Level 1:colcon.colcon_core.package_identification:_identify(src/web_video_server-ros2) by extensions ['colcon_pkg']
[1.402s] Level 1:colcon.colcon_core.package_identification:_identify(src/web_video_server-ros2) by extension 'colcon_pkg'
[1.402s] Level 1:colcon.colcon_core.package_identification:_identify(src/web_video_server-ros2) by extensions ['colcon_meta']
[1.402s] Level 1:colcon.colcon_core.package_identification:_identify(src/web_video_server-ros2) by extension 'colcon_meta'
[1.402s] Level 1:colcon.colcon_core.package_identification:_identify(src/web_video_server-ros2) by extensions ['ros']
[1.402s] Level 1:colcon.colcon_core.package_identification:_identify(src/web_video_server-ros2) by extension 'ros'
[1.402s] Level 1:colcon.colcon_core.package_identification:_identify(src/web_video_server-ros2) by extensions ['cmake', 'python']
[1.402s] Level 1:colcon.colcon_core.package_identification:_identify(src/web_video_server-ros2) by extension 'cmake'
[1.402s] Level 1:colcon.colcon_core.package_identification:_identify(src/web_video_server-ros2) by extension 'python'
[1.402s] Level 1:colcon.colcon_core.package_identification:_identify(src/web_video_server-ros2) by extensions ['python_setup_py']
[1.402s] Level 1:colcon.colcon_core.package_identification:_identify(src/web_video_server-ros2) by extension 'python_setup_py'
[1.403s] Level 1:colcon.colcon_core.package_identification:_identify(src/web_video_server-ros2/web_video_server-ros2) by extensions ['ignore', 'ignore_ament_install']
[1.403s] Level 1:colcon.colcon_core.package_identification:_identify(src/web_video_server-ros2/web_video_server-ros2) by extension 'ignore'
[1.403s] Level 1:colcon.colcon_core.package_identification:_identify(src/web_video_server-ros2/web_video_server-ros2) by extension 'ignore_ament_install'
[1.403s] Level 1:colcon.colcon_core.package_identification:_identify(src/web_video_server-ros2/web_video_server-ros2) by extensions ['colcon_pkg']
[1.403s] Level 1:colcon.colcon_core.package_identification:_identify(src/web_video_server-ros2/web_video_server-ros2) by extension 'colcon_pkg'
[1.403s] Level 1:colcon.colcon_core.package_identification:_identify(src/web_video_server-ros2/web_video_server-ros2) by extensions ['colcon_meta']
[1.403s] Level 1:colcon.colcon_core.package_identification:_identify(src/web_video_server-ros2/web_video_server-ros2) by extension 'colcon_meta'
[1.403s] Level 1:colcon.colcon_core.package_identification:_identify(src/web_video_server-ros2/web_video_server-ros2) by extensions ['ros']
[1.403s] Level 1:colcon.colcon_core.package_identification:_identify(src/web_video_server-ros2/web_video_server-ros2) by extension 'ros'
[1.405s] DEBUG:colcon.colcon_core.package_identification:Package 'src/web_video_server-ros2/web_video_server-ros2' with type 'ros.ament_cmake' and name 'web_video_server'
[1.405s] Level 1:colcon.colcon_core.package_identification:_identify(src/wheeltec_bodyreader) by extensions ['ignore', 'ignore_ament_install']
[1.405s] Level 1:colcon.colcon_core.package_identification:_identify(src/wheeltec_bodyreader) by extension 'ignore'
[1.405s] Level 1:colcon.colcon_core.package_identification:_identify(src/wheeltec_bodyreader) by extension 'ignore_ament_install'
[1.405s] Level 1:colcon.colcon_core.package_identification:_identify(src/wheeltec_bodyreader) by extensions ['colcon_pkg']
[1.406s] Level 1:colcon.colcon_core.package_identification:_identify(src/wheeltec_bodyreader) by extension 'colcon_pkg'
[1.406s] Level 1:colcon.colcon_core.package_identification:_identify(src/wheeltec_bodyreader) by extensions ['colcon_meta']
[1.406s] Level 1:colcon.colcon_core.package_identification:_identify(src/wheeltec_bodyreader) by extension 'colcon_meta'
[1.406s] Level 1:colcon.colcon_core.package_identification:_identify(src/wheeltec_bodyreader) by extensions ['ros']
[1.406s] Level 1:colcon.colcon_core.package_identification:_identify(src/wheeltec_bodyreader) by extension 'ros'
[1.406s] Level 1:colcon.colcon_core.package_identification:_identify(src/wheeltec_bodyreader) by extensions ['cmake', 'python']
[1.406s] Level 1:colcon.colcon_core.package_identification:_identify(src/wheeltec_bodyreader) by extension 'cmake'
[1.406s] Level 1:colcon.colcon_core.package_identification:_identify(src/wheeltec_bodyreader) by extension 'python'
[1.406s] Level 1:colcon.colcon_core.package_identification:_identify(src/wheeltec_bodyreader) by extensions ['python_setup_py']
[1.406s] Level 1:colcon.colcon_core.package_identification:_identify(src/wheeltec_bodyreader) by extension 'python_setup_py'
[1.407s] Level 1:colcon.colcon_core.package_identification:_identify(src/wheeltec_bodyreader/bodyreader) by extensions ['ignore', 'ignore_ament_install']
[1.407s] Level 1:colcon.colcon_core.package_identification:_identify(src/wheeltec_bodyreader/bodyreader) by extension 'ignore'
[1.407s] Level 1:colcon.colcon_core.package_identification:_identify(src/wheeltec_bodyreader/bodyreader) by extension 'ignore_ament_install'
[1.407s] Level 1:colcon.colcon_core.package_identification:_identify(src/wheeltec_bodyreader/bodyreader) by extensions ['colcon_pkg']
[1.407s] Level 1:colcon.colcon_core.package_identification:_identify(src/wheeltec_bodyreader/bodyreader) by extension 'colcon_pkg'
[1.407s] Level 1:colcon.colcon_core.package_identification:_identify(src/wheeltec_bodyreader/bodyreader) by extensions ['colcon_meta']
[1.407s] Level 1:colcon.colcon_core.package_identification:_identify(src/wheeltec_bodyreader/bodyreader) by extension 'colcon_meta'
[1.408s] Level 1:colcon.colcon_core.package_identification:_identify(src/wheeltec_bodyreader/bodyreader) by extensions ['ros']
[1.408s] Level 1:colcon.colcon_core.package_identification:_identify(src/wheeltec_bodyreader/bodyreader) by extension 'ros'
[1.410s] DEBUG:colcon.colcon_core.package_identification:Package 'src/wheeltec_bodyreader/bodyreader' with type 'ros.ament_cmake' and name 'bodyreader'
[1.410s] Level 1:colcon.colcon_core.package_identification:_identify(src/wheeltec_bodyreader/bodyreader_msg) by extensions ['ignore', 'ignore_ament_install']
[1.411s] Level 1:colcon.colcon_core.package_identification:_identify(src/wheeltec_bodyreader/bodyreader_msg) by extension 'ignore'
[1.411s] Level 1:colcon.colcon_core.package_identification:_identify(src/wheeltec_bodyreader/bodyreader_msg) by extension 'ignore_ament_install'
[1.411s] Level 1:colcon.colcon_core.package_identification:_identify(src/wheeltec_bodyreader/bodyreader_msg) by extensions ['colcon_pkg']
[1.411s] Level 1:colcon.colcon_core.package_identification:_identify(src/wheeltec_bodyreader/bodyreader_msg) by extension 'colcon_pkg'
[1.411s] Level 1:colcon.colcon_core.package_identification:_identify(src/wheeltec_bodyreader/bodyreader_msg) by extensions ['colcon_meta']
[1.411s] Level 1:colcon.colcon_core.package_identification:_identify(src/wheeltec_bodyreader/bodyreader_msg) by extension 'colcon_meta'
[1.411s] Level 1:colcon.colcon_core.package_identification:_identify(src/wheeltec_bodyreader/bodyreader_msg) by extensions ['ros']
[1.411s] Level 1:colcon.colcon_core.package_identification:_identify(src/wheeltec_bodyreader/bodyreader_msg) by extension 'ros'
[1.412s] DEBUG:colcon.colcon_core.package_identification:Package 'src/wheeltec_bodyreader/bodyreader_msg' with type 'ros.ament_cmake' and name 'bodyreader_msg'
[1.413s] Level 1:colcon.colcon_core.package_identification:_identify(src/wheeltec_gps) by extensions ['ignore', 'ignore_ament_install']
[1.413s] Level 1:colcon.colcon_core.package_identification:_identify(src/wheeltec_gps) by extension 'ignore'
[1.413s] Level 1:colcon.colcon_core.package_identification:_identify(src/wheeltec_gps) by extension 'ignore_ament_install'
[1.413s] Level 1:colcon.colcon_core.package_identification:_identify(src/wheeltec_gps) by extensions ['colcon_pkg']
[1.413s] Level 1:colcon.colcon_core.package_identification:_identify(src/wheeltec_gps) by extension 'colcon_pkg'
[1.413s] Level 1:colcon.colcon_core.package_identification:_identify(src/wheeltec_gps) by extensions ['colcon_meta']
[1.413s] Level 1:colcon.colcon_core.package_identification:_identify(src/wheeltec_gps) by extension 'colcon_meta'
[1.413s] Level 1:colcon.colcon_core.package_identification:_identify(src/wheeltec_gps) by extensions ['ros']
[1.414s] Level 1:colcon.colcon_core.package_identification:_identify(src/wheeltec_gps) by extension 'ros'
[1.414s] Level 1:colcon.colcon_core.package_identification:_identify(src/wheeltec_gps) by extensions ['cmake', 'python']
[1.414s] Level 1:colcon.colcon_core.package_identification:_identify(src/wheeltec_gps) by extension 'cmake'
[1.414s] Level 1:colcon.colcon_core.package_identification:_identify(src/wheeltec_gps) by extension 'python'
[1.414s] Level 1:colcon.colcon_core.package_identification:_identify(src/wheeltec_gps) by extensions ['python_setup_py']
[1.414s] Level 1:colcon.colcon_core.package_identification:_identify(src/wheeltec_gps) by extension 'python_setup_py'
[1.415s] Level 1:colcon.colcon_core.package_identification:_identify(src/wheeltec_gps/nmea_msgs) by extensions ['ignore', 'ignore_ament_install']
[1.415s] Level 1:colcon.colcon_core.package_identification:_identify(src/wheeltec_gps/nmea_msgs) by extension 'ignore'
[1.415s] Level 1:colcon.colcon_core.package_identification:_identify(src/wheeltec_gps/nmea_msgs) by extension 'ignore_ament_install'
[1.415s] Level 1:colcon.colcon_core.package_identification:_identify(src/wheeltec_gps/nmea_msgs) by extensions ['colcon_pkg']
[1.415s] Level 1:colcon.colcon_core.package_identification:_identify(src/wheeltec_gps/nmea_msgs) by extension 'colcon_pkg'
[1.415s] Level 1:colcon.colcon_core.package_identification:_identify(src/wheeltec_gps/nmea_msgs) by extensions ['colcon_meta']
[1.415s] Level 1:colcon.colcon_core.package_identification:_identify(src/wheeltec_gps/nmea_msgs) by extension 'colcon_meta'
[1.415s] Level 1:colcon.colcon_core.package_identification:_identify(src/wheeltec_gps/nmea_msgs) by extensions ['ros']
[1.415s] Level 1:colcon.colcon_core.package_identification:_identify(src/wheeltec_gps/nmea_msgs) by extension 'ros'
[1.417s] DEBUG:colcon.colcon_core.package_identification:Package 'src/wheeltec_gps/nmea_msgs' with type 'ros.ament_cmake' and name 'nmea_msgs'
[1.417s] Level 1:colcon.colcon_core.package_identification:_identify(src/wheeltec_gps/nmea_navsat_driver) by extensions ['ignore', 'ignore_ament_install']
[1.418s] Level 1:colcon.colcon_core.package_identification:_identify(src/wheeltec_gps/nmea_navsat_driver) by extension 'ignore'
[1.418s] Level 1:colcon.colcon_core.package_identification:_identify(src/wheeltec_gps/nmea_navsat_driver) by extension 'ignore_ament_install'
[1.418s] Level 1:colcon.colcon_core.package_identification:_identify(src/wheeltec_gps/nmea_navsat_driver) by extensions ['colcon_pkg']
[1.418s] Level 1:colcon.colcon_core.package_identification:_identify(src/wheeltec_gps/nmea_navsat_driver) by extension 'colcon_pkg'
[1.418s] Level 1:colcon.colcon_core.package_identification:_identify(src/wheeltec_gps/nmea_navsat_driver) by extensions ['colcon_meta']
[1.418s] Level 1:colcon.colcon_core.package_identification:_identify(src/wheeltec_gps/nmea_navsat_driver) by extension 'colcon_meta'
[1.418s] Level 1:colcon.colcon_core.package_identification:_identify(src/wheeltec_gps/nmea_navsat_driver) by extensions ['ros']
[1.418s] Level 1:colcon.colcon_core.package_identification:_identify(src/wheeltec_gps/nmea_navsat_driver) by extension 'ros'
[1.420s] DEBUG:colcon.colcon_core.package_identification:Package 'src/wheeltec_gps/nmea_navsat_driver' with type 'ros.ament_python' and name 'nmea_navsat_driver'
[1.420s] Level 1:colcon.colcon_core.package_identification:_identify(src/wheeltec_gps/ublox-ros2) by extensions ['ignore', 'ignore_ament_install']
[1.420s] Level 1:colcon.colcon_core.package_identification:_identify(src/wheeltec_gps/ublox-ros2) by extension 'ignore'
[1.420s] Level 1:colcon.colcon_core.package_identification:_identify(src/wheeltec_gps/ublox-ros2) by extension 'ignore_ament_install'
[1.420s] Level 1:colcon.colcon_core.package_identification:_identify(src/wheeltec_gps/ublox-ros2) by extensions ['colcon_pkg']
[1.420s] Level 1:colcon.colcon_core.package_identification:_identify(src/wheeltec_gps/ublox-ros2) by extension 'colcon_pkg'
[1.420s] Level 1:colcon.colcon_core.package_identification:_identify(src/wheeltec_gps/ublox-ros2) by extensions ['colcon_meta']
[1.421s] Level 1:colcon.colcon_core.package_identification:_identify(src/wheeltec_gps/ublox-ros2) by extension 'colcon_meta'
[1.421s] Level 1:colcon.colcon_core.package_identification:_identify(src/wheeltec_gps/ublox-ros2) by extensions ['ros']
[1.421s] Level 1:colcon.colcon_core.package_identification:_identify(src/wheeltec_gps/ublox-ros2) by extension 'ros'
[1.421s] Level 1:colcon.colcon_core.package_identification:_identify(src/wheeltec_gps/ublox-ros2) by extensions ['cmake', 'python']
[1.421s] Level 1:colcon.colcon_core.package_identification:_identify(src/wheeltec_gps/ublox-ros2) by extension 'cmake'
[1.421s] Level 1:colcon.colcon_core.package_identification:_identify(src/wheeltec_gps/ublox-ros2) by extension 'python'
[1.421s] Level 1:colcon.colcon_core.package_identification:_identify(src/wheeltec_gps/ublox-ros2) by extensions ['python_setup_py']
[1.421s] Level 1:colcon.colcon_core.package_identification:_identify(src/wheeltec_gps/ublox-ros2) by extension 'python_setup_py'
[1.421s] Level 1:colcon.colcon_core.package_identification:_identify(src/wheeltec_gps/ublox-ros2/ublox) by extensions ['ignore', 'ignore_ament_install']
[1.422s] Level 1:colcon.colcon_core.package_identification:_identify(src/wheeltec_gps/ublox-ros2/ublox) by extension 'ignore'
[1.422s] Level 1:colcon.colcon_core.package_identification:_identify(src/wheeltec_gps/ublox-ros2/ublox) by extension 'ignore_ament_install'
[1.422s] Level 1:colcon.colcon_core.package_identification:_identify(src/wheeltec_gps/ublox-ros2/ublox) by extensions ['colcon_pkg']
[1.422s] Level 1:colcon.colcon_core.package_identification:_identify(src/wheeltec_gps/ublox-ros2/ublox) by extension 'colcon_pkg'
[1.422s] Level 1:colcon.colcon_core.package_identification:_identify(src/wheeltec_gps/ublox-ros2/ublox) by extensions ['colcon_meta']
[1.422s] Level 1:colcon.colcon_core.package_identification:_identify(src/wheeltec_gps/ublox-ros2/ublox) by extension 'colcon_meta'
[1.422s] Level 1:colcon.colcon_core.package_identification:_identify(src/wheeltec_gps/ublox-ros2/ublox) by extensions ['ros']
[1.422s] Level 1:colcon.colcon_core.package_identification:_identify(src/wheeltec_gps/ublox-ros2/ublox) by extension 'ros'
[1.423s] DEBUG:colcon.colcon_core.package_identification:Package 'src/wheeltec_gps/ublox-ros2/ublox' with type 'ros.ament_cmake' and name 'ublox'
[1.423s] Level 1:colcon.colcon_core.package_identification:_identify(src/wheeltec_gps/ublox-ros2/ublox_gps) by extensions ['ignore', 'ignore_ament_install']
[1.424s] Level 1:colcon.colcon_core.package_identification:_identify(src/wheeltec_gps/ublox-ros2/ublox_gps) by extension 'ignore'
[1.424s] Level 1:colcon.colcon_core.package_identification:_identify(src/wheeltec_gps/ublox-ros2/ublox_gps) by extension 'ignore_ament_install'
[1.424s] Level 1:colcon.colcon_core.package_identification:_identify(src/wheeltec_gps/ublox-ros2/ublox_gps) by extensions ['colcon_pkg']
[1.424s] Level 1:colcon.colcon_core.package_identification:_identify(src/wheeltec_gps/ublox-ros2/ublox_gps) by extension 'colcon_pkg'
[1.424s] Level 1:colcon.colcon_core.package_identification:_identify(src/wheeltec_gps/ublox-ros2/ublox_gps) by extensions ['colcon_meta']
[1.424s] Level 1:colcon.colcon_core.package_identification:_identify(src/wheeltec_gps/ublox-ros2/ublox_gps) by extension 'colcon_meta'
[1.424s] Level 1:colcon.colcon_core.package_identification:_identify(src/wheeltec_gps/ublox-ros2/ublox_gps) by extensions ['ros']
[1.424s] Level 1:colcon.colcon_core.package_identification:_identify(src/wheeltec_gps/ublox-ros2/ublox_gps) by extension 'ros'
[1.426s] DEBUG:colcon.colcon_core.package_identification:Package 'src/wheeltec_gps/ublox-ros2/ublox_gps' with type 'ros.ament_cmake' and name 'ublox_gps'
[1.427s] Level 1:colcon.colcon_core.package_identification:_identify(src/wheeltec_gps/ublox-ros2/ublox_msgs) by extensions ['ignore', 'ignore_ament_install']
[1.427s] Level 1:colcon.colcon_core.package_identification:_identify(src/wheeltec_gps/ublox-ros2/ublox_msgs) by extension 'ignore'
[1.427s] Level 1:colcon.colcon_core.package_identification:_identify(src/wheeltec_gps/ublox-ros2/ublox_msgs) by extension 'ignore_ament_install'
[1.427s] Level 1:colcon.colcon_core.package_identification:_identify(src/wheeltec_gps/ublox-ros2/ublox_msgs) by extensions ['colcon_pkg']
[1.427s] Level 1:colcon.colcon_core.package_identification:_identify(src/wheeltec_gps/ublox-ros2/ublox_msgs) by extension 'colcon_pkg'
[1.427s] Level 1:colcon.colcon_core.package_identification:_identify(src/wheeltec_gps/ublox-ros2/ublox_msgs) by extensions ['colcon_meta']
[1.427s] Level 1:colcon.colcon_core.package_identification:_identify(src/wheeltec_gps/ublox-ros2/ublox_msgs) by extension 'colcon_meta'
[1.427s] Level 1:colcon.colcon_core.package_identification:_identify(src/wheeltec_gps/ublox-ros2/ublox_msgs) by extensions ['ros']
[1.427s] Level 1:colcon.colcon_core.package_identification:_identify(src/wheeltec_gps/ublox-ros2/ublox_msgs) by extension 'ros'
[1.429s] DEBUG:colcon.colcon_core.package_identification:Package 'src/wheeltec_gps/ublox-ros2/ublox_msgs' with type 'ros.ament_cmake' and name 'ublox_msgs'
[1.429s] Level 1:colcon.colcon_core.package_identification:_identify(src/wheeltec_gps/ublox-ros2/ublox_serialization) by extensions ['ignore', 'ignore_ament_install']
[1.429s] Level 1:colcon.colcon_core.package_identification:_identify(src/wheeltec_gps/ublox-ros2/ublox_serialization) by extension 'ignore'
[1.429s] Level 1:colcon.colcon_core.package_identification:_identify(src/wheeltec_gps/ublox-ros2/ublox_serialization) by extension 'ignore_ament_install'
[1.429s] Level 1:colcon.colcon_core.package_identification:_identify(src/wheeltec_gps/ublox-ros2/ublox_serialization) by extensions ['colcon_pkg']
[1.429s] Level 1:colcon.colcon_core.package_identification:_identify(src/wheeltec_gps/ublox-ros2/ublox_serialization) by extension 'colcon_pkg'
[1.430s] Level 1:colcon.colcon_core.package_identification:_identify(src/wheeltec_gps/ublox-ros2/ublox_serialization) by extensions ['colcon_meta']
[1.430s] Level 1:colcon.colcon_core.package_identification:_identify(src/wheeltec_gps/ublox-ros2/ublox_serialization) by extension 'colcon_meta'
[1.430s] Level 1:colcon.colcon_core.package_identification:_identify(src/wheeltec_gps/ublox-ros2/ublox_serialization) by extensions ['ros']
[1.430s] Level 1:colcon.colcon_core.package_identification:_identify(src/wheeltec_gps/ublox-ros2/ublox_serialization) by extension 'ros'
[1.431s] DEBUG:colcon.colcon_core.package_identification:Package 'src/wheeltec_gps/ublox-ros2/ublox_serialization' with type 'ros.ament_cmake' and name 'ublox_serialization'
[1.431s] Level 1:colcon.colcon_core.package_identification:_identify(src/wheeltec_gps/wheeltec_dual_rtk_driver) by extensions ['ignore', 'ignore_ament_install']
[1.431s] Level 1:colcon.colcon_core.package_identification:_identify(src/wheeltec_gps/wheeltec_dual_rtk_driver) by extension 'ignore'
[1.431s] Level 1:colcon.colcon_core.package_identification:_identify(src/wheeltec_gps/wheeltec_dual_rtk_driver) by extension 'ignore_ament_install'
[1.431s] Level 1:colcon.colcon_core.package_identification:_identify(src/wheeltec_gps/wheeltec_dual_rtk_driver) by extensions ['colcon_pkg']
[1.432s] Level 1:colcon.colcon_core.package_identification:_identify(src/wheeltec_gps/wheeltec_dual_rtk_driver) by extension 'colcon_pkg'
[1.432s] Level 1:colcon.colcon_core.package_identification:_identify(src/wheeltec_gps/wheeltec_dual_rtk_driver) by extensions ['colcon_meta']
[1.432s] Level 1:colcon.colcon_core.package_identification:_identify(src/wheeltec_gps/wheeltec_dual_rtk_driver) by extension 'colcon_meta'
[1.432s] Level 1:colcon.colcon_core.package_identification:_identify(src/wheeltec_gps/wheeltec_dual_rtk_driver) by extensions ['ros']
[1.432s] Level 1:colcon.colcon_core.package_identification:_identify(src/wheeltec_gps/wheeltec_dual_rtk_driver) by extension 'ros'
[1.433s] DEBUG:colcon.colcon_core.package_identification:Package 'src/wheeltec_gps/wheeltec_dual_rtk_driver' with type 'ros.ament_python' and name 'wheeltec_dual_rtk_driver'
[1.433s] Level 1:colcon.colcon_core.package_identification:_identify(src/wheeltec_gps/wheeltec_gps_driver) by extensions ['ignore', 'ignore_ament_install']
[1.433s] Level 1:colcon.colcon_core.package_identification:_identify(src/wheeltec_gps/wheeltec_gps_driver) by extension 'ignore'
[1.434s] Level 1:colcon.colcon_core.package_identification:_identify(src/wheeltec_gps/wheeltec_gps_driver) by extension 'ignore_ament_install'
[1.434s] Level 1:colcon.colcon_core.package_identification:_identify(src/wheeltec_gps/wheeltec_gps_driver) by extensions ['colcon_pkg']
[1.434s] Level 1:colcon.colcon_core.package_identification:_identify(src/wheeltec_gps/wheeltec_gps_driver) by extension 'colcon_pkg'
[1.434s] Level 1:colcon.colcon_core.package_identification:_identify(src/wheeltec_gps/wheeltec_gps_driver) by extensions ['colcon_meta']
[1.434s] Level 1:colcon.colcon_core.package_identification:_identify(src/wheeltec_gps/wheeltec_gps_driver) by extension 'colcon_meta'
[1.434s] Level 1:colcon.colcon_core.package_identification:_identify(src/wheeltec_gps/wheeltec_gps_driver) by extensions ['ros']
[1.434s] Level 1:colcon.colcon_core.package_identification:_identify(src/wheeltec_gps/wheeltec_gps_driver) by extension 'ros'
[1.435s] DEBUG:colcon.colcon_core.package_identification:Package 'src/wheeltec_gps/wheeltec_gps_driver' with type 'ros.ament_cmake' and name 'wheeltec_gps_driver'
[1.435s] Level 1:colcon.colcon_core.package_identification:_identify(src/wheeltec_imu) by extensions ['ignore', 'ignore_ament_install']
[1.435s] Level 1:colcon.colcon_core.package_identification:_identify(src/wheeltec_imu) by extension 'ignore'
[1.436s] Level 1:colcon.colcon_core.package_identification:_identify(src/wheeltec_imu) by extension 'ignore_ament_install'
[1.436s] Level 1:colcon.colcon_core.package_identification:_identify(src/wheeltec_imu) by extensions ['colcon_pkg']
[1.436s] Level 1:colcon.colcon_core.package_identification:_identify(src/wheeltec_imu) by extension 'colcon_pkg'
[1.436s] Level 1:colcon.colcon_core.package_identification:_identify(src/wheeltec_imu) by extensions ['colcon_meta']
[1.436s] Level 1:colcon.colcon_core.package_identification:_identify(src/wheeltec_imu) by extension 'colcon_meta'
[1.436s] Level 1:colcon.colcon_core.package_identification:_identify(src/wheeltec_imu) by extensions ['ros']
[1.436s] Level 1:colcon.colcon_core.package_identification:_identify(src/wheeltec_imu) by extension 'ros'
[1.436s] Level 1:colcon.colcon_core.package_identification:_identify(src/wheeltec_imu) by extensions ['cmake', 'python']
[1.436s] Level 1:colcon.colcon_core.package_identification:_identify(src/wheeltec_imu) by extension 'cmake'
[1.436s] Level 1:colcon.colcon_core.package_identification:_identify(src/wheeltec_imu) by extension 'python'
[1.436s] Level 1:colcon.colcon_core.package_identification:_identify(src/wheeltec_imu) by extensions ['python_setup_py']
[1.436s] Level 1:colcon.colcon_core.package_identification:_identify(src/wheeltec_imu) by extension 'python_setup_py'
[1.437s] Level 1:colcon.colcon_core.package_identification:_identify(src/wheeltec_imu/fdilink_ahrs_ros-ros2) by extensions ['ignore', 'ignore_ament_install']
[1.437s] Level 1:colcon.colcon_core.package_identification:_identify(src/wheeltec_imu/fdilink_ahrs_ros-ros2) by extension 'ignore'
[1.437s] Level 1:colcon.colcon_core.package_identification:_identify(src/wheeltec_imu/fdilink_ahrs_ros-ros2) by extension 'ignore_ament_install'
[1.437s] Level 1:colcon.colcon_core.package_identification:_identify(src/wheeltec_imu/fdilink_ahrs_ros-ros2) by extensions ['colcon_pkg']
[1.437s] Level 1:colcon.colcon_core.package_identification:_identify(src/wheeltec_imu/fdilink_ahrs_ros-ros2) by extension 'colcon_pkg'
[1.437s] Level 1:colcon.colcon_core.package_identification:_identify(src/wheeltec_imu/fdilink_ahrs_ros-ros2) by extensions ['colcon_meta']
[1.437s] Level 1:colcon.colcon_core.package_identification:_identify(src/wheeltec_imu/fdilink_ahrs_ros-ros2) by extension 'colcon_meta'
[1.438s] Level 1:colcon.colcon_core.package_identification:_identify(src/wheeltec_imu/fdilink_ahrs_ros-ros2) by extensions ['ros']
[1.438s] Level 1:colcon.colcon_core.package_identification:_identify(src/wheeltec_imu/fdilink_ahrs_ros-ros2) by extension 'ros'
[1.439s] DEBUG:colcon.colcon_core.package_identification:Package 'src/wheeltec_imu/fdilink_ahrs_ros-ros2' with type 'ros.ament_cmake' and name 'fdilink_ahrs'
[1.440s] Level 1:colcon.colcon_core.package_identification:_identify(src/wheeltec_imu/hipnuc_imu_ros-ros2) by extensions ['ignore', 'ignore_ament_install']
[1.440s] Level 1:colcon.colcon_core.package_identification:_identify(src/wheeltec_imu/hipnuc_imu_ros-ros2) by extension 'ignore'
[1.440s] Level 1:colcon.colcon_core.package_identification:_identify(src/wheeltec_imu/hipnuc_imu_ros-ros2) by extension 'ignore_ament_install'
[1.440s] Level 1:colcon.colcon_core.package_identification:_identify(src/wheeltec_imu/hipnuc_imu_ros-ros2) by extensions ['colcon_pkg']
[1.440s] Level 1:colcon.colcon_core.package_identification:_identify(src/wheeltec_imu/hipnuc_imu_ros-ros2) by extension 'colcon_pkg'
[1.440s] Level 1:colcon.colcon_core.package_identification:_identify(src/wheeltec_imu/hipnuc_imu_ros-ros2) by extensions ['colcon_meta']
[1.440s] Level 1:colcon.colcon_core.package_identification:_identify(src/wheeltec_imu/hipnuc_imu_ros-ros2) by extension 'colcon_meta'
[1.440s] Level 1:colcon.colcon_core.package_identification:_identify(src/wheeltec_imu/hipnuc_imu_ros-ros2) by extensions ['ros']
[1.441s] Level 1:colcon.colcon_core.package_identification:_identify(src/wheeltec_imu/hipnuc_imu_ros-ros2) by extension 'ros'
[1.442s] DEBUG:colcon.colcon_core.package_identification:Package 'src/wheeltec_imu/hipnuc_imu_ros-ros2' with type 'ros.ament_cmake' and name 'hipnuc_imu'
[1.442s] Level 1:colcon.colcon_core.package_identification:_identify(src/wheeltec_imu/yesense_ros2) by extensions ['ignore', 'ignore_ament_install']
[1.442s] Level 1:colcon.colcon_core.package_identification:_identify(src/wheeltec_imu/yesense_ros2) by extension 'ignore'
[1.442s] Level 1:colcon.colcon_core.package_identification:_identify(src/wheeltec_imu/yesense_ros2) by extension 'ignore_ament_install'
[1.442s] Level 1:colcon.colcon_core.package_identification:_identify(src/wheeltec_imu/yesense_ros2) by extensions ['colcon_pkg']
[1.442s] Level 1:colcon.colcon_core.package_identification:_identify(src/wheeltec_imu/yesense_ros2) by extension 'colcon_pkg'
[1.442s] Level 1:colcon.colcon_core.package_identification:_identify(src/wheeltec_imu/yesense_ros2) by extensions ['colcon_meta']
[1.443s] Level 1:colcon.colcon_core.package_identification:_identify(src/wheeltec_imu/yesense_ros2) by extension 'colcon_meta'
[1.443s] Level 1:colcon.colcon_core.package_identification:_identify(src/wheeltec_imu/yesense_ros2) by extensions ['ros']
[1.443s] Level 1:colcon.colcon_core.package_identification:_identify(src/wheeltec_imu/yesense_ros2) by extension 'ros'
[1.443s] Level 1:colcon.colcon_core.package_identification:_identify(src/wheeltec_imu/yesense_ros2) by extensions ['cmake', 'python']
[1.443s] Level 1:colcon.colcon_core.package_identification:_identify(src/wheeltec_imu/yesense_ros2) by extension 'cmake'
[1.443s] Level 1:colcon.colcon_core.package_identification:_identify(src/wheeltec_imu/yesense_ros2) by extension 'python'
[1.443s] Level 1:colcon.colcon_core.package_identification:_identify(src/wheeltec_imu/yesense_ros2) by extensions ['python_setup_py']
[1.443s] Level 1:colcon.colcon_core.package_identification:_identify(src/wheeltec_imu/yesense_ros2) by extension 'python_setup_py'
[1.443s] Level 1:colcon.colcon_core.package_identification:_identify(src/wheeltec_imu/yesense_ros2/yesense_interface) by extensions ['ignore', 'ignore_ament_install']
[1.443s] Level 1:colcon.colcon_core.package_identification:_identify(src/wheeltec_imu/yesense_ros2/yesense_interface) by extension 'ignore'
[1.444s] Level 1:colcon.colcon_core.package_identification:_identify(src/wheeltec_imu/yesense_ros2/yesense_interface) by extension 'ignore_ament_install'
[1.444s] Level 1:colcon.colcon_core.package_identification:_identify(src/wheeltec_imu/yesense_ros2/yesense_interface) by extensions ['colcon_pkg']
[1.444s] Level 1:colcon.colcon_core.package_identification:_identify(src/wheeltec_imu/yesense_ros2/yesense_interface) by extension 'colcon_pkg'
[1.444s] Level 1:colcon.colcon_core.package_identification:_identify(src/wheeltec_imu/yesense_ros2/yesense_interface) by extensions ['colcon_meta']
[1.444s] Level 1:colcon.colcon_core.package_identification:_identify(src/wheeltec_imu/yesense_ros2/yesense_interface) by extension 'colcon_meta'
[1.444s] Level 1:colcon.colcon_core.package_identification:_identify(src/wheeltec_imu/yesense_ros2/yesense_interface) by extensions ['ros']
[1.444s] Level 1:colcon.colcon_core.package_identification:_identify(src/wheeltec_imu/yesense_ros2/yesense_interface) by extension 'ros'
[1.445s] DEBUG:colcon.colcon_core.package_identification:Package 'src/wheeltec_imu/yesense_ros2/yesense_interface' with type 'ros.ament_cmake' and name 'yesense_interface'
[1.445s] Level 1:colcon.colcon_core.package_identification:_identify(src/wheeltec_imu/yesense_ros2/yesense_std_ros2) by extensions ['ignore', 'ignore_ament_install']
[1.445s] Level 1:colcon.colcon_core.package_identification:_identify(src/wheeltec_imu/yesense_ros2/yesense_std_ros2) by extension 'ignore'
[1.446s] Level 1:colcon.colcon_core.package_identification:_identify(src/wheeltec_imu/yesense_ros2/yesense_std_ros2) by extension 'ignore_ament_install'
[1.446s] Level 1:colcon.colcon_core.package_identification:_identify(src/wheeltec_imu/yesense_ros2/yesense_std_ros2) by extensions ['colcon_pkg']
[1.446s] Level 1:colcon.colcon_core.package_identification:_identify(src/wheeltec_imu/yesense_ros2/yesense_std_ros2) by extension 'colcon_pkg'
[1.446s] Level 1:colcon.colcon_core.package_identification:_identify(src/wheeltec_imu/yesense_ros2/yesense_std_ros2) by extensions ['colcon_meta']
[1.446s] Level 1:colcon.colcon_core.package_identification:_identify(src/wheeltec_imu/yesense_ros2/yesense_std_ros2) by extension 'colcon_meta'
[1.446s] Level 1:colcon.colcon_core.package_identification:_identify(src/wheeltec_imu/yesense_ros2/yesense_std_ros2) by extensions ['ros']
[1.446s] Level 1:colcon.colcon_core.package_identification:_identify(src/wheeltec_imu/yesense_ros2/yesense_std_ros2) by extension 'ros'
[1.448s] DEBUG:colcon.colcon_core.package_identification:Package 'src/wheeltec_imu/yesense_ros2/yesense_std_ros2' with type 'ros.ament_cmake' and name 'yesense_std_ros2'
[1.448s] Level 1:colcon.colcon_core.package_identification:_identify(src/wheeltec_joy) by extensions ['ignore', 'ignore_ament_install']
[1.449s] Level 1:colcon.colcon_core.package_identification:_identify(src/wheeltec_joy) by extension 'ignore'
[1.449s] Level 1:colcon.colcon_core.package_identification:_identify(src/wheeltec_joy) by extension 'ignore_ament_install'
[1.449s] Level 1:colcon.colcon_core.package_identification:_identify(src/wheeltec_joy) by extensions ['colcon_pkg']
[1.449s] Level 1:colcon.colcon_core.package_identification:_identify(src/wheeltec_joy) by extension 'colcon_pkg'
[1.449s] Level 1:colcon.colcon_core.package_identification:_identify(src/wheeltec_joy) by extensions ['colcon_meta']
[1.449s] Level 1:colcon.colcon_core.package_identification:_identify(src/wheeltec_joy) by extension 'colcon_meta'
[1.449s] Level 1:colcon.colcon_core.package_identification:_identify(src/wheeltec_joy) by extensions ['ros']
[1.449s] Level 1:colcon.colcon_core.package_identification:_identify(src/wheeltec_joy) by extension 'ros'
[1.450s] DEBUG:colcon.colcon_core.package_identification:Package 'src/wheeltec_joy' with type 'ros.ament_cmake' and name 'wheeltec_joy'
[1.450s] Level 1:colcon.colcon_core.package_identification:_identify(src/wheeltec_lidar_ros2) by extensions ['ignore', 'ignore_ament_install']
[1.451s] Level 1:colcon.colcon_core.package_identification:_identify(src/wheeltec_lidar_ros2) by extension 'ignore'
[1.451s] Level 1:colcon.colcon_core.package_identification:_identify(src/wheeltec_lidar_ros2) by extension 'ignore_ament_install'
[1.451s] Level 1:colcon.colcon_core.package_identification:_identify(src/wheeltec_lidar_ros2) by extensions ['colcon_pkg']
[1.451s] Level 1:colcon.colcon_core.package_identification:_identify(src/wheeltec_lidar_ros2) by extension 'colcon_pkg'
[1.451s] Level 1:colcon.colcon_core.package_identification:_identify(src/wheeltec_lidar_ros2) by extensions ['colcon_meta']
[1.451s] Level 1:colcon.colcon_core.package_identification:_identify(src/wheeltec_lidar_ros2) by extension 'colcon_meta'
[1.451s] Level 1:colcon.colcon_core.package_identification:_identify(src/wheeltec_lidar_ros2) by extensions ['ros']
[1.451s] Level 1:colcon.colcon_core.package_identification:_identify(src/wheeltec_lidar_ros2) by extension 'ros'
[1.451s] Level 1:colcon.colcon_core.package_identification:_identify(src/wheeltec_lidar_ros2) by extensions ['cmake', 'python']
[1.451s] Level 1:colcon.colcon_core.package_identification:_identify(src/wheeltec_lidar_ros2) by extension 'cmake'
[1.451s] Level 1:colcon.colcon_core.package_identification:_identify(src/wheeltec_lidar_ros2) by extension 'python'
[1.451s] Level 1:colcon.colcon_core.package_identification:_identify(src/wheeltec_lidar_ros2) by extensions ['python_setup_py']
[1.451s] Level 1:colcon.colcon_core.package_identification:_identify(src/wheeltec_lidar_ros2) by extension 'python_setup_py'
[1.452s] Level 1:colcon.colcon_core.package_identification:_identify(src/wheeltec_lidar_ros2/ldlidar_ros2) by extensions ['ignore', 'ignore_ament_install']
[1.452s] Level 1:colcon.colcon_core.package_identification:_identify(src/wheeltec_lidar_ros2/ldlidar_ros2) by extension 'ignore'
[1.452s] Level 1:colcon.colcon_core.package_identification:_identify(src/wheeltec_lidar_ros2/ldlidar_ros2) by extension 'ignore_ament_install'
[1.452s] Level 1:colcon.colcon_core.package_identification:_identify(src/wheeltec_lidar_ros2/ldlidar_ros2) by extensions ['colcon_pkg']
[1.452s] Level 1:colcon.colcon_core.package_identification:_identify(src/wheeltec_lidar_ros2/ldlidar_ros2) by extension 'colcon_pkg'
[1.452s] Level 1:colcon.colcon_core.package_identification:_identify(src/wheeltec_lidar_ros2/ldlidar_ros2) by extensions ['colcon_meta']
[1.452s] Level 1:colcon.colcon_core.package_identification:_identify(src/wheeltec_lidar_ros2/ldlidar_ros2) by extension 'colcon_meta'
[1.452s] Level 1:colcon.colcon_core.package_identification:_identify(src/wheeltec_lidar_ros2/ldlidar_ros2) by extensions ['ros']
[1.452s] Level 1:colcon.colcon_core.package_identification:_identify(src/wheeltec_lidar_ros2/ldlidar_ros2) by extension 'ros'
[1.453s] Level 1:colcon.colcon_core.package_identification:_identify(src/wheeltec_lidar_ros2/ldlidar_ros2) by extensions ['cmake', 'python']
[1.453s] Level 1:colcon.colcon_core.package_identification:_identify(src/wheeltec_lidar_ros2/ldlidar_ros2) by extension 'cmake'
[1.453s] Level 1:colcon.colcon_core.package_identification:_identify(src/wheeltec_lidar_ros2/ldlidar_ros2) by extension 'python'
[1.453s] Level 1:colcon.colcon_core.package_identification:_identify(src/wheeltec_lidar_ros2/ldlidar_ros2) by extensions ['python_setup_py']
[1.453s] Level 1:colcon.colcon_core.package_identification:_identify(src/wheeltec_lidar_ros2/ldlidar_ros2) by extension 'python_setup_py'
[1.453s] Level 1:colcon.colcon_core.package_identification:_identify(src/wheeltec_lidar_ros2/ldlidar_ros2/ldlidar) by extensions ['ignore', 'ignore_ament_install']
[1.453s] Level 1:colcon.colcon_core.package_identification:_identify(src/wheeltec_lidar_ros2/ldlidar_ros2/ldlidar) by extension 'ignore'
[1.453s] Level 1:colcon.colcon_core.package_identification:_identify(src/wheeltec_lidar_ros2/ldlidar_ros2/ldlidar) by extension 'ignore_ament_install'
[1.453s] Level 1:colcon.colcon_core.package_identification:_identify(src/wheeltec_lidar_ros2/ldlidar_ros2/ldlidar) by extensions ['colcon_pkg']
[1.453s] Level 1:colcon.colcon_core.package_identification:_identify(src/wheeltec_lidar_ros2/ldlidar_ros2/ldlidar) by extension 'colcon_pkg'
[1.453s] Level 1:colcon.colcon_core.package_identification:_identify(src/wheeltec_lidar_ros2/ldlidar_ros2/ldlidar) by extensions ['colcon_meta']
[1.453s] Level 1:colcon.colcon_core.package_identification:_identify(src/wheeltec_lidar_ros2/ldlidar_ros2/ldlidar) by extension 'colcon_meta'
[1.454s] Level 1:colcon.colcon_core.package_identification:_identify(src/wheeltec_lidar_ros2/ldlidar_ros2/ldlidar) by extensions ['ros']
[1.454s] Level 1:colcon.colcon_core.package_identification:_identify(src/wheeltec_lidar_ros2/ldlidar_ros2/ldlidar) by extension 'ros'
[1.455s] DEBUG:colcon.colcon_core.package_identification:Package 'src/wheeltec_lidar_ros2/ldlidar_ros2/ldlidar' with type 'ros.ament_cmake' and name 'ldlidar'
[1.455s] Level 1:colcon.colcon_core.package_identification:_identify(src/wheeltec_lidar_ros2/ldlidar_ros2/ldlidar_driver) by extensions ['ignore', 'ignore_ament_install']
[1.455s] Level 1:colcon.colcon_core.package_identification:_identify(src/wheeltec_lidar_ros2/ldlidar_ros2/ldlidar_driver) by extension 'ignore'
[1.455s] Level 1:colcon.colcon_core.package_identification:_identify(src/wheeltec_lidar_ros2/ldlidar_ros2/ldlidar_driver) by extension 'ignore_ament_install'
[1.455s] Level 1:colcon.colcon_core.package_identification:_identify(src/wheeltec_lidar_ros2/ldlidar_ros2/ldlidar_driver) by extensions ['colcon_pkg']
[1.456s] Level 1:colcon.colcon_core.package_identification:_identify(src/wheeltec_lidar_ros2/ldlidar_ros2/ldlidar_driver) by extension 'colcon_pkg'
[1.456s] Level 1:colcon.colcon_core.package_identification:_identify(src/wheeltec_lidar_ros2/ldlidar_ros2/ldlidar_driver) by extensions ['colcon_meta']
[1.456s] Level 1:colcon.colcon_core.package_identification:_identify(src/wheeltec_lidar_ros2/ldlidar_ros2/ldlidar_driver) by extension 'colcon_meta'
[1.456s] Level 1:colcon.colcon_core.package_identification:_identify(src/wheeltec_lidar_ros2/ldlidar_ros2/ldlidar_driver) by extensions ['ros']
[1.456s] Level 1:colcon.colcon_core.package_identification:_identify(src/wheeltec_lidar_ros2/ldlidar_ros2/ldlidar_driver) by extension 'ros'
[1.456s] Level 1:colcon.colcon_core.package_identification:_identify(src/wheeltec_lidar_ros2/ldlidar_ros2/ldlidar_driver) by extensions ['cmake', 'python']
[1.456s] Level 1:colcon.colcon_core.package_identification:_identify(src/wheeltec_lidar_ros2/ldlidar_ros2/ldlidar_driver) by extension 'cmake'
[1.456s] Level 1:colcon.colcon_core.package_identification:_identify(src/wheeltec_lidar_ros2/ldlidar_ros2/ldlidar_driver) by extension 'python'
[1.456s] Level 1:colcon.colcon_core.package_identification:_identify(src/wheeltec_lidar_ros2/ldlidar_ros2/ldlidar_driver) by extensions ['python_setup_py']
[1.456s] Level 1:colcon.colcon_core.package_identification:_identify(src/wheeltec_lidar_ros2/ldlidar_ros2/ldlidar_driver) by extension 'python_setup_py'
[1.456s] Level 1:colcon.colcon_core.package_identification:_identify(src/wheeltec_lidar_ros2/ldlidar_ros2/ldlidar_driver/include) by extensions ['ignore', 'ignore_ament_install']
[1.457s] Level 1:colcon.colcon_core.package_identification:_identify(src/wheeltec_lidar_ros2/ldlidar_ros2/ldlidar_driver/include) by extension 'ignore'
[1.457s] Level 1:colcon.colcon_core.package_identification:_identify(src/wheeltec_lidar_ros2/ldlidar_ros2/ldlidar_driver/include) by extension 'ignore_ament_install'
[1.457s] Level 1:colcon.colcon_core.package_identification:_identify(src/wheeltec_lidar_ros2/ldlidar_ros2/ldlidar_driver/include) by extensions ['colcon_pkg']
[1.457s] Level 1:colcon.colcon_core.package_identification:_identify(src/wheeltec_lidar_ros2/ldlidar_ros2/ldlidar_driver/include) by extension 'colcon_pkg'
[1.457s] Level 1:colcon.colcon_core.package_identification:_identify(src/wheeltec_lidar_ros2/ldlidar_ros2/ldlidar_driver/include) by extensions ['colcon_meta']
[1.457s] Level 1:colcon.colcon_core.package_identification:_identify(src/wheeltec_lidar_ros2/ldlidar_ros2/ldlidar_driver/include) by extension 'colcon_meta'
[1.457s] Level 1:colcon.colcon_core.package_identification:_identify(src/wheeltec_lidar_ros2/ldlidar_ros2/ldlidar_driver/include) by extensions ['ros']
[1.457s] Level 1:colcon.colcon_core.package_identification:_identify(src/wheeltec_lidar_ros2/ldlidar_ros2/ldlidar_driver/include) by extension 'ros'
[1.457s] Level 1:colcon.colcon_core.package_identification:_identify(src/wheeltec_lidar_ros2/ldlidar_ros2/ldlidar_driver/include) by extensions ['cmake', 'python']
[1.457s] Level 1:colcon.colcon_core.package_identification:_identify(src/wheeltec_lidar_ros2/ldlidar_ros2/ldlidar_driver/include) by extension 'cmake'
[1.457s] Level 1:colcon.colcon_core.package_identification:_identify(src/wheeltec_lidar_ros2/ldlidar_ros2/ldlidar_driver/include) by extension 'python'
[1.457s] Level 1:colcon.colcon_core.package_identification:_identify(src/wheeltec_lidar_ros2/ldlidar_ros2/ldlidar_driver/include) by extensions ['python_setup_py']
[1.457s] Level 1:colcon.colcon_core.package_identification:_identify(src/wheeltec_lidar_ros2/ldlidar_ros2/ldlidar_driver/include) by extension 'python_setup_py'
[1.458s] Level 1:colcon.colcon_core.package_identification:_identify(src/wheeltec_lidar_ros2/ldlidar_ros2/ldlidar_driver/include/core) by extensions ['ignore', 'ignore_ament_install']
[1.458s] Level 1:colcon.colcon_core.package_identification:_identify(src/wheeltec_lidar_ros2/ldlidar_ros2/ldlidar_driver/include/core) by extension 'ignore'
[1.458s] Level 1:colcon.colcon_core.package_identification:_identify(src/wheeltec_lidar_ros2/ldlidar_ros2/ldlidar_driver/include/core) by extension 'ignore_ament_install'
[1.458s] Level 1:colcon.colcon_core.package_identification:_identify(src/wheeltec_lidar_ros2/ldlidar_ros2/ldlidar_driver/include/core) by extensions ['colcon_pkg']
[1.458s] Level 1:colcon.colcon_core.package_identification:_identify(src/wheeltec_lidar_ros2/ldlidar_ros2/ldlidar_driver/include/core) by extension 'colcon_pkg'
[1.458s] Level 1:colcon.colcon_core.package_identification:_identify(src/wheeltec_lidar_ros2/ldlidar_ros2/ldlidar_driver/include/core) by extensions ['colcon_meta']
[1.458s] Level 1:colcon.colcon_core.package_identification:_identify(src/wheeltec_lidar_ros2/ldlidar_ros2/ldlidar_driver/include/core) by extension 'colcon_meta'
[1.458s] Level 1:colcon.colcon_core.package_identification:_identify(src/wheeltec_lidar_ros2/ldlidar_ros2/ldlidar_driver/include/core) by extensions ['ros']
[1.458s] Level 1:colcon.colcon_core.package_identification:_identify(src/wheeltec_lidar_ros2/ldlidar_ros2/ldlidar_driver/include/core) by extension 'ros'
[1.458s] Level 1:colcon.colcon_core.package_identification:_identify(src/wheeltec_lidar_ros2/ldlidar_ros2/ldlidar_driver/include/core) by extensions ['cmake', 'python']
[1.459s] Level 1:colcon.colcon_core.package_identification:_identify(src/wheeltec_lidar_ros2/ldlidar_ros2/ldlidar_driver/include/core) by extension 'cmake'
[1.459s] Level 1:colcon.colcon_core.package_identification:_identify(src/wheeltec_lidar_ros2/ldlidar_ros2/ldlidar_driver/include/core) by extension 'python'
[1.459s] Level 1:colcon.colcon_core.package_identification:_identify(src/wheeltec_lidar_ros2/ldlidar_ros2/ldlidar_driver/include/core) by extensions ['python_setup_py']
[1.459s] Level 1:colcon.colcon_core.package_identification:_identify(src/wheeltec_lidar_ros2/ldlidar_ros2/ldlidar_driver/include/core) by extension 'python_setup_py'
[1.459s] Level 1:colcon.colcon_core.package_identification:_identify(src/wheeltec_lidar_ros2/ldlidar_ros2/ldlidar_driver/include/dataprocess) by extensions ['ignore', 'ignore_ament_install']
[1.459s] Level 1:colcon.colcon_core.package_identification:_identify(src/wheeltec_lidar_ros2/ldlidar_ros2/ldlidar_driver/include/dataprocess) by extension 'ignore'
[1.459s] Level 1:colcon.colcon_core.package_identification:_identify(src/wheeltec_lidar_ros2/ldlidar_ros2/ldlidar_driver/include/dataprocess) by extension 'ignore_ament_install'
[1.459s] Level 1:colcon.colcon_core.package_identification:_identify(src/wheeltec_lidar_ros2/ldlidar_ros2/ldlidar_driver/include/dataprocess) by extensions ['colcon_pkg']
[1.459s] Level 1:colcon.colcon_core.package_identification:_identify(src/wheeltec_lidar_ros2/ldlidar_ros2/ldlidar_driver/include/dataprocess) by extension 'colcon_pkg'
[1.459s] Level 1:colcon.colcon_core.package_identification:_identify(src/wheeltec_lidar_ros2/ldlidar_ros2/ldlidar_driver/include/dataprocess) by extensions ['colcon_meta']
[1.459s] Level 1:colcon.colcon_core.package_identification:_identify(src/wheeltec_lidar_ros2/ldlidar_ros2/ldlidar_driver/include/dataprocess) by extension 'colcon_meta'
[1.460s] Level 1:colcon.colcon_core.package_identification:_identify(src/wheeltec_lidar_ros2/ldlidar_ros2/ldlidar_driver/include/dataprocess) by extensions ['ros']
[1.460s] Level 1:colcon.colcon_core.package_identification:_identify(src/wheeltec_lidar_ros2/ldlidar_ros2/ldlidar_driver/include/dataprocess) by extension 'ros'
[1.460s] Level 1:colcon.colcon_core.package_identification:_identify(src/wheeltec_lidar_ros2/ldlidar_ros2/ldlidar_driver/include/dataprocess) by extensions ['cmake', 'python']
[1.460s] Level 1:colcon.colcon_core.package_identification:_identify(src/wheeltec_lidar_ros2/ldlidar_ros2/ldlidar_driver/include/dataprocess) by extension 'cmake'
[1.460s] Level 1:colcon.colcon_core.package_identification:_identify(src/wheeltec_lidar_ros2/ldlidar_ros2/ldlidar_driver/include/dataprocess) by extension 'python'
[1.460s] Level 1:colcon.colcon_core.package_identification:_identify(src/wheeltec_lidar_ros2/ldlidar_ros2/ldlidar_driver/include/dataprocess) by extensions ['python_setup_py']
[1.460s] Level 1:colcon.colcon_core.package_identification:_identify(src/wheeltec_lidar_ros2/ldlidar_ros2/ldlidar_driver/include/dataprocess) by extension 'python_setup_py'
[1.460s] Level 1:colcon.colcon_core.package_identification:_identify(src/wheeltec_lidar_ros2/ldlidar_ros2/ldlidar_driver/include/filter) by extensions ['ignore', 'ignore_ament_install']
[1.460s] Level 1:colcon.colcon_core.package_identification:_identify(src/wheeltec_lidar_ros2/ldlidar_ros2/ldlidar_driver/include/filter) by extension 'ignore'
[1.460s] Level 1:colcon.colcon_core.package_identification:_identify(src/wheeltec_lidar_ros2/ldlidar_ros2/ldlidar_driver/include/filter) by extension 'ignore_ament_install'
[1.461s] Level 1:colcon.colcon_core.package_identification:_identify(src/wheeltec_lidar_ros2/ldlidar_ros2/ldlidar_driver/include/filter) by extensions ['colcon_pkg']
[1.461s] Level 1:colcon.colcon_core.package_identification:_identify(src/wheeltec_lidar_ros2/ldlidar_ros2/ldlidar_driver/include/filter) by extension 'colcon_pkg'
[1.461s] Level 1:colcon.colcon_core.package_identification:_identify(src/wheeltec_lidar_ros2/ldlidar_ros2/ldlidar_driver/include/filter) by extensions ['colcon_meta']
[1.461s] Level 1:colcon.colcon_core.package_identification:_identify(src/wheeltec_lidar_ros2/ldlidar_ros2/ldlidar_driver/include/filter) by extension 'colcon_meta'
[1.461s] Level 1:colcon.colcon_core.package_identification:_identify(src/wheeltec_lidar_ros2/ldlidar_ros2/ldlidar_driver/include/filter) by extensions ['ros']
[1.461s] Level 1:colcon.colcon_core.package_identification:_identify(src/wheeltec_lidar_ros2/ldlidar_ros2/ldlidar_driver/include/filter) by extension 'ros'
[1.461s] Level 1:colcon.colcon_core.package_identification:_identify(src/wheeltec_lidar_ros2/ldlidar_ros2/ldlidar_driver/include/filter) by extensions ['cmake', 'python']
[1.461s] Level 1:colcon.colcon_core.package_identification:_identify(src/wheeltec_lidar_ros2/ldlidar_ros2/ldlidar_driver/include/filter) by extension 'cmake'
[1.461s] Level 1:colcon.colcon_core.package_identification:_identify(src/wheeltec_lidar_ros2/ldlidar_ros2/ldlidar_driver/include/filter) by extension 'python'
[1.461s] Level 1:colcon.colcon_core.package_identification:_identify(src/wheeltec_lidar_ros2/ldlidar_ros2/ldlidar_driver/include/filter) by extensions ['python_setup_py']
[1.461s] Level 1:colcon.colcon_core.package_identification:_identify(src/wheeltec_lidar_ros2/ldlidar_ros2/ldlidar_driver/include/filter) by extension 'python_setup_py'
[1.462s] Level 1:colcon.colcon_core.package_identification:_identify(src/wheeltec_lidar_ros2/ldlidar_ros2/ldlidar_driver/include/logger) by extensions ['ignore', 'ignore_ament_install']
[1.462s] Level 1:colcon.colcon_core.package_identification:_identify(src/wheeltec_lidar_ros2/ldlidar_ros2/ldlidar_driver/include/logger) by extension 'ignore'
[1.462s] Level 1:colcon.colcon_core.package_identification:_identify(src/wheeltec_lidar_ros2/ldlidar_ros2/ldlidar_driver/include/logger) by extension 'ignore_ament_install'
[1.462s] Level 1:colcon.colcon_core.package_identification:_identify(src/wheeltec_lidar_ros2/ldlidar_ros2/ldlidar_driver/include/logger) by extensions ['colcon_pkg']
[1.462s] Level 1:colcon.colcon_core.package_identification:_identify(src/wheeltec_lidar_ros2/ldlidar_ros2/ldlidar_driver/include/logger) by extension 'colcon_pkg'
[1.462s] Level 1:colcon.colcon_core.package_identification:_identify(src/wheeltec_lidar_ros2/ldlidar_ros2/ldlidar_driver/include/logger) by extensions ['colcon_meta']
[1.462s] Level 1:colcon.colcon_core.package_identification:_identify(src/wheeltec_lidar_ros2/ldlidar_ros2/ldlidar_driver/include/logger) by extension 'colcon_meta'
[1.462s] Level 1:colcon.colcon_core.package_identification:_identify(src/wheeltec_lidar_ros2/ldlidar_ros2/ldlidar_driver/include/logger) by extensions ['ros']
[1.462s] Level 1:colcon.colcon_core.package_identification:_identify(src/wheeltec_lidar_ros2/ldlidar_ros2/ldlidar_driver/include/logger) by extension 'ros'
[1.462s] Level 1:colcon.colcon_core.package_identification:_identify(src/wheeltec_lidar_ros2/ldlidar_ros2/ldlidar_driver/include/logger) by extensions ['cmake', 'python']
[1.463s] Level 1:colcon.colcon_core.package_identification:_identify(src/wheeltec_lidar_ros2/ldlidar_ros2/ldlidar_driver/include/logger) by extension 'cmake'
[1.463s] Level 1:colcon.colcon_core.package_identification:_identify(src/wheeltec_lidar_ros2/ldlidar_ros2/ldlidar_driver/include/logger) by extension 'python'
[1.463s] Level 1:colcon.colcon_core.package_identification:_identify(src/wheeltec_lidar_ros2/ldlidar_ros2/ldlidar_driver/include/logger) by extensions ['python_setup_py']
[1.463s] Level 1:colcon.colcon_core.package_identification:_identify(src/wheeltec_lidar_ros2/ldlidar_ros2/ldlidar_driver/include/logger) by extension 'python_setup_py'
[1.463s] Level 1:colcon.colcon_core.package_identification:_identify(src/wheeltec_lidar_ros2/ldlidar_ros2/ldlidar_driver/include/networkcom) by extensions ['ignore', 'ignore_ament_install']
[1.463s] Level 1:colcon.colcon_core.package_identification:_identify(src/wheeltec_lidar_ros2/ldlidar_ros2/ldlidar_driver/include/networkcom) by extension 'ignore'
[1.463s] Level 1:colcon.colcon_core.package_identification:_identify(src/wheeltec_lidar_ros2/ldlidar_ros2/ldlidar_driver/include/networkcom) by extension 'ignore_ament_install'
[1.463s] Level 1:colcon.colcon_core.package_identification:_identify(src/wheeltec_lidar_ros2/ldlidar_ros2/ldlidar_driver/include/networkcom) by extensions ['colcon_pkg']
[1.463s] Level 1:colcon.colcon_core.package_identification:_identify(src/wheeltec_lidar_ros2/ldlidar_ros2/ldlidar_driver/include/networkcom) by extension 'colcon_pkg'
[1.463s] Level 1:colcon.colcon_core.package_identification:_identify(src/wheeltec_lidar_ros2/ldlidar_ros2/ldlidar_driver/include/networkcom) by extensions ['colcon_meta']
[1.463s] Level 1:colcon.colcon_core.package_identification:_identify(src/wheeltec_lidar_ros2/ldlidar_ros2/ldlidar_driver/include/networkcom) by extension 'colcon_meta'
[1.464s] Level 1:colcon.colcon_core.package_identification:_identify(src/wheeltec_lidar_ros2/ldlidar_ros2/ldlidar_driver/include/networkcom) by extensions ['ros']
[1.464s] Level 1:colcon.colcon_core.package_identification:_identify(src/wheeltec_lidar_ros2/ldlidar_ros2/ldlidar_driver/include/networkcom) by extension 'ros'
[1.464s] Level 1:colcon.colcon_core.package_identification:_identify(src/wheeltec_lidar_ros2/ldlidar_ros2/ldlidar_driver/include/networkcom) by extensions ['cmake', 'python']
[1.464s] Level 1:colcon.colcon_core.package_identification:_identify(src/wheeltec_lidar_ros2/ldlidar_ros2/ldlidar_driver/include/networkcom) by extension 'cmake'
[1.464s] Level 1:colcon.colcon_core.package_identification:_identify(src/wheeltec_lidar_ros2/ldlidar_ros2/ldlidar_driver/include/networkcom) by extension 'python'
[1.464s] Level 1:colcon.colcon_core.package_identification:_identify(src/wheeltec_lidar_ros2/ldlidar_ros2/ldlidar_driver/include/networkcom) by extensions ['python_setup_py']
[1.464s] Level 1:colcon.colcon_core.package_identification:_identify(src/wheeltec_lidar_ros2/ldlidar_ros2/ldlidar_driver/include/networkcom) by extension 'python_setup_py'
[1.464s] Level 1:colcon.colcon_core.package_identification:_identify(src/wheeltec_lidar_ros2/ldlidar_ros2/ldlidar_driver/include/serialcom) by extensions ['ignore', 'ignore_ament_install']
[1.465s] Level 1:colcon.colcon_core.package_identification:_identify(src/wheeltec_lidar_ros2/ldlidar_ros2/ldlidar_driver/include/serialcom) by extension 'ignore'
[1.465s] Level 1:colcon.colcon_core.package_identification:_identify(src/wheeltec_lidar_ros2/ldlidar_ros2/ldlidar_driver/include/serialcom) by extension 'ignore_ament_install'
[1.465s] Level 1:colcon.colcon_core.package_identification:_identify(src/wheeltec_lidar_ros2/ldlidar_ros2/ldlidar_driver/include/serialcom) by extensions ['colcon_pkg']
[1.465s] Level 1:colcon.colcon_core.package_identification:_identify(src/wheeltec_lidar_ros2/ldlidar_ros2/ldlidar_driver/include/serialcom) by extension 'colcon_pkg'
[1.465s] Level 1:colcon.colcon_core.package_identification:_identify(src/wheeltec_lidar_ros2/ldlidar_ros2/ldlidar_driver/include/serialcom) by extensions ['colcon_meta']
[1.465s] Level 1:colcon.colcon_core.package_identification:_identify(src/wheeltec_lidar_ros2/ldlidar_ros2/ldlidar_driver/include/serialcom) by extension 'colcon_meta'
[1.465s] Level 1:colcon.colcon_core.package_identification:_identify(src/wheeltec_lidar_ros2/ldlidar_ros2/ldlidar_driver/include/serialcom) by extensions ['ros']
[1.465s] Level 1:colcon.colcon_core.package_identification:_identify(src/wheeltec_lidar_ros2/ldlidar_ros2/ldlidar_driver/include/serialcom) by extension 'ros'
[1.465s] Level 1:colcon.colcon_core.package_identification:_identify(src/wheeltec_lidar_ros2/ldlidar_ros2/ldlidar_driver/include/serialcom) by extensions ['cmake', 'python']
[1.465s] Level 1:colcon.colcon_core.package_identification:_identify(src/wheeltec_lidar_ros2/ldlidar_ros2/ldlidar_driver/include/serialcom) by extension 'cmake'
[1.465s] Level 1:colcon.colcon_core.package_identification:_identify(src/wheeltec_lidar_ros2/ldlidar_ros2/ldlidar_driver/include/serialcom) by extension 'python'
[1.465s] Level 1:colcon.colcon_core.package_identification:_identify(src/wheeltec_lidar_ros2/ldlidar_ros2/ldlidar_driver/include/serialcom) by extensions ['python_setup_py']
[1.465s] Level 1:colcon.colcon_core.package_identification:_identify(src/wheeltec_lidar_ros2/ldlidar_ros2/ldlidar_driver/include/serialcom) by extension 'python_setup_py'
[1.466s] Level 1:colcon.colcon_core.package_identification:_identify(src/wheeltec_lidar_ros2/ldlidar_ros2/ldlidar_driver/src) by extensions ['ignore', 'ignore_ament_install']
[1.466s] Level 1:colcon.colcon_core.package_identification:_identify(src/wheeltec_lidar_ros2/ldlidar_ros2/ldlidar_driver/src) by extension 'ignore'
[1.466s] Level 1:colcon.colcon_core.package_identification:_identify(src/wheeltec_lidar_ros2/ldlidar_ros2/ldlidar_driver/src) by extension 'ignore_ament_install'
[1.466s] Level 1:colcon.colcon_core.package_identification:_identify(src/wheeltec_lidar_ros2/ldlidar_ros2/ldlidar_driver/src) by extensions ['colcon_pkg']
[1.466s] Level 1:colcon.colcon_core.package_identification:_identify(src/wheeltec_lidar_ros2/ldlidar_ros2/ldlidar_driver/src) by extension 'colcon_pkg'
[1.466s] Level 1:colcon.colcon_core.package_identification:_identify(src/wheeltec_lidar_ros2/ldlidar_ros2/ldlidar_driver/src) by extensions ['colcon_meta']
[1.466s] Level 1:colcon.colcon_core.package_identification:_identify(src/wheeltec_lidar_ros2/ldlidar_ros2/ldlidar_driver/src) by extension 'colcon_meta'
[1.466s] Level 1:colcon.colcon_core.package_identification:_identify(src/wheeltec_lidar_ros2/ldlidar_ros2/ldlidar_driver/src) by extensions ['ros']
[1.466s] Level 1:colcon.colcon_core.package_identification:_identify(src/wheeltec_lidar_ros2/ldlidar_ros2/ldlidar_driver/src) by extension 'ros'
[1.467s] Level 1:colcon.colcon_core.package_identification:_identify(src/wheeltec_lidar_ros2/ldlidar_ros2/ldlidar_driver/src) by extensions ['cmake', 'python']
[1.467s] Level 1:colcon.colcon_core.package_identification:_identify(src/wheeltec_lidar_ros2/ldlidar_ros2/ldlidar_driver/src) by extension 'cmake'
[1.467s] Level 1:colcon.colcon_core.package_identification:_identify(src/wheeltec_lidar_ros2/ldlidar_ros2/ldlidar_driver/src) by extension 'python'
[1.467s] Level 1:colcon.colcon_core.package_identification:_identify(src/wheeltec_lidar_ros2/ldlidar_ros2/ldlidar_driver/src) by extensions ['python_setup_py']
[1.467s] Level 1:colcon.colcon_core.package_identification:_identify(src/wheeltec_lidar_ros2/ldlidar_ros2/ldlidar_driver/src) by extension 'python_setup_py'
[1.467s] Level 1:colcon.colcon_core.package_identification:_identify(src/wheeltec_lidar_ros2/ldlidar_ros2/ldlidar_driver/src/core) by extensions ['ignore', 'ignore_ament_install']
[1.467s] Level 1:colcon.colcon_core.package_identification:_identify(src/wheeltec_lidar_ros2/ldlidar_ros2/ldlidar_driver/src/core) by extension 'ignore'
[1.467s] Level 1:colcon.colcon_core.package_identification:_identify(src/wheeltec_lidar_ros2/ldlidar_ros2/ldlidar_driver/src/core) by extension 'ignore_ament_install'
[1.467s] Level 1:colcon.colcon_core.package_identification:_identify(src/wheeltec_lidar_ros2/ldlidar_ros2/ldlidar_driver/src/core) by extensions ['colcon_pkg']
[1.467s] Level 1:colcon.colcon_core.package_identification:_identify(src/wheeltec_lidar_ros2/ldlidar_ros2/ldlidar_driver/src/core) by extension 'colcon_pkg'
[1.467s] Level 1:colcon.colcon_core.package_identification:_identify(src/wheeltec_lidar_ros2/ldlidar_ros2/ldlidar_driver/src/core) by extensions ['colcon_meta']
[1.467s] Level 1:colcon.colcon_core.package_identification:_identify(src/wheeltec_lidar_ros2/ldlidar_ros2/ldlidar_driver/src/core) by extension 'colcon_meta'
[1.468s] Level 1:colcon.colcon_core.package_identification:_identify(src/wheeltec_lidar_ros2/ldlidar_ros2/ldlidar_driver/src/core) by extensions ['ros']
[1.468s] Level 1:colcon.colcon_core.package_identification:_identify(src/wheeltec_lidar_ros2/ldlidar_ros2/ldlidar_driver/src/core) by extension 'ros'
[1.468s] Level 1:colcon.colcon_core.package_identification:_identify(src/wheeltec_lidar_ros2/ldlidar_ros2/ldlidar_driver/src/core) by extensions ['cmake', 'python']
[1.468s] Level 1:colcon.colcon_core.package_identification:_identify(src/wheeltec_lidar_ros2/ldlidar_ros2/ldlidar_driver/src/core) by extension 'cmake'
[1.468s] Level 1:colcon.colcon_core.package_identification:_identify(src/wheeltec_lidar_ros2/ldlidar_ros2/ldlidar_driver/src/core) by extension 'python'
[1.468s] Level 1:colcon.colcon_core.package_identification:_identify(src/wheeltec_lidar_ros2/ldlidar_ros2/ldlidar_driver/src/core) by extensions ['python_setup_py']
[1.468s] Level 1:colcon.colcon_core.package_identification:_identify(src/wheeltec_lidar_ros2/ldlidar_ros2/ldlidar_driver/src/core) by extension 'python_setup_py'
[1.468s] Level 1:colcon.colcon_core.package_identification:_identify(src/wheeltec_lidar_ros2/ldlidar_ros2/ldlidar_driver/src/dataprocess) by extensions ['ignore', 'ignore_ament_install']
[1.468s] Level 1:colcon.colcon_core.package_identification:_identify(src/wheeltec_lidar_ros2/ldlidar_ros2/ldlidar_driver/src/dataprocess) by extension 'ignore'
[1.468s] Level 1:colcon.colcon_core.package_identification:_identify(src/wheeltec_lidar_ros2/ldlidar_ros2/ldlidar_driver/src/dataprocess) by extension 'ignore_ament_install'
[1.469s] Level 1:colcon.colcon_core.package_identification:_identify(src/wheeltec_lidar_ros2/ldlidar_ros2/ldlidar_driver/src/dataprocess) by extensions ['colcon_pkg']
[1.469s] Level 1:colcon.colcon_core.package_identification:_identify(src/wheeltec_lidar_ros2/ldlidar_ros2/ldlidar_driver/src/dataprocess) by extension 'colcon_pkg'
[1.469s] Level 1:colcon.colcon_core.package_identification:_identify(src/wheeltec_lidar_ros2/ldlidar_ros2/ldlidar_driver/src/dataprocess) by extensions ['colcon_meta']
[1.469s] Level 1:colcon.colcon_core.package_identification:_identify(src/wheeltec_lidar_ros2/ldlidar_ros2/ldlidar_driver/src/dataprocess) by extension 'colcon_meta'
[1.469s] Level 1:colcon.colcon_core.package_identification:_identify(src/wheeltec_lidar_ros2/ldlidar_ros2/ldlidar_driver/src/dataprocess) by extensions ['ros']
[1.469s] Level 1:colcon.colcon_core.package_identification:_identify(src/wheeltec_lidar_ros2/ldlidar_ros2/ldlidar_driver/src/dataprocess) by extension 'ros'
[1.469s] Level 1:colcon.colcon_core.package_identification:_identify(src/wheeltec_lidar_ros2/ldlidar_ros2/ldlidar_driver/src/dataprocess) by extensions ['cmake', 'python']
[1.469s] Level 1:colcon.colcon_core.package_identification:_identify(src/wheeltec_lidar_ros2/ldlidar_ros2/ldlidar_driver/src/dataprocess) by extension 'cmake'
[1.469s] Level 1:colcon.colcon_core.package_identification:_identify(src/wheeltec_lidar_ros2/ldlidar_ros2/ldlidar_driver/src/dataprocess) by extension 'python'
[1.469s] Level 1:colcon.colcon_core.package_identification:_identify(src/wheeltec_lidar_ros2/ldlidar_ros2/ldlidar_driver/src/dataprocess) by extensions ['python_setup_py']
[1.469s] Level 1:colcon.colcon_core.package_identification:_identify(src/wheeltec_lidar_ros2/ldlidar_ros2/ldlidar_driver/src/dataprocess) by extension 'python_setup_py'
[1.469s] Level 1:colcon.colcon_core.package_identification:_identify(src/wheeltec_lidar_ros2/ldlidar_ros2/ldlidar_driver/src/filter) by extensions ['ignore', 'ignore_ament_install']
[1.470s] Level 1:colcon.colcon_core.package_identification:_identify(src/wheeltec_lidar_ros2/ldlidar_ros2/ldlidar_driver/src/filter) by extension 'ignore'
[1.470s] Level 1:colcon.colcon_core.package_identification:_identify(src/wheeltec_lidar_ros2/ldlidar_ros2/ldlidar_driver/src/filter) by extension 'ignore_ament_install'
[1.470s] Level 1:colcon.colcon_core.package_identification:_identify(src/wheeltec_lidar_ros2/ldlidar_ros2/ldlidar_driver/src/filter) by extensions ['colcon_pkg']
[1.470s] Level 1:colcon.colcon_core.package_identification:_identify(src/wheeltec_lidar_ros2/ldlidar_ros2/ldlidar_driver/src/filter) by extension 'colcon_pkg'
[1.470s] Level 1:colcon.colcon_core.package_identification:_identify(src/wheeltec_lidar_ros2/ldlidar_ros2/ldlidar_driver/src/filter) by extensions ['colcon_meta']
[1.470s] Level 1:colcon.colcon_core.package_identification:_identify(src/wheeltec_lidar_ros2/ldlidar_ros2/ldlidar_driver/src/filter) by extension 'colcon_meta'
[1.470s] Level 1:colcon.colcon_core.package_identification:_identify(src/wheeltec_lidar_ros2/ldlidar_ros2/ldlidar_driver/src/filter) by extensions ['ros']
[1.470s] Level 1:colcon.colcon_core.package_identification:_identify(src/wheeltec_lidar_ros2/ldlidar_ros2/ldlidar_driver/src/filter) by extension 'ros'
[1.470s] Level 1:colcon.colcon_core.package_identification:_identify(src/wheeltec_lidar_ros2/ldlidar_ros2/ldlidar_driver/src/filter) by extensions ['cmake', 'python']
[1.470s] Level 1:colcon.colcon_core.package_identification:_identify(src/wheeltec_lidar_ros2/ldlidar_ros2/ldlidar_driver/src/filter) by extension 'cmake'
[1.470s] Level 1:colcon.colcon_core.package_identification:_identify(src/wheeltec_lidar_ros2/ldlidar_ros2/ldlidar_driver/src/filter) by extension 'python'
[1.470s] Level 1:colcon.colcon_core.package_identification:_identify(src/wheeltec_lidar_ros2/ldlidar_ros2/ldlidar_driver/src/filter) by extensions ['python_setup_py']
[1.470s] Level 1:colcon.colcon_core.package_identification:_identify(src/wheeltec_lidar_ros2/ldlidar_ros2/ldlidar_driver/src/filter) by extension 'python_setup_py'
[1.471s] Level 1:colcon.colcon_core.package_identification:_identify(src/wheeltec_lidar_ros2/ldlidar_ros2/ldlidar_driver/src/logger) by extensions ['ignore', 'ignore_ament_install']
[1.471s] Level 1:colcon.colcon_core.package_identification:_identify(src/wheeltec_lidar_ros2/ldlidar_ros2/ldlidar_driver/src/logger) by extension 'ignore'
[1.471s] Level 1:colcon.colcon_core.package_identification:_identify(src/wheeltec_lidar_ros2/ldlidar_ros2/ldlidar_driver/src/logger) by extension 'ignore_ament_install'
[1.471s] Level 1:colcon.colcon_core.package_identification:_identify(src/wheeltec_lidar_ros2/ldlidar_ros2/ldlidar_driver/src/logger) by extensions ['colcon_pkg']
[1.471s] Level 1:colcon.colcon_core.package_identification:_identify(src/wheeltec_lidar_ros2/ldlidar_ros2/ldlidar_driver/src/logger) by extension 'colcon_pkg'
[1.471s] Level 1:colcon.colcon_core.package_identification:_identify(src/wheeltec_lidar_ros2/ldlidar_ros2/ldlidar_driver/src/logger) by extensions ['colcon_meta']
[1.471s] Level 1:colcon.colcon_core.package_identification:_identify(src/wheeltec_lidar_ros2/ldlidar_ros2/ldlidar_driver/src/logger) by extension 'colcon_meta'
[1.471s] Level 1:colcon.colcon_core.package_identification:_identify(src/wheeltec_lidar_ros2/ldlidar_ros2/ldlidar_driver/src/logger) by extensions ['ros']
[1.471s] Level 1:colcon.colcon_core.package_identification:_identify(src/wheeltec_lidar_ros2/ldlidar_ros2/ldlidar_driver/src/logger) by extension 'ros'
[1.471s] Level 1:colcon.colcon_core.package_identification:_identify(src/wheeltec_lidar_ros2/ldlidar_ros2/ldlidar_driver/src/logger) by extensions ['cmake', 'python']
[1.471s] Level 1:colcon.colcon_core.package_identification:_identify(src/wheeltec_lidar_ros2/ldlidar_ros2/ldlidar_driver/src/logger) by extension 'cmake'
[1.471s] Level 1:colcon.colcon_core.package_identification:_identify(src/wheeltec_lidar_ros2/ldlidar_ros2/ldlidar_driver/src/logger) by extension 'python'
[1.472s] Level 1:colcon.colcon_core.package_identification:_identify(src/wheeltec_lidar_ros2/ldlidar_ros2/ldlidar_driver/src/logger) by extensions ['python_setup_py']
[1.472s] Level 1:colcon.colcon_core.package_identification:_identify(src/wheeltec_lidar_ros2/ldlidar_ros2/ldlidar_driver/src/logger) by extension 'python_setup_py'
[1.472s] Level 1:colcon.colcon_core.package_identification:_identify(src/wheeltec_lidar_ros2/ldlidar_ros2/ldlidar_driver/src/networkcom) by extensions ['ignore', 'ignore_ament_install']
[1.472s] Level 1:colcon.colcon_core.package_identification:_identify(src/wheeltec_lidar_ros2/ldlidar_ros2/ldlidar_driver/src/networkcom) by extension 'ignore'
[1.472s] Level 1:colcon.colcon_core.package_identification:_identify(src/wheeltec_lidar_ros2/ldlidar_ros2/ldlidar_driver/src/networkcom) by extension 'ignore_ament_install'
[1.472s] Level 1:colcon.colcon_core.package_identification:_identify(src/wheeltec_lidar_ros2/ldlidar_ros2/ldlidar_driver/src/networkcom) by extensions ['colcon_pkg']
[1.472s] Level 1:colcon.colcon_core.package_identification:_identify(src/wheeltec_lidar_ros2/ldlidar_ros2/ldlidar_driver/src/networkcom) by extension 'colcon_pkg'
[1.472s] Level 1:colcon.colcon_core.package_identification:_identify(src/wheeltec_lidar_ros2/ldlidar_ros2/ldlidar_driver/src/networkcom) by extensions ['colcon_meta']
[1.472s] Level 1:colcon.colcon_core.package_identification:_identify(src/wheeltec_lidar_ros2/ldlidar_ros2/ldlidar_driver/src/networkcom) by extension 'colcon_meta'
[1.472s] Level 1:colcon.colcon_core.package_identification:_identify(src/wheeltec_lidar_ros2/ldlidar_ros2/ldlidar_driver/src/networkcom) by extensions ['ros']
[1.472s] Level 1:colcon.colcon_core.package_identification:_identify(src/wheeltec_lidar_ros2/ldlidar_ros2/ldlidar_driver/src/networkcom) by extension 'ros'
[1.473s] Level 1:colcon.colcon_core.package_identification:_identify(src/wheeltec_lidar_ros2/ldlidar_ros2/ldlidar_driver/src/networkcom) by extensions ['cmake', 'python']
[1.473s] Level 1:colcon.colcon_core.package_identification:_identify(src/wheeltec_lidar_ros2/ldlidar_ros2/ldlidar_driver/src/networkcom) by extension 'cmake'
[1.473s] Level 1:colcon.colcon_core.package_identification:_identify(src/wheeltec_lidar_ros2/ldlidar_ros2/ldlidar_driver/src/networkcom) by extension 'python'
[1.473s] Level 1:colcon.colcon_core.package_identification:_identify(src/wheeltec_lidar_ros2/ldlidar_ros2/ldlidar_driver/src/networkcom) by extensions ['python_setup_py']
[1.473s] Level 1:colcon.colcon_core.package_identification:_identify(src/wheeltec_lidar_ros2/ldlidar_ros2/ldlidar_driver/src/networkcom) by extension 'python_setup_py'
[1.473s] Level 1:colcon.colcon_core.package_identification:_identify(src/wheeltec_lidar_ros2/ldlidar_ros2/ldlidar_driver/src/serialcom) by extensions ['ignore', 'ignore_ament_install']
[1.473s] Level 1:colcon.colcon_core.package_identification:_identify(src/wheeltec_lidar_ros2/ldlidar_ros2/ldlidar_driver/src/serialcom) by extension 'ignore'
[1.473s] Level 1:colcon.colcon_core.package_identification:_identify(src/wheeltec_lidar_ros2/ldlidar_ros2/ldlidar_driver/src/serialcom) by extension 'ignore_ament_install'
[1.473s] Level 1:colcon.colcon_core.package_identification:_identify(src/wheeltec_lidar_ros2/ldlidar_ros2/ldlidar_driver/src/serialcom) by extensions ['colcon_pkg']
[1.473s] Level 1:colcon.colcon_core.package_identification:_identify(src/wheeltec_lidar_ros2/ldlidar_ros2/ldlidar_driver/src/serialcom) by extension 'colcon_pkg'
[1.473s] Level 1:colcon.colcon_core.package_identification:_identify(src/wheeltec_lidar_ros2/ldlidar_ros2/ldlidar_driver/src/serialcom) by extensions ['colcon_meta']
[1.474s] Level 1:colcon.colcon_core.package_identification:_identify(src/wheeltec_lidar_ros2/ldlidar_ros2/ldlidar_driver/src/serialcom) by extension 'colcon_meta'
[1.474s] Level 1:colcon.colcon_core.package_identification:_identify(src/wheeltec_lidar_ros2/ldlidar_ros2/ldlidar_driver/src/serialcom) by extensions ['ros']
[1.474s] Level 1:colcon.colcon_core.package_identification:_identify(src/wheeltec_lidar_ros2/ldlidar_ros2/ldlidar_driver/src/serialcom) by extension 'ros'
[1.474s] Level 1:colcon.colcon_core.package_identification:_identify(src/wheeltec_lidar_ros2/ldlidar_ros2/ldlidar_driver/src/serialcom) by extensions ['cmake', 'python']
[1.474s] Level 1:colcon.colcon_core.package_identification:_identify(src/wheeltec_lidar_ros2/ldlidar_ros2/ldlidar_driver/src/serialcom) by extension 'cmake'
[1.474s] Level 1:colcon.colcon_core.package_identification:_identify(src/wheeltec_lidar_ros2/ldlidar_ros2/ldlidar_driver/src/serialcom) by extension 'python'
[1.474s] Level 1:colcon.colcon_core.package_identification:_identify(src/wheeltec_lidar_ros2/ldlidar_ros2/ldlidar_driver/src/serialcom) by extensions ['python_setup_py']
[1.474s] Level 1:colcon.colcon_core.package_identification:_identify(src/wheeltec_lidar_ros2/ldlidar_ros2/ldlidar_driver/src/serialcom) by extension 'python_setup_py'
[1.474s] Level 1:colcon.colcon_core.package_identification:_identify(src/wheeltec_lidar_ros2/lslidar_ros2) by extensions ['ignore', 'ignore_ament_install']
[1.474s] Level 1:colcon.colcon_core.package_identification:_identify(src/wheeltec_lidar_ros2/lslidar_ros2) by extension 'ignore'
[1.475s] Level 1:colcon.colcon_core.package_identification:_identify(src/wheeltec_lidar_ros2/lslidar_ros2) by extension 'ignore_ament_install'
[1.475s] Level 1:colcon.colcon_core.package_identification:_identify(src/wheeltec_lidar_ros2/lslidar_ros2) by extensions ['colcon_pkg']
[1.475s] Level 1:colcon.colcon_core.package_identification:_identify(src/wheeltec_lidar_ros2/lslidar_ros2) by extension 'colcon_pkg'
[1.475s] Level 1:colcon.colcon_core.package_identification:_identify(src/wheeltec_lidar_ros2/lslidar_ros2) by extensions ['colcon_meta']
[1.475s] Level 1:colcon.colcon_core.package_identification:_identify(src/wheeltec_lidar_ros2/lslidar_ros2) by extension 'colcon_meta'
[1.475s] Level 1:colcon.colcon_core.package_identification:_identify(src/wheeltec_lidar_ros2/lslidar_ros2) by extensions ['ros']
[1.475s] Level 1:colcon.colcon_core.package_identification:_identify(src/wheeltec_lidar_ros2/lslidar_ros2) by extension 'ros'
[1.475s] Level 1:colcon.colcon_core.package_identification:_identify(src/wheeltec_lidar_ros2/lslidar_ros2) by extensions ['cmake', 'python']
[1.475s] Level 1:colcon.colcon_core.package_identification:_identify(src/wheeltec_lidar_ros2/lslidar_ros2) by extension 'cmake'
[1.475s] Level 1:colcon.colcon_core.package_identification:_identify(src/wheeltec_lidar_ros2/lslidar_ros2) by extension 'python'
[1.475s] Level 1:colcon.colcon_core.package_identification:_identify(src/wheeltec_lidar_ros2/lslidar_ros2) by extensions ['python_setup_py']
[1.475s] Level 1:colcon.colcon_core.package_identification:_identify(src/wheeltec_lidar_ros2/lslidar_ros2) by extension 'python_setup_py'
[1.476s] Level 1:colcon.colcon_core.package_identification:_identify(src/wheeltec_lidar_ros2/lslidar_ros2/lslidar_driver) by extensions ['ignore', 'ignore_ament_install']
[1.476s] Level 1:colcon.colcon_core.package_identification:_identify(src/wheeltec_lidar_ros2/lslidar_ros2/lslidar_driver) by extension 'ignore'
[1.476s] Level 1:colcon.colcon_core.package_identification:_identify(src/wheeltec_lidar_ros2/lslidar_ros2/lslidar_driver) by extension 'ignore_ament_install'
[1.476s] Level 1:colcon.colcon_core.package_identification:_identify(src/wheeltec_lidar_ros2/lslidar_ros2/lslidar_driver) by extensions ['colcon_pkg']
[1.476s] Level 1:colcon.colcon_core.package_identification:_identify(src/wheeltec_lidar_ros2/lslidar_ros2/lslidar_driver) by extension 'colcon_pkg'
[1.476s] Level 1:colcon.colcon_core.package_identification:_identify(src/wheeltec_lidar_ros2/lslidar_ros2/lslidar_driver) by extensions ['colcon_meta']
[1.476s] Level 1:colcon.colcon_core.package_identification:_identify(src/wheeltec_lidar_ros2/lslidar_ros2/lslidar_driver) by extension 'colcon_meta'
[1.476s] Level 1:colcon.colcon_core.package_identification:_identify(src/wheeltec_lidar_ros2/lslidar_ros2/lslidar_driver) by extensions ['ros']
[1.476s] Level 1:colcon.colcon_core.package_identification:_identify(src/wheeltec_lidar_ros2/lslidar_ros2/lslidar_driver) by extension 'ros'
[1.477s] DEBUG:colcon.colcon_core.package_identification:Package 'src/wheeltec_lidar_ros2/lslidar_ros2/lslidar_driver' with type 'ros.ament_cmake' and name 'lslidar_driver'
[1.478s] Level 1:colcon.colcon_core.package_identification:_identify(src/wheeltec_lidar_ros2/lslidar_ros2/lslidar_msgs) by extensions ['ignore', 'ignore_ament_install']
[1.478s] Level 1:colcon.colcon_core.package_identification:_identify(src/wheeltec_lidar_ros2/lslidar_ros2/lslidar_msgs) by extension 'ignore'
[1.478s] Level 1:colcon.colcon_core.package_identification:_identify(src/wheeltec_lidar_ros2/lslidar_ros2/lslidar_msgs) by extension 'ignore_ament_install'
[1.478s] Level 1:colcon.colcon_core.package_identification:_identify(src/wheeltec_lidar_ros2/lslidar_ros2/lslidar_msgs) by extensions ['colcon_pkg']
[1.478s] Level 1:colcon.colcon_core.package_identification:_identify(src/wheeltec_lidar_ros2/lslidar_ros2/lslidar_msgs) by extension 'colcon_pkg'
[1.478s] Level 1:colcon.colcon_core.package_identification:_identify(src/wheeltec_lidar_ros2/lslidar_ros2/lslidar_msgs) by extensions ['colcon_meta']
[1.478s] Level 1:colcon.colcon_core.package_identification:_identify(src/wheeltec_lidar_ros2/lslidar_ros2/lslidar_msgs) by extension 'colcon_meta'
[1.479s] Level 1:colcon.colcon_core.package_identification:_identify(src/wheeltec_lidar_ros2/lslidar_ros2/lslidar_msgs) by extensions ['ros']
[1.479s] Level 1:colcon.colcon_core.package_identification:_identify(src/wheeltec_lidar_ros2/lslidar_ros2/lslidar_msgs) by extension 'ros'
[1.480s] DEBUG:colcon.colcon_core.package_identification:Package 'src/wheeltec_lidar_ros2/lslidar_ros2/lslidar_msgs' with type 'ros.ament_cmake' and name 'lslidar_msgs'
[1.480s] Level 1:colcon.colcon_core.package_identification:_identify(src/wheeltec_lidar_ros2/pointcloud_to_laserscan-humble) by extensions ['ignore', 'ignore_ament_install']
[1.480s] Level 1:colcon.colcon_core.package_identification:_identify(src/wheeltec_lidar_ros2/pointcloud_to_laserscan-humble) by extension 'ignore'
[1.480s] Level 1:colcon.colcon_core.package_identification:_identify(src/wheeltec_lidar_ros2/pointcloud_to_laserscan-humble) by extension 'ignore_ament_install'
[1.480s] Level 1:colcon.colcon_core.package_identification:_identify(src/wheeltec_lidar_ros2/pointcloud_to_laserscan-humble) by extensions ['colcon_pkg']
[1.480s] Level 1:colcon.colcon_core.package_identification:_identify(src/wheeltec_lidar_ros2/pointcloud_to_laserscan-humble) by extension 'colcon_pkg'
[1.481s] Level 1:colcon.colcon_core.package_identification:_identify(src/wheeltec_lidar_ros2/pointcloud_to_laserscan-humble) by extensions ['colcon_meta']
[1.481s] Level 1:colcon.colcon_core.package_identification:_identify(src/wheeltec_lidar_ros2/pointcloud_to_laserscan-humble) by extension 'colcon_meta'
[1.481s] Level 1:colcon.colcon_core.package_identification:_identify(src/wheeltec_lidar_ros2/pointcloud_to_laserscan-humble) by extensions ['ros']
[1.481s] Level 1:colcon.colcon_core.package_identification:_identify(src/wheeltec_lidar_ros2/pointcloud_to_laserscan-humble) by extension 'ros'
[1.483s] DEBUG:colcon.colcon_core.package_identification:Package 'src/wheeltec_lidar_ros2/pointcloud_to_laserscan-humble' with type 'ros.ament_cmake' and name 'pointcloud_to_laserscan'
[1.483s] Level 1:colcon.colcon_core.package_identification:_identify(src/wheeltec_lidar_ros2/rplidar_ros) by extensions ['ignore', 'ignore_ament_install']
[1.483s] Level 1:colcon.colcon_core.package_identification:_identify(src/wheeltec_lidar_ros2/rplidar_ros) by extension 'ignore'
[1.484s] Level 1:colcon.colcon_core.package_identification:_identify(src/wheeltec_lidar_ros2/rplidar_ros) by extension 'ignore_ament_install'
[1.484s] Level 1:colcon.colcon_core.package_identification:_identify(src/wheeltec_lidar_ros2/rplidar_ros) by extensions ['colcon_pkg']
[1.484s] Level 1:colcon.colcon_core.package_identification:_identify(src/wheeltec_lidar_ros2/rplidar_ros) by extension 'colcon_pkg'
[1.484s] Level 1:colcon.colcon_core.package_identification:_identify(src/wheeltec_lidar_ros2/rplidar_ros) by extensions ['colcon_meta']
[1.484s] Level 1:colcon.colcon_core.package_identification:_identify(src/wheeltec_lidar_ros2/rplidar_ros) by extension 'colcon_meta'
[1.484s] Level 1:colcon.colcon_core.package_identification:_identify(src/wheeltec_lidar_ros2/rplidar_ros) by extensions ['ros']
[1.484s] Level 1:colcon.colcon_core.package_identification:_identify(src/wheeltec_lidar_ros2/rplidar_ros) by extension 'ros'
[1.485s] DEBUG:colcon.colcon_core.package_identification:Package 'src/wheeltec_lidar_ros2/rplidar_ros' with type 'ros.ament_cmake' and name 'rplidar_ros'
[1.486s] Level 1:colcon.colcon_core.package_identification:_identify(src/wheeltec_mic) by extensions ['ignore', 'ignore_ament_install']
[1.486s] Level 1:colcon.colcon_core.package_identification:_identify(src/wheeltec_mic) by extension 'ignore'
[1.486s] Level 1:colcon.colcon_core.package_identification:_identify(src/wheeltec_mic) by extension 'ignore_ament_install'
[1.486s] Level 1:colcon.colcon_core.package_identification:_identify(src/wheeltec_mic) by extensions ['colcon_pkg']
[1.486s] Level 1:colcon.colcon_core.package_identification:_identify(src/wheeltec_mic) by extension 'colcon_pkg'
[1.486s] Level 1:colcon.colcon_core.package_identification:_identify(src/wheeltec_mic) by extensions ['colcon_meta']
[1.486s] Level 1:colcon.colcon_core.package_identification:_identify(src/wheeltec_mic) by extension 'colcon_meta'
[1.486s] Level 1:colcon.colcon_core.package_identification:_identify(src/wheeltec_mic) by extensions ['ros']
[1.486s] Level 1:colcon.colcon_core.package_identification:_identify(src/wheeltec_mic) by extension 'ros'
[1.486s] Level 1:colcon.colcon_core.package_identification:_identify(src/wheeltec_mic) by extensions ['cmake', 'python']
[1.486s] Level 1:colcon.colcon_core.package_identification:_identify(src/wheeltec_mic) by extension 'cmake'
[1.486s] Level 1:colcon.colcon_core.package_identification:_identify(src/wheeltec_mic) by extension 'python'
[1.487s] Level 1:colcon.colcon_core.package_identification:_identify(src/wheeltec_mic) by extensions ['python_setup_py']
[1.487s] Level 1:colcon.colcon_core.package_identification:_identify(src/wheeltec_mic) by extension 'python_setup_py'
[1.487s] Level 1:colcon.colcon_core.package_identification:_identify(src/wheeltec_mic/wheeltec_mic_msg) by extensions ['ignore', 'ignore_ament_install']
[1.487s] Level 1:colcon.colcon_core.package_identification:_identify(src/wheeltec_mic/wheeltec_mic_msg) by extension 'ignore'
[1.487s] Level 1:colcon.colcon_core.package_identification:_identify(src/wheeltec_mic/wheeltec_mic_msg) by extension 'ignore_ament_install'
[1.487s] Level 1:colcon.colcon_core.package_identification:_identify(src/wheeltec_mic/wheeltec_mic_msg) by extensions ['colcon_pkg']
[1.487s] Level 1:colcon.colcon_core.package_identification:_identify(src/wheeltec_mic/wheeltec_mic_msg) by extension 'colcon_pkg'
[1.487s] Level 1:colcon.colcon_core.package_identification:_identify(src/wheeltec_mic/wheeltec_mic_msg) by extensions ['colcon_meta']
[1.487s] Level 1:colcon.colcon_core.package_identification:_identify(src/wheeltec_mic/wheeltec_mic_msg) by extension 'colcon_meta'
[1.487s] Level 1:colcon.colcon_core.package_identification:_identify(src/wheeltec_mic/wheeltec_mic_msg) by extensions ['ros']
[1.487s] Level 1:colcon.colcon_core.package_identification:_identify(src/wheeltec_mic/wheeltec_mic_msg) by extension 'ros'
[1.489s] DEBUG:colcon.colcon_core.package_identification:Package 'src/wheeltec_mic/wheeltec_mic_msg' with type 'ros.ament_cmake' and name 'wheeltec_mic_msg'
[1.489s] Level 1:colcon.colcon_core.package_identification:_identify(src/wheeltec_mic/wheeltec_mic_ros2) by extensions ['ignore', 'ignore_ament_install']
[1.489s] Level 1:colcon.colcon_core.package_identification:_identify(src/wheeltec_mic/wheeltec_mic_ros2) by extension 'ignore'
[1.490s] Level 1:colcon.colcon_core.package_identification:_identify(src/wheeltec_mic/wheeltec_mic_ros2) by extension 'ignore_ament_install'
[1.490s] Level 1:colcon.colcon_core.package_identification:_identify(src/wheeltec_mic/wheeltec_mic_ros2) by extensions ['colcon_pkg']
[1.490s] Level 1:colcon.colcon_core.package_identification:_identify(src/wheeltec_mic/wheeltec_mic_ros2) by extension 'colcon_pkg'
[1.490s] Level 1:colcon.colcon_core.package_identification:_identify(src/wheeltec_mic/wheeltec_mic_ros2) by extensions ['colcon_meta']
[1.490s] Level 1:colcon.colcon_core.package_identification:_identify(src/wheeltec_mic/wheeltec_mic_ros2) by extension 'colcon_meta'
[1.490s] Level 1:colcon.colcon_core.package_identification:_identify(src/wheeltec_mic/wheeltec_mic_ros2) by extensions ['ros']
[1.490s] Level 1:colcon.colcon_core.package_identification:_identify(src/wheeltec_mic/wheeltec_mic_ros2) by extension 'ros'
[1.492s] DEBUG:colcon.colcon_core.package_identification:Package 'src/wheeltec_mic/wheeltec_mic_ros2' with type 'ros.ament_cmake' and name 'wheeltec_mic_ros2'
[1.492s] Level 1:colcon.colcon_core.package_identification:_identify(src/wheeltec_mic_aiui) by extensions ['ignore', 'ignore_ament_install']
[1.492s] Level 1:colcon.colcon_core.package_identification:_identify(src/wheeltec_mic_aiui) by extension 'ignore'
[1.492s] Level 1:colcon.colcon_core.package_identification:_identify(src/wheeltec_mic_aiui) by extension 'ignore_ament_install'
[1.493s] Level 1:colcon.colcon_core.package_identification:_identify(src/wheeltec_mic_aiui) by extensions ['colcon_pkg']
[1.493s] Level 1:colcon.colcon_core.package_identification:_identify(src/wheeltec_mic_aiui) by extension 'colcon_pkg'
[1.493s] Level 1:colcon.colcon_core.package_identification:_identify(src/wheeltec_mic_aiui) by extensions ['colcon_meta']
[1.493s] Level 1:colcon.colcon_core.package_identification:_identify(src/wheeltec_mic_aiui) by extension 'colcon_meta'
[1.493s] Level 1:colcon.colcon_core.package_identification:_identify(src/wheeltec_mic_aiui) by extensions ['ros']
[1.493s] Level 1:colcon.colcon_core.package_identification:_identify(src/wheeltec_mic_aiui) by extension 'ros'
[1.496s] DEBUG:colcon.colcon_core.package_identification:Package 'src/wheeltec_mic_aiui' with type 'ros.ament_cmake' and name 'wheeltec_mic_aiui'
[1.496s] Level 1:colcon.colcon_core.package_identification:_identify(src/wheeltec_multi) by extensions ['ignore', 'ignore_ament_install']
[1.496s] Level 1:colcon.colcon_core.package_identification:_identify(src/wheeltec_multi) by extension 'ignore'
[1.496s] Level 1:colcon.colcon_core.package_identification:_identify(src/wheeltec_multi) by extension 'ignore_ament_install'
[1.497s] Level 1:colcon.colcon_core.package_identification:_identify(src/wheeltec_multi) by extensions ['colcon_pkg']
[1.497s] Level 1:colcon.colcon_core.package_identification:_identify(src/wheeltec_multi) by extension 'colcon_pkg'
[1.497s] Level 1:colcon.colcon_core.package_identification:_identify(src/wheeltec_multi) by extensions ['colcon_meta']
[1.497s] Level 1:colcon.colcon_core.package_identification:_identify(src/wheeltec_multi) by extension 'colcon_meta'
[1.497s] Level 1:colcon.colcon_core.package_identification:_identify(src/wheeltec_multi) by extensions ['ros']
[1.497s] Level 1:colcon.colcon_core.package_identification:_identify(src/wheeltec_multi) by extension 'ros'
[1.499s] DEBUG:colcon.colcon_core.package_identification:Package 'src/wheeltec_multi' with type 'ros.ament_cmake' and name 'wheeltec_multi'
[1.500s] Level 1:colcon.colcon_core.package_identification:_identify(src/wheeltec_path_follow) by extensions ['ignore', 'ignore_ament_install']
[1.500s] Level 1:colcon.colcon_core.package_identification:_identify(src/wheeltec_path_follow) by extension 'ignore'
[1.500s] Level 1:colcon.colcon_core.package_identification:_identify(src/wheeltec_path_follow) by extension 'ignore_ament_install'
[1.500s] Level 1:colcon.colcon_core.package_identification:_identify(src/wheeltec_path_follow) by extensions ['colcon_pkg']
[1.500s] Level 1:colcon.colcon_core.package_identification:_identify(src/wheeltec_path_follow) by extension 'colcon_pkg'
[1.500s] Level 1:colcon.colcon_core.package_identification:_identify(src/wheeltec_path_follow) by extensions ['colcon_meta']
[1.500s] Level 1:colcon.colcon_core.package_identification:_identify(src/wheeltec_path_follow) by extension 'colcon_meta'
[1.500s] Level 1:colcon.colcon_core.package_identification:_identify(src/wheeltec_path_follow) by extensions ['ros']
[1.500s] Level 1:colcon.colcon_core.package_identification:_identify(src/wheeltec_path_follow) by extension 'ros'
[1.503s] DEBUG:colcon.colcon_core.package_identification:Package 'src/wheeltec_path_follow' with type 'ros.ament_cmake' and name 'wheeltec_path_follow'
[1.503s] Level 1:colcon.colcon_core.package_identification:_identify(src/wheeltec_radar) by extensions ['ignore', 'ignore_ament_install']
[1.503s] Level 1:colcon.colcon_core.package_identification:_identify(src/wheeltec_radar) by extension 'ignore'
[1.503s] Level 1:colcon.colcon_core.package_identification:_identify(src/wheeltec_radar) by extension 'ignore_ament_install'
[1.503s] Level 1:colcon.colcon_core.package_identification:_identify(src/wheeltec_radar) by extensions ['colcon_pkg']
[1.503s] Level 1:colcon.colcon_core.package_identification:_identify(src/wheeltec_radar) by extension 'colcon_pkg'
[1.504s] Level 1:colcon.colcon_core.package_identification:_identify(src/wheeltec_radar) by extensions ['colcon_meta']
[1.504s] Level 1:colcon.colcon_core.package_identification:_identify(src/wheeltec_radar) by extension 'colcon_meta'
[1.504s] Level 1:colcon.colcon_core.package_identification:_identify(src/wheeltec_radar) by extensions ['ros']
[1.504s] Level 1:colcon.colcon_core.package_identification:_identify(src/wheeltec_radar) by extension 'ros'
[1.506s] DEBUG:colcon.colcon_core.package_identification:Package 'src/wheeltec_radar' with type 'ros.ament_cmake' and name 'wheeltec_radar'
[1.506s] Level 1:colcon.colcon_core.package_identification:_identify(src/wheeltec_robot_kcf) by extensions ['ignore', 'ignore_ament_install']
[1.506s] Level 1:colcon.colcon_core.package_identification:_identify(src/wheeltec_robot_kcf) by extension 'ignore'
[1.507s] Level 1:colcon.colcon_core.package_identification:_identify(src/wheeltec_robot_kcf) by extension 'ignore_ament_install'
[1.507s] Level 1:colcon.colcon_core.package_identification:_identify(src/wheeltec_robot_kcf) by extensions ['colcon_pkg']
[1.507s] Level 1:colcon.colcon_core.package_identification:_identify(src/wheeltec_robot_kcf) by extension 'colcon_pkg'
[1.507s] Level 1:colcon.colcon_core.package_identification:_identify(src/wheeltec_robot_kcf) by extensions ['colcon_meta']
[1.507s] Level 1:colcon.colcon_core.package_identification:_identify(src/wheeltec_robot_kcf) by extension 'colcon_meta'
[1.507s] Level 1:colcon.colcon_core.package_identification:_identify(src/wheeltec_robot_kcf) by extensions ['ros']
[1.507s] Level 1:colcon.colcon_core.package_identification:_identify(src/wheeltec_robot_kcf) by extension 'ros'
[1.508s] DEBUG:colcon.colcon_core.package_identification:Package 'src/wheeltec_robot_kcf' with type 'ros.ament_cmake' and name 'wheeltec_robot_kcf'
[1.509s] Level 1:colcon.colcon_core.package_identification:_identify(src/wheeltec_robot_keyboard) by extensions ['ignore', 'ignore_ament_install']
[1.509s] Level 1:colcon.colcon_core.package_identification:_identify(src/wheeltec_robot_keyboard) by extension 'ignore'
[1.509s] Level 1:colcon.colcon_core.package_identification:_identify(src/wheeltec_robot_keyboard) by extension 'ignore_ament_install'
[1.509s] Level 1:colcon.colcon_core.package_identification:_identify(src/wheeltec_robot_keyboard) by extensions ['colcon_pkg']
[1.509s] Level 1:colcon.colcon_core.package_identification:_identify(src/wheeltec_robot_keyboard) by extension 'colcon_pkg'
[1.509s] Level 1:colcon.colcon_core.package_identification:_identify(src/wheeltec_robot_keyboard) by extensions ['colcon_meta']
[1.509s] Level 1:colcon.colcon_core.package_identification:_identify(src/wheeltec_robot_keyboard) by extension 'colcon_meta'
[1.509s] Level 1:colcon.colcon_core.package_identification:_identify(src/wheeltec_robot_keyboard) by extensions ['ros']
[1.509s] Level 1:colcon.colcon_core.package_identification:_identify(src/wheeltec_robot_keyboard) by extension 'ros'
[1.510s] DEBUG:colcon.colcon_core.package_identification:Package 'src/wheeltec_robot_keyboard' with type 'ros.ament_python' and name 'wheeltec_robot_keyboard'
[1.510s] Level 1:colcon.colcon_core.package_identification:_identify(src/wheeltec_robot_msg) by extensions ['ignore', 'ignore_ament_install']
[1.511s] Level 1:colcon.colcon_core.package_identification:_identify(src/wheeltec_robot_msg) by extension 'ignore'
[1.511s] Level 1:colcon.colcon_core.package_identification:_identify(src/wheeltec_robot_msg) by extension 'ignore_ament_install'
[1.511s] Level 1:colcon.colcon_core.package_identification:_identify(src/wheeltec_robot_msg) by extensions ['colcon_pkg']
[1.511s] Level 1:colcon.colcon_core.package_identification:_identify(src/wheeltec_robot_msg) by extension 'colcon_pkg'
[1.511s] Level 1:colcon.colcon_core.package_identification:_identify(src/wheeltec_robot_msg) by extensions ['colcon_meta']
[1.511s] Level 1:colcon.colcon_core.package_identification:_identify(src/wheeltec_robot_msg) by extension 'colcon_meta'
[1.511s] Level 1:colcon.colcon_core.package_identification:_identify(src/wheeltec_robot_msg) by extensions ['ros']
[1.511s] Level 1:colcon.colcon_core.package_identification:_identify(src/wheeltec_robot_msg) by extension 'ros'
[1.512s] DEBUG:colcon.colcon_core.package_identification:Package 'src/wheeltec_robot_msg' with type 'ros.ament_cmake' and name 'wheeltec_robot_msg'
[1.513s] Level 1:colcon.colcon_core.package_identification:_identify(src/wheeltec_robot_nav2) by extensions ['ignore', 'ignore_ament_install']
[1.513s] Level 1:colcon.colcon_core.package_identification:_identify(src/wheeltec_robot_nav2) by extension 'ignore'
[1.513s] Level 1:colcon.colcon_core.package_identification:_identify(src/wheeltec_robot_nav2) by extension 'ignore_ament_install'
[1.513s] Level 1:colcon.colcon_core.package_identification:_identify(src/wheeltec_robot_nav2) by extensions ['colcon_pkg']
[1.513s] Level 1:colcon.colcon_core.package_identification:_identify(src/wheeltec_robot_nav2) by extension 'colcon_pkg'
[1.513s] Level 1:colcon.colcon_core.package_identification:_identify(src/wheeltec_robot_nav2) by extensions ['colcon_meta']
[1.513s] Level 1:colcon.colcon_core.package_identification:_identify(src/wheeltec_robot_nav2) by extension 'colcon_meta'
[1.513s] Level 1:colcon.colcon_core.package_identification:_identify(src/wheeltec_robot_nav2) by extensions ['ros']
[1.514s] Level 1:colcon.colcon_core.package_identification:_identify(src/wheeltec_robot_nav2) by extension 'ros'
[1.515s] DEBUG:colcon.colcon_core.package_identification:Package 'src/wheeltec_robot_nav2' with type 'ros.ament_cmake' and name 'wheeltec_nav2'
[1.515s] Level 1:colcon.colcon_core.package_identification:_identify(src/wheeltec_robot_rrt2) by extensions ['ignore', 'ignore_ament_install']
[1.515s] Level 1:colcon.colcon_core.package_identification:_identify(src/wheeltec_robot_rrt2) by extension 'ignore'
[1.515s] Level 1:colcon.colcon_core.package_identification:_identify(src/wheeltec_robot_rrt2) by extension 'ignore_ament_install'
[1.515s] Level 1:colcon.colcon_core.package_identification:_identify(src/wheeltec_robot_rrt2) by extensions ['colcon_pkg']
[1.515s] Level 1:colcon.colcon_core.package_identification:_identify(src/wheeltec_robot_rrt2) by extension 'colcon_pkg'
[1.515s] Level 1:colcon.colcon_core.package_identification:_identify(src/wheeltec_robot_rrt2) by extensions ['colcon_meta']
[1.516s] Level 1:colcon.colcon_core.package_identification:_identify(src/wheeltec_robot_rrt2) by extension 'colcon_meta'
[1.516s] Level 1:colcon.colcon_core.package_identification:_identify(src/wheeltec_robot_rrt2) by extensions ['ros']
[1.516s] Level 1:colcon.colcon_core.package_identification:_identify(src/wheeltec_robot_rrt2) by extension 'ros'
[1.517s] DEBUG:colcon.colcon_core.package_identification:Package 'src/wheeltec_robot_rrt2' with type 'ros.ament_cmake' and name 'wheeltec_robot_rrt'
[1.517s] Level 1:colcon.colcon_core.package_identification:_identify(src/wheeltec_robot_rtab) by extensions ['ignore', 'ignore_ament_install']
[1.517s] Level 1:colcon.colcon_core.package_identification:_identify(src/wheeltec_robot_rtab) by extension 'ignore'
[1.517s] Level 1:colcon.colcon_core.package_identification:_identify(src/wheeltec_robot_rtab) by extension 'ignore_ament_install'
[1.518s] Level 1:colcon.colcon_core.package_identification:_identify(src/wheeltec_robot_rtab) by extensions ['colcon_pkg']
[1.518s] Level 1:colcon.colcon_core.package_identification:_identify(src/wheeltec_robot_rtab) by extension 'colcon_pkg'
[1.518s] Level 1:colcon.colcon_core.package_identification:_identify(src/wheeltec_robot_rtab) by extensions ['colcon_meta']
[1.518s] Level 1:colcon.colcon_core.package_identification:_identify(src/wheeltec_robot_rtab) by extension 'colcon_meta'
[1.518s] Level 1:colcon.colcon_core.package_identification:_identify(src/wheeltec_robot_rtab) by extensions ['ros']
[1.518s] Level 1:colcon.colcon_core.package_identification:_identify(src/wheeltec_robot_rtab) by extension 'ros'
[1.519s] DEBUG:colcon.colcon_core.package_identification:Package 'src/wheeltec_robot_rtab' with type 'ros.ament_cmake' and name 'wheeltec_robot_rtab'
[1.519s] Level 1:colcon.colcon_core.package_identification:_identify(src/wheeltec_robot_slam) by extensions ['ignore', 'ignore_ament_install']
[1.519s] Level 1:colcon.colcon_core.package_identification:_identify(src/wheeltec_robot_slam) by extension 'ignore'
[1.519s] Level 1:colcon.colcon_core.package_identification:_identify(src/wheeltec_robot_slam) by extension 'ignore_ament_install'
[1.520s] Level 1:colcon.colcon_core.package_identification:_identify(src/wheeltec_robot_slam) by extensions ['colcon_pkg']
[1.520s] Level 1:colcon.colcon_core.package_identification:_identify(src/wheeltec_robot_slam) by extension 'colcon_pkg'
[1.520s] Level 1:colcon.colcon_core.package_identification:_identify(src/wheeltec_robot_slam) by extensions ['colcon_meta']
[1.520s] Level 1:colcon.colcon_core.package_identification:_identify(src/wheeltec_robot_slam) by extension 'colcon_meta'
[1.520s] Level 1:colcon.colcon_core.package_identification:_identify(src/wheeltec_robot_slam) by extensions ['ros']
[1.520s] Level 1:colcon.colcon_core.package_identification:_identify(src/wheeltec_robot_slam) by extension 'ros'
[1.520s] Level 1:colcon.colcon_core.package_identification:_identify(src/wheeltec_robot_slam) by extensions ['cmake', 'python']
[1.520s] Level 1:colcon.colcon_core.package_identification:_identify(src/wheeltec_robot_slam) by extension 'cmake'
[1.520s] Level 1:colcon.colcon_core.package_identification:_identify(src/wheeltec_robot_slam) by extension 'python'
[1.520s] Level 1:colcon.colcon_core.package_identification:_identify(src/wheeltec_robot_slam) by extensions ['python_setup_py']
[1.520s] Level 1:colcon.colcon_core.package_identification:_identify(src/wheeltec_robot_slam) by extension 'python_setup_py'
[1.521s] Level 1:colcon.colcon_core.package_identification:_identify(src/wheeltec_robot_slam/LIO-SAM-ROS2) by extensions ['ignore', 'ignore_ament_install']
[1.521s] Level 1:colcon.colcon_core.package_identification:_identify(src/wheeltec_robot_slam/LIO-SAM-ROS2) by extension 'ignore'
[1.521s] Level 1:colcon.colcon_core.package_identification:_identify(src/wheeltec_robot_slam/LIO-SAM-ROS2) by extension 'ignore_ament_install'
[1.521s] Level 1:colcon.colcon_core.package_identification:_identify(src/wheeltec_robot_slam/LIO-SAM-ROS2) by extensions ['colcon_pkg']
[1.521s] Level 1:colcon.colcon_core.package_identification:_identify(src/wheeltec_robot_slam/LIO-SAM-ROS2) by extension 'colcon_pkg'
[1.521s] Level 1:colcon.colcon_core.package_identification:_identify(src/wheeltec_robot_slam/LIO-SAM-ROS2) by extensions ['colcon_meta']
[1.521s] Level 1:colcon.colcon_core.package_identification:_identify(src/wheeltec_robot_slam/LIO-SAM-ROS2) by extension 'colcon_meta'
[1.521s] Level 1:colcon.colcon_core.package_identification:_identify(src/wheeltec_robot_slam/LIO-SAM-ROS2) by extensions ['ros']
[1.521s] Level 1:colcon.colcon_core.package_identification:_identify(src/wheeltec_robot_slam/LIO-SAM-ROS2) by extension 'ros'
[1.523s] DEBUG:colcon.colcon_core.package_identification:Package 'src/wheeltec_robot_slam/LIO-SAM-ROS2' with type 'ros.ament_cmake' and name 'lio_sam'
[1.523s] Level 1:colcon.colcon_core.package_identification:_identify(src/wheeltec_robot_slam/LeGO-LOAM-SR-master) by extensions ['ignore', 'ignore_ament_install']
[1.524s] Level 1:colcon.colcon_core.package_identification:_identify(src/wheeltec_robot_slam/LeGO-LOAM-SR-master) by extension 'ignore'
[1.524s] Level 1:colcon.colcon_core.package_identification:_identify(src/wheeltec_robot_slam/LeGO-LOAM-SR-master) by extension 'ignore_ament_install'
[1.524s] Level 1:colcon.colcon_core.package_identification:_identify(src/wheeltec_robot_slam/LeGO-LOAM-SR-master) by extensions ['colcon_pkg']
[1.524s] Level 1:colcon.colcon_core.package_identification:_identify(src/wheeltec_robot_slam/LeGO-LOAM-SR-master) by extension 'colcon_pkg'
[1.524s] Level 1:colcon.colcon_core.package_identification:_identify(src/wheeltec_robot_slam/LeGO-LOAM-SR-master) by extensions ['colcon_meta']
[1.524s] Level 1:colcon.colcon_core.package_identification:_identify(src/wheeltec_robot_slam/LeGO-LOAM-SR-master) by extension 'colcon_meta'
[1.524s] Level 1:colcon.colcon_core.package_identification:_identify(src/wheeltec_robot_slam/LeGO-LOAM-SR-master) by extensions ['ros']
[1.524s] Level 1:colcon.colcon_core.package_identification:_identify(src/wheeltec_robot_slam/LeGO-LOAM-SR-master) by extension 'ros'
[1.524s] Level 1:colcon.colcon_core.package_identification:_identify(src/wheeltec_robot_slam/LeGO-LOAM-SR-master) by extensions ['cmake', 'python']
[1.524s] Level 1:colcon.colcon_core.package_identification:_identify(src/wheeltec_robot_slam/LeGO-LOAM-SR-master) by extension 'cmake'
[1.524s] Level 1:colcon.colcon_core.package_identification:_identify(src/wheeltec_robot_slam/LeGO-LOAM-SR-master) by extension 'python'
[1.524s] Level 1:colcon.colcon_core.package_identification:_identify(src/wheeltec_robot_slam/LeGO-LOAM-SR-master) by extensions ['python_setup_py']
[1.525s] Level 1:colcon.colcon_core.package_identification:_identify(src/wheeltec_robot_slam/LeGO-LOAM-SR-master) by extension 'python_setup_py'
[1.525s] Level 1:colcon.colcon_core.package_identification:_identify(src/wheeltec_robot_slam/LeGO-LOAM-SR-master/LeGO-LOAM) by extensions ['ignore', 'ignore_ament_install']
[1.525s] Level 1:colcon.colcon_core.package_identification:_identify(src/wheeltec_robot_slam/LeGO-LOAM-SR-master/LeGO-LOAM) by extension 'ignore'
[1.525s] Level 1:colcon.colcon_core.package_identification:_identify(src/wheeltec_robot_slam/LeGO-LOAM-SR-master/LeGO-LOAM) by extension 'ignore_ament_install'
[1.525s] Level 1:colcon.colcon_core.package_identification:_identify(src/wheeltec_robot_slam/LeGO-LOAM-SR-master/LeGO-LOAM) by extensions ['colcon_pkg']
[1.525s] Level 1:colcon.colcon_core.package_identification:_identify(src/wheeltec_robot_slam/LeGO-LOAM-SR-master/LeGO-LOAM) by extension 'colcon_pkg'
[1.525s] Level 1:colcon.colcon_core.package_identification:_identify(src/wheeltec_robot_slam/LeGO-LOAM-SR-master/LeGO-LOAM) by extensions ['colcon_meta']
[1.525s] Level 1:colcon.colcon_core.package_identification:_identify(src/wheeltec_robot_slam/LeGO-LOAM-SR-master/LeGO-LOAM) by extension 'colcon_meta'
[1.525s] Level 1:colcon.colcon_core.package_identification:_identify(src/wheeltec_robot_slam/LeGO-LOAM-SR-master/LeGO-LOAM) by extensions ['ros']
[1.525s] Level 1:colcon.colcon_core.package_identification:_identify(src/wheeltec_robot_slam/LeGO-LOAM-SR-master/LeGO-LOAM) by extension 'ros'
[1.527s] DEBUG:colcon.colcon_core.package_identification:Package 'src/wheeltec_robot_slam/LeGO-LOAM-SR-master/LeGO-LOAM' with type 'ros.ament_cmake' and name 'lego_loam_sr'
[1.527s] Level 1:colcon.colcon_core.package_identification:_identify(src/wheeltec_robot_slam/LeGO-LOAM-SR-master/cloud_msgs) by extensions ['ignore', 'ignore_ament_install']
[1.527s] Level 1:colcon.colcon_core.package_identification:_identify(src/wheeltec_robot_slam/LeGO-LOAM-SR-master/cloud_msgs) by extension 'ignore'
[1.527s] Level 1:colcon.colcon_core.package_identification:_identify(src/wheeltec_robot_slam/LeGO-LOAM-SR-master/cloud_msgs) by extension 'ignore_ament_install'
[1.527s] Level 1:colcon.colcon_core.package_identification:_identify(src/wheeltec_robot_slam/LeGO-LOAM-SR-master/cloud_msgs) by extensions ['colcon_pkg']
[1.527s] Level 1:colcon.colcon_core.package_identification:_identify(src/wheeltec_robot_slam/LeGO-LOAM-SR-master/cloud_msgs) by extension 'colcon_pkg'
[1.527s] Level 1:colcon.colcon_core.package_identification:_identify(src/wheeltec_robot_slam/LeGO-LOAM-SR-master/cloud_msgs) by extensions ['colcon_meta']
[1.527s] Level 1:colcon.colcon_core.package_identification:_identify(src/wheeltec_robot_slam/LeGO-LOAM-SR-master/cloud_msgs) by extension 'colcon_meta'
[1.528s] Level 1:colcon.colcon_core.package_identification:_identify(src/wheeltec_robot_slam/LeGO-LOAM-SR-master/cloud_msgs) by extensions ['ros']
[1.528s] Level 1:colcon.colcon_core.package_identification:_identify(src/wheeltec_robot_slam/LeGO-LOAM-SR-master/cloud_msgs) by extension 'ros'
[1.529s] DEBUG:colcon.colcon_core.package_identification:Package 'src/wheeltec_robot_slam/LeGO-LOAM-SR-master/cloud_msgs' with type 'ros.ament_cmake' and name 'cloud_msgs'
[1.529s] Level 1:colcon.colcon_core.package_identification:_identify(src/wheeltec_robot_slam/openslam_gmapping) by extensions ['ignore', 'ignore_ament_install']
[1.529s] Level 1:colcon.colcon_core.package_identification:_identify(src/wheeltec_robot_slam/openslam_gmapping) by extension 'ignore'
[1.530s] Level 1:colcon.colcon_core.package_identification:_identify(src/wheeltec_robot_slam/openslam_gmapping) by extension 'ignore_ament_install'
[1.530s] Level 1:colcon.colcon_core.package_identification:_identify(src/wheeltec_robot_slam/openslam_gmapping) by extensions ['colcon_pkg']
[1.530s] Level 1:colcon.colcon_core.package_identification:_identify(src/wheeltec_robot_slam/openslam_gmapping) by extension 'colcon_pkg'
[1.530s] Level 1:colcon.colcon_core.package_identification:_identify(src/wheeltec_robot_slam/openslam_gmapping) by extensions ['colcon_meta']
[1.530s] Level 1:colcon.colcon_core.package_identification:_identify(src/wheeltec_robot_slam/openslam_gmapping) by extension 'colcon_meta'
[1.530s] Level 1:colcon.colcon_core.package_identification:_identify(src/wheeltec_robot_slam/openslam_gmapping) by extensions ['ros']
[1.530s] Level 1:colcon.colcon_core.package_identification:_identify(src/wheeltec_robot_slam/openslam_gmapping) by extension 'ros'
[1.531s] DEBUG:colcon.colcon_core.package_identification:Package 'src/wheeltec_robot_slam/openslam_gmapping' with type 'ros.ament_cmake' and name 'openslam_gmapping'
[1.532s] Level 1:colcon.colcon_core.package_identification:_identify(src/wheeltec_robot_slam/orb_slam_2_ros) by extensions ['ignore', 'ignore_ament_install']
[1.532s] Level 1:colcon.colcon_core.package_identification:_identify(src/wheeltec_robot_slam/orb_slam_2_ros) by extension 'ignore'
[1.532s] Level 1:colcon.colcon_core.package_identification:_identify(src/wheeltec_robot_slam/orb_slam_2_ros) by extension 'ignore_ament_install'
[1.532s] Level 1:colcon.colcon_core.package_identification:_identify(src/wheeltec_robot_slam/orb_slam_2_ros) by extensions ['colcon_pkg']
[1.532s] Level 1:colcon.colcon_core.package_identification:_identify(src/wheeltec_robot_slam/orb_slam_2_ros) by extension 'colcon_pkg'
[1.532s] Level 1:colcon.colcon_core.package_identification:_identify(src/wheeltec_robot_slam/orb_slam_2_ros) by extensions ['colcon_meta']
[1.532s] Level 1:colcon.colcon_core.package_identification:_identify(src/wheeltec_robot_slam/orb_slam_2_ros) by extension 'colcon_meta'
[1.532s] Level 1:colcon.colcon_core.package_identification:_identify(src/wheeltec_robot_slam/orb_slam_2_ros) by extensions ['ros']
[1.532s] Level 1:colcon.colcon_core.package_identification:_identify(src/wheeltec_robot_slam/orb_slam_2_ros) by extension 'ros'
[1.532s] Level 1:colcon.colcon_core.package_identification:_identify(src/wheeltec_robot_slam/orb_slam_2_ros) by extensions ['cmake', 'python']
[1.532s] Level 1:colcon.colcon_core.package_identification:_identify(src/wheeltec_robot_slam/orb_slam_2_ros) by extension 'cmake'
[1.532s] Level 1:colcon.colcon_core.package_identification:_identify(src/wheeltec_robot_slam/orb_slam_2_ros) by extension 'python'
[1.532s] Level 1:colcon.colcon_core.package_identification:_identify(src/wheeltec_robot_slam/orb_slam_2_ros) by extensions ['python_setup_py']
[1.533s] Level 1:colcon.colcon_core.package_identification:_identify(src/wheeltec_robot_slam/orb_slam_2_ros) by extension 'python_setup_py'
[1.533s] Level 1:colcon.colcon_core.package_identification:_identify(src/wheeltec_robot_slam/orb_slam_2_ros/orb_slam_2_ros) by extensions ['ignore', 'ignore_ament_install']
[1.533s] Level 1:colcon.colcon_core.package_identification:_identify(src/wheeltec_robot_slam/orb_slam_2_ros/orb_slam_2_ros) by extension 'ignore'
[1.533s] Level 1:colcon.colcon_core.package_identification:_identify(src/wheeltec_robot_slam/orb_slam_2_ros/orb_slam_2_ros) by extension 'ignore_ament_install'
[1.533s] Level 1:colcon.colcon_core.package_identification:_identify(src/wheeltec_robot_slam/orb_slam_2_ros/orb_slam_2_ros) by extensions ['colcon_pkg']
[1.533s] Level 1:colcon.colcon_core.package_identification:_identify(src/wheeltec_robot_slam/orb_slam_2_ros/orb_slam_2_ros) by extension 'colcon_pkg'
[1.533s] Level 1:colcon.colcon_core.package_identification:_identify(src/wheeltec_robot_slam/orb_slam_2_ros/orb_slam_2_ros) by extensions ['colcon_meta']
[1.533s] Level 1:colcon.colcon_core.package_identification:_identify(src/wheeltec_robot_slam/orb_slam_2_ros/orb_slam_2_ros) by extension 'colcon_meta'
[1.533s] Level 1:colcon.colcon_core.package_identification:_identify(src/wheeltec_robot_slam/orb_slam_2_ros/orb_slam_2_ros) by extensions ['ros']
[1.533s] Level 1:colcon.colcon_core.package_identification:_identify(src/wheeltec_robot_slam/orb_slam_2_ros/orb_slam_2_ros) by extension 'ros'
[1.535s] DEBUG:colcon.colcon_core.package_identification:Package 'src/wheeltec_robot_slam/orb_slam_2_ros/orb_slam_2_ros' with type 'ros.ament_cmake' and name 'orb_slam2_ros'
[1.535s] Level 1:colcon.colcon_core.package_identification:_identify(src/wheeltec_robot_slam/slam_gmapping) by extensions ['ignore', 'ignore_ament_install']
[1.535s] Level 1:colcon.colcon_core.package_identification:_identify(src/wheeltec_robot_slam/slam_gmapping) by extension 'ignore'
[1.536s] Level 1:colcon.colcon_core.package_identification:_identify(src/wheeltec_robot_slam/slam_gmapping) by extension 'ignore_ament_install'
[1.536s] Level 1:colcon.colcon_core.package_identification:_identify(src/wheeltec_robot_slam/slam_gmapping) by extensions ['colcon_pkg']
[1.536s] Level 1:colcon.colcon_core.package_identification:_identify(src/wheeltec_robot_slam/slam_gmapping) by extension 'colcon_pkg'
[1.536s] Level 1:colcon.colcon_core.package_identification:_identify(src/wheeltec_robot_slam/slam_gmapping) by extensions ['colcon_meta']
[1.536s] Level 1:colcon.colcon_core.package_identification:_identify(src/wheeltec_robot_slam/slam_gmapping) by extension 'colcon_meta'
[1.536s] Level 1:colcon.colcon_core.package_identification:_identify(src/wheeltec_robot_slam/slam_gmapping) by extensions ['ros']
[1.536s] Level 1:colcon.colcon_core.package_identification:_identify(src/wheeltec_robot_slam/slam_gmapping) by extension 'ros'
[1.538s] DEBUG:colcon.colcon_core.package_identification:Package 'src/wheeltec_robot_slam/slam_gmapping' with type 'ros.ament_cmake' and name 'slam_gmapping'
[1.538s] Level 1:colcon.colcon_core.package_identification:_identify(src/wheeltec_robot_slam/wheeltec_cartographer) by extensions ['ignore', 'ignore_ament_install']
[1.539s] Level 1:colcon.colcon_core.package_identification:_identify(src/wheeltec_robot_slam/wheeltec_cartographer) by extension 'ignore'
[1.539s] Level 1:colcon.colcon_core.package_identification:_identify(src/wheeltec_robot_slam/wheeltec_cartographer) by extension 'ignore_ament_install'
[1.539s] Level 1:colcon.colcon_core.package_identification:_identify(src/wheeltec_robot_slam/wheeltec_cartographer) by extensions ['colcon_pkg']
[1.539s] Level 1:colcon.colcon_core.package_identification:_identify(src/wheeltec_robot_slam/wheeltec_cartographer) by extension 'colcon_pkg'
[1.539s] Level 1:colcon.colcon_core.package_identification:_identify(src/wheeltec_robot_slam/wheeltec_cartographer) by extensions ['colcon_meta']
[1.539s] Level 1:colcon.colcon_core.package_identification:_identify(src/wheeltec_robot_slam/wheeltec_cartographer) by extension 'colcon_meta'
[1.539s] Level 1:colcon.colcon_core.package_identification:_identify(src/wheeltec_robot_slam/wheeltec_cartographer) by extensions ['ros']
[1.539s] Level 1:colcon.colcon_core.package_identification:_identify(src/wheeltec_robot_slam/wheeltec_cartographer) by extension 'ros'
[1.540s] DEBUG:colcon.colcon_core.package_identification:Package 'src/wheeltec_robot_slam/wheeltec_cartographer' with type 'ros.ament_cmake' and name 'wheeltec_cartographer'
[1.540s] Level 1:colcon.colcon_core.package_identification:_identify(src/wheeltec_robot_slam/wheeltec_slam_toolbox) by extensions ['ignore', 'ignore_ament_install']
[1.541s] Level 1:colcon.colcon_core.package_identification:_identify(src/wheeltec_robot_slam/wheeltec_slam_toolbox) by extension 'ignore'
[1.541s] Level 1:colcon.colcon_core.package_identification:_identify(src/wheeltec_robot_slam/wheeltec_slam_toolbox) by extension 'ignore_ament_install'
[1.541s] Level 1:colcon.colcon_core.package_identification:_identify(src/wheeltec_robot_slam/wheeltec_slam_toolbox) by extensions ['colcon_pkg']
[1.541s] Level 1:colcon.colcon_core.package_identification:_identify(src/wheeltec_robot_slam/wheeltec_slam_toolbox) by extension 'colcon_pkg'
[1.541s] Level 1:colcon.colcon_core.package_identification:_identify(src/wheeltec_robot_slam/wheeltec_slam_toolbox) by extensions ['colcon_meta']
[1.541s] Level 1:colcon.colcon_core.package_identification:_identify(src/wheeltec_robot_slam/wheeltec_slam_toolbox) by extension 'colcon_meta'
[1.541s] Level 1:colcon.colcon_core.package_identification:_identify(src/wheeltec_robot_slam/wheeltec_slam_toolbox) by extensions ['ros']
[1.541s] Level 1:colcon.colcon_core.package_identification:_identify(src/wheeltec_robot_slam/wheeltec_slam_toolbox) by extension 'ros'
[1.542s] DEBUG:colcon.colcon_core.package_identification:Package 'src/wheeltec_robot_slam/wheeltec_slam_toolbox' with type 'ros.ament_cmake' and name 'wheeltec_slam_toolbox'
[1.543s] Level 1:colcon.colcon_core.package_identification:_identify(src/wheeltec_robot_urdf) by extensions ['ignore', 'ignore_ament_install']
[1.543s] Level 1:colcon.colcon_core.package_identification:_identify(src/wheeltec_robot_urdf) by extension 'ignore'
[1.543s] Level 1:colcon.colcon_core.package_identification:_identify(src/wheeltec_robot_urdf) by extension 'ignore_ament_install'
[1.543s] Level 1:colcon.colcon_core.package_identification:_identify(src/wheeltec_robot_urdf) by extensions ['colcon_pkg']
[1.543s] Level 1:colcon.colcon_core.package_identification:_identify(src/wheeltec_robot_urdf) by extension 'colcon_pkg'
[1.543s] Level 1:colcon.colcon_core.package_identification:_identify(src/wheeltec_robot_urdf) by extensions ['colcon_meta']
[1.543s] Level 1:colcon.colcon_core.package_identification:_identify(src/wheeltec_robot_urdf) by extension 'colcon_meta'
[1.543s] Level 1:colcon.colcon_core.package_identification:_identify(src/wheeltec_robot_urdf) by extensions ['ros']
[1.543s] Level 1:colcon.colcon_core.package_identification:_identify(src/wheeltec_robot_urdf) by extension 'ros'
[1.543s] Level 1:colcon.colcon_core.package_identification:_identify(src/wheeltec_robot_urdf) by extensions ['cmake', 'python']
[1.543s] Level 1:colcon.colcon_core.package_identification:_identify(src/wheeltec_robot_urdf) by extension 'cmake'
[1.544s] Level 1:colcon.colcon_core.package_identification:_identify(src/wheeltec_robot_urdf) by extension 'python'
[1.544s] Level 1:colcon.colcon_core.package_identification:_identify(src/wheeltec_robot_urdf) by extensions ['python_setup_py']
[1.544s] Level 1:colcon.colcon_core.package_identification:_identify(src/wheeltec_robot_urdf) by extension 'python_setup_py'
[1.544s] Level 1:colcon.colcon_core.package_identification:_identify(src/wheeltec_robot_urdf/wheeltec_robot_urdf) by extensions ['ignore', 'ignore_ament_install']
[1.544s] Level 1:colcon.colcon_core.package_identification:_identify(src/wheeltec_robot_urdf/wheeltec_robot_urdf) by extension 'ignore'
[1.544s] Level 1:colcon.colcon_core.package_identification:_identify(src/wheeltec_robot_urdf/wheeltec_robot_urdf) by extension 'ignore_ament_install'
[1.545s] Level 1:colcon.colcon_core.package_identification:_identify(src/wheeltec_robot_urdf/wheeltec_robot_urdf) by extensions ['colcon_pkg']
[1.545s] Level 1:colcon.colcon_core.package_identification:_identify(src/wheeltec_robot_urdf/wheeltec_robot_urdf) by extension 'colcon_pkg'
[1.545s] Level 1:colcon.colcon_core.package_identification:_identify(src/wheeltec_robot_urdf/wheeltec_robot_urdf) by extensions ['colcon_meta']
[1.545s] Level 1:colcon.colcon_core.package_identification:_identify(src/wheeltec_robot_urdf/wheeltec_robot_urdf) by extension 'colcon_meta'
[1.545s] Level 1:colcon.colcon_core.package_identification:_identify(src/wheeltec_robot_urdf/wheeltec_robot_urdf) by extensions ['ros']
[1.545s] Level 1:colcon.colcon_core.package_identification:_identify(src/wheeltec_robot_urdf/wheeltec_robot_urdf) by extension 'ros'
[1.546s] DEBUG:colcon.colcon_core.package_identification:Package 'src/wheeltec_robot_urdf/wheeltec_robot_urdf' with type 'ros.ament_cmake' and name 'wheeltec_robot_urdf'
[1.547s] Level 1:colcon.colcon_core.package_identification:_identify(src/wheeltec_rrt_msg) by extensions ['ignore', 'ignore_ament_install']
[1.547s] Level 1:colcon.colcon_core.package_identification:_identify(src/wheeltec_rrt_msg) by extension 'ignore'
[1.547s] Level 1:colcon.colcon_core.package_identification:_identify(src/wheeltec_rrt_msg) by extension 'ignore_ament_install'
[1.547s] Level 1:colcon.colcon_core.package_identification:_identify(src/wheeltec_rrt_msg) by extensions ['colcon_pkg']
[1.547s] Level 1:colcon.colcon_core.package_identification:_identify(src/wheeltec_rrt_msg) by extension 'colcon_pkg'
[1.547s] Level 1:colcon.colcon_core.package_identification:_identify(src/wheeltec_rrt_msg) by extensions ['colcon_meta']
[1.547s] Level 1:colcon.colcon_core.package_identification:_identify(src/wheeltec_rrt_msg) by extension 'colcon_meta'
[1.547s] Level 1:colcon.colcon_core.package_identification:_identify(src/wheeltec_rrt_msg) by extensions ['ros']
[1.547s] Level 1:colcon.colcon_core.package_identification:_identify(src/wheeltec_rrt_msg) by extension 'ros'
[1.549s] DEBUG:colcon.colcon_core.package_identification:Package 'src/wheeltec_rrt_msg' with type 'ros.ament_cmake' and name 'wheeltec_rrt_msg'
[1.549s] Level 1:colcon.colcon_core.package_identification:_identify(src/wheeltec_rviz2) by extensions ['ignore', 'ignore_ament_install']
[1.549s] Level 1:colcon.colcon_core.package_identification:_identify(src/wheeltec_rviz2) by extension 'ignore'
[1.549s] Level 1:colcon.colcon_core.package_identification:_identify(src/wheeltec_rviz2) by extension 'ignore_ament_install'
[1.550s] Level 1:colcon.colcon_core.package_identification:_identify(src/wheeltec_rviz2) by extensions ['colcon_pkg']
[1.550s] Level 1:colcon.colcon_core.package_identification:_identify(src/wheeltec_rviz2) by extension 'colcon_pkg'
[1.550s] Level 1:colcon.colcon_core.package_identification:_identify(src/wheeltec_rviz2) by extensions ['colcon_meta']
[1.550s] Level 1:colcon.colcon_core.package_identification:_identify(src/wheeltec_rviz2) by extension 'colcon_meta'
[1.550s] Level 1:colcon.colcon_core.package_identification:_identify(src/wheeltec_rviz2) by extensions ['ros']
[1.550s] Level 1:colcon.colcon_core.package_identification:_identify(src/wheeltec_rviz2) by extension 'ros'
[1.551s] DEBUG:colcon.colcon_core.package_identification:Package 'src/wheeltec_rviz2' with type 'ros.ament_cmake' and name 'wheeltec_rviz2'
[1.551s] Level 1:colcon.colcon_core.package_discovery:discover_packages(recursive) using defaults
[1.551s] Level 1:colcon.colcon_core.package_discovery:discover_packages(ignore) discover
[1.551s] Level 1:colcon.colcon_core.package_discovery:discover_packages(ignore) using defaults
[1.551s] Level 1:colcon.colcon_core.package_discovery:discover_packages(path) discover
[1.551s] Level 1:colcon.colcon_core.package_discovery:discover_packages(path) using defaults
[1.680s] INFO:colcon.colcon_core.package_selection:Skipping not selected package 'ackermann_msgs' in 'src/depend/ackermann_msgs-ros2'
[1.680s] INFO:colcon.colcon_core.package_selection:Skipping not selected package 'aruco' in 'src/aruco_ros-humble-devel/aruco'
[1.680s] INFO:colcon.colcon_core.package_selection:Skipping not selected package 'aruco_msgs' in 'src/aruco_ros-humble-devel/aruco_msgs'
[1.680s] INFO:colcon.colcon_core.package_selection:Skipping not selected package 'astra_camera_msgs' in 'src/ros2_astra_camera-master/astra_camera_msgs'
[1.680s] INFO:colcon.colcon_core.package_selection:Skipping not selected package 'auto_recharge_ros2' in 'src/auto_recharge_ros2'
[1.680s] INFO:colcon.colcon_core.package_selection:Skipping not selected package 'bodyreader_msg' in 'src/wheeltec_bodyreader/bodyreader_msg'
[1.680s] INFO:colcon.colcon_core.package_selection:Skipping not selected package 'cloud_msgs' in 'src/wheeltec_robot_slam/LeGO-LOAM-SR-master/cloud_msgs'
[1.680s] INFO:colcon.colcon_core.package_selection:Skipping not selected package 'fdilink_ahrs' in 'src/wheeltec_imu/fdilink_ahrs_ros-ros2'
[1.681s] INFO:colcon.colcon_core.package_selection:Skipping not selected package 'hipnuc_imu' in 'src/wheeltec_imu/hipnuc_imu_ros-ros2'
[1.681s] INFO:colcon.colcon_core.package_selection:Skipping not selected package 'ldlidar' in 'src/wheeltec_lidar_ros2/ldlidar_ros2/ldlidar'
[1.681s] INFO:colcon.colcon_core.package_selection:Skipping not selected package 'lio_sam' in 'src/wheeltec_robot_slam/LIO-SAM-ROS2'
[1.681s] INFO:colcon.colcon_core.package_selection:Skipping not selected package 'lslidar_msgs' in 'src/wheeltec_lidar_ros2/lslidar_ros2/lslidar_msgs'
[1.681s] INFO:colcon.colcon_core.package_selection:Skipping not selected package 'nav2_common' in 'src/navigation2-humble/nav2_common'
[1.681s] INFO:colcon.colcon_core.package_selection:Skipping not selected package 'nav2_waypoint_cycle' in 'src/nav2_waypoint_cycle'
[1.681s] INFO:colcon.colcon_core.package_selection:Skipping not selected package 'nav_2d_msgs' in 'src/navigation2-humble/nav2_dwb_controller/nav_2d_msgs'
[1.681s] INFO:colcon.colcon_core.package_selection:Skipping not selected package 'nmea_msgs' in 'src/wheeltec_gps/nmea_msgs'
[1.681s] INFO:colcon.colcon_core.package_selection:Skipping not selected package 'ollama_ros_msgs' in 'src/ollama_ros_chat-ros2/ollama_ros_msgs'
[1.681s] INFO:colcon.colcon_core.package_selection:Skipping not selected package 'openslam_gmapping' in 'src/wheeltec_robot_slam/openslam_gmapping'
[1.681s] INFO:colcon.colcon_core.package_selection:Skipping not selected package 'orb_slam2_ros' in 'src/wheeltec_robot_slam/orb_slam_2_ros/orb_slam_2_ros'
[1.681s] INFO:colcon.colcon_core.package_selection:Skipping not selected package 'pointcloud_to_laserscan' in 'src/wheeltec_lidar_ros2/pointcloud_to_laserscan-humble'
[1.681s] INFO:colcon.colcon_core.package_selection:Skipping not selected package 'rplidar_ros' in 'src/wheeltec_lidar_ros2/rplidar_ros'
[1.681s] INFO:colcon.colcon_core.package_selection:Skipping not selected package 'serial' in 'src/depend/serial_ros2'
[1.681s] INFO:colcon.colcon_core.package_selection:Skipping not selected package 'tf2_tools' in 'src/depend/tf2_tools'
[1.681s] INFO:colcon.colcon_core.package_selection:Skipping not selected package 'tts' in 'src/tts_make_ros2'
[1.681s] INFO:colcon.colcon_core.package_selection:Skipping not selected package 'ublox_serialization' in 'src/wheeltec_gps/ublox-ros2/ublox_serialization'
[1.681s] INFO:colcon.colcon_core.package_selection:Skipping not selected package 'ultralytics_ros2' in 'src/ultralytics_ros2'
[1.681s] INFO:colcon.colcon_core.package_selection:Skipping not selected package 'usb_cam' in 'src/usb_cam-ros2'
[1.681s] INFO:colcon.colcon_core.package_selection:Skipping not selected package 'web_video_server' in 'src/web_video_server-ros2/web_video_server-ros2'
[1.681s] INFO:colcon.colcon_core.package_selection:Skipping not selected package 'wheeltec_cartographer' in 'src/wheeltec_robot_slam/wheeltec_cartographer'
[1.681s] INFO:colcon.colcon_core.package_selection:Skipping not selected package 'wheeltec_dual_rtk_driver' in 'src/wheeltec_gps/wheeltec_dual_rtk_driver'
[1.681s] INFO:colcon.colcon_core.package_selection:Skipping not selected package 'wheeltec_gps_driver' in 'src/wheeltec_gps/wheeltec_gps_driver'
[1.681s] INFO:colcon.colcon_core.package_selection:Skipping not selected package 'wheeltec_joy' in 'src/wheeltec_joy'
[1.681s] INFO:colcon.colcon_core.package_selection:Skipping not selected package 'wheeltec_mic_aiui' in 'src/wheeltec_mic_aiui'
[1.681s] INFO:colcon.colcon_core.package_selection:Skipping not selected package 'wheeltec_robot_kcf' in 'src/wheeltec_robot_kcf'
[1.681s] INFO:colcon.colcon_core.package_selection:Skipping not selected package 'wheeltec_robot_keyboard' in 'src/wheeltec_robot_keyboard'
[1.682s] INFO:colcon.colcon_core.package_selection:Skipping not selected package 'wheeltec_robot_msg' in 'src/wheeltec_robot_msg'
[1.682s] INFO:colcon.colcon_core.package_selection:Skipping not selected package 'wheeltec_robot_rrt' in 'src/wheeltec_robot_rrt2'
[1.682s] INFO:colcon.colcon_core.package_selection:Skipping not selected package 'wheeltec_robot_rtab' in 'src/wheeltec_robot_rtab'
[1.682s] INFO:colcon.colcon_core.package_selection:Skipping not selected package 'wheeltec_robot_urdf' in 'src/wheeltec_robot_urdf/wheeltec_robot_urdf'
[1.682s] INFO:colcon.colcon_core.package_selection:Skipping not selected package 'wheeltec_rrt_msg' in 'src/wheeltec_rrt_msg'
[1.682s] INFO:colcon.colcon_core.package_selection:Skipping not selected package 'wheeltec_rviz2' in 'src/wheeltec_rviz2'
[1.682s] INFO:colcon.colcon_core.package_selection:Skipping not selected package 'wheeltec_slam_toolbox' in 'src/wheeltec_robot_slam/wheeltec_slam_toolbox'
[1.682s] INFO:colcon.colcon_core.package_selection:Skipping not selected package 'yesense_interface' in 'src/wheeltec_imu/yesense_ros2/yesense_interface'
[1.682s] INFO:colcon.colcon_core.package_selection:Skipping not selected package 'aruco_ros' in 'src/aruco_ros-humble-devel/aruco_ros'
[1.682s] INFO:colcon.colcon_core.package_selection:Skipping not selected package 'astra_camera' in 'src/ros2_astra_camera-master/astra_camera'
[1.682s] INFO:colcon.colcon_core.package_selection:Skipping not selected package 'dwb_msgs' in 'src/navigation2-humble/nav2_dwb_controller/dwb_msgs'
[1.682s] INFO:colcon.colcon_core.package_selection:Skipping not selected package 'lego_loam_sr' in 'src/wheeltec_robot_slam/LeGO-LOAM-SR-master/LeGO-LOAM'
[1.682s] INFO:colcon.colcon_core.package_selection:Skipping not selected package 'lslidar_driver' in 'src/wheeltec_lidar_ros2/lslidar_ros2/lslidar_driver'
[1.682s] INFO:colcon.colcon_core.package_selection:Skipping not selected package 'nav2_msgs' in 'src/navigation2-humble/nav2_msgs'
[1.682s] INFO:colcon.colcon_core.package_selection:Skipping not selected package 'nav2_voxel_grid' in 'src/navigation2-humble/nav2_voxel_grid'
[1.682s] INFO:colcon.colcon_core.package_selection:Skipping not selected package 'nmea_navsat_driver' in 'src/wheeltec_gps/nmea_navsat_driver'
[1.682s] INFO:colcon.colcon_core.package_selection:Skipping not selected package 'ollama_ros_chat' in 'src/ollama_ros_chat-ros2/ollama_ros_chat'
[1.682s] INFO:colcon.colcon_core.package_selection:Skipping not selected package 'slam_gmapping' in 'src/wheeltec_robot_slam/slam_gmapping'
[1.682s] INFO:colcon.colcon_core.package_selection:Skipping not selected package 'ublox_msgs' in 'src/wheeltec_gps/ublox-ros2/ublox_msgs'
[1.682s] INFO:colcon.colcon_core.package_selection:Skipping not selected package 'wheeltec_radar' in 'src/wheeltec_radar'
[1.682s] INFO:colcon.colcon_core.package_selection:Skipping not selected package 'yesense_std_ros2' in 'src/wheeltec_imu/yesense_ros2/yesense_std_ros2'
[1.682s] INFO:colcon.colcon_core.package_selection:Skipping not selected package 'bodyreader' in 'src/wheeltec_bodyreader/bodyreader'
[1.682s] INFO:colcon.colcon_core.package_selection:Skipping not selected package 'nav2_simple_commander' in 'src/navigation2-humble/nav2_simple_commander'
[1.682s] INFO:colcon.colcon_core.package_selection:Skipping not selected package 'nav2_util' in 'src/navigation2-humble/nav2_util'
[1.682s] INFO:colcon.colcon_core.package_selection:Skipping not selected package 'turn_on_wheeltec_robot' in 'src/turn_on_wheeltec_robot'
[1.682s] INFO:colcon.colcon_core.package_selection:Skipping not selected package 'ublox_gps' in 'src/wheeltec_gps/ublox-ros2/ublox_gps'
[1.682s] INFO:colcon.colcon_core.package_selection:Skipping not selected package 'wheeltec_mic_ros2' in 'src/wheeltec_mic/wheeltec_mic_ros2'
[1.683s] INFO:colcon.colcon_core.package_selection:Skipping not selected package 'wheeltec_multi' in 'src/wheeltec_multi'
[1.683s] INFO:colcon.colcon_core.package_selection:Skipping not selected package 'wheeltec_path_follow' in 'src/wheeltec_path_follow'
[1.683s] INFO:colcon.colcon_core.package_selection:Skipping not selected package 'nav2_amcl' in 'src/navigation2-humble/nav2_amcl'
[1.683s] INFO:colcon.colcon_core.package_selection:Skipping not selected package 'nav2_behavior_tree' in 'src/navigation2-humble/nav2_behavior_tree'
[1.683s] INFO:colcon.colcon_core.package_selection:Skipping not selected package 'nav2_lifecycle_manager' in 'src/navigation2-humble/nav2_lifecycle_manager'
[1.683s] INFO:colcon.colcon_core.package_selection:Skipping not selected package 'nav2_map_server' in 'src/navigation2-humble/nav2_map_server'
[1.683s] INFO:colcon.colcon_core.package_selection:Skipping not selected package 'nav2_velocity_smoother' in 'src/navigation2-humble/nav2_velocity_smoother'
[1.683s] INFO:colcon.colcon_core.package_selection:Skipping not selected package 'nav_2d_utils' in 'src/navigation2-humble/nav2_dwb_controller/nav_2d_utils'
[1.683s] INFO:colcon.colcon_core.package_selection:Skipping not selected package 'simple_follower_ros2' in 'src/simple_follower_ros2'
[1.683s] INFO:colcon.colcon_core.package_selection:Skipping not selected package 'ublox' in 'src/wheeltec_gps/ublox-ros2/ublox'
[1.683s] INFO:colcon.colcon_core.package_selection:Skipping not selected package 'nav2_costmap_2d' in 'src/navigation2-humble/nav2_costmap_2d'
[1.683s] INFO:colcon.colcon_core.package_selection:Skipping not selected package 'nav2_rviz_plugins' in 'src/navigation2-humble/nav2_rviz_plugins'
[1.683s] INFO:colcon.colcon_core.package_selection:Skipping not selected package 'costmap_queue' in 'src/navigation2-humble/nav2_dwb_controller/costmap_queue'
[1.683s] INFO:colcon.colcon_core.package_selection:Skipping not selected package 'nav2_collision_monitor' in 'src/navigation2-humble/nav2_collision_monitor'
[1.683s] INFO:colcon.colcon_core.package_selection:Skipping not selected package 'nav2_core' in 'src/navigation2-humble/nav2_core'
[1.683s] INFO:colcon.colcon_core.package_selection:Skipping not selected package 'dwb_core' in 'src/navigation2-humble/nav2_dwb_controller/dwb_core'
[1.683s] INFO:colcon.colcon_core.package_selection:Skipping not selected package 'nav2_behaviors' in 'src/navigation2-humble/nav2_behaviors'
[1.683s] INFO:colcon.colcon_core.package_selection:Skipping not selected package 'nav2_bt_navigator' in 'src/navigation2-humble/nav2_bt_navigator'
[1.683s] INFO:colcon.colcon_core.package_selection:Skipping not selected package 'nav2_constrained_smoother' in 'src/navigation2-humble/nav2_constrained_smoother'
[1.683s] INFO:colcon.colcon_core.package_selection:Skipping not selected package 'nav2_controller' in 'src/navigation2-humble/nav2_controller'
[1.683s] INFO:colcon.colcon_core.package_selection:Skipping not selected package 'nav2_mppi_controller' in 'src/navigation2-humble/nav2_mppi_controller'
[1.683s] INFO:colcon.colcon_core.package_selection:Skipping not selected package 'nav2_navfn_planner' in 'src/navigation2-humble/nav2_navfn_planner'
[1.683s] INFO:colcon.colcon_core.package_selection:Skipping not selected package 'nav2_planner' in 'src/navigation2-humble/nav2_planner'
[1.683s] INFO:colcon.colcon_core.package_selection:Skipping not selected package 'nav2_regulated_pure_pursuit_controller' in 'src/navigation2-humble/nav2_regulated_pure_pursuit_controller'
[1.683s] INFO:colcon.colcon_core.package_selection:Skipping not selected package 'nav2_smac_planner' in 'src/navigation2-humble/nav2_smac_planner'
[1.683s] INFO:colcon.colcon_core.package_selection:Skipping not selected package 'nav2_smoother' in 'src/navigation2-humble/nav2_smoother'
[1.683s] INFO:colcon.colcon_core.package_selection:Skipping not selected package 'nav2_theta_star_planner' in 'src/navigation2-humble/nav2_theta_star_planner'
[1.684s] INFO:colcon.colcon_core.package_selection:Skipping not selected package 'nav2_waypoint_follower' in 'src/navigation2-humble/nav2_waypoint_follower'
[1.684s] INFO:colcon.colcon_core.package_selection:Skipping not selected package 'dwb_critics' in 'src/navigation2-humble/nav2_dwb_controller/dwb_critics'
[1.684s] INFO:colcon.colcon_core.package_selection:Skipping not selected package 'dwb_plugins' in 'src/navigation2-humble/nav2_dwb_controller/dwb_plugins'
[1.684s] INFO:colcon.colcon_core.package_selection:Skipping not selected package 'nav2_rotation_shim_controller' in 'src/navigation2-humble/nav2_rotation_shim_controller'
[1.684s] INFO:colcon.colcon_core.package_selection:Skipping not selected package 'nav2_dwb_controller' in 'src/navigation2-humble/nav2_dwb_controller/nav2_dwb_controller'
[1.684s] INFO:colcon.colcon_core.package_selection:Skipping not selected package 'navigation2' in 'src/navigation2-humble/navigation2'
[1.684s] INFO:colcon.colcon_core.package_selection:Skipping not selected package 'nav2_bringup' in 'src/navigation2-humble/nav2_bringup'
[1.684s] INFO:colcon.colcon_core.package_selection:Skipping not selected package 'wheeltec_nav2' in 'src/wheeltec_robot_nav2'
[1.685s] Level 1:colcon.colcon_core.package_discovery:discover_packages(prefix_path) check parameters
[1.685s] Level 1:colcon.colcon_core.package_discovery:discover_packages(prefix_path) discover
[1.893s] DEBUG:colcon.colcon_installed_package_information.package_discovery:Found 376 installed packages in /home/wheeltec/autoware/install
[1.929s] DEBUG:colcon.colcon_installed_package_information.package_discovery:Found 48 installed packages in /home/wheeltec/wheeltec_ros2/install
[1.935s] DEBUG:colcon.colcon_installed_package_information.package_discovery:Found 418 installed packages in /opt/ros/humble
[1.941s] Level 1:colcon.colcon_core.package_discovery:discover_packages(prefix_path) using defaults
[2.863s] Level 5:colcon.colcon_core.verb:set package 'wheeltec_mic_msg' build argument 'cmake_args' from command line to 'None'
[2.863s] Level 5:colcon.colcon_core.verb:set package 'wheeltec_mic_msg' build argument 'cmake_target' from command line to 'None'
[2.863s] Level 5:colcon.colcon_core.verb:set package 'wheeltec_mic_msg' build argument 'cmake_target_skip_unavailable' from command line to 'False'
[2.863s] Level 5:colcon.colcon_core.verb:set package 'wheeltec_mic_msg' build argument 'cmake_clean_cache' from command line to 'False'
[2.863s] Level 5:colcon.colcon_core.verb:set package 'wheeltec_mic_msg' build argument 'cmake_clean_first' from command line to 'False'
[2.863s] Level 5:colcon.colcon_core.verb:set package 'wheeltec_mic_msg' build argument 'cmake_force_configure' from command line to 'False'
[2.864s] Level 5:colcon.colcon_core.verb:set package 'wheeltec_mic_msg' build argument 'ament_cmake_args' from command line to 'None'
[2.864s] Level 5:colcon.colcon_core.verb:set package 'wheeltec_mic_msg' build argument 'catkin_cmake_args' from command line to 'None'
[2.864s] Level 5:colcon.colcon_core.verb:set package 'wheeltec_mic_msg' build argument 'catkin_skip_building_tests' from command line to 'False'
[2.864s] DEBUG:colcon.colcon_core.verb:Building package 'wheeltec_mic_msg' with the following arguments: {'ament_cmake_args': None, 'build_base': '/home/wheeltec/wheeltec_ros2/build/wheeltec_mic_msg', 'catkin_cmake_args': None, 'catkin_skip_building_tests': False, 'cmake_args': None, 'cmake_clean_cache': False, 'cmake_clean_first': False, 'cmake_force_configure': False, 'cmake_target': None, 'cmake_target_skip_unavailable': False, 'install_base': '/home/wheeltec/wheeltec_ros2/install/wheeltec_mic_msg', 'merge_install': False, 'path': '/home/wheeltec/wheeltec_ros2/src/wheeltec_mic/wheeltec_mic_msg', 'symlink_install': True, 'test_result_base': None}
[2.864s] INFO:colcon.colcon_core.executor:Executing jobs using 'parallel' executor
[2.866s] DEBUG:colcon.colcon_parallel_executor.executor.parallel:run_until_complete
[2.867s] INFO:colcon.colcon_ros.task.ament_cmake.build:Building ROS package in '/home/wheeltec/wheeltec_ros2/src/wheeltec_mic/wheeltec_mic_msg' with build type 'ament_cmake'
[2.867s] INFO:colcon.colcon_cmake.task.cmake.build:Building CMake package in '/home/wheeltec/wheeltec_ros2/src/wheeltec_mic/wheeltec_mic_msg'
[2.879s] INFO:colcon.colcon_core.plugin_system:Skipping extension 'colcon_core.shell.bat': Not used on non-Windows systems
[2.879s] INFO:colcon.colcon_core.shell:Skip shell extension 'powershell' for command environment: Not usable outside of PowerShell
[2.879s] DEBUG:colcon.colcon_core.shell:Skip shell extension 'dsv' for command environment
[2.945s] DEBUG:colcon.colcon_core.event_handler.log_command:Invoking command in '/home/wheeltec/wheeltec_ros2/build/wheeltec_mic_msg': CMAKE_PREFIX_PATH=${CMAKE_PREFIX_PATH}:/home/wheeltec/wheeltec_ros2/install/auto_recharge_ros2:/home/wheeltec/autoware/install/autoware_wheeltec_interface:/home/wheeltec/autoware/install/ad_api_visualizers:/opt/ros/humble /usr/bin/cmake --build /home/wheeltec/wheeltec_ros2/build/wheeltec_mic_msg -- -j6 -l6
[3.983s] DEBUG:colcon.colcon_core.event_handler.log_command:Invoked command in '/home/wheeltec/wheeltec_ros2/build/wheeltec_mic_msg' returned '0': CMAKE_PREFIX_PATH=${CMAKE_PREFIX_PATH}:/home/wheeltec/wheeltec_ros2/install/auto_recharge_ros2:/home/wheeltec/autoware/install/autoware_wheeltec_interface:/home/wheeltec/autoware/install/ad_api_visualizers:/opt/ros/humble /usr/bin/cmake --build /home/wheeltec/wheeltec_ros2/build/wheeltec_mic_msg -- -j6 -l6
[4.008s] DEBUG:colcon.colcon_core.event_handler.log_command:Invoking command in '/home/wheeltec/wheeltec_ros2/build/wheeltec_mic_msg': CMAKE_PREFIX_PATH=${CMAKE_PREFIX_PATH}:/home/wheeltec/wheeltec_ros2/install/auto_recharge_ros2:/home/wheeltec/autoware/install/autoware_wheeltec_interface:/home/wheeltec/autoware/install/ad_api_visualizers:/opt/ros/humble /usr/bin/cmake --install /home/wheeltec/wheeltec_ros2/build/wheeltec_mic_msg
[4.252s] Level 1:colcon.colcon_core.environment:create_environment_scripts_only(wheeltec_mic_msg)
[4.254s] DEBUG:colcon.colcon_core.event_handler.log_command:Invoked command in '/home/wheeltec/wheeltec_ros2/build/wheeltec_mic_msg' returned '0': CMAKE_PREFIX_PATH=${CMAKE_PREFIX_PATH}:/home/wheeltec/wheeltec_ros2/install/auto_recharge_ros2:/home/wheeltec/autoware/install/autoware_wheeltec_interface:/home/wheeltec/autoware/install/ad_api_visualizers:/opt/ros/humble /usr/bin/cmake --install /home/wheeltec/wheeltec_ros2/build/wheeltec_mic_msg
[4.267s] Level 1:colcon.colcon_core.environment:checking '/home/wheeltec/wheeltec_ros2/install/wheeltec_mic_msg' for CMake module files
[4.269s] Level 1:colcon.colcon_core.environment:checking '/home/wheeltec/wheeltec_ros2/install/wheeltec_mic_msg' for CMake config files
[4.271s] Level 1:colcon.colcon_core.shell:create_environment_hook('wheeltec_mic_msg', 'cmake_prefix_path')
[4.271s] INFO:colcon.colcon_core.shell:Creating environment hook '/home/wheeltec/wheeltec_ros2/install/wheeltec_mic_msg/share/wheeltec_mic_msg/hook/cmake_prefix_path.ps1'
[4.273s] INFO:colcon.colcon_core.shell:Creating environment descriptor '/home/wheeltec/wheeltec_ros2/install/wheeltec_mic_msg/share/wheeltec_mic_msg/hook/cmake_prefix_path.dsv'
[4.274s] INFO:colcon.colcon_core.shell:Creating environment hook '/home/wheeltec/wheeltec_ros2/install/wheeltec_mic_msg/share/wheeltec_mic_msg/hook/cmake_prefix_path.sh'
[4.276s] Level 1:colcon.colcon_core.environment:checking '/home/wheeltec/wheeltec_ros2/install/wheeltec_mic_msg/lib'
[4.276s] Level 1:colcon.colcon_core.shell:create_environment_hook('wheeltec_mic_msg', 'ld_library_path_lib')
[4.276s] INFO:colcon.colcon_core.shell:Creating environment hook '/home/wheeltec/wheeltec_ros2/install/wheeltec_mic_msg/share/wheeltec_mic_msg/hook/ld_library_path_lib.ps1'
[4.277s] INFO:colcon.colcon_core.shell:Creating environment descriptor '/home/wheeltec/wheeltec_ros2/install/wheeltec_mic_msg/share/wheeltec_mic_msg/hook/ld_library_path_lib.dsv'
[4.278s] INFO:colcon.colcon_core.shell:Creating environment hook '/home/wheeltec/wheeltec_ros2/install/wheeltec_mic_msg/share/wheeltec_mic_msg/hook/ld_library_path_lib.sh'
[4.278s] Level 1:colcon.colcon_core.environment:checking '/home/wheeltec/wheeltec_ros2/install/wheeltec_mic_msg/bin'
[4.278s] Level 1:colcon.colcon_core.environment:checking '/home/wheeltec/wheeltec_ros2/install/wheeltec_mic_msg/lib/pkgconfig/wheeltec_mic_msg.pc'
[4.279s] Level 1:colcon.colcon_core.environment:checking '/home/wheeltec/wheeltec_ros2/install/wheeltec_mic_msg/lib/python3.10/site-packages'
[4.279s] Level 1:colcon.colcon_core.environment:checking '/home/wheeltec/wheeltec_ros2/install/wheeltec_mic_msg/bin'
[4.280s] INFO:colcon.colcon_core.shell:Creating package script '/home/wheeltec/wheeltec_ros2/install/wheeltec_mic_msg/share/wheeltec_mic_msg/package.ps1'
[4.282s] INFO:colcon.colcon_core.shell:Creating package descriptor '/home/wheeltec/wheeltec_ros2/install/wheeltec_mic_msg/share/wheeltec_mic_msg/package.dsv'
[4.284s] INFO:colcon.colcon_core.shell:Creating package script '/home/wheeltec/wheeltec_ros2/install/wheeltec_mic_msg/share/wheeltec_mic_msg/package.sh'
[4.285s] INFO:colcon.colcon_core.shell:Creating package script '/home/wheeltec/wheeltec_ros2/install/wheeltec_mic_msg/share/wheeltec_mic_msg/package.bash'
[4.287s] INFO:colcon.colcon_core.shell:Creating package script '/home/wheeltec/wheeltec_ros2/install/wheeltec_mic_msg/share/wheeltec_mic_msg/package.zsh'
[4.288s] Level 1:colcon.colcon_core.environment:create_file_with_runtime_dependencies(/home/wheeltec/wheeltec_ros2/install/wheeltec_mic_msg/share/colcon-core/packages/wheeltec_mic_msg)
[4.289s] Level 1:colcon.colcon_core.environment:create_environment_scripts_only(wheeltec_mic_msg)
[4.290s] Level 1:colcon.colcon_core.environment:checking '/home/wheeltec/wheeltec_ros2/install/wheeltec_mic_msg' for CMake module files
[4.291s] Level 1:colcon.colcon_core.environment:checking '/home/wheeltec/wheeltec_ros2/install/wheeltec_mic_msg' for CMake config files
[4.292s] Level 1:colcon.colcon_core.shell:create_environment_hook('wheeltec_mic_msg', 'cmake_prefix_path')
[4.293s] INFO:colcon.colcon_core.shell:Creating environment hook '/home/wheeltec/wheeltec_ros2/install/wheeltec_mic_msg/share/wheeltec_mic_msg/hook/cmake_prefix_path.ps1'
[4.294s] INFO:colcon.colcon_core.shell:Creating environment descriptor '/home/wheeltec/wheeltec_ros2/install/wheeltec_mic_msg/share/wheeltec_mic_msg/hook/cmake_prefix_path.dsv'
[4.295s] INFO:colcon.colcon_core.shell:Creating environment hook '/home/wheeltec/wheeltec_ros2/install/wheeltec_mic_msg/share/wheeltec_mic_msg/hook/cmake_prefix_path.sh'
[4.296s] Level 1:colcon.colcon_core.environment:checking '/home/wheeltec/wheeltec_ros2/install/wheeltec_mic_msg/lib'
[4.296s] Level 1:colcon.colcon_core.shell:create_environment_hook('wheeltec_mic_msg', 'ld_library_path_lib')
[4.297s] INFO:colcon.colcon_core.shell:Creating environment hook '/home/wheeltec/wheeltec_ros2/install/wheeltec_mic_msg/share/wheeltec_mic_msg/hook/ld_library_path_lib.ps1'
[4.298s] INFO:colcon.colcon_core.shell:Creating environment descriptor '/home/wheeltec/wheeltec_ros2/install/wheeltec_mic_msg/share/wheeltec_mic_msg/hook/ld_library_path_lib.dsv'
[4.298s] INFO:colcon.colcon_core.shell:Creating environment hook '/home/wheeltec/wheeltec_ros2/install/wheeltec_mic_msg/share/wheeltec_mic_msg/hook/ld_library_path_lib.sh'
[4.299s] Level 1:colcon.colcon_core.environment:checking '/home/wheeltec/wheeltec_ros2/install/wheeltec_mic_msg/bin'
[4.300s] Level 1:colcon.colcon_core.environment:checking '/home/wheeltec/wheeltec_ros2/install/wheeltec_mic_msg/lib/pkgconfig/wheeltec_mic_msg.pc'
[4.300s] Level 1:colcon.colcon_core.environment:checking '/home/wheeltec/wheeltec_ros2/install/wheeltec_mic_msg/lib/python3.10/site-packages'
[4.301s] Level 1:colcon.colcon_core.environment:checking '/home/wheeltec/wheeltec_ros2/install/wheeltec_mic_msg/bin'
[4.302s] INFO:colcon.colcon_core.shell:Creating package script '/home/wheeltec/wheeltec_ros2/install/wheeltec_mic_msg/share/wheeltec_mic_msg/package.ps1'
[4.303s] INFO:colcon.colcon_core.shell:Creating package descriptor '/home/wheeltec/wheeltec_ros2/install/wheeltec_mic_msg/share/wheeltec_mic_msg/package.dsv'
[4.304s] INFO:colcon.colcon_core.shell:Creating package script '/home/wheeltec/wheeltec_ros2/install/wheeltec_mic_msg/share/wheeltec_mic_msg/package.sh'
[4.305s] INFO:colcon.colcon_core.shell:Creating package script '/home/wheeltec/wheeltec_ros2/install/wheeltec_mic_msg/share/wheeltec_mic_msg/package.bash'
[4.306s] INFO:colcon.colcon_core.shell:Creating package script '/home/wheeltec/wheeltec_ros2/install/wheeltec_mic_msg/share/wheeltec_mic_msg/package.zsh'
[4.307s] Level 1:colcon.colcon_core.environment:create_file_with_runtime_dependencies(/home/wheeltec/wheeltec_ros2/install/wheeltec_mic_msg/share/colcon-core/packages/wheeltec_mic_msg)
[4.308s] DEBUG:colcon.colcon_parallel_executor.executor.parallel:closing loop
[4.308s] DEBUG:colcon.colcon_parallel_executor.executor.parallel:loop closed
[4.309s] DEBUG:colcon.colcon_parallel_executor.executor.parallel:run_until_complete finished with '0'
[4.309s] DEBUG:colcon.colcon_core.event_reactor:joining thread
[4.338s] INFO:colcon.colcon_core.plugin_system:Skipping extension 'colcon_notification.desktop_notification.terminal_notifier': Not used on non-Darwin systems
[4.339s] INFO:colcon.colcon_core.plugin_system:Skipping extension 'colcon_notification.desktop_notification.win32': Not used on non-Windows systems
[4.339s] INFO:colcon.colcon_notification.desktop_notification:Sending desktop notification using 'notify2'
[4.378s] DEBUG:colcon.colcon_core.event_reactor:joined thread
[4.379s] INFO:colcon.colcon_core.shell:Creating prefix script '/home/wheeltec/wheeltec_ros2/install/local_setup.ps1'
[4.382s] INFO:colcon.colcon_core.shell:Creating prefix util module '/home/wheeltec/wheeltec_ros2/install/_local_setup_util_ps1.py'
[4.385s] INFO:colcon.colcon_core.shell:Creating prefix chain script '/home/wheeltec/wheeltec_ros2/install/setup.ps1'
[4.421s] INFO:colcon.colcon_core.shell:Creating prefix script '/home/wheeltec/wheeltec_ros2/install/local_setup.sh'
[4.423s] INFO:colcon.colcon_core.shell:Creating prefix util module '/home/wheeltec/wheeltec_ros2/install/_local_setup_util_sh.py'
[4.424s] INFO:colcon.colcon_core.shell:Creating prefix chain script '/home/wheeltec/wheeltec_ros2/install/setup.sh'
[4.455s] INFO:colcon.colcon_core.shell:Creating prefix script '/home/wheeltec/wheeltec_ros2/install/local_setup.bash'
[4.456s] INFO:colcon.colcon_core.shell:Creating prefix chain script '/home/wheeltec/wheeltec_ros2/install/setup.bash'
[4.485s] INFO:colcon.colcon_core.shell:Creating prefix script '/home/wheeltec/wheeltec_ros2/install/local_setup.zsh'
[4.486s] INFO:colcon.colcon_core.shell:Creating prefix chain script '/home/wheeltec/wheeltec_ros2/install/setup.zsh'
