[0.312s] DEBUG:colcon:Command line arguments: ['/usr/bin/colcon', 'build', '--symlink-install', '--packages-select', 'wheeltec_robot_kcf']
[0.313s] DEBUG:colcon:Parsed command line arguments: Namespace(log_base=None, log_level=None, verb_name='build', build_base='build', install_base='install', merge_install=False, symlink_install=True, test_result_base=None, continue_on_error=False, executor='parallel', parallel_workers=6, event_handlers=None, ignore_user_meta=False, metas=['./colcon.meta'], base_paths=['.'], packages_ignore=None, packages_ignore_regex=None, paths=None, packages_up_to=None, packages_up_to_regex=None, packages_above=None, packages_above_and_dependencies=None, packages_above_depth=None, packages_select_by_dep=None, packages_skip_by_dep=None, packages_skip_up_to=None, packages_select_build_failed=False, packages_skip_build_finished=False, packages_select_test_failures=False, packages_skip_test_passed=False, packages_select=['wheeltec_robot_kcf'], packages_skip=None, packages_select_regex=None, packages_skip_regex=None, packages_start=None, packages_end=None, allow_overriding=[], cmake_args=None, cmake_target=None, cmake_target_skip_unavailable=False, cmake_clean_cache=False, cmake_clean_first=False, cmake_force_configure=False, ament_cmake_args=None, catkin_cmake_args=None, catkin_skip_building_tests=False, verb_parser=<colcon_defaults.argument_parser.defaults.DefaultArgumentsDecorator object at 0xffff8a3f61a0>, verb_extension=<colcon_core.verb.build.BuildVerb object at 0xffff8a3f5ae0>, main=<bound method BuildVerb.main of <colcon_core.verb.build.BuildVerb object at 0xffff8a3f5ae0>>)
[0.915s] Level 1:colcon.colcon_core.package_discovery:discover_packages(colcon_meta) check parameters
[0.915s] Level 1:colcon.colcon_core.package_discovery:discover_packages(recursive) check parameters
[0.915s] Level 1:colcon.colcon_core.package_discovery:discover_packages(ignore) check parameters
[0.915s] Level 1:colcon.colcon_core.package_discovery:discover_packages(path) check parameters
[0.916s] Level 1:colcon.colcon_core.package_discovery:discover_packages(colcon_meta) discover
[0.916s] Level 1:colcon.colcon_core.package_discovery:discover_packages(recursive) discover
[0.916s] INFO:colcon.colcon_core.package_discovery:Crawling recursively for packages in '/home/wheeltec/wheeltec_ros2'
[0.916s] Level 1:colcon.colcon_core.package_identification:_identify(.) by extensions ['ignore', 'ignore_ament_install']
[0.916s] Level 1:colcon.colcon_core.package_identification:_identify(.) by extension 'ignore'
[0.917s] Level 1:colcon.colcon_core.package_identification:_identify(.) by extension 'ignore_ament_install'
[0.917s] Level 1:colcon.colcon_core.package_identification:_identify(.) by extensions ['colcon_pkg']
[0.917s] Level 1:colcon.colcon_core.package_identification:_identify(.) by extension 'colcon_pkg'
[0.917s] Level 1:colcon.colcon_core.package_identification:_identify(.) by extensions ['colcon_meta']
[0.917s] Level 1:colcon.colcon_core.package_identification:_identify(.) by extension 'colcon_meta'
[0.917s] Level 1:colcon.colcon_core.package_identification:_identify(.) by extensions ['ros']
[0.917s] Level 1:colcon.colcon_core.package_identification:_identify(.) by extension 'ros'
[0.968s] Level 1:colcon.colcon_core.package_identification:_identify(.) by extensions ['cmake', 'python']
[0.969s] Level 1:colcon.colcon_core.package_identification:_identify(.) by extension 'cmake'
[0.969s] Level 1:colcon.colcon_core.package_identification:_identify(.) by extension 'python'
[0.969s] Level 1:colcon.colcon_core.package_identification:_identify(.) by extensions ['python_setup_py']
[0.969s] Level 1:colcon.colcon_core.package_identification:_identify(.) by extension 'python_setup_py'
[0.969s] Level 1:colcon.colcon_core.package_identification:_identify(build) by extensions ['ignore', 'ignore_ament_install']
[0.970s] Level 1:colcon.colcon_core.package_identification:_identify(build) by extension 'ignore'
[0.970s] Level 1:colcon.colcon_core.package_identification:_identify(build) ignored
[0.970s] Level 1:colcon.colcon_core.package_identification:_identify(install) by extensions ['ignore', 'ignore_ament_install']
[0.970s] Level 1:colcon.colcon_core.package_identification:_identify(install) by extension 'ignore'
[0.970s] Level 1:colcon.colcon_core.package_identification:_identify(install) ignored
[0.971s] Level 1:colcon.colcon_core.package_identification:_identify(log) by extensions ['ignore', 'ignore_ament_install']
[0.971s] Level 1:colcon.colcon_core.package_identification:_identify(log) by extension 'ignore'
[0.971s] Level 1:colcon.colcon_core.package_identification:_identify(log) ignored
[0.971s] Level 1:colcon.colcon_core.package_identification:_identify(src) by extensions ['ignore', 'ignore_ament_install']
[0.971s] Level 1:colcon.colcon_core.package_identification:_identify(src) by extension 'ignore'
[0.971s] Level 1:colcon.colcon_core.package_identification:_identify(src) by extension 'ignore_ament_install'
[0.972s] Level 1:colcon.colcon_core.package_identification:_identify(src) by extensions ['colcon_pkg']
[0.972s] Level 1:colcon.colcon_core.package_identification:_identify(src) by extension 'colcon_pkg'
[0.972s] Level 1:colcon.colcon_core.package_identification:_identify(src) by extensions ['colcon_meta']
[0.972s] Level 1:colcon.colcon_core.package_identification:_identify(src) by extension 'colcon_meta'
[0.972s] Level 1:colcon.colcon_core.package_identification:_identify(src) by extensions ['ros']
[0.972s] Level 1:colcon.colcon_core.package_identification:_identify(src) by extension 'ros'
[0.972s] Level 1:colcon.colcon_core.package_identification:_identify(src) by extensions ['cmake', 'python']
[0.972s] Level 1:colcon.colcon_core.package_identification:_identify(src) by extension 'cmake'
[0.972s] Level 1:colcon.colcon_core.package_identification:_identify(src) by extension 'python'
[0.972s] Level 1:colcon.colcon_core.package_identification:_identify(src) by extensions ['python_setup_py']
[0.972s] Level 1:colcon.colcon_core.package_identification:_identify(src) by extension 'python_setup_py'
[0.973s] Level 1:colcon.colcon_core.package_identification:_identify(src/aruco_ros-humble-devel) by extensions ['ignore', 'ignore_ament_install']
[0.973s] Level 1:colcon.colcon_core.package_identification:_identify(src/aruco_ros-humble-devel) by extension 'ignore'
[0.973s] Level 1:colcon.colcon_core.package_identification:_identify(src/aruco_ros-humble-devel) by extension 'ignore_ament_install'
[0.973s] Level 1:colcon.colcon_core.package_identification:_identify(src/aruco_ros-humble-devel) by extensions ['colcon_pkg']
[0.973s] Level 1:colcon.colcon_core.package_identification:_identify(src/aruco_ros-humble-devel) by extension 'colcon_pkg'
[0.973s] Level 1:colcon.colcon_core.package_identification:_identify(src/aruco_ros-humble-devel) by extensions ['colcon_meta']
[0.973s] Level 1:colcon.colcon_core.package_identification:_identify(src/aruco_ros-humble-devel) by extension 'colcon_meta'
[0.973s] Level 1:colcon.colcon_core.package_identification:_identify(src/aruco_ros-humble-devel) by extensions ['ros']
[0.973s] Level 1:colcon.colcon_core.package_identification:_identify(src/aruco_ros-humble-devel) by extension 'ros'
[0.974s] Level 1:colcon.colcon_core.package_identification:_identify(src/aruco_ros-humble-devel) by extensions ['cmake', 'python']
[0.974s] Level 1:colcon.colcon_core.package_identification:_identify(src/aruco_ros-humble-devel) by extension 'cmake'
[0.974s] Level 1:colcon.colcon_core.package_identification:_identify(src/aruco_ros-humble-devel) by extension 'python'
[0.974s] Level 1:colcon.colcon_core.package_identification:_identify(src/aruco_ros-humble-devel) by extensions ['python_setup_py']
[0.974s] Level 1:colcon.colcon_core.package_identification:_identify(src/aruco_ros-humble-devel) by extension 'python_setup_py'
[0.974s] Level 1:colcon.colcon_core.package_identification:_identify(src/aruco_ros-humble-devel/aruco) by extensions ['ignore', 'ignore_ament_install']
[0.974s] Level 1:colcon.colcon_core.package_identification:_identify(src/aruco_ros-humble-devel/aruco) by extension 'ignore'
[0.974s] Level 1:colcon.colcon_core.package_identification:_identify(src/aruco_ros-humble-devel/aruco) by extension 'ignore_ament_install'
[0.974s] Level 1:colcon.colcon_core.package_identification:_identify(src/aruco_ros-humble-devel/aruco) by extensions ['colcon_pkg']
[0.974s] Level 1:colcon.colcon_core.package_identification:_identify(src/aruco_ros-humble-devel/aruco) by extension 'colcon_pkg'
[0.975s] Level 1:colcon.colcon_core.package_identification:_identify(src/aruco_ros-humble-devel/aruco) by extensions ['colcon_meta']
[0.975s] Level 1:colcon.colcon_core.package_identification:_identify(src/aruco_ros-humble-devel/aruco) by extension 'colcon_meta'
[0.975s] Level 1:colcon.colcon_core.package_identification:_identify(src/aruco_ros-humble-devel/aruco) by extensions ['ros']
[0.975s] Level 1:colcon.colcon_core.package_identification:_identify(src/aruco_ros-humble-devel/aruco) by extension 'ros'
[0.981s] DEBUG:colcon.colcon_core.package_identification:Package 'src/aruco_ros-humble-devel/aruco' with type 'ros.ament_cmake' and name 'aruco'
[0.981s] Level 1:colcon.colcon_core.package_identification:_identify(src/aruco_ros-humble-devel/aruco_msgs) by extensions ['ignore', 'ignore_ament_install']
[0.982s] Level 1:colcon.colcon_core.package_identification:_identify(src/aruco_ros-humble-devel/aruco_msgs) by extension 'ignore'
[0.982s] Level 1:colcon.colcon_core.package_identification:_identify(src/aruco_ros-humble-devel/aruco_msgs) by extension 'ignore_ament_install'
[0.982s] Level 1:colcon.colcon_core.package_identification:_identify(src/aruco_ros-humble-devel/aruco_msgs) by extensions ['colcon_pkg']
[0.982s] Level 1:colcon.colcon_core.package_identification:_identify(src/aruco_ros-humble-devel/aruco_msgs) by extension 'colcon_pkg'
[0.982s] Level 1:colcon.colcon_core.package_identification:_identify(src/aruco_ros-humble-devel/aruco_msgs) by extensions ['colcon_meta']
[0.982s] Level 1:colcon.colcon_core.package_identification:_identify(src/aruco_ros-humble-devel/aruco_msgs) by extension 'colcon_meta'
[0.982s] Level 1:colcon.colcon_core.package_identification:_identify(src/aruco_ros-humble-devel/aruco_msgs) by extensions ['ros']
[0.982s] Level 1:colcon.colcon_core.package_identification:_identify(src/aruco_ros-humble-devel/aruco_msgs) by extension 'ros'
[0.984s] DEBUG:colcon.colcon_core.package_identification:Package 'src/aruco_ros-humble-devel/aruco_msgs' with type 'ros.ament_cmake' and name 'aruco_msgs'
[0.984s] Level 1:colcon.colcon_core.package_identification:_identify(src/aruco_ros-humble-devel/aruco_ros) by extensions ['ignore', 'ignore_ament_install']
[0.984s] Level 1:colcon.colcon_core.package_identification:_identify(src/aruco_ros-humble-devel/aruco_ros) by extension 'ignore'
[0.984s] Level 1:colcon.colcon_core.package_identification:_identify(src/aruco_ros-humble-devel/aruco_ros) by extension 'ignore_ament_install'
[0.984s] Level 1:colcon.colcon_core.package_identification:_identify(src/aruco_ros-humble-devel/aruco_ros) by extensions ['colcon_pkg']
[0.985s] Level 1:colcon.colcon_core.package_identification:_identify(src/aruco_ros-humble-devel/aruco_ros) by extension 'colcon_pkg'
[0.985s] Level 1:colcon.colcon_core.package_identification:_identify(src/aruco_ros-humble-devel/aruco_ros) by extensions ['colcon_meta']
[0.985s] Level 1:colcon.colcon_core.package_identification:_identify(src/aruco_ros-humble-devel/aruco_ros) by extension 'colcon_meta'
[0.985s] Level 1:colcon.colcon_core.package_identification:_identify(src/aruco_ros-humble-devel/aruco_ros) by extensions ['ros']
[0.985s] Level 1:colcon.colcon_core.package_identification:_identify(src/aruco_ros-humble-devel/aruco_ros) by extension 'ros'
[0.987s] DEBUG:colcon.colcon_core.package_identification:Package 'src/aruco_ros-humble-devel/aruco_ros' with type 'ros.ament_cmake' and name 'aruco_ros'
[0.987s] Level 1:colcon.colcon_core.package_identification:_identify(src/auto_recharge_ros2) by extensions ['ignore', 'ignore_ament_install']
[0.987s] Level 1:colcon.colcon_core.package_identification:_identify(src/auto_recharge_ros2) by extension 'ignore'
[0.988s] Level 1:colcon.colcon_core.package_identification:_identify(src/auto_recharge_ros2) by extension 'ignore_ament_install'
[0.988s] Level 1:colcon.colcon_core.package_identification:_identify(src/auto_recharge_ros2) by extensions ['colcon_pkg']
[0.988s] Level 1:colcon.colcon_core.package_identification:_identify(src/auto_recharge_ros2) by extension 'colcon_pkg'
[0.988s] Level 1:colcon.colcon_core.package_identification:_identify(src/auto_recharge_ros2) by extensions ['colcon_meta']
[0.988s] Level 1:colcon.colcon_core.package_identification:_identify(src/auto_recharge_ros2) by extension 'colcon_meta'
[0.988s] Level 1:colcon.colcon_core.package_identification:_identify(src/auto_recharge_ros2) by extensions ['ros']
[0.988s] Level 1:colcon.colcon_core.package_identification:_identify(src/auto_recharge_ros2) by extension 'ros'
[0.990s] DEBUG:colcon.colcon_core.package_identification:Package 'src/auto_recharge_ros2' with type 'ros.ament_python' and name 'auto_recharge_ros2'
[0.990s] Level 1:colcon.colcon_core.package_identification:_identify(src/data) by extensions ['ignore', 'ignore_ament_install']
[0.990s] Level 1:colcon.colcon_core.package_identification:_identify(src/data) by extension 'ignore'
[0.990s] Level 1:colcon.colcon_core.package_identification:_identify(src/data) by extension 'ignore_ament_install'
[0.990s] Level 1:colcon.colcon_core.package_identification:_identify(src/data) by extensions ['colcon_pkg']
[0.990s] Level 1:colcon.colcon_core.package_identification:_identify(src/data) by extension 'colcon_pkg'
[0.990s] Level 1:colcon.colcon_core.package_identification:_identify(src/data) by extensions ['colcon_meta']
[0.991s] Level 1:colcon.colcon_core.package_identification:_identify(src/data) by extension 'colcon_meta'
[0.991s] Level 1:colcon.colcon_core.package_identification:_identify(src/data) by extensions ['ros']
[0.991s] Level 1:colcon.colcon_core.package_identification:_identify(src/data) by extension 'ros'
[0.991s] Level 1:colcon.colcon_core.package_identification:_identify(src/data) by extensions ['cmake', 'python']
[0.991s] Level 1:colcon.colcon_core.package_identification:_identify(src/data) by extension 'cmake'
[0.991s] Level 1:colcon.colcon_core.package_identification:_identify(src/data) by extension 'python'
[0.991s] Level 1:colcon.colcon_core.package_identification:_identify(src/data) by extensions ['python_setup_py']
[0.991s] Level 1:colcon.colcon_core.package_identification:_identify(src/data) by extension 'python_setup_py'
[0.991s] Level 1:colcon.colcon_core.package_identification:_identify(src/data/LEGO-LOAM) by extensions ['ignore', 'ignore_ament_install']
[0.991s] Level 1:colcon.colcon_core.package_identification:_identify(src/data/LEGO-LOAM) by extension 'ignore'
[0.992s] Level 1:colcon.colcon_core.package_identification:_identify(src/data/LEGO-LOAM) by extension 'ignore_ament_install'
[0.992s] Level 1:colcon.colcon_core.package_identification:_identify(src/data/LEGO-LOAM) by extensions ['colcon_pkg']
[0.992s] Level 1:colcon.colcon_core.package_identification:_identify(src/data/LEGO-LOAM) by extension 'colcon_pkg'
[0.992s] Level 1:colcon.colcon_core.package_identification:_identify(src/data/LEGO-LOAM) by extensions ['colcon_meta']
[0.992s] Level 1:colcon.colcon_core.package_identification:_identify(src/data/LEGO-LOAM) by extension 'colcon_meta'
[0.992s] Level 1:colcon.colcon_core.package_identification:_identify(src/data/LEGO-LOAM) by extensions ['ros']
[0.992s] Level 1:colcon.colcon_core.package_identification:_identify(src/data/LEGO-LOAM) by extension 'ros'
[0.992s] Level 1:colcon.colcon_core.package_identification:_identify(src/data/LEGO-LOAM) by extensions ['cmake', 'python']
[0.992s] Level 1:colcon.colcon_core.package_identification:_identify(src/data/LEGO-LOAM) by extension 'cmake'
[0.992s] Level 1:colcon.colcon_core.package_identification:_identify(src/data/LEGO-LOAM) by extension 'python'
[0.992s] Level 1:colcon.colcon_core.package_identification:_identify(src/data/LEGO-LOAM) by extensions ['python_setup_py']
[0.992s] Level 1:colcon.colcon_core.package_identification:_identify(src/data/LEGO-LOAM) by extension 'python_setup_py'
[0.993s] Level 1:colcon.colcon_core.package_identification:_identify(src/data/LIO-SAM) by extensions ['ignore', 'ignore_ament_install']
[0.993s] Level 1:colcon.colcon_core.package_identification:_identify(src/data/LIO-SAM) by extension 'ignore'
[0.993s] Level 1:colcon.colcon_core.package_identification:_identify(src/data/LIO-SAM) by extension 'ignore_ament_install'
[0.993s] Level 1:colcon.colcon_core.package_identification:_identify(src/data/LIO-SAM) by extensions ['colcon_pkg']
[0.993s] Level 1:colcon.colcon_core.package_identification:_identify(src/data/LIO-SAM) by extension 'colcon_pkg'
[0.993s] Level 1:colcon.colcon_core.package_identification:_identify(src/data/LIO-SAM) by extensions ['colcon_meta']
[0.993s] Level 1:colcon.colcon_core.package_identification:_identify(src/data/LIO-SAM) by extension 'colcon_meta'
[0.993s] Level 1:colcon.colcon_core.package_identification:_identify(src/data/LIO-SAM) by extensions ['ros']
[0.993s] Level 1:colcon.colcon_core.package_identification:_identify(src/data/LIO-SAM) by extension 'ros'
[0.993s] Level 1:colcon.colcon_core.package_identification:_identify(src/data/LIO-SAM) by extensions ['cmake', 'python']
[0.994s] Level 1:colcon.colcon_core.package_identification:_identify(src/data/LIO-SAM) by extension 'cmake'
[0.994s] Level 1:colcon.colcon_core.package_identification:_identify(src/data/LIO-SAM) by extension 'python'
[0.994s] Level 1:colcon.colcon_core.package_identification:_identify(src/data/LIO-SAM) by extensions ['python_setup_py']
[0.994s] Level 1:colcon.colcon_core.package_identification:_identify(src/data/LIO-SAM) by extension 'python_setup_py'
[0.994s] Level 1:colcon.colcon_core.package_identification:_identify(src/data/cartographer) by extensions ['ignore', 'ignore_ament_install']
[0.994s] Level 1:colcon.colcon_core.package_identification:_identify(src/data/cartographer) by extension 'ignore'
[0.994s] Level 1:colcon.colcon_core.package_identification:_identify(src/data/cartographer) by extension 'ignore_ament_install'
[0.994s] Level 1:colcon.colcon_core.package_identification:_identify(src/data/cartographer) by extensions ['colcon_pkg']
[0.994s] Level 1:colcon.colcon_core.package_identification:_identify(src/data/cartographer) by extension 'colcon_pkg'
[0.994s] Level 1:colcon.colcon_core.package_identification:_identify(src/data/cartographer) by extensions ['colcon_meta']
[0.994s] Level 1:colcon.colcon_core.package_identification:_identify(src/data/cartographer) by extension 'colcon_meta'
[0.995s] Level 1:colcon.colcon_core.package_identification:_identify(src/data/cartographer) by extensions ['ros']
[0.995s] Level 1:colcon.colcon_core.package_identification:_identify(src/data/cartographer) by extension 'ros'
[0.995s] Level 1:colcon.colcon_core.package_identification:_identify(src/data/cartographer) by extensions ['cmake', 'python']
[0.995s] Level 1:colcon.colcon_core.package_identification:_identify(src/data/cartographer) by extension 'cmake'
[0.995s] Level 1:colcon.colcon_core.package_identification:_identify(src/data/cartographer) by extension 'python'
[0.995s] Level 1:colcon.colcon_core.package_identification:_identify(src/data/cartographer) by extensions ['python_setup_py']
[0.995s] Level 1:colcon.colcon_core.package_identification:_identify(src/data/cartographer) by extension 'python_setup_py'
[0.995s] Level 1:colcon.colcon_core.package_identification:_identify(src/data/cartographer/carto_map) by extensions ['ignore', 'ignore_ament_install']
[0.995s] Level 1:colcon.colcon_core.package_identification:_identify(src/data/cartographer/carto_map) by extension 'ignore'
[0.995s] Level 1:colcon.colcon_core.package_identification:_identify(src/data/cartographer/carto_map) by extension 'ignore_ament_install'
[0.996s] Level 1:colcon.colcon_core.package_identification:_identify(src/data/cartographer/carto_map) by extensions ['colcon_pkg']
[0.996s] Level 1:colcon.colcon_core.package_identification:_identify(src/data/cartographer/carto_map) by extension 'colcon_pkg'
[0.996s] Level 1:colcon.colcon_core.package_identification:_identify(src/data/cartographer/carto_map) by extensions ['colcon_meta']
[0.996s] Level 1:colcon.colcon_core.package_identification:_identify(src/data/cartographer/carto_map) by extension 'colcon_meta'
[0.996s] Level 1:colcon.colcon_core.package_identification:_identify(src/data/cartographer/carto_map) by extensions ['ros']
[0.996s] Level 1:colcon.colcon_core.package_identification:_identify(src/data/cartographer/carto_map) by extension 'ros'
[0.996s] Level 1:colcon.colcon_core.package_identification:_identify(src/data/cartographer/carto_map) by extensions ['cmake', 'python']
[0.996s] Level 1:colcon.colcon_core.package_identification:_identify(src/data/cartographer/carto_map) by extension 'cmake'
[0.996s] Level 1:colcon.colcon_core.package_identification:_identify(src/data/cartographer/carto_map) by extension 'python'
[0.996s] Level 1:colcon.colcon_core.package_identification:_identify(src/data/cartographer/carto_map) by extensions ['python_setup_py']
[0.996s] Level 1:colcon.colcon_core.package_identification:_identify(src/data/cartographer/carto_map) by extension 'python_setup_py'
[0.997s] Level 1:colcon.colcon_core.package_identification:_identify(src/depend) by extensions ['ignore', 'ignore_ament_install']
[0.997s] Level 1:colcon.colcon_core.package_identification:_identify(src/depend) by extension 'ignore'
[0.997s] Level 1:colcon.colcon_core.package_identification:_identify(src/depend) by extension 'ignore_ament_install'
[0.997s] Level 1:colcon.colcon_core.package_identification:_identify(src/depend) by extensions ['colcon_pkg']
[0.997s] Level 1:colcon.colcon_core.package_identification:_identify(src/depend) by extension 'colcon_pkg'
[0.997s] Level 1:colcon.colcon_core.package_identification:_identify(src/depend) by extensions ['colcon_meta']
[0.997s] Level 1:colcon.colcon_core.package_identification:_identify(src/depend) by extension 'colcon_meta'
[0.997s] Level 1:colcon.colcon_core.package_identification:_identify(src/depend) by extensions ['ros']
[0.997s] Level 1:colcon.colcon_core.package_identification:_identify(src/depend) by extension 'ros'
[0.997s] Level 1:colcon.colcon_core.package_identification:_identify(src/depend) by extensions ['cmake', 'python']
[0.997s] Level 1:colcon.colcon_core.package_identification:_identify(src/depend) by extension 'cmake'
[0.997s] Level 1:colcon.colcon_core.package_identification:_identify(src/depend) by extension 'python'
[0.998s] Level 1:colcon.colcon_core.package_identification:_identify(src/depend) by extensions ['python_setup_py']
[0.998s] Level 1:colcon.colcon_core.package_identification:_identify(src/depend) by extension 'python_setup_py'
[0.998s] Level 1:colcon.colcon_core.package_identification:_identify(src/depend/ackermann_msgs-ros2) by extensions ['ignore', 'ignore_ament_install']
[0.998s] Level 1:colcon.colcon_core.package_identification:_identify(src/depend/ackermann_msgs-ros2) by extension 'ignore'
[0.998s] Level 1:colcon.colcon_core.package_identification:_identify(src/depend/ackermann_msgs-ros2) by extension 'ignore_ament_install'
[0.998s] Level 1:colcon.colcon_core.package_identification:_identify(src/depend/ackermann_msgs-ros2) by extensions ['colcon_pkg']
[0.998s] Level 1:colcon.colcon_core.package_identification:_identify(src/depend/ackermann_msgs-ros2) by extension 'colcon_pkg'
[0.998s] Level 1:colcon.colcon_core.package_identification:_identify(src/depend/ackermann_msgs-ros2) by extensions ['colcon_meta']
[0.998s] Level 1:colcon.colcon_core.package_identification:_identify(src/depend/ackermann_msgs-ros2) by extension 'colcon_meta'
[0.998s] Level 1:colcon.colcon_core.package_identification:_identify(src/depend/ackermann_msgs-ros2) by extensions ['ros']
[0.998s] Level 1:colcon.colcon_core.package_identification:_identify(src/depend/ackermann_msgs-ros2) by extension 'ros'
[1.000s] DEBUG:colcon.colcon_core.package_identification:Package 'src/depend/ackermann_msgs-ros2' with type 'ros.ament_cmake' and name 'ackermann_msgs'
[1.000s] Level 1:colcon.colcon_core.package_identification:_identify(src/depend/serial_ros2) by extensions ['ignore', 'ignore_ament_install']
[1.000s] Level 1:colcon.colcon_core.package_identification:_identify(src/depend/serial_ros2) by extension 'ignore'
[1.000s] Level 1:colcon.colcon_core.package_identification:_identify(src/depend/serial_ros2) by extension 'ignore_ament_install'
[1.000s] Level 1:colcon.colcon_core.package_identification:_identify(src/depend/serial_ros2) by extensions ['colcon_pkg']
[1.000s] Level 1:colcon.colcon_core.package_identification:_identify(src/depend/serial_ros2) by extension 'colcon_pkg'
[1.000s] Level 1:colcon.colcon_core.package_identification:_identify(src/depend/serial_ros2) by extensions ['colcon_meta']
[1.000s] Level 1:colcon.colcon_core.package_identification:_identify(src/depend/serial_ros2) by extension 'colcon_meta'
[1.000s] Level 1:colcon.colcon_core.package_identification:_identify(src/depend/serial_ros2) by extensions ['ros']
[1.000s] Level 1:colcon.colcon_core.package_identification:_identify(src/depend/serial_ros2) by extension 'ros'
[1.002s] DEBUG:colcon.colcon_core.package_identification:Package 'src/depend/serial_ros2' with type 'ros.ament_cmake' and name 'serial'
[1.002s] Level 1:colcon.colcon_core.package_identification:_identify(src/depend/tf2_tools) by extensions ['ignore', 'ignore_ament_install']
[1.002s] Level 1:colcon.colcon_core.package_identification:_identify(src/depend/tf2_tools) by extension 'ignore'
[1.002s] Level 1:colcon.colcon_core.package_identification:_identify(src/depend/tf2_tools) by extension 'ignore_ament_install'
[1.002s] Level 1:colcon.colcon_core.package_identification:_identify(src/depend/tf2_tools) by extensions ['colcon_pkg']
[1.002s] Level 1:colcon.colcon_core.package_identification:_identify(src/depend/tf2_tools) by extension 'colcon_pkg'
[1.003s] Level 1:colcon.colcon_core.package_identification:_identify(src/depend/tf2_tools) by extensions ['colcon_meta']
[1.003s] Level 1:colcon.colcon_core.package_identification:_identify(src/depend/tf2_tools) by extension 'colcon_meta'
[1.003s] Level 1:colcon.colcon_core.package_identification:_identify(src/depend/tf2_tools) by extensions ['ros']
[1.003s] Level 1:colcon.colcon_core.package_identification:_identify(src/depend/tf2_tools) by extension 'ros'
[1.004s] DEBUG:colcon.colcon_core.package_identification:Package 'src/depend/tf2_tools' with type 'ros.ament_python' and name 'tf2_tools'
[1.004s] Level 1:colcon.colcon_core.package_identification:_identify(src/interfaces) by extensions ['ignore', 'ignore_ament_install']
[1.004s] Level 1:colcon.colcon_core.package_identification:_identify(src/interfaces) by extension 'ignore'
[1.004s] Level 1:colcon.colcon_core.package_identification:_identify(src/interfaces) by extension 'ignore_ament_install'
[1.004s] Level 1:colcon.colcon_core.package_identification:_identify(src/interfaces) by extensions ['colcon_pkg']
[1.004s] Level 1:colcon.colcon_core.package_identification:_identify(src/interfaces) by extension 'colcon_pkg'
[1.004s] Level 1:colcon.colcon_core.package_identification:_identify(src/interfaces) by extensions ['colcon_meta']
[1.004s] Level 1:colcon.colcon_core.package_identification:_identify(src/interfaces) by extension 'colcon_meta'
[1.005s] Level 1:colcon.colcon_core.package_identification:_identify(src/interfaces) by extensions ['ros']
[1.005s] Level 1:colcon.colcon_core.package_identification:_identify(src/interfaces) by extension 'ros'
[1.006s] DEBUG:colcon.colcon_core.package_identification:Package 'src/interfaces' with type 'ros.ament_cmake' and name 'interfaces'
[1.006s] Level 1:colcon.colcon_core.package_identification:_identify(src/largemodel) by extensions ['ignore', 'ignore_ament_install']
[1.006s] Level 1:colcon.colcon_core.package_identification:_identify(src/largemodel) by extension 'ignore'
[1.006s] Level 1:colcon.colcon_core.package_identification:_identify(src/largemodel) by extension 'ignore_ament_install'
[1.006s] Level 1:colcon.colcon_core.package_identification:_identify(src/largemodel) by extensions ['colcon_pkg']
[1.006s] Level 1:colcon.colcon_core.package_identification:_identify(src/largemodel) by extension 'colcon_pkg'
[1.006s] Level 1:colcon.colcon_core.package_identification:_identify(src/largemodel) by extensions ['colcon_meta']
[1.006s] Level 1:colcon.colcon_core.package_identification:_identify(src/largemodel) by extension 'colcon_meta'
[1.007s] Level 1:colcon.colcon_core.package_identification:_identify(src/largemodel) by extensions ['ros']
[1.007s] Level 1:colcon.colcon_core.package_identification:_identify(src/largemodel) by extension 'ros'
[1.007s] DEBUG:colcon.colcon_core.package_identification:Package 'src/largemodel' with type 'ros.ament_python' and name 'largemodel'
[1.008s] Level 1:colcon.colcon_core.package_identification:_identify(src/nav2_waypoint_cycle) by extensions ['ignore', 'ignore_ament_install']
[1.008s] Level 1:colcon.colcon_core.package_identification:_identify(src/nav2_waypoint_cycle) by extension 'ignore'
[1.008s] Level 1:colcon.colcon_core.package_identification:_identify(src/nav2_waypoint_cycle) by extension 'ignore_ament_install'
[1.008s] Level 1:colcon.colcon_core.package_identification:_identify(src/nav2_waypoint_cycle) by extensions ['colcon_pkg']
[1.008s] Level 1:colcon.colcon_core.package_identification:_identify(src/nav2_waypoint_cycle) by extension 'colcon_pkg'
[1.008s] Level 1:colcon.colcon_core.package_identification:_identify(src/nav2_waypoint_cycle) by extensions ['colcon_meta']
[1.008s] Level 1:colcon.colcon_core.package_identification:_identify(src/nav2_waypoint_cycle) by extension 'colcon_meta'
[1.008s] Level 1:colcon.colcon_core.package_identification:_identify(src/nav2_waypoint_cycle) by extensions ['ros']
[1.008s] Level 1:colcon.colcon_core.package_identification:_identify(src/nav2_waypoint_cycle) by extension 'ros'
[1.010s] DEBUG:colcon.colcon_core.package_identification:Package 'src/nav2_waypoint_cycle' with type 'ros.ament_python' and name 'nav2_waypoint_cycle'
[1.010s] Level 1:colcon.colcon_core.package_identification:_identify(src/navigation2-humble) by extensions ['ignore', 'ignore_ament_install']
[1.010s] Level 1:colcon.colcon_core.package_identification:_identify(src/navigation2-humble) by extension 'ignore'
[1.010s] Level 1:colcon.colcon_core.package_identification:_identify(src/navigation2-humble) by extension 'ignore_ament_install'
[1.010s] Level 1:colcon.colcon_core.package_identification:_identify(src/navigation2-humble) by extensions ['colcon_pkg']
[1.010s] Level 1:colcon.colcon_core.package_identification:_identify(src/navigation2-humble) by extension 'colcon_pkg'
[1.010s] Level 1:colcon.colcon_core.package_identification:_identify(src/navigation2-humble) by extensions ['colcon_meta']
[1.010s] Level 1:colcon.colcon_core.package_identification:_identify(src/navigation2-humble) by extension 'colcon_meta'
[1.011s] Level 1:colcon.colcon_core.package_identification:_identify(src/navigation2-humble) by extensions ['ros']
[1.011s] Level 1:colcon.colcon_core.package_identification:_identify(src/navigation2-humble) by extension 'ros'
[1.011s] Level 1:colcon.colcon_core.package_identification:_identify(src/navigation2-humble) by extensions ['cmake', 'python']
[1.011s] Level 1:colcon.colcon_core.package_identification:_identify(src/navigation2-humble) by extension 'cmake'
[1.011s] Level 1:colcon.colcon_core.package_identification:_identify(src/navigation2-humble) by extension 'python'
[1.011s] Level 1:colcon.colcon_core.package_identification:_identify(src/navigation2-humble) by extensions ['python_setup_py']
[1.011s] Level 1:colcon.colcon_core.package_identification:_identify(src/navigation2-humble) by extension 'python_setup_py'
[1.011s] Level 1:colcon.colcon_core.package_identification:_identify(src/navigation2-humble/doc) by extensions ['ignore', 'ignore_ament_install']
[1.011s] Level 1:colcon.colcon_core.package_identification:_identify(src/navigation2-humble/doc) by extension 'ignore'
[1.011s] Level 1:colcon.colcon_core.package_identification:_identify(src/navigation2-humble/doc) by extension 'ignore_ament_install'
[1.012s] Level 1:colcon.colcon_core.package_identification:_identify(src/navigation2-humble/doc) by extensions ['colcon_pkg']
[1.012s] Level 1:colcon.colcon_core.package_identification:_identify(src/navigation2-humble/doc) by extension 'colcon_pkg'
[1.012s] Level 1:colcon.colcon_core.package_identification:_identify(src/navigation2-humble/doc) by extensions ['colcon_meta']
[1.012s] Level 1:colcon.colcon_core.package_identification:_identify(src/navigation2-humble/doc) by extension 'colcon_meta'
[1.012s] Level 1:colcon.colcon_core.package_identification:_identify(src/navigation2-humble/doc) by extensions ['ros']
[1.012s] Level 1:colcon.colcon_core.package_identification:_identify(src/navigation2-humble/doc) by extension 'ros'
[1.012s] Level 1:colcon.colcon_core.package_identification:_identify(src/navigation2-humble/doc) by extensions ['cmake', 'python']
[1.012s] Level 1:colcon.colcon_core.package_identification:_identify(src/navigation2-humble/doc) by extension 'cmake'
[1.012s] Level 1:colcon.colcon_core.package_identification:_identify(src/navigation2-humble/doc) by extension 'python'
[1.012s] Level 1:colcon.colcon_core.package_identification:_identify(src/navigation2-humble/doc) by extensions ['python_setup_py']
[1.012s] Level 1:colcon.colcon_core.package_identification:_identify(src/navigation2-humble/doc) by extension 'python_setup_py'
[1.012s] Level 1:colcon.colcon_core.package_identification:_identify(src/navigation2-humble/doc/architecture) by extensions ['ignore', 'ignore_ament_install']
[1.013s] Level 1:colcon.colcon_core.package_identification:_identify(src/navigation2-humble/doc/architecture) by extension 'ignore'
[1.013s] Level 1:colcon.colcon_core.package_identification:_identify(src/navigation2-humble/doc/architecture) by extension 'ignore_ament_install'
[1.013s] Level 1:colcon.colcon_core.package_identification:_identify(src/navigation2-humble/doc/architecture) by extensions ['colcon_pkg']
[1.013s] Level 1:colcon.colcon_core.package_identification:_identify(src/navigation2-humble/doc/architecture) by extension 'colcon_pkg'
[1.013s] Level 1:colcon.colcon_core.package_identification:_identify(src/navigation2-humble/doc/architecture) by extensions ['colcon_meta']
[1.013s] Level 1:colcon.colcon_core.package_identification:_identify(src/navigation2-humble/doc/architecture) by extension 'colcon_meta'
[1.013s] Level 1:colcon.colcon_core.package_identification:_identify(src/navigation2-humble/doc/architecture) by extensions ['ros']
[1.013s] Level 1:colcon.colcon_core.package_identification:_identify(src/navigation2-humble/doc/architecture) by extension 'ros'
[1.013s] Level 1:colcon.colcon_core.package_identification:_identify(src/navigation2-humble/doc/architecture) by extensions ['cmake', 'python']
[1.013s] Level 1:colcon.colcon_core.package_identification:_identify(src/navigation2-humble/doc/architecture) by extension 'cmake'
[1.013s] Level 1:colcon.colcon_core.package_identification:_identify(src/navigation2-humble/doc/architecture) by extension 'python'
[1.013s] Level 1:colcon.colcon_core.package_identification:_identify(src/navigation2-humble/doc/architecture) by extensions ['python_setup_py']
[1.014s] Level 1:colcon.colcon_core.package_identification:_identify(src/navigation2-humble/doc/architecture) by extension 'python_setup_py'
[1.014s] Level 1:colcon.colcon_core.package_identification:_identify(src/navigation2-humble/doc/design) by extensions ['ignore', 'ignore_ament_install']
[1.014s] Level 1:colcon.colcon_core.package_identification:_identify(src/navigation2-humble/doc/design) by extension 'ignore'
[1.014s] Level 1:colcon.colcon_core.package_identification:_identify(src/navigation2-humble/doc/design) by extension 'ignore_ament_install'
[1.014s] Level 1:colcon.colcon_core.package_identification:_identify(src/navigation2-humble/doc/design) by extensions ['colcon_pkg']
[1.014s] Level 1:colcon.colcon_core.package_identification:_identify(src/navigation2-humble/doc/design) by extension 'colcon_pkg'
[1.014s] Level 1:colcon.colcon_core.package_identification:_identify(src/navigation2-humble/doc/design) by extensions ['colcon_meta']
[1.014s] Level 1:colcon.colcon_core.package_identification:_identify(src/navigation2-humble/doc/design) by extension 'colcon_meta'
[1.014s] Level 1:colcon.colcon_core.package_identification:_identify(src/navigation2-humble/doc/design) by extensions ['ros']
[1.014s] Level 1:colcon.colcon_core.package_identification:_identify(src/navigation2-humble/doc/design) by extension 'ros'
[1.015s] Level 1:colcon.colcon_core.package_identification:_identify(src/navigation2-humble/doc/design) by extensions ['cmake', 'python']
[1.015s] Level 1:colcon.colcon_core.package_identification:_identify(src/navigation2-humble/doc/design) by extension 'cmake'
[1.015s] Level 1:colcon.colcon_core.package_identification:_identify(src/navigation2-humble/doc/design) by extension 'python'
[1.015s] Level 1:colcon.colcon_core.package_identification:_identify(src/navigation2-humble/doc/design) by extensions ['python_setup_py']
[1.015s] Level 1:colcon.colcon_core.package_identification:_identify(src/navigation2-humble/doc/design) by extension 'python_setup_py'
[1.015s] Level 1:colcon.colcon_core.package_identification:_identify(src/navigation2-humble/doc/process) by extensions ['ignore', 'ignore_ament_install']
[1.015s] Level 1:colcon.colcon_core.package_identification:_identify(src/navigation2-humble/doc/process) by extension 'ignore'
[1.015s] Level 1:colcon.colcon_core.package_identification:_identify(src/navigation2-humble/doc/process) by extension 'ignore_ament_install'
[1.015s] Level 1:colcon.colcon_core.package_identification:_identify(src/navigation2-humble/doc/process) by extensions ['colcon_pkg']
[1.015s] Level 1:colcon.colcon_core.package_identification:_identify(src/navigation2-humble/doc/process) by extension 'colcon_pkg'
[1.015s] Level 1:colcon.colcon_core.package_identification:_identify(src/navigation2-humble/doc/process) by extensions ['colcon_meta']
[1.015s] Level 1:colcon.colcon_core.package_identification:_identify(src/navigation2-humble/doc/process) by extension 'colcon_meta'
[1.016s] Level 1:colcon.colcon_core.package_identification:_identify(src/navigation2-humble/doc/process) by extensions ['ros']
[1.016s] Level 1:colcon.colcon_core.package_identification:_identify(src/navigation2-humble/doc/process) by extension 'ros'
[1.016s] Level 1:colcon.colcon_core.package_identification:_identify(src/navigation2-humble/doc/process) by extensions ['cmake', 'python']
[1.016s] Level 1:colcon.colcon_core.package_identification:_identify(src/navigation2-humble/doc/process) by extension 'cmake'
[1.016s] Level 1:colcon.colcon_core.package_identification:_identify(src/navigation2-humble/doc/process) by extension 'python'
[1.016s] Level 1:colcon.colcon_core.package_identification:_identify(src/navigation2-humble/doc/process) by extensions ['python_setup_py']
[1.016s] Level 1:colcon.colcon_core.package_identification:_identify(src/navigation2-humble/doc/process) by extension 'python_setup_py'
[1.016s] Level 1:colcon.colcon_core.package_identification:_identify(src/navigation2-humble/doc/requirements) by extensions ['ignore', 'ignore_ament_install']
[1.016s] Level 1:colcon.colcon_core.package_identification:_identify(src/navigation2-humble/doc/requirements) by extension 'ignore'
[1.016s] Level 1:colcon.colcon_core.package_identification:_identify(src/navigation2-humble/doc/requirements) by extension 'ignore_ament_install'
[1.016s] Level 1:colcon.colcon_core.package_identification:_identify(src/navigation2-humble/doc/requirements) by extensions ['colcon_pkg']
[1.017s] Level 1:colcon.colcon_core.package_identification:_identify(src/navigation2-humble/doc/requirements) by extension 'colcon_pkg'
[1.017s] Level 1:colcon.colcon_core.package_identification:_identify(src/navigation2-humble/doc/requirements) by extensions ['colcon_meta']
[1.017s] Level 1:colcon.colcon_core.package_identification:_identify(src/navigation2-humble/doc/requirements) by extension 'colcon_meta'
[1.017s] Level 1:colcon.colcon_core.package_identification:_identify(src/navigation2-humble/doc/requirements) by extensions ['ros']
[1.017s] Level 1:colcon.colcon_core.package_identification:_identify(src/navigation2-humble/doc/requirements) by extension 'ros'
[1.017s] Level 1:colcon.colcon_core.package_identification:_identify(src/navigation2-humble/doc/requirements) by extensions ['cmake', 'python']
[1.017s] Level 1:colcon.colcon_core.package_identification:_identify(src/navigation2-humble/doc/requirements) by extension 'cmake'
[1.017s] Level 1:colcon.colcon_core.package_identification:_identify(src/navigation2-humble/doc/requirements) by extension 'python'
[1.017s] Level 1:colcon.colcon_core.package_identification:_identify(src/navigation2-humble/doc/requirements) by extensions ['python_setup_py']
[1.017s] Level 1:colcon.colcon_core.package_identification:_identify(src/navigation2-humble/doc/requirements) by extension 'python_setup_py'
[1.017s] Level 1:colcon.colcon_core.package_identification:_identify(src/navigation2-humble/doc/requirements/images) by extensions ['ignore', 'ignore_ament_install']
[1.018s] Level 1:colcon.colcon_core.package_identification:_identify(src/navigation2-humble/doc/requirements/images) by extension 'ignore'
[1.018s] Level 1:colcon.colcon_core.package_identification:_identify(src/navigation2-humble/doc/requirements/images) by extension 'ignore_ament_install'
[1.018s] Level 1:colcon.colcon_core.package_identification:_identify(src/navigation2-humble/doc/requirements/images) by extensions ['colcon_pkg']
[1.018s] Level 1:colcon.colcon_core.package_identification:_identify(src/navigation2-humble/doc/requirements/images) by extension 'colcon_pkg'
[1.018s] Level 1:colcon.colcon_core.package_identification:_identify(src/navigation2-humble/doc/requirements/images) by extensions ['colcon_meta']
[1.018s] Level 1:colcon.colcon_core.package_identification:_identify(src/navigation2-humble/doc/requirements/images) by extension 'colcon_meta'
[1.018s] Level 1:colcon.colcon_core.package_identification:_identify(src/navigation2-humble/doc/requirements/images) by extensions ['ros']
[1.018s] Level 1:colcon.colcon_core.package_identification:_identify(src/navigation2-humble/doc/requirements/images) by extension 'ros'
[1.018s] Level 1:colcon.colcon_core.package_identification:_identify(src/navigation2-humble/doc/requirements/images) by extensions ['cmake', 'python']
[1.018s] Level 1:colcon.colcon_core.package_identification:_identify(src/navigation2-humble/doc/requirements/images) by extension 'cmake'
[1.018s] Level 1:colcon.colcon_core.package_identification:_identify(src/navigation2-humble/doc/requirements/images) by extension 'python'
[1.018s] Level 1:colcon.colcon_core.package_identification:_identify(src/navigation2-humble/doc/requirements/images) by extensions ['python_setup_py']
[1.019s] Level 1:colcon.colcon_core.package_identification:_identify(src/navigation2-humble/doc/requirements/images) by extension 'python_setup_py'
[1.019s] Level 1:colcon.colcon_core.package_identification:_identify(src/navigation2-humble/doc/use_cases) by extensions ['ignore', 'ignore_ament_install']
[1.019s] Level 1:colcon.colcon_core.package_identification:_identify(src/navigation2-humble/doc/use_cases) by extension 'ignore'
[1.019s] Level 1:colcon.colcon_core.package_identification:_identify(src/navigation2-humble/doc/use_cases) by extension 'ignore_ament_install'
[1.019s] Level 1:colcon.colcon_core.package_identification:_identify(src/navigation2-humble/doc/use_cases) by extensions ['colcon_pkg']
[1.019s] Level 1:colcon.colcon_core.package_identification:_identify(src/navigation2-humble/doc/use_cases) by extension 'colcon_pkg'
[1.019s] Level 1:colcon.colcon_core.package_identification:_identify(src/navigation2-humble/doc/use_cases) by extensions ['colcon_meta']
[1.019s] Level 1:colcon.colcon_core.package_identification:_identify(src/navigation2-humble/doc/use_cases) by extension 'colcon_meta'
[1.019s] Level 1:colcon.colcon_core.package_identification:_identify(src/navigation2-humble/doc/use_cases) by extensions ['ros']
[1.019s] Level 1:colcon.colcon_core.package_identification:_identify(src/navigation2-humble/doc/use_cases) by extension 'ros'
[1.019s] Level 1:colcon.colcon_core.package_identification:_identify(src/navigation2-humble/doc/use_cases) by extensions ['cmake', 'python']
[1.020s] Level 1:colcon.colcon_core.package_identification:_identify(src/navigation2-humble/doc/use_cases) by extension 'cmake'
[1.020s] Level 1:colcon.colcon_core.package_identification:_identify(src/navigation2-humble/doc/use_cases) by extension 'python'
[1.020s] Level 1:colcon.colcon_core.package_identification:_identify(src/navigation2-humble/doc/use_cases) by extensions ['python_setup_py']
[1.020s] Level 1:colcon.colcon_core.package_identification:_identify(src/navigation2-humble/doc/use_cases) by extension 'python_setup_py'
[1.020s] Level 1:colcon.colcon_core.package_identification:_identify(src/navigation2-humble/nav2_amcl) by extensions ['ignore', 'ignore_ament_install']
[1.020s] Level 1:colcon.colcon_core.package_identification:_identify(src/navigation2-humble/nav2_amcl) by extension 'ignore'
[1.020s] Level 1:colcon.colcon_core.package_identification:_identify(src/navigation2-humble/nav2_amcl) by extension 'ignore_ament_install'
[1.020s] Level 1:colcon.colcon_core.package_identification:_identify(src/navigation2-humble/nav2_amcl) by extensions ['colcon_pkg']
[1.020s] Level 1:colcon.colcon_core.package_identification:_identify(src/navigation2-humble/nav2_amcl) by extension 'colcon_pkg'
[1.020s] Level 1:colcon.colcon_core.package_identification:_identify(src/navigation2-humble/nav2_amcl) by extensions ['colcon_meta']
[1.020s] Level 1:colcon.colcon_core.package_identification:_identify(src/navigation2-humble/nav2_amcl) by extension 'colcon_meta'
[1.021s] Level 1:colcon.colcon_core.package_identification:_identify(src/navigation2-humble/nav2_amcl) by extensions ['ros']
[1.021s] Level 1:colcon.colcon_core.package_identification:_identify(src/navigation2-humble/nav2_amcl) by extension 'ros'
[1.023s] DEBUG:colcon.colcon_core.package_identification:Package 'src/navigation2-humble/nav2_amcl' with type 'ros.ament_cmake' and name 'nav2_amcl'
[1.023s] Level 1:colcon.colcon_core.package_identification:_identify(src/navigation2-humble/nav2_behavior_tree) by extensions ['ignore', 'ignore_ament_install']
[1.023s] Level 1:colcon.colcon_core.package_identification:_identify(src/navigation2-humble/nav2_behavior_tree) by extension 'ignore'
[1.023s] Level 1:colcon.colcon_core.package_identification:_identify(src/navigation2-humble/nav2_behavior_tree) by extension 'ignore_ament_install'
[1.023s] Level 1:colcon.colcon_core.package_identification:_identify(src/navigation2-humble/nav2_behavior_tree) by extensions ['colcon_pkg']
[1.024s] Level 1:colcon.colcon_core.package_identification:_identify(src/navigation2-humble/nav2_behavior_tree) by extension 'colcon_pkg'
[1.024s] Level 1:colcon.colcon_core.package_identification:_identify(src/navigation2-humble/nav2_behavior_tree) by extensions ['colcon_meta']
[1.024s] Level 1:colcon.colcon_core.package_identification:_identify(src/navigation2-humble/nav2_behavior_tree) by extension 'colcon_meta'
[1.024s] Level 1:colcon.colcon_core.package_identification:_identify(src/navigation2-humble/nav2_behavior_tree) by extensions ['ros']
[1.024s] Level 1:colcon.colcon_core.package_identification:_identify(src/navigation2-humble/nav2_behavior_tree) by extension 'ros'
[1.025s] DEBUG:colcon.colcon_core.package_identification:Package 'src/navigation2-humble/nav2_behavior_tree' with type 'ros.ament_cmake' and name 'nav2_behavior_tree'
[1.026s] Level 1:colcon.colcon_core.package_identification:_identify(src/navigation2-humble/nav2_behaviors) by extensions ['ignore', 'ignore_ament_install']
[1.026s] Level 1:colcon.colcon_core.package_identification:_identify(src/navigation2-humble/nav2_behaviors) by extension 'ignore'
[1.026s] Level 1:colcon.colcon_core.package_identification:_identify(src/navigation2-humble/nav2_behaviors) by extension 'ignore_ament_install'
[1.026s] Level 1:colcon.colcon_core.package_identification:_identify(src/navigation2-humble/nav2_behaviors) by extensions ['colcon_pkg']
[1.026s] Level 1:colcon.colcon_core.package_identification:_identify(src/navigation2-humble/nav2_behaviors) by extension 'colcon_pkg'
[1.026s] Level 1:colcon.colcon_core.package_identification:_identify(src/navigation2-humble/nav2_behaviors) by extensions ['colcon_meta']
[1.026s] Level 1:colcon.colcon_core.package_identification:_identify(src/navigation2-humble/nav2_behaviors) by extension 'colcon_meta'
[1.026s] Level 1:colcon.colcon_core.package_identification:_identify(src/navigation2-humble/nav2_behaviors) by extensions ['ros']
[1.026s] Level 1:colcon.colcon_core.package_identification:_identify(src/navigation2-humble/nav2_behaviors) by extension 'ros'
[1.028s] DEBUG:colcon.colcon_core.package_identification:Package 'src/navigation2-humble/nav2_behaviors' with type 'ros.ament_cmake' and name 'nav2_behaviors'
[1.028s] Level 1:colcon.colcon_core.package_identification:_identify(src/navigation2-humble/nav2_bringup) by extensions ['ignore', 'ignore_ament_install']
[1.028s] Level 1:colcon.colcon_core.package_identification:_identify(src/navigation2-humble/nav2_bringup) by extension 'ignore'
[1.028s] Level 1:colcon.colcon_core.package_identification:_identify(src/navigation2-humble/nav2_bringup) by extension 'ignore_ament_install'
[1.028s] Level 1:colcon.colcon_core.package_identification:_identify(src/navigation2-humble/nav2_bringup) by extensions ['colcon_pkg']
[1.028s] Level 1:colcon.colcon_core.package_identification:_identify(src/navigation2-humble/nav2_bringup) by extension 'colcon_pkg'
[1.028s] Level 1:colcon.colcon_core.package_identification:_identify(src/navigation2-humble/nav2_bringup) by extensions ['colcon_meta']
[1.028s] Level 1:colcon.colcon_core.package_identification:_identify(src/navigation2-humble/nav2_bringup) by extension 'colcon_meta'
[1.028s] Level 1:colcon.colcon_core.package_identification:_identify(src/navigation2-humble/nav2_bringup) by extensions ['ros']
[1.028s] Level 1:colcon.colcon_core.package_identification:_identify(src/navigation2-humble/nav2_bringup) by extension 'ros'
[1.030s] DEBUG:colcon.colcon_core.package_identification:Package 'src/navigation2-humble/nav2_bringup' with type 'ros.ament_cmake' and name 'nav2_bringup'
[1.030s] Level 1:colcon.colcon_core.package_identification:_identify(src/navigation2-humble/nav2_bt_navigator) by extensions ['ignore', 'ignore_ament_install']
[1.030s] Level 1:colcon.colcon_core.package_identification:_identify(src/navigation2-humble/nav2_bt_navigator) by extension 'ignore'
[1.030s] Level 1:colcon.colcon_core.package_identification:_identify(src/navigation2-humble/nav2_bt_navigator) by extension 'ignore_ament_install'
[1.030s] Level 1:colcon.colcon_core.package_identification:_identify(src/navigation2-humble/nav2_bt_navigator) by extensions ['colcon_pkg']
[1.030s] Level 1:colcon.colcon_core.package_identification:_identify(src/navigation2-humble/nav2_bt_navigator) by extension 'colcon_pkg'
[1.030s] Level 1:colcon.colcon_core.package_identification:_identify(src/navigation2-humble/nav2_bt_navigator) by extensions ['colcon_meta']
[1.030s] Level 1:colcon.colcon_core.package_identification:_identify(src/navigation2-humble/nav2_bt_navigator) by extension 'colcon_meta'
[1.031s] Level 1:colcon.colcon_core.package_identification:_identify(src/navigation2-humble/nav2_bt_navigator) by extensions ['ros']
[1.031s] Level 1:colcon.colcon_core.package_identification:_identify(src/navigation2-humble/nav2_bt_navigator) by extension 'ros'
[1.032s] DEBUG:colcon.colcon_core.package_identification:Package 'src/navigation2-humble/nav2_bt_navigator' with type 'ros.ament_cmake' and name 'nav2_bt_navigator'
[1.032s] Level 1:colcon.colcon_core.package_identification:_identify(src/navigation2-humble/nav2_collision_monitor) by extensions ['ignore', 'ignore_ament_install']
[1.032s] Level 1:colcon.colcon_core.package_identification:_identify(src/navigation2-humble/nav2_collision_monitor) by extension 'ignore'
[1.032s] Level 1:colcon.colcon_core.package_identification:_identify(src/navigation2-humble/nav2_collision_monitor) by extension 'ignore_ament_install'
[1.033s] Level 1:colcon.colcon_core.package_identification:_identify(src/navigation2-humble/nav2_collision_monitor) by extensions ['colcon_pkg']
[1.033s] Level 1:colcon.colcon_core.package_identification:_identify(src/navigation2-humble/nav2_collision_monitor) by extension 'colcon_pkg'
[1.033s] Level 1:colcon.colcon_core.package_identification:_identify(src/navigation2-humble/nav2_collision_monitor) by extensions ['colcon_meta']
[1.033s] Level 1:colcon.colcon_core.package_identification:_identify(src/navigation2-humble/nav2_collision_monitor) by extension 'colcon_meta'
[1.033s] Level 1:colcon.colcon_core.package_identification:_identify(src/navigation2-humble/nav2_collision_monitor) by extensions ['ros']
[1.033s] Level 1:colcon.colcon_core.package_identification:_identify(src/navigation2-humble/nav2_collision_monitor) by extension 'ros'
[1.035s] DEBUG:colcon.colcon_core.package_identification:Package 'src/navigation2-humble/nav2_collision_monitor' with type 'ros.ament_cmake' and name 'nav2_collision_monitor'
[1.035s] Level 1:colcon.colcon_core.package_identification:_identify(src/navigation2-humble/nav2_common) by extensions ['ignore', 'ignore_ament_install']
[1.035s] Level 1:colcon.colcon_core.package_identification:_identify(src/navigation2-humble/nav2_common) by extension 'ignore'
[1.035s] Level 1:colcon.colcon_core.package_identification:_identify(src/navigation2-humble/nav2_common) by extension 'ignore_ament_install'
[1.035s] Level 1:colcon.colcon_core.package_identification:_identify(src/navigation2-humble/nav2_common) by extensions ['colcon_pkg']
[1.035s] Level 1:colcon.colcon_core.package_identification:_identify(src/navigation2-humble/nav2_common) by extension 'colcon_pkg'
[1.035s] Level 1:colcon.colcon_core.package_identification:_identify(src/navigation2-humble/nav2_common) by extensions ['colcon_meta']
[1.035s] Level 1:colcon.colcon_core.package_identification:_identify(src/navigation2-humble/nav2_common) by extension 'colcon_meta'
[1.036s] Level 1:colcon.colcon_core.package_identification:_identify(src/navigation2-humble/nav2_common) by extensions ['ros']
[1.036s] Level 1:colcon.colcon_core.package_identification:_identify(src/navigation2-humble/nav2_common) by extension 'ros'
[1.037s] DEBUG:colcon.colcon_core.package_identification:Package 'src/navigation2-humble/nav2_common' with type 'ros.ament_cmake' and name 'nav2_common'
[1.037s] Level 1:colcon.colcon_core.package_identification:_identify(src/navigation2-humble/nav2_constrained_smoother) by extensions ['ignore', 'ignore_ament_install']
[1.037s] Level 1:colcon.colcon_core.package_identification:_identify(src/navigation2-humble/nav2_constrained_smoother) by extension 'ignore'
[1.037s] Level 1:colcon.colcon_core.package_identification:_identify(src/navigation2-humble/nav2_constrained_smoother) by extension 'ignore_ament_install'
[1.038s] Level 1:colcon.colcon_core.package_identification:_identify(src/navigation2-humble/nav2_constrained_smoother) by extensions ['colcon_pkg']
[1.038s] Level 1:colcon.colcon_core.package_identification:_identify(src/navigation2-humble/nav2_constrained_smoother) by extension 'colcon_pkg'
[1.038s] Level 1:colcon.colcon_core.package_identification:_identify(src/navigation2-humble/nav2_constrained_smoother) by extensions ['colcon_meta']
[1.038s] Level 1:colcon.colcon_core.package_identification:_identify(src/navigation2-humble/nav2_constrained_smoother) by extension 'colcon_meta'
[1.038s] Level 1:colcon.colcon_core.package_identification:_identify(src/navigation2-humble/nav2_constrained_smoother) by extensions ['ros']
[1.038s] Level 1:colcon.colcon_core.package_identification:_identify(src/navigation2-humble/nav2_constrained_smoother) by extension 'ros'
[1.040s] DEBUG:colcon.colcon_core.package_identification:Package 'src/navigation2-humble/nav2_constrained_smoother' with type 'ros.ament_cmake' and name 'nav2_constrained_smoother'
[1.040s] Level 1:colcon.colcon_core.package_identification:_identify(src/navigation2-humble/nav2_controller) by extensions ['ignore', 'ignore_ament_install']
[1.040s] Level 1:colcon.colcon_core.package_identification:_identify(src/navigation2-humble/nav2_controller) by extension 'ignore'
[1.040s] Level 1:colcon.colcon_core.package_identification:_identify(src/navigation2-humble/nav2_controller) by extension 'ignore_ament_install'
[1.040s] Level 1:colcon.colcon_core.package_identification:_identify(src/navigation2-humble/nav2_controller) by extensions ['colcon_pkg']
[1.040s] Level 1:colcon.colcon_core.package_identification:_identify(src/navigation2-humble/nav2_controller) by extension 'colcon_pkg'
[1.040s] Level 1:colcon.colcon_core.package_identification:_identify(src/navigation2-humble/nav2_controller) by extensions ['colcon_meta']
[1.040s] Level 1:colcon.colcon_core.package_identification:_identify(src/navigation2-humble/nav2_controller) by extension 'colcon_meta'
[1.040s] Level 1:colcon.colcon_core.package_identification:_identify(src/navigation2-humble/nav2_controller) by extensions ['ros']
[1.041s] Level 1:colcon.colcon_core.package_identification:_identify(src/navigation2-humble/nav2_controller) by extension 'ros'
[1.042s] DEBUG:colcon.colcon_core.package_identification:Package 'src/navigation2-humble/nav2_controller' with type 'ros.ament_cmake' and name 'nav2_controller'
[1.042s] Level 1:colcon.colcon_core.package_identification:_identify(src/navigation2-humble/nav2_core) by extensions ['ignore', 'ignore_ament_install']
[1.043s] Level 1:colcon.colcon_core.package_identification:_identify(src/navigation2-humble/nav2_core) by extension 'ignore'
[1.043s] Level 1:colcon.colcon_core.package_identification:_identify(src/navigation2-humble/nav2_core) by extension 'ignore_ament_install'
[1.043s] Level 1:colcon.colcon_core.package_identification:_identify(src/navigation2-humble/nav2_core) by extensions ['colcon_pkg']
[1.043s] Level 1:colcon.colcon_core.package_identification:_identify(src/navigation2-humble/nav2_core) by extension 'colcon_pkg'
[1.043s] Level 1:colcon.colcon_core.package_identification:_identify(src/navigation2-humble/nav2_core) by extensions ['colcon_meta']
[1.043s] Level 1:colcon.colcon_core.package_identification:_identify(src/navigation2-humble/nav2_core) by extension 'colcon_meta'
[1.043s] Level 1:colcon.colcon_core.package_identification:_identify(src/navigation2-humble/nav2_core) by extensions ['ros']
[1.043s] Level 1:colcon.colcon_core.package_identification:_identify(src/navigation2-humble/nav2_core) by extension 'ros'
[1.045s] DEBUG:colcon.colcon_core.package_identification:Package 'src/navigation2-humble/nav2_core' with type 'ros.ament_cmake' and name 'nav2_core'
[1.045s] Level 1:colcon.colcon_core.package_identification:_identify(src/navigation2-humble/nav2_costmap_2d) by extensions ['ignore', 'ignore_ament_install']
[1.045s] Level 1:colcon.colcon_core.package_identification:_identify(src/navigation2-humble/nav2_costmap_2d) by extension 'ignore'
[1.045s] Level 1:colcon.colcon_core.package_identification:_identify(src/navigation2-humble/nav2_costmap_2d) by extension 'ignore_ament_install'
[1.045s] Level 1:colcon.colcon_core.package_identification:_identify(src/navigation2-humble/nav2_costmap_2d) by extensions ['colcon_pkg']
[1.046s] Level 1:colcon.colcon_core.package_identification:_identify(src/navigation2-humble/nav2_costmap_2d) by extension 'colcon_pkg'
[1.046s] Level 1:colcon.colcon_core.package_identification:_identify(src/navigation2-humble/nav2_costmap_2d) by extensions ['colcon_meta']
[1.046s] Level 1:colcon.colcon_core.package_identification:_identify(src/navigation2-humble/nav2_costmap_2d) by extension 'colcon_meta'
[1.046s] Level 1:colcon.colcon_core.package_identification:_identify(src/navigation2-humble/nav2_costmap_2d) by extensions ['ros']
[1.046s] Level 1:colcon.colcon_core.package_identification:_identify(src/navigation2-humble/nav2_costmap_2d) by extension 'ros'
[1.050s] DEBUG:colcon.colcon_core.package_identification:Package 'src/navigation2-humble/nav2_costmap_2d' with type 'ros.ament_cmake' and name 'nav2_costmap_2d'
[1.051s] Level 1:colcon.colcon_core.package_identification:_identify(src/navigation2-humble/nav2_dwb_controller) by extensions ['ignore', 'ignore_ament_install']
[1.051s] Level 1:colcon.colcon_core.package_identification:_identify(src/navigation2-humble/nav2_dwb_controller) by extension 'ignore'
[1.051s] Level 1:colcon.colcon_core.package_identification:_identify(src/navigation2-humble/nav2_dwb_controller) by extension 'ignore_ament_install'
[1.051s] Level 1:colcon.colcon_core.package_identification:_identify(src/navigation2-humble/nav2_dwb_controller) by extensions ['colcon_pkg']
[1.051s] Level 1:colcon.colcon_core.package_identification:_identify(src/navigation2-humble/nav2_dwb_controller) by extension 'colcon_pkg'
[1.051s] Level 1:colcon.colcon_core.package_identification:_identify(src/navigation2-humble/nav2_dwb_controller) by extensions ['colcon_meta']
[1.052s] Level 1:colcon.colcon_core.package_identification:_identify(src/navigation2-humble/nav2_dwb_controller) by extension 'colcon_meta'
[1.052s] Level 1:colcon.colcon_core.package_identification:_identify(src/navigation2-humble/nav2_dwb_controller) by extensions ['ros']
[1.052s] Level 1:colcon.colcon_core.package_identification:_identify(src/navigation2-humble/nav2_dwb_controller) by extension 'ros'
[1.052s] Level 1:colcon.colcon_core.package_identification:_identify(src/navigation2-humble/nav2_dwb_controller) by extensions ['cmake', 'python']
[1.052s] Level 1:colcon.colcon_core.package_identification:_identify(src/navigation2-humble/nav2_dwb_controller) by extension 'cmake'
[1.052s] Level 1:colcon.colcon_core.package_identification:_identify(src/navigation2-humble/nav2_dwb_controller) by extension 'python'
[1.052s] Level 1:colcon.colcon_core.package_identification:_identify(src/navigation2-humble/nav2_dwb_controller) by extensions ['python_setup_py']
[1.052s] Level 1:colcon.colcon_core.package_identification:_identify(src/navigation2-humble/nav2_dwb_controller) by extension 'python_setup_py'
[1.052s] Level 1:colcon.colcon_core.package_identification:_identify(src/navigation2-humble/nav2_dwb_controller/costmap_queue) by extensions ['ignore', 'ignore_ament_install']
[1.052s] Level 1:colcon.colcon_core.package_identification:_identify(src/navigation2-humble/nav2_dwb_controller/costmap_queue) by extension 'ignore'
[1.053s] Level 1:colcon.colcon_core.package_identification:_identify(src/navigation2-humble/nav2_dwb_controller/costmap_queue) by extension 'ignore_ament_install'
[1.053s] Level 1:colcon.colcon_core.package_identification:_identify(src/navigation2-humble/nav2_dwb_controller/costmap_queue) by extensions ['colcon_pkg']
[1.053s] Level 1:colcon.colcon_core.package_identification:_identify(src/navigation2-humble/nav2_dwb_controller/costmap_queue) by extension 'colcon_pkg'
[1.053s] Level 1:colcon.colcon_core.package_identification:_identify(src/navigation2-humble/nav2_dwb_controller/costmap_queue) by extensions ['colcon_meta']
[1.053s] Level 1:colcon.colcon_core.package_identification:_identify(src/navigation2-humble/nav2_dwb_controller/costmap_queue) by extension 'colcon_meta'
[1.053s] Level 1:colcon.colcon_core.package_identification:_identify(src/navigation2-humble/nav2_dwb_controller/costmap_queue) by extensions ['ros']
[1.053s] Level 1:colcon.colcon_core.package_identification:_identify(src/navigation2-humble/nav2_dwb_controller/costmap_queue) by extension 'ros'
[1.054s] DEBUG:colcon.colcon_core.package_identification:Package 'src/navigation2-humble/nav2_dwb_controller/costmap_queue' with type 'ros.ament_cmake' and name 'costmap_queue'
[1.054s] Level 1:colcon.colcon_core.package_identification:_identify(src/navigation2-humble/nav2_dwb_controller/dwb_core) by extensions ['ignore', 'ignore_ament_install']
[1.055s] Level 1:colcon.colcon_core.package_identification:_identify(src/navigation2-humble/nav2_dwb_controller/dwb_core) by extension 'ignore'
[1.055s] Level 1:colcon.colcon_core.package_identification:_identify(src/navigation2-humble/nav2_dwb_controller/dwb_core) by extension 'ignore_ament_install'
[1.055s] Level 1:colcon.colcon_core.package_identification:_identify(src/navigation2-humble/nav2_dwb_controller/dwb_core) by extensions ['colcon_pkg']
[1.055s] Level 1:colcon.colcon_core.package_identification:_identify(src/navigation2-humble/nav2_dwb_controller/dwb_core) by extension 'colcon_pkg'
[1.055s] Level 1:colcon.colcon_core.package_identification:_identify(src/navigation2-humble/nav2_dwb_controller/dwb_core) by extensions ['colcon_meta']
[1.055s] Level 1:colcon.colcon_core.package_identification:_identify(src/navigation2-humble/nav2_dwb_controller/dwb_core) by extension 'colcon_meta'
[1.055s] Level 1:colcon.colcon_core.package_identification:_identify(src/navigation2-humble/nav2_dwb_controller/dwb_core) by extensions ['ros']
[1.055s] Level 1:colcon.colcon_core.package_identification:_identify(src/navigation2-humble/nav2_dwb_controller/dwb_core) by extension 'ros'
[1.056s] DEBUG:colcon.colcon_core.package_identification:Package 'src/navigation2-humble/nav2_dwb_controller/dwb_core' with type 'ros.ament_cmake' and name 'dwb_core'
[1.057s] Level 1:colcon.colcon_core.package_identification:_identify(src/navigation2-humble/nav2_dwb_controller/dwb_critics) by extensions ['ignore', 'ignore_ament_install']
[1.057s] Level 1:colcon.colcon_core.package_identification:_identify(src/navigation2-humble/nav2_dwb_controller/dwb_critics) by extension 'ignore'
[1.057s] Level 1:colcon.colcon_core.package_identification:_identify(src/navigation2-humble/nav2_dwb_controller/dwb_critics) by extension 'ignore_ament_install'
[1.057s] Level 1:colcon.colcon_core.package_identification:_identify(src/navigation2-humble/nav2_dwb_controller/dwb_critics) by extensions ['colcon_pkg']
[1.057s] Level 1:colcon.colcon_core.package_identification:_identify(src/navigation2-humble/nav2_dwb_controller/dwb_critics) by extension 'colcon_pkg'
[1.057s] Level 1:colcon.colcon_core.package_identification:_identify(src/navigation2-humble/nav2_dwb_controller/dwb_critics) by extensions ['colcon_meta']
[1.057s] Level 1:colcon.colcon_core.package_identification:_identify(src/navigation2-humble/nav2_dwb_controller/dwb_critics) by extension 'colcon_meta'
[1.057s] Level 1:colcon.colcon_core.package_identification:_identify(src/navigation2-humble/nav2_dwb_controller/dwb_critics) by extensions ['ros']
[1.057s] Level 1:colcon.colcon_core.package_identification:_identify(src/navigation2-humble/nav2_dwb_controller/dwb_critics) by extension 'ros'
[1.059s] DEBUG:colcon.colcon_core.package_identification:Package 'src/navigation2-humble/nav2_dwb_controller/dwb_critics' with type 'ros.ament_cmake' and name 'dwb_critics'
[1.060s] Level 1:colcon.colcon_core.package_identification:_identify(src/navigation2-humble/nav2_dwb_controller/dwb_msgs) by extensions ['ignore', 'ignore_ament_install']
[1.060s] Level 1:colcon.colcon_core.package_identification:_identify(src/navigation2-humble/nav2_dwb_controller/dwb_msgs) by extension 'ignore'
[1.060s] Level 1:colcon.colcon_core.package_identification:_identify(src/navigation2-humble/nav2_dwb_controller/dwb_msgs) by extension 'ignore_ament_install'
[1.060s] Level 1:colcon.colcon_core.package_identification:_identify(src/navigation2-humble/nav2_dwb_controller/dwb_msgs) by extensions ['colcon_pkg']
[1.060s] Level 1:colcon.colcon_core.package_identification:_identify(src/navigation2-humble/nav2_dwb_controller/dwb_msgs) by extension 'colcon_pkg'
[1.060s] Level 1:colcon.colcon_core.package_identification:_identify(src/navigation2-humble/nav2_dwb_controller/dwb_msgs) by extensions ['colcon_meta']
[1.060s] Level 1:colcon.colcon_core.package_identification:_identify(src/navigation2-humble/nav2_dwb_controller/dwb_msgs) by extension 'colcon_meta'
[1.060s] Level 1:colcon.colcon_core.package_identification:_identify(src/navigation2-humble/nav2_dwb_controller/dwb_msgs) by extensions ['ros']
[1.060s] Level 1:colcon.colcon_core.package_identification:_identify(src/navigation2-humble/nav2_dwb_controller/dwb_msgs) by extension 'ros'
[1.063s] DEBUG:colcon.colcon_core.package_identification:Package 'src/navigation2-humble/nav2_dwb_controller/dwb_msgs' with type 'ros.ament_cmake' and name 'dwb_msgs'
[1.063s] Level 1:colcon.colcon_core.package_identification:_identify(src/navigation2-humble/nav2_dwb_controller/dwb_plugins) by extensions ['ignore', 'ignore_ament_install']
[1.064s] Level 1:colcon.colcon_core.package_identification:_identify(src/navigation2-humble/nav2_dwb_controller/dwb_plugins) by extension 'ignore'
[1.064s] Level 1:colcon.colcon_core.package_identification:_identify(src/navigation2-humble/nav2_dwb_controller/dwb_plugins) by extension 'ignore_ament_install'
[1.064s] Level 1:colcon.colcon_core.package_identification:_identify(src/navigation2-humble/nav2_dwb_controller/dwb_plugins) by extensions ['colcon_pkg']
[1.064s] Level 1:colcon.colcon_core.package_identification:_identify(src/navigation2-humble/nav2_dwb_controller/dwb_plugins) by extension 'colcon_pkg'
[1.064s] Level 1:colcon.colcon_core.package_identification:_identify(src/navigation2-humble/nav2_dwb_controller/dwb_plugins) by extensions ['colcon_meta']
[1.064s] Level 1:colcon.colcon_core.package_identification:_identify(src/navigation2-humble/nav2_dwb_controller/dwb_plugins) by extension 'colcon_meta'
[1.064s] Level 1:colcon.colcon_core.package_identification:_identify(src/navigation2-humble/nav2_dwb_controller/dwb_plugins) by extensions ['ros']
[1.064s] Level 1:colcon.colcon_core.package_identification:_identify(src/navigation2-humble/nav2_dwb_controller/dwb_plugins) by extension 'ros'
[1.066s] DEBUG:colcon.colcon_core.package_identification:Package 'src/navigation2-humble/nav2_dwb_controller/dwb_plugins' with type 'ros.ament_cmake' and name 'dwb_plugins'
[1.066s] Level 1:colcon.colcon_core.package_identification:_identify(src/navigation2-humble/nav2_dwb_controller/images) by extensions ['ignore', 'ignore_ament_install']
[1.066s] Level 1:colcon.colcon_core.package_identification:_identify(src/navigation2-humble/nav2_dwb_controller/images) by extension 'ignore'
[1.066s] Level 1:colcon.colcon_core.package_identification:_identify(src/navigation2-humble/nav2_dwb_controller/images) by extension 'ignore_ament_install'
[1.067s] Level 1:colcon.colcon_core.package_identification:_identify(src/navigation2-humble/nav2_dwb_controller/images) by extensions ['colcon_pkg']
[1.067s] Level 1:colcon.colcon_core.package_identification:_identify(src/navigation2-humble/nav2_dwb_controller/images) by extension 'colcon_pkg'
[1.067s] Level 1:colcon.colcon_core.package_identification:_identify(src/navigation2-humble/nav2_dwb_controller/images) by extensions ['colcon_meta']
[1.067s] Level 1:colcon.colcon_core.package_identification:_identify(src/navigation2-humble/nav2_dwb_controller/images) by extension 'colcon_meta'
[1.067s] Level 1:colcon.colcon_core.package_identification:_identify(src/navigation2-humble/nav2_dwb_controller/images) by extensions ['ros']
[1.067s] Level 1:colcon.colcon_core.package_identification:_identify(src/navigation2-humble/nav2_dwb_controller/images) by extension 'ros'
[1.067s] Level 1:colcon.colcon_core.package_identification:_identify(src/navigation2-humble/nav2_dwb_controller/images) by extensions ['cmake', 'python']
[1.067s] Level 1:colcon.colcon_core.package_identification:_identify(src/navigation2-humble/nav2_dwb_controller/images) by extension 'cmake'
[1.067s] Level 1:colcon.colcon_core.package_identification:_identify(src/navigation2-humble/nav2_dwb_controller/images) by extension 'python'
[1.067s] Level 1:colcon.colcon_core.package_identification:_identify(src/navigation2-humble/nav2_dwb_controller/images) by extensions ['python_setup_py']
[1.067s] Level 1:colcon.colcon_core.package_identification:_identify(src/navigation2-humble/nav2_dwb_controller/images) by extension 'python_setup_py'
[1.068s] Level 1:colcon.colcon_core.package_identification:_identify(src/navigation2-humble/nav2_dwb_controller/nav2_dwb_controller) by extensions ['ignore', 'ignore_ament_install']
[1.068s] Level 1:colcon.colcon_core.package_identification:_identify(src/navigation2-humble/nav2_dwb_controller/nav2_dwb_controller) by extension 'ignore'
[1.068s] Level 1:colcon.colcon_core.package_identification:_identify(src/navigation2-humble/nav2_dwb_controller/nav2_dwb_controller) by extension 'ignore_ament_install'
[1.068s] Level 1:colcon.colcon_core.package_identification:_identify(src/navigation2-humble/nav2_dwb_controller/nav2_dwb_controller) by extensions ['colcon_pkg']
[1.068s] Level 1:colcon.colcon_core.package_identification:_identify(src/navigation2-humble/nav2_dwb_controller/nav2_dwb_controller) by extension 'colcon_pkg'
[1.068s] Level 1:colcon.colcon_core.package_identification:_identify(src/navigation2-humble/nav2_dwb_controller/nav2_dwb_controller) by extensions ['colcon_meta']
[1.068s] Level 1:colcon.colcon_core.package_identification:_identify(src/navigation2-humble/nav2_dwb_controller/nav2_dwb_controller) by extension 'colcon_meta'
[1.068s] Level 1:colcon.colcon_core.package_identification:_identify(src/navigation2-humble/nav2_dwb_controller/nav2_dwb_controller) by extensions ['ros']
[1.068s] Level 1:colcon.colcon_core.package_identification:_identify(src/navigation2-humble/nav2_dwb_controller/nav2_dwb_controller) by extension 'ros'
[1.070s] DEBUG:colcon.colcon_core.package_identification:Package 'src/navigation2-humble/nav2_dwb_controller/nav2_dwb_controller' with type 'ros.ament_cmake' and name 'nav2_dwb_controller'
[1.070s] Level 1:colcon.colcon_core.package_identification:_identify(src/navigation2-humble/nav2_dwb_controller/nav_2d_msgs) by extensions ['ignore', 'ignore_ament_install']
[1.070s] Level 1:colcon.colcon_core.package_identification:_identify(src/navigation2-humble/nav2_dwb_controller/nav_2d_msgs) by extension 'ignore'
[1.070s] Level 1:colcon.colcon_core.package_identification:_identify(src/navigation2-humble/nav2_dwb_controller/nav_2d_msgs) by extension 'ignore_ament_install'
[1.070s] Level 1:colcon.colcon_core.package_identification:_identify(src/navigation2-humble/nav2_dwb_controller/nav_2d_msgs) by extensions ['colcon_pkg']
[1.070s] Level 1:colcon.colcon_core.package_identification:_identify(src/navigation2-humble/nav2_dwb_controller/nav_2d_msgs) by extension 'colcon_pkg'
[1.071s] Level 1:colcon.colcon_core.package_identification:_identify(src/navigation2-humble/nav2_dwb_controller/nav_2d_msgs) by extensions ['colcon_meta']
[1.071s] Level 1:colcon.colcon_core.package_identification:_identify(src/navigation2-humble/nav2_dwb_controller/nav_2d_msgs) by extension 'colcon_meta'
[1.071s] Level 1:colcon.colcon_core.package_identification:_identify(src/navigation2-humble/nav2_dwb_controller/nav_2d_msgs) by extensions ['ros']
[1.071s] Level 1:colcon.colcon_core.package_identification:_identify(src/navigation2-humble/nav2_dwb_controller/nav_2d_msgs) by extension 'ros'
[1.072s] DEBUG:colcon.colcon_core.package_identification:Package 'src/navigation2-humble/nav2_dwb_controller/nav_2d_msgs' with type 'ros.ament_cmake' and name 'nav_2d_msgs'
[1.072s] Level 1:colcon.colcon_core.package_identification:_identify(src/navigation2-humble/nav2_dwb_controller/nav_2d_utils) by extensions ['ignore', 'ignore_ament_install']
[1.072s] Level 1:colcon.colcon_core.package_identification:_identify(src/navigation2-humble/nav2_dwb_controller/nav_2d_utils) by extension 'ignore'
[1.072s] Level 1:colcon.colcon_core.package_identification:_identify(src/navigation2-humble/nav2_dwb_controller/nav_2d_utils) by extension 'ignore_ament_install'
[1.072s] Level 1:colcon.colcon_core.package_identification:_identify(src/navigation2-humble/nav2_dwb_controller/nav_2d_utils) by extensions ['colcon_pkg']
[1.073s] Level 1:colcon.colcon_core.package_identification:_identify(src/navigation2-humble/nav2_dwb_controller/nav_2d_utils) by extension 'colcon_pkg'
[1.073s] Level 1:colcon.colcon_core.package_identification:_identify(src/navigation2-humble/nav2_dwb_controller/nav_2d_utils) by extensions ['colcon_meta']
[1.073s] Level 1:colcon.colcon_core.package_identification:_identify(src/navigation2-humble/nav2_dwb_controller/nav_2d_utils) by extension 'colcon_meta'
[1.073s] Level 1:colcon.colcon_core.package_identification:_identify(src/navigation2-humble/nav2_dwb_controller/nav_2d_utils) by extensions ['ros']
[1.073s] Level 1:colcon.colcon_core.package_identification:_identify(src/navigation2-humble/nav2_dwb_controller/nav_2d_utils) by extension 'ros'
[1.075s] DEBUG:colcon.colcon_core.package_identification:Package 'src/navigation2-humble/nav2_dwb_controller/nav_2d_utils' with type 'ros.ament_cmake' and name 'nav_2d_utils'
[1.075s] Level 1:colcon.colcon_core.package_identification:_identify(src/navigation2-humble/nav2_lifecycle_manager) by extensions ['ignore', 'ignore_ament_install']
[1.075s] Level 1:colcon.colcon_core.package_identification:_identify(src/navigation2-humble/nav2_lifecycle_manager) by extension 'ignore'
[1.075s] Level 1:colcon.colcon_core.package_identification:_identify(src/navigation2-humble/nav2_lifecycle_manager) by extension 'ignore_ament_install'
[1.075s] Level 1:colcon.colcon_core.package_identification:_identify(src/navigation2-humble/nav2_lifecycle_manager) by extensions ['colcon_pkg']
[1.075s] Level 1:colcon.colcon_core.package_identification:_identify(src/navigation2-humble/nav2_lifecycle_manager) by extension 'colcon_pkg'
[1.075s] Level 1:colcon.colcon_core.package_identification:_identify(src/navigation2-humble/nav2_lifecycle_manager) by extensions ['colcon_meta']
[1.075s] Level 1:colcon.colcon_core.package_identification:_identify(src/navigation2-humble/nav2_lifecycle_manager) by extension 'colcon_meta'
[1.076s] Level 1:colcon.colcon_core.package_identification:_identify(src/navigation2-humble/nav2_lifecycle_manager) by extensions ['ros']
[1.076s] Level 1:colcon.colcon_core.package_identification:_identify(src/navigation2-humble/nav2_lifecycle_manager) by extension 'ros'
[1.077s] DEBUG:colcon.colcon_core.package_identification:Package 'src/navigation2-humble/nav2_lifecycle_manager' with type 'ros.ament_cmake' and name 'nav2_lifecycle_manager'
[1.077s] Level 1:colcon.colcon_core.package_identification:_identify(src/navigation2-humble/nav2_map_server) by extensions ['ignore', 'ignore_ament_install']
[1.077s] Level 1:colcon.colcon_core.package_identification:_identify(src/navigation2-humble/nav2_map_server) by extension 'ignore'
[1.077s] Level 1:colcon.colcon_core.package_identification:_identify(src/navigation2-humble/nav2_map_server) by extension 'ignore_ament_install'
[1.077s] Level 1:colcon.colcon_core.package_identification:_identify(src/navigation2-humble/nav2_map_server) by extensions ['colcon_pkg']
[1.077s] Level 1:colcon.colcon_core.package_identification:_identify(src/navigation2-humble/nav2_map_server) by extension 'colcon_pkg'
[1.078s] Level 1:colcon.colcon_core.package_identification:_identify(src/navigation2-humble/nav2_map_server) by extensions ['colcon_meta']
[1.078s] Level 1:colcon.colcon_core.package_identification:_identify(src/navigation2-humble/nav2_map_server) by extension 'colcon_meta'
[1.078s] Level 1:colcon.colcon_core.package_identification:_identify(src/navigation2-humble/nav2_map_server) by extensions ['ros']
[1.078s] Level 1:colcon.colcon_core.package_identification:_identify(src/navigation2-humble/nav2_map_server) by extension 'ros'
[1.080s] DEBUG:colcon.colcon_core.package_identification:Package 'src/navigation2-humble/nav2_map_server' with type 'ros.ament_cmake' and name 'nav2_map_server'
[1.080s] Level 1:colcon.colcon_core.package_identification:_identify(src/navigation2-humble/nav2_mppi_controller) by extensions ['ignore', 'ignore_ament_install']
[1.080s] Level 1:colcon.colcon_core.package_identification:_identify(src/navigation2-humble/nav2_mppi_controller) by extension 'ignore'
[1.080s] Level 1:colcon.colcon_core.package_identification:_identify(src/navigation2-humble/nav2_mppi_controller) by extension 'ignore_ament_install'
[1.080s] Level 1:colcon.colcon_core.package_identification:_identify(src/navigation2-humble/nav2_mppi_controller) by extensions ['colcon_pkg']
[1.080s] Level 1:colcon.colcon_core.package_identification:_identify(src/navigation2-humble/nav2_mppi_controller) by extension 'colcon_pkg'
[1.080s] Level 1:colcon.colcon_core.package_identification:_identify(src/navigation2-humble/nav2_mppi_controller) by extensions ['colcon_meta']
[1.081s] Level 1:colcon.colcon_core.package_identification:_identify(src/navigation2-humble/nav2_mppi_controller) by extension 'colcon_meta'
[1.081s] Level 1:colcon.colcon_core.package_identification:_identify(src/navigation2-humble/nav2_mppi_controller) by extensions ['ros']
[1.081s] Level 1:colcon.colcon_core.package_identification:_identify(src/navigation2-humble/nav2_mppi_controller) by extension 'ros'
[1.083s] DEBUG:colcon.colcon_core.package_identification:Package 'src/navigation2-humble/nav2_mppi_controller' with type 'ros.ament_cmake' and name 'nav2_mppi_controller'
[1.084s] Level 1:colcon.colcon_core.package_identification:_identify(src/navigation2-humble/nav2_msgs) by extensions ['ignore', 'ignore_ament_install']
[1.084s] Level 1:colcon.colcon_core.package_identification:_identify(src/navigation2-humble/nav2_msgs) by extension 'ignore'
[1.084s] Level 1:colcon.colcon_core.package_identification:_identify(src/navigation2-humble/nav2_msgs) by extension 'ignore_ament_install'
[1.084s] Level 1:colcon.colcon_core.package_identification:_identify(src/navigation2-humble/nav2_msgs) by extensions ['colcon_pkg']
[1.084s] Level 1:colcon.colcon_core.package_identification:_identify(src/navigation2-humble/nav2_msgs) by extension 'colcon_pkg'
[1.084s] Level 1:colcon.colcon_core.package_identification:_identify(src/navigation2-humble/nav2_msgs) by extensions ['colcon_meta']
[1.084s] Level 1:colcon.colcon_core.package_identification:_identify(src/navigation2-humble/nav2_msgs) by extension 'colcon_meta'
[1.084s] Level 1:colcon.colcon_core.package_identification:_identify(src/navigation2-humble/nav2_msgs) by extensions ['ros']
[1.084s] Level 1:colcon.colcon_core.package_identification:_identify(src/navigation2-humble/nav2_msgs) by extension 'ros'
[1.086s] DEBUG:colcon.colcon_core.package_identification:Package 'src/navigation2-humble/nav2_msgs' with type 'ros.ament_cmake' and name 'nav2_msgs'
[1.086s] Level 1:colcon.colcon_core.package_identification:_identify(src/navigation2-humble/nav2_navfn_planner) by extensions ['ignore', 'ignore_ament_install']
[1.086s] Level 1:colcon.colcon_core.package_identification:_identify(src/navigation2-humble/nav2_navfn_planner) by extension 'ignore'
[1.087s] Level 1:colcon.colcon_core.package_identification:_identify(src/navigation2-humble/nav2_navfn_planner) by extension 'ignore_ament_install'
[1.087s] Level 1:colcon.colcon_core.package_identification:_identify(src/navigation2-humble/nav2_navfn_planner) by extensions ['colcon_pkg']
[1.087s] Level 1:colcon.colcon_core.package_identification:_identify(src/navigation2-humble/nav2_navfn_planner) by extension 'colcon_pkg'
[1.087s] Level 1:colcon.colcon_core.package_identification:_identify(src/navigation2-humble/nav2_navfn_planner) by extensions ['colcon_meta']
[1.087s] Level 1:colcon.colcon_core.package_identification:_identify(src/navigation2-humble/nav2_navfn_planner) by extension 'colcon_meta'
[1.087s] Level 1:colcon.colcon_core.package_identification:_identify(src/navigation2-humble/nav2_navfn_planner) by extensions ['ros']
[1.087s] Level 1:colcon.colcon_core.package_identification:_identify(src/navigation2-humble/nav2_navfn_planner) by extension 'ros'
[1.089s] DEBUG:colcon.colcon_core.package_identification:Package 'src/navigation2-humble/nav2_navfn_planner' with type 'ros.ament_cmake' and name 'nav2_navfn_planner'
[1.089s] Level 1:colcon.colcon_core.package_identification:_identify(src/navigation2-humble/nav2_planner) by extensions ['ignore', 'ignore_ament_install']
[1.089s] Level 1:colcon.colcon_core.package_identification:_identify(src/navigation2-humble/nav2_planner) by extension 'ignore'
[1.090s] Level 1:colcon.colcon_core.package_identification:_identify(src/navigation2-humble/nav2_planner) by extension 'ignore_ament_install'
[1.090s] Level 1:colcon.colcon_core.package_identification:_identify(src/navigation2-humble/nav2_planner) by extensions ['colcon_pkg']
[1.090s] Level 1:colcon.colcon_core.package_identification:_identify(src/navigation2-humble/nav2_planner) by extension 'colcon_pkg'
[1.090s] Level 1:colcon.colcon_core.package_identification:_identify(src/navigation2-humble/nav2_planner) by extensions ['colcon_meta']
[1.090s] Level 1:colcon.colcon_core.package_identification:_identify(src/navigation2-humble/nav2_planner) by extension 'colcon_meta'
[1.090s] Level 1:colcon.colcon_core.package_identification:_identify(src/navigation2-humble/nav2_planner) by extensions ['ros']
[1.090s] Level 1:colcon.colcon_core.package_identification:_identify(src/navigation2-humble/nav2_planner) by extension 'ros'
[1.092s] DEBUG:colcon.colcon_core.package_identification:Package 'src/navigation2-humble/nav2_planner' with type 'ros.ament_cmake' and name 'nav2_planner'
[1.093s] Level 1:colcon.colcon_core.package_identification:_identify(src/navigation2-humble/nav2_regulated_pure_pursuit_controller) by extensions ['ignore', 'ignore_ament_install']
[1.093s] Level 1:colcon.colcon_core.package_identification:_identify(src/navigation2-humble/nav2_regulated_pure_pursuit_controller) by extension 'ignore'
[1.093s] Level 1:colcon.colcon_core.package_identification:_identify(src/navigation2-humble/nav2_regulated_pure_pursuit_controller) by extension 'ignore_ament_install'
[1.093s] Level 1:colcon.colcon_core.package_identification:_identify(src/navigation2-humble/nav2_regulated_pure_pursuit_controller) by extensions ['colcon_pkg']
[1.093s] Level 1:colcon.colcon_core.package_identification:_identify(src/navigation2-humble/nav2_regulated_pure_pursuit_controller) by extension 'colcon_pkg'
[1.093s] Level 1:colcon.colcon_core.package_identification:_identify(src/navigation2-humble/nav2_regulated_pure_pursuit_controller) by extensions ['colcon_meta']
[1.093s] Level 1:colcon.colcon_core.package_identification:_identify(src/navigation2-humble/nav2_regulated_pure_pursuit_controller) by extension 'colcon_meta'
[1.093s] Level 1:colcon.colcon_core.package_identification:_identify(src/navigation2-humble/nav2_regulated_pure_pursuit_controller) by extensions ['ros']
[1.093s] Level 1:colcon.colcon_core.package_identification:_identify(src/navigation2-humble/nav2_regulated_pure_pursuit_controller) by extension 'ros'
[1.095s] DEBUG:colcon.colcon_core.package_identification:Package 'src/navigation2-humble/nav2_regulated_pure_pursuit_controller' with type 'ros.ament_cmake' and name 'nav2_regulated_pure_pursuit_controller'
[1.095s] Level 1:colcon.colcon_core.package_identification:_identify(src/navigation2-humble/nav2_rotation_shim_controller) by extensions ['ignore', 'ignore_ament_install']
[1.095s] Level 1:colcon.colcon_core.package_identification:_identify(src/navigation2-humble/nav2_rotation_shim_controller) by extension 'ignore'
[1.095s] Level 1:colcon.colcon_core.package_identification:_identify(src/navigation2-humble/nav2_rotation_shim_controller) by extension 'ignore_ament_install'
[1.096s] Level 1:colcon.colcon_core.package_identification:_identify(src/navigation2-humble/nav2_rotation_shim_controller) by extensions ['colcon_pkg']
[1.096s] Level 1:colcon.colcon_core.package_identification:_identify(src/navigation2-humble/nav2_rotation_shim_controller) by extension 'colcon_pkg'
[1.096s] Level 1:colcon.colcon_core.package_identification:_identify(src/navigation2-humble/nav2_rotation_shim_controller) by extensions ['colcon_meta']
[1.096s] Level 1:colcon.colcon_core.package_identification:_identify(src/navigation2-humble/nav2_rotation_shim_controller) by extension 'colcon_meta'
[1.096s] Level 1:colcon.colcon_core.package_identification:_identify(src/navigation2-humble/nav2_rotation_shim_controller) by extensions ['ros']
[1.096s] Level 1:colcon.colcon_core.package_identification:_identify(src/navigation2-humble/nav2_rotation_shim_controller) by extension 'ros'
[1.098s] DEBUG:colcon.colcon_core.package_identification:Package 'src/navigation2-humble/nav2_rotation_shim_controller' with type 'ros.ament_cmake' and name 'nav2_rotation_shim_controller'
[1.098s] Level 1:colcon.colcon_core.package_identification:_identify(src/navigation2-humble/nav2_rviz_plugins) by extensions ['ignore', 'ignore_ament_install']
[1.098s] Level 1:colcon.colcon_core.package_identification:_identify(src/navigation2-humble/nav2_rviz_plugins) by extension 'ignore'
[1.098s] Level 1:colcon.colcon_core.package_identification:_identify(src/navigation2-humble/nav2_rviz_plugins) by extension 'ignore_ament_install'
[1.098s] Level 1:colcon.colcon_core.package_identification:_identify(src/navigation2-humble/nav2_rviz_plugins) by extensions ['colcon_pkg']
[1.098s] Level 1:colcon.colcon_core.package_identification:_identify(src/navigation2-humble/nav2_rviz_plugins) by extension 'colcon_pkg'
[1.098s] Level 1:colcon.colcon_core.package_identification:_identify(src/navigation2-humble/nav2_rviz_plugins) by extensions ['colcon_meta']
[1.098s] Level 1:colcon.colcon_core.package_identification:_identify(src/navigation2-humble/nav2_rviz_plugins) by extension 'colcon_meta'
[1.099s] Level 1:colcon.colcon_core.package_identification:_identify(src/navigation2-humble/nav2_rviz_plugins) by extensions ['ros']
[1.099s] Level 1:colcon.colcon_core.package_identification:_identify(src/navigation2-humble/nav2_rviz_plugins) by extension 'ros'
[1.101s] DEBUG:colcon.colcon_core.package_identification:Package 'src/navigation2-humble/nav2_rviz_plugins' with type 'ros.ament_cmake' and name 'nav2_rviz_plugins'
[1.101s] Level 1:colcon.colcon_core.package_identification:_identify(src/navigation2-humble/nav2_simple_commander) by extensions ['ignore', 'ignore_ament_install']
[1.101s] Level 1:colcon.colcon_core.package_identification:_identify(src/navigation2-humble/nav2_simple_commander) by extension 'ignore'
[1.102s] Level 1:colcon.colcon_core.package_identification:_identify(src/navigation2-humble/nav2_simple_commander) by extension 'ignore_ament_install'
[1.102s] Level 1:colcon.colcon_core.package_identification:_identify(src/navigation2-humble/nav2_simple_commander) by extensions ['colcon_pkg']
[1.102s] Level 1:colcon.colcon_core.package_identification:_identify(src/navigation2-humble/nav2_simple_commander) by extension 'colcon_pkg'
[1.102s] Level 1:colcon.colcon_core.package_identification:_identify(src/navigation2-humble/nav2_simple_commander) by extensions ['colcon_meta']
[1.102s] Level 1:colcon.colcon_core.package_identification:_identify(src/navigation2-humble/nav2_simple_commander) by extension 'colcon_meta'
[1.102s] Level 1:colcon.colcon_core.package_identification:_identify(src/navigation2-humble/nav2_simple_commander) by extensions ['ros']
[1.102s] Level 1:colcon.colcon_core.package_identification:_identify(src/navigation2-humble/nav2_simple_commander) by extension 'ros'
[1.103s] DEBUG:colcon.colcon_core.package_identification:Package 'src/navigation2-humble/nav2_simple_commander' with type 'ros.ament_python' and name 'nav2_simple_commander'
[1.103s] Level 1:colcon.colcon_core.package_identification:_identify(src/navigation2-humble/nav2_smac_planner) by extensions ['ignore', 'ignore_ament_install']
[1.103s] Level 1:colcon.colcon_core.package_identification:_identify(src/navigation2-humble/nav2_smac_planner) by extension 'ignore'
[1.103s] Level 1:colcon.colcon_core.package_identification:_identify(src/navigation2-humble/nav2_smac_planner) by extension 'ignore_ament_install'
[1.104s] Level 1:colcon.colcon_core.package_identification:_identify(src/navigation2-humble/nav2_smac_planner) by extensions ['colcon_pkg']
[1.104s] Level 1:colcon.colcon_core.package_identification:_identify(src/navigation2-humble/nav2_smac_planner) by extension 'colcon_pkg'
[1.104s] Level 1:colcon.colcon_core.package_identification:_identify(src/navigation2-humble/nav2_smac_planner) by extensions ['colcon_meta']
[1.104s] Level 1:colcon.colcon_core.package_identification:_identify(src/navigation2-humble/nav2_smac_planner) by extension 'colcon_meta'
[1.104s] Level 1:colcon.colcon_core.package_identification:_identify(src/navigation2-humble/nav2_smac_planner) by extensions ['ros']
[1.104s] Level 1:colcon.colcon_core.package_identification:_identify(src/navigation2-humble/nav2_smac_planner) by extension 'ros'
[1.107s] DEBUG:colcon.colcon_core.package_identification:Package 'src/navigation2-humble/nav2_smac_planner' with type 'ros.ament_cmake' and name 'nav2_smac_planner'
[1.107s] Level 1:colcon.colcon_core.package_identification:_identify(src/navigation2-humble/nav2_smoother) by extensions ['ignore', 'ignore_ament_install']
[1.107s] Level 1:colcon.colcon_core.package_identification:_identify(src/navigation2-humble/nav2_smoother) by extension 'ignore'
[1.107s] Level 1:colcon.colcon_core.package_identification:_identify(src/navigation2-humble/nav2_smoother) by extension 'ignore_ament_install'
[1.107s] Level 1:colcon.colcon_core.package_identification:_identify(src/navigation2-humble/nav2_smoother) by extensions ['colcon_pkg']
[1.107s] Level 1:colcon.colcon_core.package_identification:_identify(src/navigation2-humble/nav2_smoother) by extension 'colcon_pkg'
[1.107s] Level 1:colcon.colcon_core.package_identification:_identify(src/navigation2-humble/nav2_smoother) by extensions ['colcon_meta']
[1.107s] Level 1:colcon.colcon_core.package_identification:_identify(src/navigation2-humble/nav2_smoother) by extension 'colcon_meta'
[1.107s] Level 1:colcon.colcon_core.package_identification:_identify(src/navigation2-humble/nav2_smoother) by extensions ['ros']
[1.108s] Level 1:colcon.colcon_core.package_identification:_identify(src/navigation2-humble/nav2_smoother) by extension 'ros'
[1.109s] DEBUG:colcon.colcon_core.package_identification:Package 'src/navigation2-humble/nav2_smoother' with type 'ros.ament_cmake' and name 'nav2_smoother'
[1.110s] Level 1:colcon.colcon_core.package_identification:_identify(src/navigation2-humble/nav2_theta_star_planner) by extensions ['ignore', 'ignore_ament_install']
[1.110s] Level 1:colcon.colcon_core.package_identification:_identify(src/navigation2-humble/nav2_theta_star_planner) by extension 'ignore'
[1.110s] Level 1:colcon.colcon_core.package_identification:_identify(src/navigation2-humble/nav2_theta_star_planner) by extension 'ignore_ament_install'
[1.110s] Level 1:colcon.colcon_core.package_identification:_identify(src/navigation2-humble/nav2_theta_star_planner) by extensions ['colcon_pkg']
[1.110s] Level 1:colcon.colcon_core.package_identification:_identify(src/navigation2-humble/nav2_theta_star_planner) by extension 'colcon_pkg'
[1.110s] Level 1:colcon.colcon_core.package_identification:_identify(src/navigation2-humble/nav2_theta_star_planner) by extensions ['colcon_meta']
[1.110s] Level 1:colcon.colcon_core.package_identification:_identify(src/navigation2-humble/nav2_theta_star_planner) by extension 'colcon_meta'
[1.110s] Level 1:colcon.colcon_core.package_identification:_identify(src/navigation2-humble/nav2_theta_star_planner) by extensions ['ros']
[1.110s] Level 1:colcon.colcon_core.package_identification:_identify(src/navigation2-humble/nav2_theta_star_planner) by extension 'ros'
[1.112s] DEBUG:colcon.colcon_core.package_identification:Package 'src/navigation2-humble/nav2_theta_star_planner' with type 'ros.ament_cmake' and name 'nav2_theta_star_planner'
[1.112s] Level 1:colcon.colcon_core.package_identification:_identify(src/navigation2-humble/nav2_util) by extensions ['ignore', 'ignore_ament_install']
[1.112s] Level 1:colcon.colcon_core.package_identification:_identify(src/navigation2-humble/nav2_util) by extension 'ignore'
[1.112s] Level 1:colcon.colcon_core.package_identification:_identify(src/navigation2-humble/nav2_util) by extension 'ignore_ament_install'
[1.113s] Level 1:colcon.colcon_core.package_identification:_identify(src/navigation2-humble/nav2_util) by extensions ['colcon_pkg']
[1.113s] Level 1:colcon.colcon_core.package_identification:_identify(src/navigation2-humble/nav2_util) by extension 'colcon_pkg'
[1.113s] Level 1:colcon.colcon_core.package_identification:_identify(src/navigation2-humble/nav2_util) by extensions ['colcon_meta']
[1.113s] Level 1:colcon.colcon_core.package_identification:_identify(src/navigation2-humble/nav2_util) by extension 'colcon_meta'
[1.113s] Level 1:colcon.colcon_core.package_identification:_identify(src/navigation2-humble/nav2_util) by extensions ['ros']
[1.113s] Level 1:colcon.colcon_core.package_identification:_identify(src/navigation2-humble/nav2_util) by extension 'ros'
[1.116s] DEBUG:colcon.colcon_core.package_identification:Package 'src/navigation2-humble/nav2_util' with type 'ros.ament_cmake' and name 'nav2_util'
[1.116s] Level 1:colcon.colcon_core.package_identification:_identify(src/navigation2-humble/nav2_velocity_smoother) by extensions ['ignore', 'ignore_ament_install']
[1.116s] Level 1:colcon.colcon_core.package_identification:_identify(src/navigation2-humble/nav2_velocity_smoother) by extension 'ignore'
[1.116s] Level 1:colcon.colcon_core.package_identification:_identify(src/navigation2-humble/nav2_velocity_smoother) by extension 'ignore_ament_install'
[1.116s] Level 1:colcon.colcon_core.package_identification:_identify(src/navigation2-humble/nav2_velocity_smoother) by extensions ['colcon_pkg']
[1.116s] Level 1:colcon.colcon_core.package_identification:_identify(src/navigation2-humble/nav2_velocity_smoother) by extension 'colcon_pkg'
[1.116s] Level 1:colcon.colcon_core.package_identification:_identify(src/navigation2-humble/nav2_velocity_smoother) by extensions ['colcon_meta']
[1.116s] Level 1:colcon.colcon_core.package_identification:_identify(src/navigation2-humble/nav2_velocity_smoother) by extension 'colcon_meta'
[1.117s] Level 1:colcon.colcon_core.package_identification:_identify(src/navigation2-humble/nav2_velocity_smoother) by extensions ['ros']
[1.117s] Level 1:colcon.colcon_core.package_identification:_identify(src/navigation2-humble/nav2_velocity_smoother) by extension 'ros'
[1.118s] DEBUG:colcon.colcon_core.package_identification:Package 'src/navigation2-humble/nav2_velocity_smoother' with type 'ros.ament_cmake' and name 'nav2_velocity_smoother'
[1.118s] Level 1:colcon.colcon_core.package_identification:_identify(src/navigation2-humble/nav2_voxel_grid) by extensions ['ignore', 'ignore_ament_install']
[1.118s] Level 1:colcon.colcon_core.package_identification:_identify(src/navigation2-humble/nav2_voxel_grid) by extension 'ignore'
[1.118s] Level 1:colcon.colcon_core.package_identification:_identify(src/navigation2-humble/nav2_voxel_grid) by extension 'ignore_ament_install'
[1.119s] Level 1:colcon.colcon_core.package_identification:_identify(src/navigation2-humble/nav2_voxel_grid) by extensions ['colcon_pkg']
[1.119s] Level 1:colcon.colcon_core.package_identification:_identify(src/navigation2-humble/nav2_voxel_grid) by extension 'colcon_pkg'
[1.119s] Level 1:colcon.colcon_core.package_identification:_identify(src/navigation2-humble/nav2_voxel_grid) by extensions ['colcon_meta']
[1.119s] Level 1:colcon.colcon_core.package_identification:_identify(src/navigation2-humble/nav2_voxel_grid) by extension 'colcon_meta'
[1.119s] Level 1:colcon.colcon_core.package_identification:_identify(src/navigation2-humble/nav2_voxel_grid) by extensions ['ros']
[1.119s] Level 1:colcon.colcon_core.package_identification:_identify(src/navigation2-humble/nav2_voxel_grid) by extension 'ros'
[1.120s] DEBUG:colcon.colcon_core.package_identification:Package 'src/navigation2-humble/nav2_voxel_grid' with type 'ros.ament_cmake' and name 'nav2_voxel_grid'
[1.120s] Level 1:colcon.colcon_core.package_identification:_identify(src/navigation2-humble/nav2_waypoint_follower) by extensions ['ignore', 'ignore_ament_install']
[1.120s] Level 1:colcon.colcon_core.package_identification:_identify(src/navigation2-humble/nav2_waypoint_follower) by extension 'ignore'
[1.120s] Level 1:colcon.colcon_core.package_identification:_identify(src/navigation2-humble/nav2_waypoint_follower) by extension 'ignore_ament_install'
[1.121s] Level 1:colcon.colcon_core.package_identification:_identify(src/navigation2-humble/nav2_waypoint_follower) by extensions ['colcon_pkg']
[1.121s] Level 1:colcon.colcon_core.package_identification:_identify(src/navigation2-humble/nav2_waypoint_follower) by extension 'colcon_pkg'
[1.121s] Level 1:colcon.colcon_core.package_identification:_identify(src/navigation2-humble/nav2_waypoint_follower) by extensions ['colcon_meta']
[1.121s] Level 1:colcon.colcon_core.package_identification:_identify(src/navigation2-humble/nav2_waypoint_follower) by extension 'colcon_meta'
[1.121s] Level 1:colcon.colcon_core.package_identification:_identify(src/navigation2-humble/nav2_waypoint_follower) by extensions ['ros']
[1.121s] Level 1:colcon.colcon_core.package_identification:_identify(src/navigation2-humble/nav2_waypoint_follower) by extension 'ros'
[1.123s] DEBUG:colcon.colcon_core.package_identification:Package 'src/navigation2-humble/nav2_waypoint_follower' with type 'ros.ament_cmake' and name 'nav2_waypoint_follower'
[1.123s] Level 1:colcon.colcon_core.package_identification:_identify(src/navigation2-humble/navigation2) by extensions ['ignore', 'ignore_ament_install']
[1.123s] Level 1:colcon.colcon_core.package_identification:_identify(src/navigation2-humble/navigation2) by extension 'ignore'
[1.123s] Level 1:colcon.colcon_core.package_identification:_identify(src/navigation2-humble/navigation2) by extension 'ignore_ament_install'
[1.123s] Level 1:colcon.colcon_core.package_identification:_identify(src/navigation2-humble/navigation2) by extensions ['colcon_pkg']
[1.123s] Level 1:colcon.colcon_core.package_identification:_identify(src/navigation2-humble/navigation2) by extension 'colcon_pkg'
[1.123s] Level 1:colcon.colcon_core.package_identification:_identify(src/navigation2-humble/navigation2) by extensions ['colcon_meta']
[1.124s] Level 1:colcon.colcon_core.package_identification:_identify(src/navigation2-humble/navigation2) by extension 'colcon_meta'
[1.124s] Level 1:colcon.colcon_core.package_identification:_identify(src/navigation2-humble/navigation2) by extensions ['ros']
[1.124s] Level 1:colcon.colcon_core.package_identification:_identify(src/navigation2-humble/navigation2) by extension 'ros'
[1.125s] DEBUG:colcon.colcon_core.package_identification:Package 'src/navigation2-humble/navigation2' with type 'ros.ament_cmake' and name 'navigation2'
[1.125s] Level 1:colcon.colcon_core.package_identification:_identify(src/navigation2-humble/tools) by extensions ['ignore', 'ignore_ament_install']
[1.125s] Level 1:colcon.colcon_core.package_identification:_identify(src/navigation2-humble/tools) by extension 'ignore'
[1.125s] Level 1:colcon.colcon_core.package_identification:_identify(src/navigation2-humble/tools) by extension 'ignore_ament_install'
[1.126s] Level 1:colcon.colcon_core.package_identification:_identify(src/navigation2-humble/tools) by extensions ['colcon_pkg']
[1.126s] Level 1:colcon.colcon_core.package_identification:_identify(src/navigation2-humble/tools) by extension 'colcon_pkg'
[1.126s] Level 1:colcon.colcon_core.package_identification:_identify(src/navigation2-humble/tools) by extensions ['colcon_meta']
[1.126s] Level 1:colcon.colcon_core.package_identification:_identify(src/navigation2-humble/tools) by extension 'colcon_meta'
[1.126s] Level 1:colcon.colcon_core.package_identification:_identify(src/navigation2-humble/tools) by extensions ['ros']
[1.126s] Level 1:colcon.colcon_core.package_identification:_identify(src/navigation2-humble/tools) by extension 'ros'
[1.126s] Level 1:colcon.colcon_core.package_identification:_identify(src/navigation2-humble/tools) by extensions ['cmake', 'python']
[1.126s] Level 1:colcon.colcon_core.package_identification:_identify(src/navigation2-humble/tools) by extension 'cmake'
[1.126s] Level 1:colcon.colcon_core.package_identification:_identify(src/navigation2-humble/tools) by extension 'python'
[1.126s] Level 1:colcon.colcon_core.package_identification:_identify(src/navigation2-humble/tools) by extensions ['python_setup_py']
[1.126s] Level 1:colcon.colcon_core.package_identification:_identify(src/navigation2-humble/tools) by extension 'python_setup_py'
[1.127s] Level 1:colcon.colcon_core.package_identification:_identify(src/navigation2-humble/tools/planner_benchmarking) by extensions ['ignore', 'ignore_ament_install']
[1.127s] Level 1:colcon.colcon_core.package_identification:_identify(src/navigation2-humble/tools/planner_benchmarking) by extension 'ignore'
[1.127s] Level 1:colcon.colcon_core.package_identification:_identify(src/navigation2-humble/tools/planner_benchmarking) by extension 'ignore_ament_install'
[1.127s] Level 1:colcon.colcon_core.package_identification:_identify(src/navigation2-humble/tools/planner_benchmarking) by extensions ['colcon_pkg']
[1.127s] Level 1:colcon.colcon_core.package_identification:_identify(src/navigation2-humble/tools/planner_benchmarking) by extension 'colcon_pkg'
[1.127s] Level 1:colcon.colcon_core.package_identification:_identify(src/navigation2-humble/tools/planner_benchmarking) by extensions ['colcon_meta']
[1.127s] Level 1:colcon.colcon_core.package_identification:_identify(src/navigation2-humble/tools/planner_benchmarking) by extension 'colcon_meta'
[1.127s] Level 1:colcon.colcon_core.package_identification:_identify(src/navigation2-humble/tools/planner_benchmarking) by extensions ['ros']
[1.127s] Level 1:colcon.colcon_core.package_identification:_identify(src/navigation2-humble/tools/planner_benchmarking) by extension 'ros'
[1.127s] Level 1:colcon.colcon_core.package_identification:_identify(src/navigation2-humble/tools/planner_benchmarking) by extensions ['cmake', 'python']
[1.127s] Level 1:colcon.colcon_core.package_identification:_identify(src/navigation2-humble/tools/planner_benchmarking) by extension 'cmake'
[1.128s] Level 1:colcon.colcon_core.package_identification:_identify(src/navigation2-humble/tools/planner_benchmarking) by extension 'python'
[1.128s] Level 1:colcon.colcon_core.package_identification:_identify(src/navigation2-humble/tools/planner_benchmarking) by extensions ['python_setup_py']
[1.128s] Level 1:colcon.colcon_core.package_identification:_identify(src/navigation2-humble/tools/planner_benchmarking) by extension 'python_setup_py'
[1.128s] Level 1:colcon.colcon_core.package_identification:_identify(src/navigation2-humble/tools/smoother_benchmarking) by extensions ['ignore', 'ignore_ament_install']
[1.128s] Level 1:colcon.colcon_core.package_identification:_identify(src/navigation2-humble/tools/smoother_benchmarking) by extension 'ignore'
[1.128s] Level 1:colcon.colcon_core.package_identification:_identify(src/navigation2-humble/tools/smoother_benchmarking) by extension 'ignore_ament_install'
[1.128s] Level 1:colcon.colcon_core.package_identification:_identify(src/navigation2-humble/tools/smoother_benchmarking) by extensions ['colcon_pkg']
[1.128s] Level 1:colcon.colcon_core.package_identification:_identify(src/navigation2-humble/tools/smoother_benchmarking) by extension 'colcon_pkg'
[1.128s] Level 1:colcon.colcon_core.package_identification:_identify(src/navigation2-humble/tools/smoother_benchmarking) by extensions ['colcon_meta']
[1.128s] Level 1:colcon.colcon_core.package_identification:_identify(src/navigation2-humble/tools/smoother_benchmarking) by extension 'colcon_meta'
[1.128s] Level 1:colcon.colcon_core.package_identification:_identify(src/navigation2-humble/tools/smoother_benchmarking) by extensions ['ros']
[1.128s] Level 1:colcon.colcon_core.package_identification:_identify(src/navigation2-humble/tools/smoother_benchmarking) by extension 'ros'
[1.129s] Level 1:colcon.colcon_core.package_identification:_identify(src/navigation2-humble/tools/smoother_benchmarking) by extensions ['cmake', 'python']
[1.129s] Level 1:colcon.colcon_core.package_identification:_identify(src/navigation2-humble/tools/smoother_benchmarking) by extension 'cmake'
[1.129s] Level 1:colcon.colcon_core.package_identification:_identify(src/navigation2-humble/tools/smoother_benchmarking) by extension 'python'
[1.129s] Level 1:colcon.colcon_core.package_identification:_identify(src/navigation2-humble/tools/smoother_benchmarking) by extensions ['python_setup_py']
[1.129s] Level 1:colcon.colcon_core.package_identification:_identify(src/navigation2-humble/tools/smoother_benchmarking) by extension 'python_setup_py'
[1.129s] Level 1:colcon.colcon_core.package_identification:_identify(src/navigation2-humble/tools/smoother_benchmarking/maps) by extensions ['ignore', 'ignore_ament_install']
[1.129s] Level 1:colcon.colcon_core.package_identification:_identify(src/navigation2-humble/tools/smoother_benchmarking/maps) by extension 'ignore'
[1.129s] Level 1:colcon.colcon_core.package_identification:_identify(src/navigation2-humble/tools/smoother_benchmarking/maps) by extension 'ignore_ament_install'
[1.129s] Level 1:colcon.colcon_core.package_identification:_identify(src/navigation2-humble/tools/smoother_benchmarking/maps) by extensions ['colcon_pkg']
[1.129s] Level 1:colcon.colcon_core.package_identification:_identify(src/navigation2-humble/tools/smoother_benchmarking/maps) by extension 'colcon_pkg'
[1.130s] Level 1:colcon.colcon_core.package_identification:_identify(src/navigation2-humble/tools/smoother_benchmarking/maps) by extensions ['colcon_meta']
[1.130s] Level 1:colcon.colcon_core.package_identification:_identify(src/navigation2-humble/tools/smoother_benchmarking/maps) by extension 'colcon_meta'
[1.130s] Level 1:colcon.colcon_core.package_identification:_identify(src/navigation2-humble/tools/smoother_benchmarking/maps) by extensions ['ros']
[1.130s] Level 1:colcon.colcon_core.package_identification:_identify(src/navigation2-humble/tools/smoother_benchmarking/maps) by extension 'ros'
[1.130s] Level 1:colcon.colcon_core.package_identification:_identify(src/navigation2-humble/tools/smoother_benchmarking/maps) by extensions ['cmake', 'python']
[1.130s] Level 1:colcon.colcon_core.package_identification:_identify(src/navigation2-humble/tools/smoother_benchmarking/maps) by extension 'cmake'
[1.130s] Level 1:colcon.colcon_core.package_identification:_identify(src/navigation2-humble/tools/smoother_benchmarking/maps) by extension 'python'
[1.130s] Level 1:colcon.colcon_core.package_identification:_identify(src/navigation2-humble/tools/smoother_benchmarking/maps) by extensions ['python_setup_py']
[1.130s] Level 1:colcon.colcon_core.package_identification:_identify(src/navigation2-humble/tools/smoother_benchmarking/maps) by extension 'python_setup_py'
[1.130s] Level 1:colcon.colcon_core.package_identification:_identify(src/ollama_ros_chat-ros2) by extensions ['ignore', 'ignore_ament_install']
[1.130s] Level 1:colcon.colcon_core.package_identification:_identify(src/ollama_ros_chat-ros2) by extension 'ignore'
[1.131s] Level 1:colcon.colcon_core.package_identification:_identify(src/ollama_ros_chat-ros2) by extension 'ignore_ament_install'
[1.131s] Level 1:colcon.colcon_core.package_identification:_identify(src/ollama_ros_chat-ros2) by extensions ['colcon_pkg']
[1.131s] Level 1:colcon.colcon_core.package_identification:_identify(src/ollama_ros_chat-ros2) by extension 'colcon_pkg'
[1.131s] Level 1:colcon.colcon_core.package_identification:_identify(src/ollama_ros_chat-ros2) by extensions ['colcon_meta']
[1.131s] Level 1:colcon.colcon_core.package_identification:_identify(src/ollama_ros_chat-ros2) by extension 'colcon_meta'
[1.131s] Level 1:colcon.colcon_core.package_identification:_identify(src/ollama_ros_chat-ros2) by extensions ['ros']
[1.131s] Level 1:colcon.colcon_core.package_identification:_identify(src/ollama_ros_chat-ros2) by extension 'ros'
[1.131s] Level 1:colcon.colcon_core.package_identification:_identify(src/ollama_ros_chat-ros2) by extensions ['cmake', 'python']
[1.131s] Level 1:colcon.colcon_core.package_identification:_identify(src/ollama_ros_chat-ros2) by extension 'cmake'
[1.131s] Level 1:colcon.colcon_core.package_identification:_identify(src/ollama_ros_chat-ros2) by extension 'python'
[1.131s] Level 1:colcon.colcon_core.package_identification:_identify(src/ollama_ros_chat-ros2) by extensions ['python_setup_py']
[1.131s] Level 1:colcon.colcon_core.package_identification:_identify(src/ollama_ros_chat-ros2) by extension 'python_setup_py'
[1.132s] Level 1:colcon.colcon_core.package_identification:_identify(src/ollama_ros_chat-ros2/ollama_ros_chat) by extensions ['ignore', 'ignore_ament_install']
[1.132s] Level 1:colcon.colcon_core.package_identification:_identify(src/ollama_ros_chat-ros2/ollama_ros_chat) by extension 'ignore'
[1.132s] Level 1:colcon.colcon_core.package_identification:_identify(src/ollama_ros_chat-ros2/ollama_ros_chat) by extension 'ignore_ament_install'
[1.132s] Level 1:colcon.colcon_core.package_identification:_identify(src/ollama_ros_chat-ros2/ollama_ros_chat) by extensions ['colcon_pkg']
[1.132s] Level 1:colcon.colcon_core.package_identification:_identify(src/ollama_ros_chat-ros2/ollama_ros_chat) by extension 'colcon_pkg'
[1.132s] Level 1:colcon.colcon_core.package_identification:_identify(src/ollama_ros_chat-ros2/ollama_ros_chat) by extensions ['colcon_meta']
[1.132s] Level 1:colcon.colcon_core.package_identification:_identify(src/ollama_ros_chat-ros2/ollama_ros_chat) by extension 'colcon_meta'
[1.132s] Level 1:colcon.colcon_core.package_identification:_identify(src/ollama_ros_chat-ros2/ollama_ros_chat) by extensions ['ros']
[1.132s] Level 1:colcon.colcon_core.package_identification:_identify(src/ollama_ros_chat-ros2/ollama_ros_chat) by extension 'ros'
[1.133s] DEBUG:colcon.colcon_core.package_identification:Package 'src/ollama_ros_chat-ros2/ollama_ros_chat' with type 'ros.ament_python' and name 'ollama_ros_chat'
[1.134s] Level 1:colcon.colcon_core.package_identification:_identify(src/ollama_ros_chat-ros2/ollama_ros_msgs) by extensions ['ignore', 'ignore_ament_install']
[1.134s] Level 1:colcon.colcon_core.package_identification:_identify(src/ollama_ros_chat-ros2/ollama_ros_msgs) by extension 'ignore'
[1.134s] Level 1:colcon.colcon_core.package_identification:_identify(src/ollama_ros_chat-ros2/ollama_ros_msgs) by extension 'ignore_ament_install'
[1.134s] Level 1:colcon.colcon_core.package_identification:_identify(src/ollama_ros_chat-ros2/ollama_ros_msgs) by extensions ['colcon_pkg']
[1.134s] Level 1:colcon.colcon_core.package_identification:_identify(src/ollama_ros_chat-ros2/ollama_ros_msgs) by extension 'colcon_pkg'
[1.134s] Level 1:colcon.colcon_core.package_identification:_identify(src/ollama_ros_chat-ros2/ollama_ros_msgs) by extensions ['colcon_meta']
[1.134s] Level 1:colcon.colcon_core.package_identification:_identify(src/ollama_ros_chat-ros2/ollama_ros_msgs) by extension 'colcon_meta'
[1.134s] Level 1:colcon.colcon_core.package_identification:_identify(src/ollama_ros_chat-ros2/ollama_ros_msgs) by extensions ['ros']
[1.134s] Level 1:colcon.colcon_core.package_identification:_identify(src/ollama_ros_chat-ros2/ollama_ros_msgs) by extension 'ros'
[1.135s] DEBUG:colcon.colcon_core.package_identification:Package 'src/ollama_ros_chat-ros2/ollama_ros_msgs' with type 'ros.ament_cmake' and name 'ollama_ros_msgs'
[1.136s] Level 1:colcon.colcon_core.package_identification:_identify(src/ros2_astra_camera-master) by extensions ['ignore', 'ignore_ament_install']
[1.136s] Level 1:colcon.colcon_core.package_identification:_identify(src/ros2_astra_camera-master) by extension 'ignore'
[1.136s] Level 1:colcon.colcon_core.package_identification:_identify(src/ros2_astra_camera-master) by extension 'ignore_ament_install'
[1.136s] Level 1:colcon.colcon_core.package_identification:_identify(src/ros2_astra_camera-master) by extensions ['colcon_pkg']
[1.136s] Level 1:colcon.colcon_core.package_identification:_identify(src/ros2_astra_camera-master) by extension 'colcon_pkg'
[1.136s] Level 1:colcon.colcon_core.package_identification:_identify(src/ros2_astra_camera-master) by extensions ['colcon_meta']
[1.136s] Level 1:colcon.colcon_core.package_identification:_identify(src/ros2_astra_camera-master) by extension 'colcon_meta'
[1.136s] Level 1:colcon.colcon_core.package_identification:_identify(src/ros2_astra_camera-master) by extensions ['ros']
[1.136s] Level 1:colcon.colcon_core.package_identification:_identify(src/ros2_astra_camera-master) by extension 'ros'
[1.136s] Level 1:colcon.colcon_core.package_identification:_identify(src/ros2_astra_camera-master) by extensions ['cmake', 'python']
[1.136s] Level 1:colcon.colcon_core.package_identification:_identify(src/ros2_astra_camera-master) by extension 'cmake'
[1.137s] Level 1:colcon.colcon_core.package_identification:_identify(src/ros2_astra_camera-master) by extension 'python'
[1.137s] Level 1:colcon.colcon_core.package_identification:_identify(src/ros2_astra_camera-master) by extensions ['python_setup_py']
[1.137s] Level 1:colcon.colcon_core.package_identification:_identify(src/ros2_astra_camera-master) by extension 'python_setup_py'
[1.137s] Level 1:colcon.colcon_core.package_identification:_identify(src/ros2_astra_camera-master/astra_camera) by extensions ['ignore', 'ignore_ament_install']
[1.137s] Level 1:colcon.colcon_core.package_identification:_identify(src/ros2_astra_camera-master/astra_camera) by extension 'ignore'
[1.137s] Level 1:colcon.colcon_core.package_identification:_identify(src/ros2_astra_camera-master/astra_camera) by extension 'ignore_ament_install'
[1.137s] Level 1:colcon.colcon_core.package_identification:_identify(src/ros2_astra_camera-master/astra_camera) by extensions ['colcon_pkg']
[1.137s] Level 1:colcon.colcon_core.package_identification:_identify(src/ros2_astra_camera-master/astra_camera) by extension 'colcon_pkg'
[1.137s] Level 1:colcon.colcon_core.package_identification:_identify(src/ros2_astra_camera-master/astra_camera) by extensions ['colcon_meta']
[1.137s] Level 1:colcon.colcon_core.package_identification:_identify(src/ros2_astra_camera-master/astra_camera) by extension 'colcon_meta'
[1.137s] Level 1:colcon.colcon_core.package_identification:_identify(src/ros2_astra_camera-master/astra_camera) by extensions ['ros']
[1.138s] Level 1:colcon.colcon_core.package_identification:_identify(src/ros2_astra_camera-master/astra_camera) by extension 'ros'
[1.140s] DEBUG:colcon.colcon_core.package_identification:Package 'src/ros2_astra_camera-master/astra_camera' with type 'ros.ament_cmake' and name 'astra_camera'
[1.141s] Level 1:colcon.colcon_core.package_identification:_identify(src/ros2_astra_camera-master/astra_camera_msgs) by extensions ['ignore', 'ignore_ament_install']
[1.141s] Level 1:colcon.colcon_core.package_identification:_identify(src/ros2_astra_camera-master/astra_camera_msgs) by extension 'ignore'
[1.141s] Level 1:colcon.colcon_core.package_identification:_identify(src/ros2_astra_camera-master/astra_camera_msgs) by extension 'ignore_ament_install'
[1.141s] Level 1:colcon.colcon_core.package_identification:_identify(src/ros2_astra_camera-master/astra_camera_msgs) by extensions ['colcon_pkg']
[1.141s] Level 1:colcon.colcon_core.package_identification:_identify(src/ros2_astra_camera-master/astra_camera_msgs) by extension 'colcon_pkg'
[1.141s] Level 1:colcon.colcon_core.package_identification:_identify(src/ros2_astra_camera-master/astra_camera_msgs) by extensions ['colcon_meta']
[1.141s] Level 1:colcon.colcon_core.package_identification:_identify(src/ros2_astra_camera-master/astra_camera_msgs) by extension 'colcon_meta'
[1.141s] Level 1:colcon.colcon_core.package_identification:_identify(src/ros2_astra_camera-master/astra_camera_msgs) by extensions ['ros']
[1.141s] Level 1:colcon.colcon_core.package_identification:_identify(src/ros2_astra_camera-master/astra_camera_msgs) by extension 'ros'
[1.142s] DEBUG:colcon.colcon_core.package_identification:Package 'src/ros2_astra_camera-master/astra_camera_msgs' with type 'ros.ament_cmake' and name 'astra_camera_msgs'
[1.143s] Level 1:colcon.colcon_core.package_identification:_identify(src/simple_follower_ros2) by extensions ['ignore', 'ignore_ament_install']
[1.143s] Level 1:colcon.colcon_core.package_identification:_identify(src/simple_follower_ros2) by extension 'ignore'
[1.143s] Level 1:colcon.colcon_core.package_identification:_identify(src/simple_follower_ros2) by extension 'ignore_ament_install'
[1.143s] Level 1:colcon.colcon_core.package_identification:_identify(src/simple_follower_ros2) by extensions ['colcon_pkg']
[1.143s] Level 1:colcon.colcon_core.package_identification:_identify(src/simple_follower_ros2) by extension 'colcon_pkg'
[1.143s] Level 1:colcon.colcon_core.package_identification:_identify(src/simple_follower_ros2) by extensions ['colcon_meta']
[1.143s] Level 1:colcon.colcon_core.package_identification:_identify(src/simple_follower_ros2) by extension 'colcon_meta'
[1.143s] Level 1:colcon.colcon_core.package_identification:_identify(src/simple_follower_ros2) by extensions ['ros']
[1.143s] Level 1:colcon.colcon_core.package_identification:_identify(src/simple_follower_ros2) by extension 'ros'
[1.144s] DEBUG:colcon.colcon_core.package_identification:Package 'src/simple_follower_ros2' with type 'ros.ament_python' and name 'simple_follower_ros2'
[1.145s] Level 1:colcon.colcon_core.package_identification:_identify(src/tts_make_ros2) by extensions ['ignore', 'ignore_ament_install']
[1.145s] Level 1:colcon.colcon_core.package_identification:_identify(src/tts_make_ros2) by extension 'ignore'
[1.145s] Level 1:colcon.colcon_core.package_identification:_identify(src/tts_make_ros2) by extension 'ignore_ament_install'
[1.145s] Level 1:colcon.colcon_core.package_identification:_identify(src/tts_make_ros2) by extensions ['colcon_pkg']
[1.145s] Level 1:colcon.colcon_core.package_identification:_identify(src/tts_make_ros2) by extension 'colcon_pkg'
[1.145s] Level 1:colcon.colcon_core.package_identification:_identify(src/tts_make_ros2) by extensions ['colcon_meta']
[1.145s] Level 1:colcon.colcon_core.package_identification:_identify(src/tts_make_ros2) by extension 'colcon_meta'
[1.145s] Level 1:colcon.colcon_core.package_identification:_identify(src/tts_make_ros2) by extensions ['ros']
[1.145s] Level 1:colcon.colcon_core.package_identification:_identify(src/tts_make_ros2) by extension 'ros'
[1.146s] DEBUG:colcon.colcon_core.package_identification:Package 'src/tts_make_ros2' with type 'ros.ament_cmake' and name 'tts'
[1.146s] Level 1:colcon.colcon_core.package_identification:_identify(src/turn_on_wheeltec_robot) by extensions ['ignore', 'ignore_ament_install']
[1.147s] Level 1:colcon.colcon_core.package_identification:_identify(src/turn_on_wheeltec_robot) by extension 'ignore'
[1.147s] Level 1:colcon.colcon_core.package_identification:_identify(src/turn_on_wheeltec_robot) by extension 'ignore_ament_install'
[1.147s] Level 1:colcon.colcon_core.package_identification:_identify(src/turn_on_wheeltec_robot) by extensions ['colcon_pkg']
[1.147s] Level 1:colcon.colcon_core.package_identification:_identify(src/turn_on_wheeltec_robot) by extension 'colcon_pkg'
[1.147s] Level 1:colcon.colcon_core.package_identification:_identify(src/turn_on_wheeltec_robot) by extensions ['colcon_meta']
[1.147s] Level 1:colcon.colcon_core.package_identification:_identify(src/turn_on_wheeltec_robot) by extension 'colcon_meta'
[1.147s] Level 1:colcon.colcon_core.package_identification:_identify(src/turn_on_wheeltec_robot) by extensions ['ros']
[1.147s] Level 1:colcon.colcon_core.package_identification:_identify(src/turn_on_wheeltec_robot) by extension 'ros'
[1.150s] DEBUG:colcon.colcon_core.package_identification:Package 'src/turn_on_wheeltec_robot' with type 'ros.ament_cmake' and name 'turn_on_wheeltec_robot'
[1.150s] Level 1:colcon.colcon_core.package_identification:_identify(src/ultralytics_ros2) by extensions ['ignore', 'ignore_ament_install']
[1.150s] Level 1:colcon.colcon_core.package_identification:_identify(src/ultralytics_ros2) by extension 'ignore'
[1.150s] Level 1:colcon.colcon_core.package_identification:_identify(src/ultralytics_ros2) by extension 'ignore_ament_install'
[1.150s] Level 1:colcon.colcon_core.package_identification:_identify(src/ultralytics_ros2) by extensions ['colcon_pkg']
[1.150s] Level 1:colcon.colcon_core.package_identification:_identify(src/ultralytics_ros2) by extension 'colcon_pkg'
[1.150s] Level 1:colcon.colcon_core.package_identification:_identify(src/ultralytics_ros2) by extensions ['colcon_meta']
[1.151s] Level 1:colcon.colcon_core.package_identification:_identify(src/ultralytics_ros2) by extension 'colcon_meta'
[1.151s] Level 1:colcon.colcon_core.package_identification:_identify(src/ultralytics_ros2) by extensions ['ros']
[1.151s] Level 1:colcon.colcon_core.package_identification:_identify(src/ultralytics_ros2) by extension 'ros'
[1.152s] DEBUG:colcon.colcon_core.package_identification:Package 'src/ultralytics_ros2' with type 'ros.ament_python' and name 'ultralytics_ros2'
[1.152s] Level 1:colcon.colcon_core.package_identification:_identify(src/usb_cam-ros2) by extensions ['ignore', 'ignore_ament_install']
[1.152s] Level 1:colcon.colcon_core.package_identification:_identify(src/usb_cam-ros2) by extension 'ignore'
[1.152s] Level 1:colcon.colcon_core.package_identification:_identify(src/usb_cam-ros2) by extension 'ignore_ament_install'
[1.153s] Level 1:colcon.colcon_core.package_identification:_identify(src/usb_cam-ros2) by extensions ['colcon_pkg']
[1.153s] Level 1:colcon.colcon_core.package_identification:_identify(src/usb_cam-ros2) by extension 'colcon_pkg'
[1.153s] Level 1:colcon.colcon_core.package_identification:_identify(src/usb_cam-ros2) by extensions ['colcon_meta']
[1.153s] Level 1:colcon.colcon_core.package_identification:_identify(src/usb_cam-ros2) by extension 'colcon_meta'
[1.153s] Level 1:colcon.colcon_core.package_identification:_identify(src/usb_cam-ros2) by extensions ['ros']
[1.153s] Level 1:colcon.colcon_core.package_identification:_identify(src/usb_cam-ros2) by extension 'ros'
[1.155s] DEBUG:colcon.colcon_core.package_identification:Package 'src/usb_cam-ros2' with type 'ros.ament_cmake' and name 'usb_cam'
[1.155s] Level 1:colcon.colcon_core.package_identification:_identify(src/web_video_server-ros2) by extensions ['ignore', 'ignore_ament_install']
[1.156s] Level 1:colcon.colcon_core.package_identification:_identify(src/web_video_server-ros2) by extension 'ignore'
[1.156s] Level 1:colcon.colcon_core.package_identification:_identify(src/web_video_server-ros2) by extension 'ignore_ament_install'
[1.156s] Level 1:colcon.colcon_core.package_identification:_identify(src/web_video_server-ros2) by extensions ['colcon_pkg']
[1.156s] Level 1:colcon.colcon_core.package_identification:_identify(src/web_video_server-ros2) by extension 'colcon_pkg'
[1.156s] Level 1:colcon.colcon_core.package_identification:_identify(src/web_video_server-ros2) by extensions ['colcon_meta']
[1.156s] Level 1:colcon.colcon_core.package_identification:_identify(src/web_video_server-ros2) by extension 'colcon_meta'
[1.156s] Level 1:colcon.colcon_core.package_identification:_identify(src/web_video_server-ros2) by extensions ['ros']
[1.156s] Level 1:colcon.colcon_core.package_identification:_identify(src/web_video_server-ros2) by extension 'ros'
[1.156s] Level 1:colcon.colcon_core.package_identification:_identify(src/web_video_server-ros2) by extensions ['cmake', 'python']
[1.156s] Level 1:colcon.colcon_core.package_identification:_identify(src/web_video_server-ros2) by extension 'cmake'
[1.156s] Level 1:colcon.colcon_core.package_identification:_identify(src/web_video_server-ros2) by extension 'python'
[1.157s] Level 1:colcon.colcon_core.package_identification:_identify(src/web_video_server-ros2) by extensions ['python_setup_py']
[1.157s] Level 1:colcon.colcon_core.package_identification:_identify(src/web_video_server-ros2) by extension 'python_setup_py'
[1.157s] Level 1:colcon.colcon_core.package_identification:_identify(src/web_video_server-ros2/web_video_server-ros2) by extensions ['ignore', 'ignore_ament_install']
[1.157s] Level 1:colcon.colcon_core.package_identification:_identify(src/web_video_server-ros2/web_video_server-ros2) by extension 'ignore'
[1.157s] Level 1:colcon.colcon_core.package_identification:_identify(src/web_video_server-ros2/web_video_server-ros2) by extension 'ignore_ament_install'
[1.157s] Level 1:colcon.colcon_core.package_identification:_identify(src/web_video_server-ros2/web_video_server-ros2) by extensions ['colcon_pkg']
[1.157s] Level 1:colcon.colcon_core.package_identification:_identify(src/web_video_server-ros2/web_video_server-ros2) by extension 'colcon_pkg'
[1.157s] Level 1:colcon.colcon_core.package_identification:_identify(src/web_video_server-ros2/web_video_server-ros2) by extensions ['colcon_meta']
[1.157s] Level 1:colcon.colcon_core.package_identification:_identify(src/web_video_server-ros2/web_video_server-ros2) by extension 'colcon_meta'
[1.157s] Level 1:colcon.colcon_core.package_identification:_identify(src/web_video_server-ros2/web_video_server-ros2) by extensions ['ros']
[1.157s] Level 1:colcon.colcon_core.package_identification:_identify(src/web_video_server-ros2/web_video_server-ros2) by extension 'ros'
[1.159s] DEBUG:colcon.colcon_core.package_identification:Package 'src/web_video_server-ros2/web_video_server-ros2' with type 'ros.ament_cmake' and name 'web_video_server'
[1.159s] Level 1:colcon.colcon_core.package_identification:_identify(src/wheeltec_bodyreader) by extensions ['ignore', 'ignore_ament_install']
[1.159s] Level 1:colcon.colcon_core.package_identification:_identify(src/wheeltec_bodyreader) by extension 'ignore'
[1.159s] Level 1:colcon.colcon_core.package_identification:_identify(src/wheeltec_bodyreader) by extension 'ignore_ament_install'
[1.159s] Level 1:colcon.colcon_core.package_identification:_identify(src/wheeltec_bodyreader) by extensions ['colcon_pkg']
[1.159s] Level 1:colcon.colcon_core.package_identification:_identify(src/wheeltec_bodyreader) by extension 'colcon_pkg'
[1.159s] Level 1:colcon.colcon_core.package_identification:_identify(src/wheeltec_bodyreader) by extensions ['colcon_meta']
[1.159s] Level 1:colcon.colcon_core.package_identification:_identify(src/wheeltec_bodyreader) by extension 'colcon_meta'
[1.160s] Level 1:colcon.colcon_core.package_identification:_identify(src/wheeltec_bodyreader) by extensions ['ros']
[1.160s] Level 1:colcon.colcon_core.package_identification:_identify(src/wheeltec_bodyreader) by extension 'ros'
[1.160s] Level 1:colcon.colcon_core.package_identification:_identify(src/wheeltec_bodyreader) by extensions ['cmake', 'python']
[1.160s] Level 1:colcon.colcon_core.package_identification:_identify(src/wheeltec_bodyreader) by extension 'cmake'
[1.160s] Level 1:colcon.colcon_core.package_identification:_identify(src/wheeltec_bodyreader) by extension 'python'
[1.160s] Level 1:colcon.colcon_core.package_identification:_identify(src/wheeltec_bodyreader) by extensions ['python_setup_py']
[1.160s] Level 1:colcon.colcon_core.package_identification:_identify(src/wheeltec_bodyreader) by extension 'python_setup_py'
[1.160s] Level 1:colcon.colcon_core.package_identification:_identify(src/wheeltec_bodyreader/bodyreader) by extensions ['ignore', 'ignore_ament_install']
[1.160s] Level 1:colcon.colcon_core.package_identification:_identify(src/wheeltec_bodyreader/bodyreader) by extension 'ignore'
[1.160s] Level 1:colcon.colcon_core.package_identification:_identify(src/wheeltec_bodyreader/bodyreader) by extension 'ignore_ament_install'
[1.161s] Level 1:colcon.colcon_core.package_identification:_identify(src/wheeltec_bodyreader/bodyreader) by extensions ['colcon_pkg']
[1.161s] Level 1:colcon.colcon_core.package_identification:_identify(src/wheeltec_bodyreader/bodyreader) by extension 'colcon_pkg'
[1.161s] Level 1:colcon.colcon_core.package_identification:_identify(src/wheeltec_bodyreader/bodyreader) by extensions ['colcon_meta']
[1.161s] Level 1:colcon.colcon_core.package_identification:_identify(src/wheeltec_bodyreader/bodyreader) by extension 'colcon_meta'
[1.161s] Level 1:colcon.colcon_core.package_identification:_identify(src/wheeltec_bodyreader/bodyreader) by extensions ['ros']
[1.161s] Level 1:colcon.colcon_core.package_identification:_identify(src/wheeltec_bodyreader/bodyreader) by extension 'ros'
[1.163s] DEBUG:colcon.colcon_core.package_identification:Package 'src/wheeltec_bodyreader/bodyreader' with type 'ros.ament_cmake' and name 'bodyreader'
[1.164s] Level 1:colcon.colcon_core.package_identification:_identify(src/wheeltec_bodyreader/bodyreader_msg) by extensions ['ignore', 'ignore_ament_install']
[1.164s] Level 1:colcon.colcon_core.package_identification:_identify(src/wheeltec_bodyreader/bodyreader_msg) by extension 'ignore'
[1.164s] Level 1:colcon.colcon_core.package_identification:_identify(src/wheeltec_bodyreader/bodyreader_msg) by extension 'ignore_ament_install'
[1.164s] Level 1:colcon.colcon_core.package_identification:_identify(src/wheeltec_bodyreader/bodyreader_msg) by extensions ['colcon_pkg']
[1.164s] Level 1:colcon.colcon_core.package_identification:_identify(src/wheeltec_bodyreader/bodyreader_msg) by extension 'colcon_pkg'
[1.164s] Level 1:colcon.colcon_core.package_identification:_identify(src/wheeltec_bodyreader/bodyreader_msg) by extensions ['colcon_meta']
[1.164s] Level 1:colcon.colcon_core.package_identification:_identify(src/wheeltec_bodyreader/bodyreader_msg) by extension 'colcon_meta'
[1.164s] Level 1:colcon.colcon_core.package_identification:_identify(src/wheeltec_bodyreader/bodyreader_msg) by extensions ['ros']
[1.164s] Level 1:colcon.colcon_core.package_identification:_identify(src/wheeltec_bodyreader/bodyreader_msg) by extension 'ros'
[1.165s] DEBUG:colcon.colcon_core.package_identification:Package 'src/wheeltec_bodyreader/bodyreader_msg' with type 'ros.ament_cmake' and name 'bodyreader_msg'
[1.165s] Level 1:colcon.colcon_core.package_identification:_identify(src/wheeltec_gps) by extensions ['ignore', 'ignore_ament_install']
[1.165s] Level 1:colcon.colcon_core.package_identification:_identify(src/wheeltec_gps) by extension 'ignore'
[1.166s] Level 1:colcon.colcon_core.package_identification:_identify(src/wheeltec_gps) by extension 'ignore_ament_install'
[1.166s] Level 1:colcon.colcon_core.package_identification:_identify(src/wheeltec_gps) by extensions ['colcon_pkg']
[1.166s] Level 1:colcon.colcon_core.package_identification:_identify(src/wheeltec_gps) by extension 'colcon_pkg'
[1.166s] Level 1:colcon.colcon_core.package_identification:_identify(src/wheeltec_gps) by extensions ['colcon_meta']
[1.166s] Level 1:colcon.colcon_core.package_identification:_identify(src/wheeltec_gps) by extension 'colcon_meta'
[1.166s] Level 1:colcon.colcon_core.package_identification:_identify(src/wheeltec_gps) by extensions ['ros']
[1.166s] Level 1:colcon.colcon_core.package_identification:_identify(src/wheeltec_gps) by extension 'ros'
[1.166s] Level 1:colcon.colcon_core.package_identification:_identify(src/wheeltec_gps) by extensions ['cmake', 'python']
[1.166s] Level 1:colcon.colcon_core.package_identification:_identify(src/wheeltec_gps) by extension 'cmake'
[1.166s] Level 1:colcon.colcon_core.package_identification:_identify(src/wheeltec_gps) by extension 'python'
[1.166s] Level 1:colcon.colcon_core.package_identification:_identify(src/wheeltec_gps) by extensions ['python_setup_py']
[1.166s] Level 1:colcon.colcon_core.package_identification:_identify(src/wheeltec_gps) by extension 'python_setup_py'
[1.167s] Level 1:colcon.colcon_core.package_identification:_identify(src/wheeltec_gps/nmea_msgs) by extensions ['ignore', 'ignore_ament_install']
[1.167s] Level 1:colcon.colcon_core.package_identification:_identify(src/wheeltec_gps/nmea_msgs) by extension 'ignore'
[1.167s] Level 1:colcon.colcon_core.package_identification:_identify(src/wheeltec_gps/nmea_msgs) by extension 'ignore_ament_install'
[1.167s] Level 1:colcon.colcon_core.package_identification:_identify(src/wheeltec_gps/nmea_msgs) by extensions ['colcon_pkg']
[1.167s] Level 1:colcon.colcon_core.package_identification:_identify(src/wheeltec_gps/nmea_msgs) by extension 'colcon_pkg'
[1.167s] Level 1:colcon.colcon_core.package_identification:_identify(src/wheeltec_gps/nmea_msgs) by extensions ['colcon_meta']
[1.167s] Level 1:colcon.colcon_core.package_identification:_identify(src/wheeltec_gps/nmea_msgs) by extension 'colcon_meta'
[1.167s] Level 1:colcon.colcon_core.package_identification:_identify(src/wheeltec_gps/nmea_msgs) by extensions ['ros']
[1.167s] Level 1:colcon.colcon_core.package_identification:_identify(src/wheeltec_gps/nmea_msgs) by extension 'ros'
[1.169s] DEBUG:colcon.colcon_core.package_identification:Package 'src/wheeltec_gps/nmea_msgs' with type 'ros.ament_cmake' and name 'nmea_msgs'
[1.169s] Level 1:colcon.colcon_core.package_identification:_identify(src/wheeltec_gps/nmea_navsat_driver) by extensions ['ignore', 'ignore_ament_install']
[1.169s] Level 1:colcon.colcon_core.package_identification:_identify(src/wheeltec_gps/nmea_navsat_driver) by extension 'ignore'
[1.169s] Level 1:colcon.colcon_core.package_identification:_identify(src/wheeltec_gps/nmea_navsat_driver) by extension 'ignore_ament_install'
[1.169s] Level 1:colcon.colcon_core.package_identification:_identify(src/wheeltec_gps/nmea_navsat_driver) by extensions ['colcon_pkg']
[1.169s] Level 1:colcon.colcon_core.package_identification:_identify(src/wheeltec_gps/nmea_navsat_driver) by extension 'colcon_pkg'
[1.169s] Level 1:colcon.colcon_core.package_identification:_identify(src/wheeltec_gps/nmea_navsat_driver) by extensions ['colcon_meta']
[1.169s] Level 1:colcon.colcon_core.package_identification:_identify(src/wheeltec_gps/nmea_navsat_driver) by extension 'colcon_meta'
[1.169s] Level 1:colcon.colcon_core.package_identification:_identify(src/wheeltec_gps/nmea_navsat_driver) by extensions ['ros']
[1.170s] Level 1:colcon.colcon_core.package_identification:_identify(src/wheeltec_gps/nmea_navsat_driver) by extension 'ros'
[1.171s] DEBUG:colcon.colcon_core.package_identification:Package 'src/wheeltec_gps/nmea_navsat_driver' with type 'ros.ament_python' and name 'nmea_navsat_driver'
[1.171s] Level 1:colcon.colcon_core.package_identification:_identify(src/wheeltec_gps/ublox-ros2) by extensions ['ignore', 'ignore_ament_install']
[1.171s] Level 1:colcon.colcon_core.package_identification:_identify(src/wheeltec_gps/ublox-ros2) by extension 'ignore'
[1.171s] Level 1:colcon.colcon_core.package_identification:_identify(src/wheeltec_gps/ublox-ros2) by extension 'ignore_ament_install'
[1.171s] Level 1:colcon.colcon_core.package_identification:_identify(src/wheeltec_gps/ublox-ros2) by extensions ['colcon_pkg']
[1.171s] Level 1:colcon.colcon_core.package_identification:_identify(src/wheeltec_gps/ublox-ros2) by extension 'colcon_pkg'
[1.171s] Level 1:colcon.colcon_core.package_identification:_identify(src/wheeltec_gps/ublox-ros2) by extensions ['colcon_meta']
[1.171s] Level 1:colcon.colcon_core.package_identification:_identify(src/wheeltec_gps/ublox-ros2) by extension 'colcon_meta'
[1.171s] Level 1:colcon.colcon_core.package_identification:_identify(src/wheeltec_gps/ublox-ros2) by extensions ['ros']
[1.171s] Level 1:colcon.colcon_core.package_identification:_identify(src/wheeltec_gps/ublox-ros2) by extension 'ros'
[1.172s] Level 1:colcon.colcon_core.package_identification:_identify(src/wheeltec_gps/ublox-ros2) by extensions ['cmake', 'python']
[1.172s] Level 1:colcon.colcon_core.package_identification:_identify(src/wheeltec_gps/ublox-ros2) by extension 'cmake'
[1.172s] Level 1:colcon.colcon_core.package_identification:_identify(src/wheeltec_gps/ublox-ros2) by extension 'python'
[1.172s] Level 1:colcon.colcon_core.package_identification:_identify(src/wheeltec_gps/ublox-ros2) by extensions ['python_setup_py']
[1.172s] Level 1:colcon.colcon_core.package_identification:_identify(src/wheeltec_gps/ublox-ros2) by extension 'python_setup_py'
[1.172s] Level 1:colcon.colcon_core.package_identification:_identify(src/wheeltec_gps/ublox-ros2/ublox) by extensions ['ignore', 'ignore_ament_install']
[1.172s] Level 1:colcon.colcon_core.package_identification:_identify(src/wheeltec_gps/ublox-ros2/ublox) by extension 'ignore'
[1.172s] Level 1:colcon.colcon_core.package_identification:_identify(src/wheeltec_gps/ublox-ros2/ublox) by extension 'ignore_ament_install'
[1.172s] Level 1:colcon.colcon_core.package_identification:_identify(src/wheeltec_gps/ublox-ros2/ublox) by extensions ['colcon_pkg']
[1.172s] Level 1:colcon.colcon_core.package_identification:_identify(src/wheeltec_gps/ublox-ros2/ublox) by extension 'colcon_pkg'
[1.173s] Level 1:colcon.colcon_core.package_identification:_identify(src/wheeltec_gps/ublox-ros2/ublox) by extensions ['colcon_meta']
[1.173s] Level 1:colcon.colcon_core.package_identification:_identify(src/wheeltec_gps/ublox-ros2/ublox) by extension 'colcon_meta'
[1.173s] Level 1:colcon.colcon_core.package_identification:_identify(src/wheeltec_gps/ublox-ros2/ublox) by extensions ['ros']
[1.173s] Level 1:colcon.colcon_core.package_identification:_identify(src/wheeltec_gps/ublox-ros2/ublox) by extension 'ros'
[1.174s] DEBUG:colcon.colcon_core.package_identification:Package 'src/wheeltec_gps/ublox-ros2/ublox' with type 'ros.ament_cmake' and name 'ublox'
[1.174s] Level 1:colcon.colcon_core.package_identification:_identify(src/wheeltec_gps/ublox-ros2/ublox_gps) by extensions ['ignore', 'ignore_ament_install']
[1.174s] Level 1:colcon.colcon_core.package_identification:_identify(src/wheeltec_gps/ublox-ros2/ublox_gps) by extension 'ignore'
[1.174s] Level 1:colcon.colcon_core.package_identification:_identify(src/wheeltec_gps/ublox-ros2/ublox_gps) by extension 'ignore_ament_install'
[1.174s] Level 1:colcon.colcon_core.package_identification:_identify(src/wheeltec_gps/ublox-ros2/ublox_gps) by extensions ['colcon_pkg']
[1.174s] Level 1:colcon.colcon_core.package_identification:_identify(src/wheeltec_gps/ublox-ros2/ublox_gps) by extension 'colcon_pkg'
[1.174s] Level 1:colcon.colcon_core.package_identification:_identify(src/wheeltec_gps/ublox-ros2/ublox_gps) by extensions ['colcon_meta']
[1.174s] Level 1:colcon.colcon_core.package_identification:_identify(src/wheeltec_gps/ublox-ros2/ublox_gps) by extension 'colcon_meta'
[1.175s] Level 1:colcon.colcon_core.package_identification:_identify(src/wheeltec_gps/ublox-ros2/ublox_gps) by extensions ['ros']
[1.175s] Level 1:colcon.colcon_core.package_identification:_identify(src/wheeltec_gps/ublox-ros2/ublox_gps) by extension 'ros'
[1.177s] DEBUG:colcon.colcon_core.package_identification:Package 'src/wheeltec_gps/ublox-ros2/ublox_gps' with type 'ros.ament_cmake' and name 'ublox_gps'
[1.177s] Level 1:colcon.colcon_core.package_identification:_identify(src/wheeltec_gps/ublox-ros2/ublox_msgs) by extensions ['ignore', 'ignore_ament_install']
[1.177s] Level 1:colcon.colcon_core.package_identification:_identify(src/wheeltec_gps/ublox-ros2/ublox_msgs) by extension 'ignore'
[1.177s] Level 1:colcon.colcon_core.package_identification:_identify(src/wheeltec_gps/ublox-ros2/ublox_msgs) by extension 'ignore_ament_install'
[1.177s] Level 1:colcon.colcon_core.package_identification:_identify(src/wheeltec_gps/ublox-ros2/ublox_msgs) by extensions ['colcon_pkg']
[1.177s] Level 1:colcon.colcon_core.package_identification:_identify(src/wheeltec_gps/ublox-ros2/ublox_msgs) by extension 'colcon_pkg'
[1.177s] Level 1:colcon.colcon_core.package_identification:_identify(src/wheeltec_gps/ublox-ros2/ublox_msgs) by extensions ['colcon_meta']
[1.178s] Level 1:colcon.colcon_core.package_identification:_identify(src/wheeltec_gps/ublox-ros2/ublox_msgs) by extension 'colcon_meta'
[1.178s] Level 1:colcon.colcon_core.package_identification:_identify(src/wheeltec_gps/ublox-ros2/ublox_msgs) by extensions ['ros']
[1.178s] Level 1:colcon.colcon_core.package_identification:_identify(src/wheeltec_gps/ublox-ros2/ublox_msgs) by extension 'ros'
[1.179s] DEBUG:colcon.colcon_core.package_identification:Package 'src/wheeltec_gps/ublox-ros2/ublox_msgs' with type 'ros.ament_cmake' and name 'ublox_msgs'
[1.179s] Level 1:colcon.colcon_core.package_identification:_identify(src/wheeltec_gps/ublox-ros2/ublox_serialization) by extensions ['ignore', 'ignore_ament_install']
[1.179s] Level 1:colcon.colcon_core.package_identification:_identify(src/wheeltec_gps/ublox-ros2/ublox_serialization) by extension 'ignore'
[1.179s] Level 1:colcon.colcon_core.package_identification:_identify(src/wheeltec_gps/ublox-ros2/ublox_serialization) by extension 'ignore_ament_install'
[1.179s] Level 1:colcon.colcon_core.package_identification:_identify(src/wheeltec_gps/ublox-ros2/ublox_serialization) by extensions ['colcon_pkg']
[1.179s] Level 1:colcon.colcon_core.package_identification:_identify(src/wheeltec_gps/ublox-ros2/ublox_serialization) by extension 'colcon_pkg'
[1.180s] Level 1:colcon.colcon_core.package_identification:_identify(src/wheeltec_gps/ublox-ros2/ublox_serialization) by extensions ['colcon_meta']
[1.180s] Level 1:colcon.colcon_core.package_identification:_identify(src/wheeltec_gps/ublox-ros2/ublox_serialization) by extension 'colcon_meta'
[1.180s] Level 1:colcon.colcon_core.package_identification:_identify(src/wheeltec_gps/ublox-ros2/ublox_serialization) by extensions ['ros']
[1.180s] Level 1:colcon.colcon_core.package_identification:_identify(src/wheeltec_gps/ublox-ros2/ublox_serialization) by extension 'ros'
[1.181s] DEBUG:colcon.colcon_core.package_identification:Package 'src/wheeltec_gps/ublox-ros2/ublox_serialization' with type 'ros.ament_cmake' and name 'ublox_serialization'
[1.182s] Level 1:colcon.colcon_core.package_identification:_identify(src/wheeltec_gps/wheeltec_dual_rtk_driver) by extensions ['ignore', 'ignore_ament_install']
[1.182s] Level 1:colcon.colcon_core.package_identification:_identify(src/wheeltec_gps/wheeltec_dual_rtk_driver) by extension 'ignore'
[1.182s] Level 1:colcon.colcon_core.package_identification:_identify(src/wheeltec_gps/wheeltec_dual_rtk_driver) by extension 'ignore_ament_install'
[1.182s] Level 1:colcon.colcon_core.package_identification:_identify(src/wheeltec_gps/wheeltec_dual_rtk_driver) by extensions ['colcon_pkg']
[1.182s] Level 1:colcon.colcon_core.package_identification:_identify(src/wheeltec_gps/wheeltec_dual_rtk_driver) by extension 'colcon_pkg'
[1.182s] Level 1:colcon.colcon_core.package_identification:_identify(src/wheeltec_gps/wheeltec_dual_rtk_driver) by extensions ['colcon_meta']
[1.182s] Level 1:colcon.colcon_core.package_identification:_identify(src/wheeltec_gps/wheeltec_dual_rtk_driver) by extension 'colcon_meta'
[1.182s] Level 1:colcon.colcon_core.package_identification:_identify(src/wheeltec_gps/wheeltec_dual_rtk_driver) by extensions ['ros']
[1.182s] Level 1:colcon.colcon_core.package_identification:_identify(src/wheeltec_gps/wheeltec_dual_rtk_driver) by extension 'ros'
[1.183s] DEBUG:colcon.colcon_core.package_identification:Package 'src/wheeltec_gps/wheeltec_dual_rtk_driver' with type 'ros.ament_python' and name 'wheeltec_dual_rtk_driver'
[1.184s] Level 1:colcon.colcon_core.package_identification:_identify(src/wheeltec_gps/wheeltec_gps_driver) by extensions ['ignore', 'ignore_ament_install']
[1.184s] Level 1:colcon.colcon_core.package_identification:_identify(src/wheeltec_gps/wheeltec_gps_driver) by extension 'ignore'
[1.184s] Level 1:colcon.colcon_core.package_identification:_identify(src/wheeltec_gps/wheeltec_gps_driver) by extension 'ignore_ament_install'
[1.184s] Level 1:colcon.colcon_core.package_identification:_identify(src/wheeltec_gps/wheeltec_gps_driver) by extensions ['colcon_pkg']
[1.184s] Level 1:colcon.colcon_core.package_identification:_identify(src/wheeltec_gps/wheeltec_gps_driver) by extension 'colcon_pkg'
[1.184s] Level 1:colcon.colcon_core.package_identification:_identify(src/wheeltec_gps/wheeltec_gps_driver) by extensions ['colcon_meta']
[1.184s] Level 1:colcon.colcon_core.package_identification:_identify(src/wheeltec_gps/wheeltec_gps_driver) by extension 'colcon_meta'
[1.184s] Level 1:colcon.colcon_core.package_identification:_identify(src/wheeltec_gps/wheeltec_gps_driver) by extensions ['ros']
[1.184s] Level 1:colcon.colcon_core.package_identification:_identify(src/wheeltec_gps/wheeltec_gps_driver) by extension 'ros'
[1.185s] DEBUG:colcon.colcon_core.package_identification:Package 'src/wheeltec_gps/wheeltec_gps_driver' with type 'ros.ament_cmake' and name 'wheeltec_gps_driver'
[1.185s] Level 1:colcon.colcon_core.package_identification:_identify(src/wheeltec_imu) by extensions ['ignore', 'ignore_ament_install']
[1.185s] Level 1:colcon.colcon_core.package_identification:_identify(src/wheeltec_imu) by extension 'ignore'
[1.185s] Level 1:colcon.colcon_core.package_identification:_identify(src/wheeltec_imu) by extension 'ignore_ament_install'
[1.186s] Level 1:colcon.colcon_core.package_identification:_identify(src/wheeltec_imu) by extensions ['colcon_pkg']
[1.186s] Level 1:colcon.colcon_core.package_identification:_identify(src/wheeltec_imu) by extension 'colcon_pkg'
[1.186s] Level 1:colcon.colcon_core.package_identification:_identify(src/wheeltec_imu) by extensions ['colcon_meta']
[1.186s] Level 1:colcon.colcon_core.package_identification:_identify(src/wheeltec_imu) by extension 'colcon_meta'
[1.186s] Level 1:colcon.colcon_core.package_identification:_identify(src/wheeltec_imu) by extensions ['ros']
[1.186s] Level 1:colcon.colcon_core.package_identification:_identify(src/wheeltec_imu) by extension 'ros'
[1.186s] Level 1:colcon.colcon_core.package_identification:_identify(src/wheeltec_imu) by extensions ['cmake', 'python']
[1.186s] Level 1:colcon.colcon_core.package_identification:_identify(src/wheeltec_imu) by extension 'cmake'
[1.186s] Level 1:colcon.colcon_core.package_identification:_identify(src/wheeltec_imu) by extension 'python'
[1.186s] Level 1:colcon.colcon_core.package_identification:_identify(src/wheeltec_imu) by extensions ['python_setup_py']
[1.186s] Level 1:colcon.colcon_core.package_identification:_identify(src/wheeltec_imu) by extension 'python_setup_py'
[1.187s] Level 1:colcon.colcon_core.package_identification:_identify(src/wheeltec_imu/fdilink_ahrs_ros-ros2) by extensions ['ignore', 'ignore_ament_install']
[1.187s] Level 1:colcon.colcon_core.package_identification:_identify(src/wheeltec_imu/fdilink_ahrs_ros-ros2) by extension 'ignore'
[1.187s] Level 1:colcon.colcon_core.package_identification:_identify(src/wheeltec_imu/fdilink_ahrs_ros-ros2) by extension 'ignore_ament_install'
[1.187s] Level 1:colcon.colcon_core.package_identification:_identify(src/wheeltec_imu/fdilink_ahrs_ros-ros2) by extensions ['colcon_pkg']
[1.187s] Level 1:colcon.colcon_core.package_identification:_identify(src/wheeltec_imu/fdilink_ahrs_ros-ros2) by extension 'colcon_pkg'
[1.187s] Level 1:colcon.colcon_core.package_identification:_identify(src/wheeltec_imu/fdilink_ahrs_ros-ros2) by extensions ['colcon_meta']
[1.187s] Level 1:colcon.colcon_core.package_identification:_identify(src/wheeltec_imu/fdilink_ahrs_ros-ros2) by extension 'colcon_meta'
[1.187s] Level 1:colcon.colcon_core.package_identification:_identify(src/wheeltec_imu/fdilink_ahrs_ros-ros2) by extensions ['ros']
[1.187s] Level 1:colcon.colcon_core.package_identification:_identify(src/wheeltec_imu/fdilink_ahrs_ros-ros2) by extension 'ros'
[1.189s] DEBUG:colcon.colcon_core.package_identification:Package 'src/wheeltec_imu/fdilink_ahrs_ros-ros2' with type 'ros.ament_cmake' and name 'fdilink_ahrs'
[1.189s] Level 1:colcon.colcon_core.package_identification:_identify(src/wheeltec_imu/hipnuc_imu_ros-ros2) by extensions ['ignore', 'ignore_ament_install']
[1.189s] Level 1:colcon.colcon_core.package_identification:_identify(src/wheeltec_imu/hipnuc_imu_ros-ros2) by extension 'ignore'
[1.189s] Level 1:colcon.colcon_core.package_identification:_identify(src/wheeltec_imu/hipnuc_imu_ros-ros2) by extension 'ignore_ament_install'
[1.189s] Level 1:colcon.colcon_core.package_identification:_identify(src/wheeltec_imu/hipnuc_imu_ros-ros2) by extensions ['colcon_pkg']
[1.189s] Level 1:colcon.colcon_core.package_identification:_identify(src/wheeltec_imu/hipnuc_imu_ros-ros2) by extension 'colcon_pkg'
[1.190s] Level 1:colcon.colcon_core.package_identification:_identify(src/wheeltec_imu/hipnuc_imu_ros-ros2) by extensions ['colcon_meta']
[1.190s] Level 1:colcon.colcon_core.package_identification:_identify(src/wheeltec_imu/hipnuc_imu_ros-ros2) by extension 'colcon_meta'
[1.190s] Level 1:colcon.colcon_core.package_identification:_identify(src/wheeltec_imu/hipnuc_imu_ros-ros2) by extensions ['ros']
[1.190s] Level 1:colcon.colcon_core.package_identification:_identify(src/wheeltec_imu/hipnuc_imu_ros-ros2) by extension 'ros'
[1.191s] DEBUG:colcon.colcon_core.package_identification:Package 'src/wheeltec_imu/hipnuc_imu_ros-ros2' with type 'ros.ament_cmake' and name 'hipnuc_imu'
[1.191s] Level 1:colcon.colcon_core.package_identification:_identify(src/wheeltec_imu/yesense_ros2) by extensions ['ignore', 'ignore_ament_install']
[1.191s] Level 1:colcon.colcon_core.package_identification:_identify(src/wheeltec_imu/yesense_ros2) by extension 'ignore'
[1.191s] Level 1:colcon.colcon_core.package_identification:_identify(src/wheeltec_imu/yesense_ros2) by extension 'ignore_ament_install'
[1.191s] Level 1:colcon.colcon_core.package_identification:_identify(src/wheeltec_imu/yesense_ros2) by extensions ['colcon_pkg']
[1.191s] Level 1:colcon.colcon_core.package_identification:_identify(src/wheeltec_imu/yesense_ros2) by extension 'colcon_pkg'
[1.192s] Level 1:colcon.colcon_core.package_identification:_identify(src/wheeltec_imu/yesense_ros2) by extensions ['colcon_meta']
[1.192s] Level 1:colcon.colcon_core.package_identification:_identify(src/wheeltec_imu/yesense_ros2) by extension 'colcon_meta'
[1.192s] Level 1:colcon.colcon_core.package_identification:_identify(src/wheeltec_imu/yesense_ros2) by extensions ['ros']
[1.192s] Level 1:colcon.colcon_core.package_identification:_identify(src/wheeltec_imu/yesense_ros2) by extension 'ros'
[1.192s] Level 1:colcon.colcon_core.package_identification:_identify(src/wheeltec_imu/yesense_ros2) by extensions ['cmake', 'python']
[1.192s] Level 1:colcon.colcon_core.package_identification:_identify(src/wheeltec_imu/yesense_ros2) by extension 'cmake'
[1.192s] Level 1:colcon.colcon_core.package_identification:_identify(src/wheeltec_imu/yesense_ros2) by extension 'python'
[1.192s] Level 1:colcon.colcon_core.package_identification:_identify(src/wheeltec_imu/yesense_ros2) by extensions ['python_setup_py']
[1.192s] Level 1:colcon.colcon_core.package_identification:_identify(src/wheeltec_imu/yesense_ros2) by extension 'python_setup_py'
[1.192s] Level 1:colcon.colcon_core.package_identification:_identify(src/wheeltec_imu/yesense_ros2/yesense_interface) by extensions ['ignore', 'ignore_ament_install']
[1.192s] Level 1:colcon.colcon_core.package_identification:_identify(src/wheeltec_imu/yesense_ros2/yesense_interface) by extension 'ignore'
[1.193s] Level 1:colcon.colcon_core.package_identification:_identify(src/wheeltec_imu/yesense_ros2/yesense_interface) by extension 'ignore_ament_install'
[1.193s] Level 1:colcon.colcon_core.package_identification:_identify(src/wheeltec_imu/yesense_ros2/yesense_interface) by extensions ['colcon_pkg']
[1.193s] Level 1:colcon.colcon_core.package_identification:_identify(src/wheeltec_imu/yesense_ros2/yesense_interface) by extension 'colcon_pkg'
[1.193s] Level 1:colcon.colcon_core.package_identification:_identify(src/wheeltec_imu/yesense_ros2/yesense_interface) by extensions ['colcon_meta']
[1.193s] Level 1:colcon.colcon_core.package_identification:_identify(src/wheeltec_imu/yesense_ros2/yesense_interface) by extension 'colcon_meta'
[1.193s] Level 1:colcon.colcon_core.package_identification:_identify(src/wheeltec_imu/yesense_ros2/yesense_interface) by extensions ['ros']
[1.193s] Level 1:colcon.colcon_core.package_identification:_identify(src/wheeltec_imu/yesense_ros2/yesense_interface) by extension 'ros'
[1.194s] DEBUG:colcon.colcon_core.package_identification:Package 'src/wheeltec_imu/yesense_ros2/yesense_interface' with type 'ros.ament_cmake' and name 'yesense_interface'
[1.194s] Level 1:colcon.colcon_core.package_identification:_identify(src/wheeltec_imu/yesense_ros2/yesense_std_ros2) by extensions ['ignore', 'ignore_ament_install']
[1.194s] Level 1:colcon.colcon_core.package_identification:_identify(src/wheeltec_imu/yesense_ros2/yesense_std_ros2) by extension 'ignore'
[1.194s] Level 1:colcon.colcon_core.package_identification:_identify(src/wheeltec_imu/yesense_ros2/yesense_std_ros2) by extension 'ignore_ament_install'
[1.194s] Level 1:colcon.colcon_core.package_identification:_identify(src/wheeltec_imu/yesense_ros2/yesense_std_ros2) by extensions ['colcon_pkg']
[1.195s] Level 1:colcon.colcon_core.package_identification:_identify(src/wheeltec_imu/yesense_ros2/yesense_std_ros2) by extension 'colcon_pkg'
[1.195s] Level 1:colcon.colcon_core.package_identification:_identify(src/wheeltec_imu/yesense_ros2/yesense_std_ros2) by extensions ['colcon_meta']
[1.195s] Level 1:colcon.colcon_core.package_identification:_identify(src/wheeltec_imu/yesense_ros2/yesense_std_ros2) by extension 'colcon_meta'
[1.195s] Level 1:colcon.colcon_core.package_identification:_identify(src/wheeltec_imu/yesense_ros2/yesense_std_ros2) by extensions ['ros']
[1.195s] Level 1:colcon.colcon_core.package_identification:_identify(src/wheeltec_imu/yesense_ros2/yesense_std_ros2) by extension 'ros'
[1.197s] DEBUG:colcon.colcon_core.package_identification:Package 'src/wheeltec_imu/yesense_ros2/yesense_std_ros2' with type 'ros.ament_cmake' and name 'yesense_std_ros2'
[1.197s] Level 1:colcon.colcon_core.package_identification:_identify(src/wheeltec_joy) by extensions ['ignore', 'ignore_ament_install']
[1.197s] Level 1:colcon.colcon_core.package_identification:_identify(src/wheeltec_joy) by extension 'ignore'
[1.197s] Level 1:colcon.colcon_core.package_identification:_identify(src/wheeltec_joy) by extension 'ignore_ament_install'
[1.197s] Level 1:colcon.colcon_core.package_identification:_identify(src/wheeltec_joy) by extensions ['colcon_pkg']
[1.197s] Level 1:colcon.colcon_core.package_identification:_identify(src/wheeltec_joy) by extension 'colcon_pkg'
[1.197s] Level 1:colcon.colcon_core.package_identification:_identify(src/wheeltec_joy) by extensions ['colcon_meta']
[1.197s] Level 1:colcon.colcon_core.package_identification:_identify(src/wheeltec_joy) by extension 'colcon_meta'
[1.197s] Level 1:colcon.colcon_core.package_identification:_identify(src/wheeltec_joy) by extensions ['ros']
[1.197s] Level 1:colcon.colcon_core.package_identification:_identify(src/wheeltec_joy) by extension 'ros'
[1.198s] DEBUG:colcon.colcon_core.package_identification:Package 'src/wheeltec_joy' with type 'ros.ament_cmake' and name 'wheeltec_joy'
[1.198s] Level 1:colcon.colcon_core.package_identification:_identify(src/wheeltec_lidar_ros2) by extensions ['ignore', 'ignore_ament_install']
[1.199s] Level 1:colcon.colcon_core.package_identification:_identify(src/wheeltec_lidar_ros2) by extension 'ignore'
[1.199s] Level 1:colcon.colcon_core.package_identification:_identify(src/wheeltec_lidar_ros2) by extension 'ignore_ament_install'
[1.199s] Level 1:colcon.colcon_core.package_identification:_identify(src/wheeltec_lidar_ros2) by extensions ['colcon_pkg']
[1.199s] Level 1:colcon.colcon_core.package_identification:_identify(src/wheeltec_lidar_ros2) by extension 'colcon_pkg'
[1.199s] Level 1:colcon.colcon_core.package_identification:_identify(src/wheeltec_lidar_ros2) by extensions ['colcon_meta']
[1.199s] Level 1:colcon.colcon_core.package_identification:_identify(src/wheeltec_lidar_ros2) by extension 'colcon_meta'
[1.199s] Level 1:colcon.colcon_core.package_identification:_identify(src/wheeltec_lidar_ros2) by extensions ['ros']
[1.199s] Level 1:colcon.colcon_core.package_identification:_identify(src/wheeltec_lidar_ros2) by extension 'ros'
[1.199s] Level 1:colcon.colcon_core.package_identification:_identify(src/wheeltec_lidar_ros2) by extensions ['cmake', 'python']
[1.199s] Level 1:colcon.colcon_core.package_identification:_identify(src/wheeltec_lidar_ros2) by extension 'cmake'
[1.199s] Level 1:colcon.colcon_core.package_identification:_identify(src/wheeltec_lidar_ros2) by extension 'python'
[1.200s] Level 1:colcon.colcon_core.package_identification:_identify(src/wheeltec_lidar_ros2) by extensions ['python_setup_py']
[1.200s] Level 1:colcon.colcon_core.package_identification:_identify(src/wheeltec_lidar_ros2) by extension 'python_setup_py'
[1.200s] Level 1:colcon.colcon_core.package_identification:_identify(src/wheeltec_lidar_ros2/ldlidar_ros2) by extensions ['ignore', 'ignore_ament_install']
[1.200s] Level 1:colcon.colcon_core.package_identification:_identify(src/wheeltec_lidar_ros2/ldlidar_ros2) by extension 'ignore'
[1.200s] Level 1:colcon.colcon_core.package_identification:_identify(src/wheeltec_lidar_ros2/ldlidar_ros2) by extension 'ignore_ament_install'
[1.200s] Level 1:colcon.colcon_core.package_identification:_identify(src/wheeltec_lidar_ros2/ldlidar_ros2) by extensions ['colcon_pkg']
[1.200s] Level 1:colcon.colcon_core.package_identification:_identify(src/wheeltec_lidar_ros2/ldlidar_ros2) by extension 'colcon_pkg'
[1.200s] Level 1:colcon.colcon_core.package_identification:_identify(src/wheeltec_lidar_ros2/ldlidar_ros2) by extensions ['colcon_meta']
[1.200s] Level 1:colcon.colcon_core.package_identification:_identify(src/wheeltec_lidar_ros2/ldlidar_ros2) by extension 'colcon_meta'
[1.200s] Level 1:colcon.colcon_core.package_identification:_identify(src/wheeltec_lidar_ros2/ldlidar_ros2) by extensions ['ros']
[1.200s] Level 1:colcon.colcon_core.package_identification:_identify(src/wheeltec_lidar_ros2/ldlidar_ros2) by extension 'ros'
[1.201s] Level 1:colcon.colcon_core.package_identification:_identify(src/wheeltec_lidar_ros2/ldlidar_ros2) by extensions ['cmake', 'python']
[1.201s] Level 1:colcon.colcon_core.package_identification:_identify(src/wheeltec_lidar_ros2/ldlidar_ros2) by extension 'cmake'
[1.201s] Level 1:colcon.colcon_core.package_identification:_identify(src/wheeltec_lidar_ros2/ldlidar_ros2) by extension 'python'
[1.201s] Level 1:colcon.colcon_core.package_identification:_identify(src/wheeltec_lidar_ros2/ldlidar_ros2) by extensions ['python_setup_py']
[1.201s] Level 1:colcon.colcon_core.package_identification:_identify(src/wheeltec_lidar_ros2/ldlidar_ros2) by extension 'python_setup_py'
[1.201s] Level 1:colcon.colcon_core.package_identification:_identify(src/wheeltec_lidar_ros2/ldlidar_ros2/ldlidar) by extensions ['ignore', 'ignore_ament_install']
[1.201s] Level 1:colcon.colcon_core.package_identification:_identify(src/wheeltec_lidar_ros2/ldlidar_ros2/ldlidar) by extension 'ignore'
[1.201s] Level 1:colcon.colcon_core.package_identification:_identify(src/wheeltec_lidar_ros2/ldlidar_ros2/ldlidar) by extension 'ignore_ament_install'
[1.201s] Level 1:colcon.colcon_core.package_identification:_identify(src/wheeltec_lidar_ros2/ldlidar_ros2/ldlidar) by extensions ['colcon_pkg']
[1.201s] Level 1:colcon.colcon_core.package_identification:_identify(src/wheeltec_lidar_ros2/ldlidar_ros2/ldlidar) by extension 'colcon_pkg'
[1.201s] Level 1:colcon.colcon_core.package_identification:_identify(src/wheeltec_lidar_ros2/ldlidar_ros2/ldlidar) by extensions ['colcon_meta']
[1.201s] Level 1:colcon.colcon_core.package_identification:_identify(src/wheeltec_lidar_ros2/ldlidar_ros2/ldlidar) by extension 'colcon_meta'
[1.202s] Level 1:colcon.colcon_core.package_identification:_identify(src/wheeltec_lidar_ros2/ldlidar_ros2/ldlidar) by extensions ['ros']
[1.202s] Level 1:colcon.colcon_core.package_identification:_identify(src/wheeltec_lidar_ros2/ldlidar_ros2/ldlidar) by extension 'ros'
[1.203s] DEBUG:colcon.colcon_core.package_identification:Package 'src/wheeltec_lidar_ros2/ldlidar_ros2/ldlidar' with type 'ros.ament_cmake' and name 'ldlidar'
[1.203s] Level 1:colcon.colcon_core.package_identification:_identify(src/wheeltec_lidar_ros2/ldlidar_ros2/ldlidar_driver) by extensions ['ignore', 'ignore_ament_install']
[1.203s] Level 1:colcon.colcon_core.package_identification:_identify(src/wheeltec_lidar_ros2/ldlidar_ros2/ldlidar_driver) by extension 'ignore'
[1.203s] Level 1:colcon.colcon_core.package_identification:_identify(src/wheeltec_lidar_ros2/ldlidar_ros2/ldlidar_driver) by extension 'ignore_ament_install'
[1.203s] Level 1:colcon.colcon_core.package_identification:_identify(src/wheeltec_lidar_ros2/ldlidar_ros2/ldlidar_driver) by extensions ['colcon_pkg']
[1.203s] Level 1:colcon.colcon_core.package_identification:_identify(src/wheeltec_lidar_ros2/ldlidar_ros2/ldlidar_driver) by extension 'colcon_pkg'
[1.203s] Level 1:colcon.colcon_core.package_identification:_identify(src/wheeltec_lidar_ros2/ldlidar_ros2/ldlidar_driver) by extensions ['colcon_meta']
[1.204s] Level 1:colcon.colcon_core.package_identification:_identify(src/wheeltec_lidar_ros2/ldlidar_ros2/ldlidar_driver) by extension 'colcon_meta'
[1.204s] Level 1:colcon.colcon_core.package_identification:_identify(src/wheeltec_lidar_ros2/ldlidar_ros2/ldlidar_driver) by extensions ['ros']
[1.204s] Level 1:colcon.colcon_core.package_identification:_identify(src/wheeltec_lidar_ros2/ldlidar_ros2/ldlidar_driver) by extension 'ros'
[1.204s] Level 1:colcon.colcon_core.package_identification:_identify(src/wheeltec_lidar_ros2/ldlidar_ros2/ldlidar_driver) by extensions ['cmake', 'python']
[1.204s] Level 1:colcon.colcon_core.package_identification:_identify(src/wheeltec_lidar_ros2/ldlidar_ros2/ldlidar_driver) by extension 'cmake'
[1.204s] Level 1:colcon.colcon_core.package_identification:_identify(src/wheeltec_lidar_ros2/ldlidar_ros2/ldlidar_driver) by extension 'python'
[1.204s] Level 1:colcon.colcon_core.package_identification:_identify(src/wheeltec_lidar_ros2/ldlidar_ros2/ldlidar_driver) by extensions ['python_setup_py']
[1.204s] Level 1:colcon.colcon_core.package_identification:_identify(src/wheeltec_lidar_ros2/ldlidar_ros2/ldlidar_driver) by extension 'python_setup_py'
[1.204s] Level 1:colcon.colcon_core.package_identification:_identify(src/wheeltec_lidar_ros2/ldlidar_ros2/ldlidar_driver/include) by extensions ['ignore', 'ignore_ament_install']
[1.204s] Level 1:colcon.colcon_core.package_identification:_identify(src/wheeltec_lidar_ros2/ldlidar_ros2/ldlidar_driver/include) by extension 'ignore'
[1.205s] Level 1:colcon.colcon_core.package_identification:_identify(src/wheeltec_lidar_ros2/ldlidar_ros2/ldlidar_driver/include) by extension 'ignore_ament_install'
[1.205s] Level 1:colcon.colcon_core.package_identification:_identify(src/wheeltec_lidar_ros2/ldlidar_ros2/ldlidar_driver/include) by extensions ['colcon_pkg']
[1.205s] Level 1:colcon.colcon_core.package_identification:_identify(src/wheeltec_lidar_ros2/ldlidar_ros2/ldlidar_driver/include) by extension 'colcon_pkg'
[1.205s] Level 1:colcon.colcon_core.package_identification:_identify(src/wheeltec_lidar_ros2/ldlidar_ros2/ldlidar_driver/include) by extensions ['colcon_meta']
[1.205s] Level 1:colcon.colcon_core.package_identification:_identify(src/wheeltec_lidar_ros2/ldlidar_ros2/ldlidar_driver/include) by extension 'colcon_meta'
[1.205s] Level 1:colcon.colcon_core.package_identification:_identify(src/wheeltec_lidar_ros2/ldlidar_ros2/ldlidar_driver/include) by extensions ['ros']
[1.205s] Level 1:colcon.colcon_core.package_identification:_identify(src/wheeltec_lidar_ros2/ldlidar_ros2/ldlidar_driver/include) by extension 'ros'
[1.205s] Level 1:colcon.colcon_core.package_identification:_identify(src/wheeltec_lidar_ros2/ldlidar_ros2/ldlidar_driver/include) by extensions ['cmake', 'python']
[1.205s] Level 1:colcon.colcon_core.package_identification:_identify(src/wheeltec_lidar_ros2/ldlidar_ros2/ldlidar_driver/include) by extension 'cmake'
[1.205s] Level 1:colcon.colcon_core.package_identification:_identify(src/wheeltec_lidar_ros2/ldlidar_ros2/ldlidar_driver/include) by extension 'python'
[1.205s] Level 1:colcon.colcon_core.package_identification:_identify(src/wheeltec_lidar_ros2/ldlidar_ros2/ldlidar_driver/include) by extensions ['python_setup_py']
[1.205s] Level 1:colcon.colcon_core.package_identification:_identify(src/wheeltec_lidar_ros2/ldlidar_ros2/ldlidar_driver/include) by extension 'python_setup_py'
[1.206s] Level 1:colcon.colcon_core.package_identification:_identify(src/wheeltec_lidar_ros2/ldlidar_ros2/ldlidar_driver/include/core) by extensions ['ignore', 'ignore_ament_install']
[1.206s] Level 1:colcon.colcon_core.package_identification:_identify(src/wheeltec_lidar_ros2/ldlidar_ros2/ldlidar_driver/include/core) by extension 'ignore'
[1.206s] Level 1:colcon.colcon_core.package_identification:_identify(src/wheeltec_lidar_ros2/ldlidar_ros2/ldlidar_driver/include/core) by extension 'ignore_ament_install'
[1.206s] Level 1:colcon.colcon_core.package_identification:_identify(src/wheeltec_lidar_ros2/ldlidar_ros2/ldlidar_driver/include/core) by extensions ['colcon_pkg']
[1.206s] Level 1:colcon.colcon_core.package_identification:_identify(src/wheeltec_lidar_ros2/ldlidar_ros2/ldlidar_driver/include/core) by extension 'colcon_pkg'
[1.206s] Level 1:colcon.colcon_core.package_identification:_identify(src/wheeltec_lidar_ros2/ldlidar_ros2/ldlidar_driver/include/core) by extensions ['colcon_meta']
[1.206s] Level 1:colcon.colcon_core.package_identification:_identify(src/wheeltec_lidar_ros2/ldlidar_ros2/ldlidar_driver/include/core) by extension 'colcon_meta'
[1.206s] Level 1:colcon.colcon_core.package_identification:_identify(src/wheeltec_lidar_ros2/ldlidar_ros2/ldlidar_driver/include/core) by extensions ['ros']
[1.206s] Level 1:colcon.colcon_core.package_identification:_identify(src/wheeltec_lidar_ros2/ldlidar_ros2/ldlidar_driver/include/core) by extension 'ros'
[1.206s] Level 1:colcon.colcon_core.package_identification:_identify(src/wheeltec_lidar_ros2/ldlidar_ros2/ldlidar_driver/include/core) by extensions ['cmake', 'python']
[1.206s] Level 1:colcon.colcon_core.package_identification:_identify(src/wheeltec_lidar_ros2/ldlidar_ros2/ldlidar_driver/include/core) by extension 'cmake'
[1.207s] Level 1:colcon.colcon_core.package_identification:_identify(src/wheeltec_lidar_ros2/ldlidar_ros2/ldlidar_driver/include/core) by extension 'python'
[1.207s] Level 1:colcon.colcon_core.package_identification:_identify(src/wheeltec_lidar_ros2/ldlidar_ros2/ldlidar_driver/include/core) by extensions ['python_setup_py']
[1.207s] Level 1:colcon.colcon_core.package_identification:_identify(src/wheeltec_lidar_ros2/ldlidar_ros2/ldlidar_driver/include/core) by extension 'python_setup_py'
[1.207s] Level 1:colcon.colcon_core.package_identification:_identify(src/wheeltec_lidar_ros2/ldlidar_ros2/ldlidar_driver/include/dataprocess) by extensions ['ignore', 'ignore_ament_install']
[1.207s] Level 1:colcon.colcon_core.package_identification:_identify(src/wheeltec_lidar_ros2/ldlidar_ros2/ldlidar_driver/include/dataprocess) by extension 'ignore'
[1.207s] Level 1:colcon.colcon_core.package_identification:_identify(src/wheeltec_lidar_ros2/ldlidar_ros2/ldlidar_driver/include/dataprocess) by extension 'ignore_ament_install'
[1.207s] Level 1:colcon.colcon_core.package_identification:_identify(src/wheeltec_lidar_ros2/ldlidar_ros2/ldlidar_driver/include/dataprocess) by extensions ['colcon_pkg']
[1.207s] Level 1:colcon.colcon_core.package_identification:_identify(src/wheeltec_lidar_ros2/ldlidar_ros2/ldlidar_driver/include/dataprocess) by extension 'colcon_pkg'
[1.207s] Level 1:colcon.colcon_core.package_identification:_identify(src/wheeltec_lidar_ros2/ldlidar_ros2/ldlidar_driver/include/dataprocess) by extensions ['colcon_meta']
[1.207s] Level 1:colcon.colcon_core.package_identification:_identify(src/wheeltec_lidar_ros2/ldlidar_ros2/ldlidar_driver/include/dataprocess) by extension 'colcon_meta'
[1.207s] Level 1:colcon.colcon_core.package_identification:_identify(src/wheeltec_lidar_ros2/ldlidar_ros2/ldlidar_driver/include/dataprocess) by extensions ['ros']
[1.208s] Level 1:colcon.colcon_core.package_identification:_identify(src/wheeltec_lidar_ros2/ldlidar_ros2/ldlidar_driver/include/dataprocess) by extension 'ros'
[1.208s] Level 1:colcon.colcon_core.package_identification:_identify(src/wheeltec_lidar_ros2/ldlidar_ros2/ldlidar_driver/include/dataprocess) by extensions ['cmake', 'python']
[1.208s] Level 1:colcon.colcon_core.package_identification:_identify(src/wheeltec_lidar_ros2/ldlidar_ros2/ldlidar_driver/include/dataprocess) by extension 'cmake'
[1.208s] Level 1:colcon.colcon_core.package_identification:_identify(src/wheeltec_lidar_ros2/ldlidar_ros2/ldlidar_driver/include/dataprocess) by extension 'python'
[1.208s] Level 1:colcon.colcon_core.package_identification:_identify(src/wheeltec_lidar_ros2/ldlidar_ros2/ldlidar_driver/include/dataprocess) by extensions ['python_setup_py']
[1.208s] Level 1:colcon.colcon_core.package_identification:_identify(src/wheeltec_lidar_ros2/ldlidar_ros2/ldlidar_driver/include/dataprocess) by extension 'python_setup_py'
[1.208s] Level 1:colcon.colcon_core.package_identification:_identify(src/wheeltec_lidar_ros2/ldlidar_ros2/ldlidar_driver/include/filter) by extensions ['ignore', 'ignore_ament_install']
[1.208s] Level 1:colcon.colcon_core.package_identification:_identify(src/wheeltec_lidar_ros2/ldlidar_ros2/ldlidar_driver/include/filter) by extension 'ignore'
[1.208s] Level 1:colcon.colcon_core.package_identification:_identify(src/wheeltec_lidar_ros2/ldlidar_ros2/ldlidar_driver/include/filter) by extension 'ignore_ament_install'
[1.208s] Level 1:colcon.colcon_core.package_identification:_identify(src/wheeltec_lidar_ros2/ldlidar_ros2/ldlidar_driver/include/filter) by extensions ['colcon_pkg']
[1.208s] Level 1:colcon.colcon_core.package_identification:_identify(src/wheeltec_lidar_ros2/ldlidar_ros2/ldlidar_driver/include/filter) by extension 'colcon_pkg'
[1.209s] Level 1:colcon.colcon_core.package_identification:_identify(src/wheeltec_lidar_ros2/ldlidar_ros2/ldlidar_driver/include/filter) by extensions ['colcon_meta']
[1.209s] Level 1:colcon.colcon_core.package_identification:_identify(src/wheeltec_lidar_ros2/ldlidar_ros2/ldlidar_driver/include/filter) by extension 'colcon_meta'
[1.209s] Level 1:colcon.colcon_core.package_identification:_identify(src/wheeltec_lidar_ros2/ldlidar_ros2/ldlidar_driver/include/filter) by extensions ['ros']
[1.209s] Level 1:colcon.colcon_core.package_identification:_identify(src/wheeltec_lidar_ros2/ldlidar_ros2/ldlidar_driver/include/filter) by extension 'ros'
[1.209s] Level 1:colcon.colcon_core.package_identification:_identify(src/wheeltec_lidar_ros2/ldlidar_ros2/ldlidar_driver/include/filter) by extensions ['cmake', 'python']
[1.209s] Level 1:colcon.colcon_core.package_identification:_identify(src/wheeltec_lidar_ros2/ldlidar_ros2/ldlidar_driver/include/filter) by extension 'cmake'
[1.209s] Level 1:colcon.colcon_core.package_identification:_identify(src/wheeltec_lidar_ros2/ldlidar_ros2/ldlidar_driver/include/filter) by extension 'python'
[1.209s] Level 1:colcon.colcon_core.package_identification:_identify(src/wheeltec_lidar_ros2/ldlidar_ros2/ldlidar_driver/include/filter) by extensions ['python_setup_py']
[1.209s] Level 1:colcon.colcon_core.package_identification:_identify(src/wheeltec_lidar_ros2/ldlidar_ros2/ldlidar_driver/include/filter) by extension 'python_setup_py'
[1.209s] Level 1:colcon.colcon_core.package_identification:_identify(src/wheeltec_lidar_ros2/ldlidar_ros2/ldlidar_driver/include/logger) by extensions ['ignore', 'ignore_ament_install']
[1.209s] Level 1:colcon.colcon_core.package_identification:_identify(src/wheeltec_lidar_ros2/ldlidar_ros2/ldlidar_driver/include/logger) by extension 'ignore'
[1.210s] Level 1:colcon.colcon_core.package_identification:_identify(src/wheeltec_lidar_ros2/ldlidar_ros2/ldlidar_driver/include/logger) by extension 'ignore_ament_install'
[1.210s] Level 1:colcon.colcon_core.package_identification:_identify(src/wheeltec_lidar_ros2/ldlidar_ros2/ldlidar_driver/include/logger) by extensions ['colcon_pkg']
[1.210s] Level 1:colcon.colcon_core.package_identification:_identify(src/wheeltec_lidar_ros2/ldlidar_ros2/ldlidar_driver/include/logger) by extension 'colcon_pkg'
[1.210s] Level 1:colcon.colcon_core.package_identification:_identify(src/wheeltec_lidar_ros2/ldlidar_ros2/ldlidar_driver/include/logger) by extensions ['colcon_meta']
[1.210s] Level 1:colcon.colcon_core.package_identification:_identify(src/wheeltec_lidar_ros2/ldlidar_ros2/ldlidar_driver/include/logger) by extension 'colcon_meta'
[1.210s] Level 1:colcon.colcon_core.package_identification:_identify(src/wheeltec_lidar_ros2/ldlidar_ros2/ldlidar_driver/include/logger) by extensions ['ros']
[1.210s] Level 1:colcon.colcon_core.package_identification:_identify(src/wheeltec_lidar_ros2/ldlidar_ros2/ldlidar_driver/include/logger) by extension 'ros'
[1.210s] Level 1:colcon.colcon_core.package_identification:_identify(src/wheeltec_lidar_ros2/ldlidar_ros2/ldlidar_driver/include/logger) by extensions ['cmake', 'python']
[1.210s] Level 1:colcon.colcon_core.package_identification:_identify(src/wheeltec_lidar_ros2/ldlidar_ros2/ldlidar_driver/include/logger) by extension 'cmake'
[1.210s] Level 1:colcon.colcon_core.package_identification:_identify(src/wheeltec_lidar_ros2/ldlidar_ros2/ldlidar_driver/include/logger) by extension 'python'
[1.210s] Level 1:colcon.colcon_core.package_identification:_identify(src/wheeltec_lidar_ros2/ldlidar_ros2/ldlidar_driver/include/logger) by extensions ['python_setup_py']
[1.210s] Level 1:colcon.colcon_core.package_identification:_identify(src/wheeltec_lidar_ros2/ldlidar_ros2/ldlidar_driver/include/logger) by extension 'python_setup_py'
[1.211s] Level 1:colcon.colcon_core.package_identification:_identify(src/wheeltec_lidar_ros2/ldlidar_ros2/ldlidar_driver/include/networkcom) by extensions ['ignore', 'ignore_ament_install']
[1.211s] Level 1:colcon.colcon_core.package_identification:_identify(src/wheeltec_lidar_ros2/ldlidar_ros2/ldlidar_driver/include/networkcom) by extension 'ignore'
[1.211s] Level 1:colcon.colcon_core.package_identification:_identify(src/wheeltec_lidar_ros2/ldlidar_ros2/ldlidar_driver/include/networkcom) by extension 'ignore_ament_install'
[1.211s] Level 1:colcon.colcon_core.package_identification:_identify(src/wheeltec_lidar_ros2/ldlidar_ros2/ldlidar_driver/include/networkcom) by extensions ['colcon_pkg']
[1.211s] Level 1:colcon.colcon_core.package_identification:_identify(src/wheeltec_lidar_ros2/ldlidar_ros2/ldlidar_driver/include/networkcom) by extension 'colcon_pkg'
[1.211s] Level 1:colcon.colcon_core.package_identification:_identify(src/wheeltec_lidar_ros2/ldlidar_ros2/ldlidar_driver/include/networkcom) by extensions ['colcon_meta']
[1.211s] Level 1:colcon.colcon_core.package_identification:_identify(src/wheeltec_lidar_ros2/ldlidar_ros2/ldlidar_driver/include/networkcom) by extension 'colcon_meta'
[1.211s] Level 1:colcon.colcon_core.package_identification:_identify(src/wheeltec_lidar_ros2/ldlidar_ros2/ldlidar_driver/include/networkcom) by extensions ['ros']
[1.211s] Level 1:colcon.colcon_core.package_identification:_identify(src/wheeltec_lidar_ros2/ldlidar_ros2/ldlidar_driver/include/networkcom) by extension 'ros'
[1.211s] Level 1:colcon.colcon_core.package_identification:_identify(src/wheeltec_lidar_ros2/ldlidar_ros2/ldlidar_driver/include/networkcom) by extensions ['cmake', 'python']
[1.211s] Level 1:colcon.colcon_core.package_identification:_identify(src/wheeltec_lidar_ros2/ldlidar_ros2/ldlidar_driver/include/networkcom) by extension 'cmake'
[1.212s] Level 1:colcon.colcon_core.package_identification:_identify(src/wheeltec_lidar_ros2/ldlidar_ros2/ldlidar_driver/include/networkcom) by extension 'python'
[1.212s] Level 1:colcon.colcon_core.package_identification:_identify(src/wheeltec_lidar_ros2/ldlidar_ros2/ldlidar_driver/include/networkcom) by extensions ['python_setup_py']
[1.212s] Level 1:colcon.colcon_core.package_identification:_identify(src/wheeltec_lidar_ros2/ldlidar_ros2/ldlidar_driver/include/networkcom) by extension 'python_setup_py'
[1.212s] Level 1:colcon.colcon_core.package_identification:_identify(src/wheeltec_lidar_ros2/ldlidar_ros2/ldlidar_driver/include/serialcom) by extensions ['ignore', 'ignore_ament_install']
[1.212s] Level 1:colcon.colcon_core.package_identification:_identify(src/wheeltec_lidar_ros2/ldlidar_ros2/ldlidar_driver/include/serialcom) by extension 'ignore'
[1.212s] Level 1:colcon.colcon_core.package_identification:_identify(src/wheeltec_lidar_ros2/ldlidar_ros2/ldlidar_driver/include/serialcom) by extension 'ignore_ament_install'
[1.212s] Level 1:colcon.colcon_core.package_identification:_identify(src/wheeltec_lidar_ros2/ldlidar_ros2/ldlidar_driver/include/serialcom) by extensions ['colcon_pkg']
[1.212s] Level 1:colcon.colcon_core.package_identification:_identify(src/wheeltec_lidar_ros2/ldlidar_ros2/ldlidar_driver/include/serialcom) by extension 'colcon_pkg'
[1.212s] Level 1:colcon.colcon_core.package_identification:_identify(src/wheeltec_lidar_ros2/ldlidar_ros2/ldlidar_driver/include/serialcom) by extensions ['colcon_meta']
[1.212s] Level 1:colcon.colcon_core.package_identification:_identify(src/wheeltec_lidar_ros2/ldlidar_ros2/ldlidar_driver/include/serialcom) by extension 'colcon_meta'
[1.212s] Level 1:colcon.colcon_core.package_identification:_identify(src/wheeltec_lidar_ros2/ldlidar_ros2/ldlidar_driver/include/serialcom) by extensions ['ros']
[1.212s] Level 1:colcon.colcon_core.package_identification:_identify(src/wheeltec_lidar_ros2/ldlidar_ros2/ldlidar_driver/include/serialcom) by extension 'ros'
[1.213s] Level 1:colcon.colcon_core.package_identification:_identify(src/wheeltec_lidar_ros2/ldlidar_ros2/ldlidar_driver/include/serialcom) by extensions ['cmake', 'python']
[1.213s] Level 1:colcon.colcon_core.package_identification:_identify(src/wheeltec_lidar_ros2/ldlidar_ros2/ldlidar_driver/include/serialcom) by extension 'cmake'
[1.213s] Level 1:colcon.colcon_core.package_identification:_identify(src/wheeltec_lidar_ros2/ldlidar_ros2/ldlidar_driver/include/serialcom) by extension 'python'
[1.213s] Level 1:colcon.colcon_core.package_identification:_identify(src/wheeltec_lidar_ros2/ldlidar_ros2/ldlidar_driver/include/serialcom) by extensions ['python_setup_py']
[1.213s] Level 1:colcon.colcon_core.package_identification:_identify(src/wheeltec_lidar_ros2/ldlidar_ros2/ldlidar_driver/include/serialcom) by extension 'python_setup_py'
[1.213s] Level 1:colcon.colcon_core.package_identification:_identify(src/wheeltec_lidar_ros2/ldlidar_ros2/ldlidar_driver/src) by extensions ['ignore', 'ignore_ament_install']
[1.213s] Level 1:colcon.colcon_core.package_identification:_identify(src/wheeltec_lidar_ros2/ldlidar_ros2/ldlidar_driver/src) by extension 'ignore'
[1.213s] Level 1:colcon.colcon_core.package_identification:_identify(src/wheeltec_lidar_ros2/ldlidar_ros2/ldlidar_driver/src) by extension 'ignore_ament_install'
[1.213s] Level 1:colcon.colcon_core.package_identification:_identify(src/wheeltec_lidar_ros2/ldlidar_ros2/ldlidar_driver/src) by extensions ['colcon_pkg']
[1.213s] Level 1:colcon.colcon_core.package_identification:_identify(src/wheeltec_lidar_ros2/ldlidar_ros2/ldlidar_driver/src) by extension 'colcon_pkg'
[1.213s] Level 1:colcon.colcon_core.package_identification:_identify(src/wheeltec_lidar_ros2/ldlidar_ros2/ldlidar_driver/src) by extensions ['colcon_meta']
[1.214s] Level 1:colcon.colcon_core.package_identification:_identify(src/wheeltec_lidar_ros2/ldlidar_ros2/ldlidar_driver/src) by extension 'colcon_meta'
[1.214s] Level 1:colcon.colcon_core.package_identification:_identify(src/wheeltec_lidar_ros2/ldlidar_ros2/ldlidar_driver/src) by extensions ['ros']
[1.214s] Level 1:colcon.colcon_core.package_identification:_identify(src/wheeltec_lidar_ros2/ldlidar_ros2/ldlidar_driver/src) by extension 'ros'
[1.214s] Level 1:colcon.colcon_core.package_identification:_identify(src/wheeltec_lidar_ros2/ldlidar_ros2/ldlidar_driver/src) by extensions ['cmake', 'python']
[1.214s] Level 1:colcon.colcon_core.package_identification:_identify(src/wheeltec_lidar_ros2/ldlidar_ros2/ldlidar_driver/src) by extension 'cmake'
[1.214s] Level 1:colcon.colcon_core.package_identification:_identify(src/wheeltec_lidar_ros2/ldlidar_ros2/ldlidar_driver/src) by extension 'python'
[1.214s] Level 1:colcon.colcon_core.package_identification:_identify(src/wheeltec_lidar_ros2/ldlidar_ros2/ldlidar_driver/src) by extensions ['python_setup_py']
[1.214s] Level 1:colcon.colcon_core.package_identification:_identify(src/wheeltec_lidar_ros2/ldlidar_ros2/ldlidar_driver/src) by extension 'python_setup_py'
[1.214s] Level 1:colcon.colcon_core.package_identification:_identify(src/wheeltec_lidar_ros2/ldlidar_ros2/ldlidar_driver/src/core) by extensions ['ignore', 'ignore_ament_install']
[1.214s] Level 1:colcon.colcon_core.package_identification:_identify(src/wheeltec_lidar_ros2/ldlidar_ros2/ldlidar_driver/src/core) by extension 'ignore'
[1.215s] Level 1:colcon.colcon_core.package_identification:_identify(src/wheeltec_lidar_ros2/ldlidar_ros2/ldlidar_driver/src/core) by extension 'ignore_ament_install'
[1.215s] Level 1:colcon.colcon_core.package_identification:_identify(src/wheeltec_lidar_ros2/ldlidar_ros2/ldlidar_driver/src/core) by extensions ['colcon_pkg']
[1.215s] Level 1:colcon.colcon_core.package_identification:_identify(src/wheeltec_lidar_ros2/ldlidar_ros2/ldlidar_driver/src/core) by extension 'colcon_pkg'
[1.215s] Level 1:colcon.colcon_core.package_identification:_identify(src/wheeltec_lidar_ros2/ldlidar_ros2/ldlidar_driver/src/core) by extensions ['colcon_meta']
[1.215s] Level 1:colcon.colcon_core.package_identification:_identify(src/wheeltec_lidar_ros2/ldlidar_ros2/ldlidar_driver/src/core) by extension 'colcon_meta'
[1.215s] Level 1:colcon.colcon_core.package_identification:_identify(src/wheeltec_lidar_ros2/ldlidar_ros2/ldlidar_driver/src/core) by extensions ['ros']
[1.215s] Level 1:colcon.colcon_core.package_identification:_identify(src/wheeltec_lidar_ros2/ldlidar_ros2/ldlidar_driver/src/core) by extension 'ros'
[1.215s] Level 1:colcon.colcon_core.package_identification:_identify(src/wheeltec_lidar_ros2/ldlidar_ros2/ldlidar_driver/src/core) by extensions ['cmake', 'python']
[1.215s] Level 1:colcon.colcon_core.package_identification:_identify(src/wheeltec_lidar_ros2/ldlidar_ros2/ldlidar_driver/src/core) by extension 'cmake'
[1.215s] Level 1:colcon.colcon_core.package_identification:_identify(src/wheeltec_lidar_ros2/ldlidar_ros2/ldlidar_driver/src/core) by extension 'python'
[1.215s] Level 1:colcon.colcon_core.package_identification:_identify(src/wheeltec_lidar_ros2/ldlidar_ros2/ldlidar_driver/src/core) by extensions ['python_setup_py']
[1.215s] Level 1:colcon.colcon_core.package_identification:_identify(src/wheeltec_lidar_ros2/ldlidar_ros2/ldlidar_driver/src/core) by extension 'python_setup_py'
[1.216s] Level 1:colcon.colcon_core.package_identification:_identify(src/wheeltec_lidar_ros2/ldlidar_ros2/ldlidar_driver/src/dataprocess) by extensions ['ignore', 'ignore_ament_install']
[1.216s] Level 1:colcon.colcon_core.package_identification:_identify(src/wheeltec_lidar_ros2/ldlidar_ros2/ldlidar_driver/src/dataprocess) by extension 'ignore'
[1.216s] Level 1:colcon.colcon_core.package_identification:_identify(src/wheeltec_lidar_ros2/ldlidar_ros2/ldlidar_driver/src/dataprocess) by extension 'ignore_ament_install'
[1.216s] Level 1:colcon.colcon_core.package_identification:_identify(src/wheeltec_lidar_ros2/ldlidar_ros2/ldlidar_driver/src/dataprocess) by extensions ['colcon_pkg']
[1.216s] Level 1:colcon.colcon_core.package_identification:_identify(src/wheeltec_lidar_ros2/ldlidar_ros2/ldlidar_driver/src/dataprocess) by extension 'colcon_pkg'
[1.216s] Level 1:colcon.colcon_core.package_identification:_identify(src/wheeltec_lidar_ros2/ldlidar_ros2/ldlidar_driver/src/dataprocess) by extensions ['colcon_meta']
[1.216s] Level 1:colcon.colcon_core.package_identification:_identify(src/wheeltec_lidar_ros2/ldlidar_ros2/ldlidar_driver/src/dataprocess) by extension 'colcon_meta'
[1.216s] Level 1:colcon.colcon_core.package_identification:_identify(src/wheeltec_lidar_ros2/ldlidar_ros2/ldlidar_driver/src/dataprocess) by extensions ['ros']
[1.216s] Level 1:colcon.colcon_core.package_identification:_identify(src/wheeltec_lidar_ros2/ldlidar_ros2/ldlidar_driver/src/dataprocess) by extension 'ros'
[1.216s] Level 1:colcon.colcon_core.package_identification:_identify(src/wheeltec_lidar_ros2/ldlidar_ros2/ldlidar_driver/src/dataprocess) by extensions ['cmake', 'python']
[1.216s] Level 1:colcon.colcon_core.package_identification:_identify(src/wheeltec_lidar_ros2/ldlidar_ros2/ldlidar_driver/src/dataprocess) by extension 'cmake'
[1.216s] Level 1:colcon.colcon_core.package_identification:_identify(src/wheeltec_lidar_ros2/ldlidar_ros2/ldlidar_driver/src/dataprocess) by extension 'python'
[1.217s] Level 1:colcon.colcon_core.package_identification:_identify(src/wheeltec_lidar_ros2/ldlidar_ros2/ldlidar_driver/src/dataprocess) by extensions ['python_setup_py']
[1.217s] Level 1:colcon.colcon_core.package_identification:_identify(src/wheeltec_lidar_ros2/ldlidar_ros2/ldlidar_driver/src/dataprocess) by extension 'python_setup_py'
[1.217s] Level 1:colcon.colcon_core.package_identification:_identify(src/wheeltec_lidar_ros2/ldlidar_ros2/ldlidar_driver/src/filter) by extensions ['ignore', 'ignore_ament_install']
[1.217s] Level 1:colcon.colcon_core.package_identification:_identify(src/wheeltec_lidar_ros2/ldlidar_ros2/ldlidar_driver/src/filter) by extension 'ignore'
[1.217s] Level 1:colcon.colcon_core.package_identification:_identify(src/wheeltec_lidar_ros2/ldlidar_ros2/ldlidar_driver/src/filter) by extension 'ignore_ament_install'
[1.217s] Level 1:colcon.colcon_core.package_identification:_identify(src/wheeltec_lidar_ros2/ldlidar_ros2/ldlidar_driver/src/filter) by extensions ['colcon_pkg']
[1.217s] Level 1:colcon.colcon_core.package_identification:_identify(src/wheeltec_lidar_ros2/ldlidar_ros2/ldlidar_driver/src/filter) by extension 'colcon_pkg'
[1.217s] Level 1:colcon.colcon_core.package_identification:_identify(src/wheeltec_lidar_ros2/ldlidar_ros2/ldlidar_driver/src/filter) by extensions ['colcon_meta']
[1.217s] Level 1:colcon.colcon_core.package_identification:_identify(src/wheeltec_lidar_ros2/ldlidar_ros2/ldlidar_driver/src/filter) by extension 'colcon_meta'
[1.217s] Level 1:colcon.colcon_core.package_identification:_identify(src/wheeltec_lidar_ros2/ldlidar_ros2/ldlidar_driver/src/filter) by extensions ['ros']
[1.217s] Level 1:colcon.colcon_core.package_identification:_identify(src/wheeltec_lidar_ros2/ldlidar_ros2/ldlidar_driver/src/filter) by extension 'ros'
[1.218s] Level 1:colcon.colcon_core.package_identification:_identify(src/wheeltec_lidar_ros2/ldlidar_ros2/ldlidar_driver/src/filter) by extensions ['cmake', 'python']
[1.218s] Level 1:colcon.colcon_core.package_identification:_identify(src/wheeltec_lidar_ros2/ldlidar_ros2/ldlidar_driver/src/filter) by extension 'cmake'
[1.218s] Level 1:colcon.colcon_core.package_identification:_identify(src/wheeltec_lidar_ros2/ldlidar_ros2/ldlidar_driver/src/filter) by extension 'python'
[1.218s] Level 1:colcon.colcon_core.package_identification:_identify(src/wheeltec_lidar_ros2/ldlidar_ros2/ldlidar_driver/src/filter) by extensions ['python_setup_py']
[1.218s] Level 1:colcon.colcon_core.package_identification:_identify(src/wheeltec_lidar_ros2/ldlidar_ros2/ldlidar_driver/src/filter) by extension 'python_setup_py'
[1.218s] Level 1:colcon.colcon_core.package_identification:_identify(src/wheeltec_lidar_ros2/ldlidar_ros2/ldlidar_driver/src/logger) by extensions ['ignore', 'ignore_ament_install']
[1.218s] Level 1:colcon.colcon_core.package_identification:_identify(src/wheeltec_lidar_ros2/ldlidar_ros2/ldlidar_driver/src/logger) by extension 'ignore'
[1.218s] Level 1:colcon.colcon_core.package_identification:_identify(src/wheeltec_lidar_ros2/ldlidar_ros2/ldlidar_driver/src/logger) by extension 'ignore_ament_install'
[1.218s] Level 1:colcon.colcon_core.package_identification:_identify(src/wheeltec_lidar_ros2/ldlidar_ros2/ldlidar_driver/src/logger) by extensions ['colcon_pkg']
[1.218s] Level 1:colcon.colcon_core.package_identification:_identify(src/wheeltec_lidar_ros2/ldlidar_ros2/ldlidar_driver/src/logger) by extension 'colcon_pkg'
[1.218s] Level 1:colcon.colcon_core.package_identification:_identify(src/wheeltec_lidar_ros2/ldlidar_ros2/ldlidar_driver/src/logger) by extensions ['colcon_meta']
[1.218s] Level 1:colcon.colcon_core.package_identification:_identify(src/wheeltec_lidar_ros2/ldlidar_ros2/ldlidar_driver/src/logger) by extension 'colcon_meta'
[1.219s] Level 1:colcon.colcon_core.package_identification:_identify(src/wheeltec_lidar_ros2/ldlidar_ros2/ldlidar_driver/src/logger) by extensions ['ros']
[1.219s] Level 1:colcon.colcon_core.package_identification:_identify(src/wheeltec_lidar_ros2/ldlidar_ros2/ldlidar_driver/src/logger) by extension 'ros'
[1.219s] Level 1:colcon.colcon_core.package_identification:_identify(src/wheeltec_lidar_ros2/ldlidar_ros2/ldlidar_driver/src/logger) by extensions ['cmake', 'python']
[1.219s] Level 1:colcon.colcon_core.package_identification:_identify(src/wheeltec_lidar_ros2/ldlidar_ros2/ldlidar_driver/src/logger) by extension 'cmake'
[1.219s] Level 1:colcon.colcon_core.package_identification:_identify(src/wheeltec_lidar_ros2/ldlidar_ros2/ldlidar_driver/src/logger) by extension 'python'
[1.219s] Level 1:colcon.colcon_core.package_identification:_identify(src/wheeltec_lidar_ros2/ldlidar_ros2/ldlidar_driver/src/logger) by extensions ['python_setup_py']
[1.219s] Level 1:colcon.colcon_core.package_identification:_identify(src/wheeltec_lidar_ros2/ldlidar_ros2/ldlidar_driver/src/logger) by extension 'python_setup_py'
[1.219s] Level 1:colcon.colcon_core.package_identification:_identify(src/wheeltec_lidar_ros2/ldlidar_ros2/ldlidar_driver/src/networkcom) by extensions ['ignore', 'ignore_ament_install']
[1.219s] Level 1:colcon.colcon_core.package_identification:_identify(src/wheeltec_lidar_ros2/ldlidar_ros2/ldlidar_driver/src/networkcom) by extension 'ignore'
[1.219s] Level 1:colcon.colcon_core.package_identification:_identify(src/wheeltec_lidar_ros2/ldlidar_ros2/ldlidar_driver/src/networkcom) by extension 'ignore_ament_install'
[1.220s] Level 1:colcon.colcon_core.package_identification:_identify(src/wheeltec_lidar_ros2/ldlidar_ros2/ldlidar_driver/src/networkcom) by extensions ['colcon_pkg']
[1.220s] Level 1:colcon.colcon_core.package_identification:_identify(src/wheeltec_lidar_ros2/ldlidar_ros2/ldlidar_driver/src/networkcom) by extension 'colcon_pkg'
[1.220s] Level 1:colcon.colcon_core.package_identification:_identify(src/wheeltec_lidar_ros2/ldlidar_ros2/ldlidar_driver/src/networkcom) by extensions ['colcon_meta']
[1.220s] Level 1:colcon.colcon_core.package_identification:_identify(src/wheeltec_lidar_ros2/ldlidar_ros2/ldlidar_driver/src/networkcom) by extension 'colcon_meta'
[1.220s] Level 1:colcon.colcon_core.package_identification:_identify(src/wheeltec_lidar_ros2/ldlidar_ros2/ldlidar_driver/src/networkcom) by extensions ['ros']
[1.220s] Level 1:colcon.colcon_core.package_identification:_identify(src/wheeltec_lidar_ros2/ldlidar_ros2/ldlidar_driver/src/networkcom) by extension 'ros'
[1.220s] Level 1:colcon.colcon_core.package_identification:_identify(src/wheeltec_lidar_ros2/ldlidar_ros2/ldlidar_driver/src/networkcom) by extensions ['cmake', 'python']
[1.220s] Level 1:colcon.colcon_core.package_identification:_identify(src/wheeltec_lidar_ros2/ldlidar_ros2/ldlidar_driver/src/networkcom) by extension 'cmake'
[1.220s] Level 1:colcon.colcon_core.package_identification:_identify(src/wheeltec_lidar_ros2/ldlidar_ros2/ldlidar_driver/src/networkcom) by extension 'python'
[1.220s] Level 1:colcon.colcon_core.package_identification:_identify(src/wheeltec_lidar_ros2/ldlidar_ros2/ldlidar_driver/src/networkcom) by extensions ['python_setup_py']
[1.220s] Level 1:colcon.colcon_core.package_identification:_identify(src/wheeltec_lidar_ros2/ldlidar_ros2/ldlidar_driver/src/networkcom) by extension 'python_setup_py'
[1.220s] Level 1:colcon.colcon_core.package_identification:_identify(src/wheeltec_lidar_ros2/ldlidar_ros2/ldlidar_driver/src/serialcom) by extensions ['ignore', 'ignore_ament_install']
[1.221s] Level 1:colcon.colcon_core.package_identification:_identify(src/wheeltec_lidar_ros2/ldlidar_ros2/ldlidar_driver/src/serialcom) by extension 'ignore'
[1.221s] Level 1:colcon.colcon_core.package_identification:_identify(src/wheeltec_lidar_ros2/ldlidar_ros2/ldlidar_driver/src/serialcom) by extension 'ignore_ament_install'
[1.221s] Level 1:colcon.colcon_core.package_identification:_identify(src/wheeltec_lidar_ros2/ldlidar_ros2/ldlidar_driver/src/serialcom) by extensions ['colcon_pkg']
[1.221s] Level 1:colcon.colcon_core.package_identification:_identify(src/wheeltec_lidar_ros2/ldlidar_ros2/ldlidar_driver/src/serialcom) by extension 'colcon_pkg'
[1.221s] Level 1:colcon.colcon_core.package_identification:_identify(src/wheeltec_lidar_ros2/ldlidar_ros2/ldlidar_driver/src/serialcom) by extensions ['colcon_meta']
[1.221s] Level 1:colcon.colcon_core.package_identification:_identify(src/wheeltec_lidar_ros2/ldlidar_ros2/ldlidar_driver/src/serialcom) by extension 'colcon_meta'
[1.221s] Level 1:colcon.colcon_core.package_identification:_identify(src/wheeltec_lidar_ros2/ldlidar_ros2/ldlidar_driver/src/serialcom) by extensions ['ros']
[1.221s] Level 1:colcon.colcon_core.package_identification:_identify(src/wheeltec_lidar_ros2/ldlidar_ros2/ldlidar_driver/src/serialcom) by extension 'ros'
[1.221s] Level 1:colcon.colcon_core.package_identification:_identify(src/wheeltec_lidar_ros2/ldlidar_ros2/ldlidar_driver/src/serialcom) by extensions ['cmake', 'python']
[1.221s] Level 1:colcon.colcon_core.package_identification:_identify(src/wheeltec_lidar_ros2/ldlidar_ros2/ldlidar_driver/src/serialcom) by extension 'cmake'
[1.221s] Level 1:colcon.colcon_core.package_identification:_identify(src/wheeltec_lidar_ros2/ldlidar_ros2/ldlidar_driver/src/serialcom) by extension 'python'
[1.221s] Level 1:colcon.colcon_core.package_identification:_identify(src/wheeltec_lidar_ros2/ldlidar_ros2/ldlidar_driver/src/serialcom) by extensions ['python_setup_py']
[1.222s] Level 1:colcon.colcon_core.package_identification:_identify(src/wheeltec_lidar_ros2/ldlidar_ros2/ldlidar_driver/src/serialcom) by extension 'python_setup_py'
[1.222s] Level 1:colcon.colcon_core.package_identification:_identify(src/wheeltec_lidar_ros2/lslidar_ros2) by extensions ['ignore', 'ignore_ament_install']
[1.222s] Level 1:colcon.colcon_core.package_identification:_identify(src/wheeltec_lidar_ros2/lslidar_ros2) by extension 'ignore'
[1.222s] Level 1:colcon.colcon_core.package_identification:_identify(src/wheeltec_lidar_ros2/lslidar_ros2) by extension 'ignore_ament_install'
[1.222s] Level 1:colcon.colcon_core.package_identification:_identify(src/wheeltec_lidar_ros2/lslidar_ros2) by extensions ['colcon_pkg']
[1.222s] Level 1:colcon.colcon_core.package_identification:_identify(src/wheeltec_lidar_ros2/lslidar_ros2) by extension 'colcon_pkg'
[1.222s] Level 1:colcon.colcon_core.package_identification:_identify(src/wheeltec_lidar_ros2/lslidar_ros2) by extensions ['colcon_meta']
[1.222s] Level 1:colcon.colcon_core.package_identification:_identify(src/wheeltec_lidar_ros2/lslidar_ros2) by extension 'colcon_meta'
[1.222s] Level 1:colcon.colcon_core.package_identification:_identify(src/wheeltec_lidar_ros2/lslidar_ros2) by extensions ['ros']
[1.222s] Level 1:colcon.colcon_core.package_identification:_identify(src/wheeltec_lidar_ros2/lslidar_ros2) by extension 'ros'
[1.222s] Level 1:colcon.colcon_core.package_identification:_identify(src/wheeltec_lidar_ros2/lslidar_ros2) by extensions ['cmake', 'python']
[1.223s] Level 1:colcon.colcon_core.package_identification:_identify(src/wheeltec_lidar_ros2/lslidar_ros2) by extension 'cmake'
[1.223s] Level 1:colcon.colcon_core.package_identification:_identify(src/wheeltec_lidar_ros2/lslidar_ros2) by extension 'python'
[1.223s] Level 1:colcon.colcon_core.package_identification:_identify(src/wheeltec_lidar_ros2/lslidar_ros2) by extensions ['python_setup_py']
[1.223s] Level 1:colcon.colcon_core.package_identification:_identify(src/wheeltec_lidar_ros2/lslidar_ros2) by extension 'python_setup_py'
[1.223s] Level 1:colcon.colcon_core.package_identification:_identify(src/wheeltec_lidar_ros2/lslidar_ros2/lslidar_driver) by extensions ['ignore', 'ignore_ament_install']
[1.223s] Level 1:colcon.colcon_core.package_identification:_identify(src/wheeltec_lidar_ros2/lslidar_ros2/lslidar_driver) by extension 'ignore'
[1.223s] Level 1:colcon.colcon_core.package_identification:_identify(src/wheeltec_lidar_ros2/lslidar_ros2/lslidar_driver) by extension 'ignore_ament_install'
[1.223s] Level 1:colcon.colcon_core.package_identification:_identify(src/wheeltec_lidar_ros2/lslidar_ros2/lslidar_driver) by extensions ['colcon_pkg']
[1.223s] Level 1:colcon.colcon_core.package_identification:_identify(src/wheeltec_lidar_ros2/lslidar_ros2/lslidar_driver) by extension 'colcon_pkg'
[1.223s] Level 1:colcon.colcon_core.package_identification:_identify(src/wheeltec_lidar_ros2/lslidar_ros2/lslidar_driver) by extensions ['colcon_meta']
[1.223s] Level 1:colcon.colcon_core.package_identification:_identify(src/wheeltec_lidar_ros2/lslidar_ros2/lslidar_driver) by extension 'colcon_meta'
[1.223s] Level 1:colcon.colcon_core.package_identification:_identify(src/wheeltec_lidar_ros2/lslidar_ros2/lslidar_driver) by extensions ['ros']
[1.224s] Level 1:colcon.colcon_core.package_identification:_identify(src/wheeltec_lidar_ros2/lslidar_ros2/lslidar_driver) by extension 'ros'
[1.225s] DEBUG:colcon.colcon_core.package_identification:Package 'src/wheeltec_lidar_ros2/lslidar_ros2/lslidar_driver' with type 'ros.ament_cmake' and name 'lslidar_driver'
[1.225s] Level 1:colcon.colcon_core.package_identification:_identify(src/wheeltec_lidar_ros2/lslidar_ros2/lslidar_msgs) by extensions ['ignore', 'ignore_ament_install']
[1.225s] Level 1:colcon.colcon_core.package_identification:_identify(src/wheeltec_lidar_ros2/lslidar_ros2/lslidar_msgs) by extension 'ignore'
[1.225s] Level 1:colcon.colcon_core.package_identification:_identify(src/wheeltec_lidar_ros2/lslidar_ros2/lslidar_msgs) by extension 'ignore_ament_install'
[1.225s] Level 1:colcon.colcon_core.package_identification:_identify(src/wheeltec_lidar_ros2/lslidar_ros2/lslidar_msgs) by extensions ['colcon_pkg']
[1.225s] Level 1:colcon.colcon_core.package_identification:_identify(src/wheeltec_lidar_ros2/lslidar_ros2/lslidar_msgs) by extension 'colcon_pkg'
[1.225s] Level 1:colcon.colcon_core.package_identification:_identify(src/wheeltec_lidar_ros2/lslidar_ros2/lslidar_msgs) by extensions ['colcon_meta']
[1.225s] Level 1:colcon.colcon_core.package_identification:_identify(src/wheeltec_lidar_ros2/lslidar_ros2/lslidar_msgs) by extension 'colcon_meta'
[1.226s] Level 1:colcon.colcon_core.package_identification:_identify(src/wheeltec_lidar_ros2/lslidar_ros2/lslidar_msgs) by extensions ['ros']
[1.226s] Level 1:colcon.colcon_core.package_identification:_identify(src/wheeltec_lidar_ros2/lslidar_ros2/lslidar_msgs) by extension 'ros'
[1.226s] DEBUG:colcon.colcon_core.package_identification:Package 'src/wheeltec_lidar_ros2/lslidar_ros2/lslidar_msgs' with type 'ros.ament_cmake' and name 'lslidar_msgs'
[1.227s] Level 1:colcon.colcon_core.package_identification:_identify(src/wheeltec_lidar_ros2/pointcloud_to_laserscan-humble) by extensions ['ignore', 'ignore_ament_install']
[1.227s] Level 1:colcon.colcon_core.package_identification:_identify(src/wheeltec_lidar_ros2/pointcloud_to_laserscan-humble) by extension 'ignore'
[1.227s] Level 1:colcon.colcon_core.package_identification:_identify(src/wheeltec_lidar_ros2/pointcloud_to_laserscan-humble) by extension 'ignore_ament_install'
[1.227s] Level 1:colcon.colcon_core.package_identification:_identify(src/wheeltec_lidar_ros2/pointcloud_to_laserscan-humble) by extensions ['colcon_pkg']
[1.227s] Level 1:colcon.colcon_core.package_identification:_identify(src/wheeltec_lidar_ros2/pointcloud_to_laserscan-humble) by extension 'colcon_pkg'
[1.227s] Level 1:colcon.colcon_core.package_identification:_identify(src/wheeltec_lidar_ros2/pointcloud_to_laserscan-humble) by extensions ['colcon_meta']
[1.227s] Level 1:colcon.colcon_core.package_identification:_identify(src/wheeltec_lidar_ros2/pointcloud_to_laserscan-humble) by extension 'colcon_meta'
[1.227s] Level 1:colcon.colcon_core.package_identification:_identify(src/wheeltec_lidar_ros2/pointcloud_to_laserscan-humble) by extensions ['ros']
[1.227s] Level 1:colcon.colcon_core.package_identification:_identify(src/wheeltec_lidar_ros2/pointcloud_to_laserscan-humble) by extension 'ros'
[1.229s] DEBUG:colcon.colcon_core.package_identification:Package 'src/wheeltec_lidar_ros2/pointcloud_to_laserscan-humble' with type 'ros.ament_cmake' and name 'pointcloud_to_laserscan'
[1.230s] Level 1:colcon.colcon_core.package_identification:_identify(src/wheeltec_lidar_ros2/rplidar_ros) by extensions ['ignore', 'ignore_ament_install']
[1.230s] Level 1:colcon.colcon_core.package_identification:_identify(src/wheeltec_lidar_ros2/rplidar_ros) by extension 'ignore'
[1.230s] Level 1:colcon.colcon_core.package_identification:_identify(src/wheeltec_lidar_ros2/rplidar_ros) by extension 'ignore_ament_install'
[1.230s] Level 1:colcon.colcon_core.package_identification:_identify(src/wheeltec_lidar_ros2/rplidar_ros) by extensions ['colcon_pkg']
[1.230s] Level 1:colcon.colcon_core.package_identification:_identify(src/wheeltec_lidar_ros2/rplidar_ros) by extension 'colcon_pkg'
[1.230s] Level 1:colcon.colcon_core.package_identification:_identify(src/wheeltec_lidar_ros2/rplidar_ros) by extensions ['colcon_meta']
[1.230s] Level 1:colcon.colcon_core.package_identification:_identify(src/wheeltec_lidar_ros2/rplidar_ros) by extension 'colcon_meta'
[1.230s] Level 1:colcon.colcon_core.package_identification:_identify(src/wheeltec_lidar_ros2/rplidar_ros) by extensions ['ros']
[1.230s] Level 1:colcon.colcon_core.package_identification:_identify(src/wheeltec_lidar_ros2/rplidar_ros) by extension 'ros'
[1.231s] DEBUG:colcon.colcon_core.package_identification:Package 'src/wheeltec_lidar_ros2/rplidar_ros' with type 'ros.ament_cmake' and name 'rplidar_ros'
[1.232s] Level 1:colcon.colcon_core.package_identification:_identify(src/wheeltec_mic) by extensions ['ignore', 'ignore_ament_install']
[1.232s] Level 1:colcon.colcon_core.package_identification:_identify(src/wheeltec_mic) by extension 'ignore'
[1.232s] Level 1:colcon.colcon_core.package_identification:_identify(src/wheeltec_mic) by extension 'ignore_ament_install'
[1.232s] Level 1:colcon.colcon_core.package_identification:_identify(src/wheeltec_mic) by extensions ['colcon_pkg']
[1.232s] Level 1:colcon.colcon_core.package_identification:_identify(src/wheeltec_mic) by extension 'colcon_pkg'
[1.232s] Level 1:colcon.colcon_core.package_identification:_identify(src/wheeltec_mic) by extensions ['colcon_meta']
[1.232s] Level 1:colcon.colcon_core.package_identification:_identify(src/wheeltec_mic) by extension 'colcon_meta'
[1.232s] Level 1:colcon.colcon_core.package_identification:_identify(src/wheeltec_mic) by extensions ['ros']
[1.232s] Level 1:colcon.colcon_core.package_identification:_identify(src/wheeltec_mic) by extension 'ros'
[1.232s] Level 1:colcon.colcon_core.package_identification:_identify(src/wheeltec_mic) by extensions ['cmake', 'python']
[1.232s] Level 1:colcon.colcon_core.package_identification:_identify(src/wheeltec_mic) by extension 'cmake'
[1.233s] Level 1:colcon.colcon_core.package_identification:_identify(src/wheeltec_mic) by extension 'python'
[1.233s] Level 1:colcon.colcon_core.package_identification:_identify(src/wheeltec_mic) by extensions ['python_setup_py']
[1.233s] Level 1:colcon.colcon_core.package_identification:_identify(src/wheeltec_mic) by extension 'python_setup_py'
[1.233s] Level 1:colcon.colcon_core.package_identification:_identify(src/wheeltec_mic/wheeltec_mic_msg) by extensions ['ignore', 'ignore_ament_install']
[1.233s] Level 1:colcon.colcon_core.package_identification:_identify(src/wheeltec_mic/wheeltec_mic_msg) by extension 'ignore'
[1.233s] Level 1:colcon.colcon_core.package_identification:_identify(src/wheeltec_mic/wheeltec_mic_msg) by extension 'ignore_ament_install'
[1.233s] Level 1:colcon.colcon_core.package_identification:_identify(src/wheeltec_mic/wheeltec_mic_msg) by extensions ['colcon_pkg']
[1.233s] Level 1:colcon.colcon_core.package_identification:_identify(src/wheeltec_mic/wheeltec_mic_msg) by extension 'colcon_pkg'
[1.233s] Level 1:colcon.colcon_core.package_identification:_identify(src/wheeltec_mic/wheeltec_mic_msg) by extensions ['colcon_meta']
[1.233s] Level 1:colcon.colcon_core.package_identification:_identify(src/wheeltec_mic/wheeltec_mic_msg) by extension 'colcon_meta'
[1.233s] Level 1:colcon.colcon_core.package_identification:_identify(src/wheeltec_mic/wheeltec_mic_msg) by extensions ['ros']
[1.233s] Level 1:colcon.colcon_core.package_identification:_identify(src/wheeltec_mic/wheeltec_mic_msg) by extension 'ros'
[1.235s] DEBUG:colcon.colcon_core.package_identification:Package 'src/wheeltec_mic/wheeltec_mic_msg' with type 'ros.ament_cmake' and name 'wheeltec_mic_msg'
[1.235s] Level 1:colcon.colcon_core.package_identification:_identify(src/wheeltec_mic/wheeltec_mic_ros2) by extensions ['ignore', 'ignore_ament_install']
[1.235s] Level 1:colcon.colcon_core.package_identification:_identify(src/wheeltec_mic/wheeltec_mic_ros2) by extension 'ignore'
[1.235s] Level 1:colcon.colcon_core.package_identification:_identify(src/wheeltec_mic/wheeltec_mic_ros2) by extension 'ignore_ament_install'
[1.235s] Level 1:colcon.colcon_core.package_identification:_identify(src/wheeltec_mic/wheeltec_mic_ros2) by extensions ['colcon_pkg']
[1.235s] Level 1:colcon.colcon_core.package_identification:_identify(src/wheeltec_mic/wheeltec_mic_ros2) by extension 'colcon_pkg'
[1.235s] Level 1:colcon.colcon_core.package_identification:_identify(src/wheeltec_mic/wheeltec_mic_ros2) by extensions ['colcon_meta']
[1.235s] Level 1:colcon.colcon_core.package_identification:_identify(src/wheeltec_mic/wheeltec_mic_ros2) by extension 'colcon_meta'
[1.236s] Level 1:colcon.colcon_core.package_identification:_identify(src/wheeltec_mic/wheeltec_mic_ros2) by extensions ['ros']
[1.236s] Level 1:colcon.colcon_core.package_identification:_identify(src/wheeltec_mic/wheeltec_mic_ros2) by extension 'ros'
[1.237s] DEBUG:colcon.colcon_core.package_identification:Package 'src/wheeltec_mic/wheeltec_mic_ros2' with type 'ros.ament_cmake' and name 'wheeltec_mic_ros2'
[1.238s] Level 1:colcon.colcon_core.package_identification:_identify(src/wheeltec_mic_aiui) by extensions ['ignore', 'ignore_ament_install']
[1.238s] Level 1:colcon.colcon_core.package_identification:_identify(src/wheeltec_mic_aiui) by extension 'ignore'
[1.238s] Level 1:colcon.colcon_core.package_identification:_identify(src/wheeltec_mic_aiui) by extension 'ignore_ament_install'
[1.238s] Level 1:colcon.colcon_core.package_identification:_identify(src/wheeltec_mic_aiui) by extensions ['colcon_pkg']
[1.238s] Level 1:colcon.colcon_core.package_identification:_identify(src/wheeltec_mic_aiui) by extension 'colcon_pkg'
[1.238s] Level 1:colcon.colcon_core.package_identification:_identify(src/wheeltec_mic_aiui) by extensions ['colcon_meta']
[1.238s] Level 1:colcon.colcon_core.package_identification:_identify(src/wheeltec_mic_aiui) by extension 'colcon_meta'
[1.238s] Level 1:colcon.colcon_core.package_identification:_identify(src/wheeltec_mic_aiui) by extensions ['ros']
[1.238s] Level 1:colcon.colcon_core.package_identification:_identify(src/wheeltec_mic_aiui) by extension 'ros'
[1.240s] DEBUG:colcon.colcon_core.package_identification:Package 'src/wheeltec_mic_aiui' with type 'ros.ament_cmake' and name 'wheeltec_mic_aiui'
[1.240s] Level 1:colcon.colcon_core.package_identification:_identify(src/wheeltec_multi) by extensions ['ignore', 'ignore_ament_install']
[1.240s] Level 1:colcon.colcon_core.package_identification:_identify(src/wheeltec_multi) by extension 'ignore'
[1.240s] Level 1:colcon.colcon_core.package_identification:_identify(src/wheeltec_multi) by extension 'ignore_ament_install'
[1.240s] Level 1:colcon.colcon_core.package_identification:_identify(src/wheeltec_multi) by extensions ['colcon_pkg']
[1.240s] Level 1:colcon.colcon_core.package_identification:_identify(src/wheeltec_multi) by extension 'colcon_pkg'
[1.240s] Level 1:colcon.colcon_core.package_identification:_identify(src/wheeltec_multi) by extensions ['colcon_meta']
[1.240s] Level 1:colcon.colcon_core.package_identification:_identify(src/wheeltec_multi) by extension 'colcon_meta'
[1.240s] Level 1:colcon.colcon_core.package_identification:_identify(src/wheeltec_multi) by extensions ['ros']
[1.240s] Level 1:colcon.colcon_core.package_identification:_identify(src/wheeltec_multi) by extension 'ros'
[1.243s] DEBUG:colcon.colcon_core.package_identification:Package 'src/wheeltec_multi' with type 'ros.ament_cmake' and name 'wheeltec_multi'
[1.243s] Level 1:colcon.colcon_core.package_identification:_identify(src/wheeltec_path_follow) by extensions ['ignore', 'ignore_ament_install']
[1.243s] Level 1:colcon.colcon_core.package_identification:_identify(src/wheeltec_path_follow) by extension 'ignore'
[1.243s] Level 1:colcon.colcon_core.package_identification:_identify(src/wheeltec_path_follow) by extension 'ignore_ament_install'
[1.243s] Level 1:colcon.colcon_core.package_identification:_identify(src/wheeltec_path_follow) by extensions ['colcon_pkg']
[1.243s] Level 1:colcon.colcon_core.package_identification:_identify(src/wheeltec_path_follow) by extension 'colcon_pkg'
[1.243s] Level 1:colcon.colcon_core.package_identification:_identify(src/wheeltec_path_follow) by extensions ['colcon_meta']
[1.243s] Level 1:colcon.colcon_core.package_identification:_identify(src/wheeltec_path_follow) by extension 'colcon_meta'
[1.243s] Level 1:colcon.colcon_core.package_identification:_identify(src/wheeltec_path_follow) by extensions ['ros']
[1.244s] Level 1:colcon.colcon_core.package_identification:_identify(src/wheeltec_path_follow) by extension 'ros'
[1.246s] DEBUG:colcon.colcon_core.package_identification:Package 'src/wheeltec_path_follow' with type 'ros.ament_cmake' and name 'wheeltec_path_follow'
[1.246s] Level 1:colcon.colcon_core.package_identification:_identify(src/wheeltec_radar) by extensions ['ignore', 'ignore_ament_install']
[1.246s] Level 1:colcon.colcon_core.package_identification:_identify(src/wheeltec_radar) by extension 'ignore'
[1.246s] Level 1:colcon.colcon_core.package_identification:_identify(src/wheeltec_radar) by extension 'ignore_ament_install'
[1.246s] Level 1:colcon.colcon_core.package_identification:_identify(src/wheeltec_radar) by extensions ['colcon_pkg']
[1.246s] Level 1:colcon.colcon_core.package_identification:_identify(src/wheeltec_radar) by extension 'colcon_pkg'
[1.246s] Level 1:colcon.colcon_core.package_identification:_identify(src/wheeltec_radar) by extensions ['colcon_meta']
[1.247s] Level 1:colcon.colcon_core.package_identification:_identify(src/wheeltec_radar) by extension 'colcon_meta'
[1.247s] Level 1:colcon.colcon_core.package_identification:_identify(src/wheeltec_radar) by extensions ['ros']
[1.247s] Level 1:colcon.colcon_core.package_identification:_identify(src/wheeltec_radar) by extension 'ros'
[1.249s] DEBUG:colcon.colcon_core.package_identification:Package 'src/wheeltec_radar' with type 'ros.ament_cmake' and name 'wheeltec_radar'
[1.249s] Level 1:colcon.colcon_core.package_identification:_identify(src/wheeltec_robot_kcf) by extensions ['ignore', 'ignore_ament_install']
[1.249s] Level 1:colcon.colcon_core.package_identification:_identify(src/wheeltec_robot_kcf) by extension 'ignore'
[1.249s] Level 1:colcon.colcon_core.package_identification:_identify(src/wheeltec_robot_kcf) by extension 'ignore_ament_install'
[1.249s] Level 1:colcon.colcon_core.package_identification:_identify(src/wheeltec_robot_kcf) by extensions ['colcon_pkg']
[1.249s] Level 1:colcon.colcon_core.package_identification:_identify(src/wheeltec_robot_kcf) by extension 'colcon_pkg'
[1.250s] Level 1:colcon.colcon_core.package_identification:_identify(src/wheeltec_robot_kcf) by extensions ['colcon_meta']
[1.250s] Level 1:colcon.colcon_core.package_identification:_identify(src/wheeltec_robot_kcf) by extension 'colcon_meta'
[1.250s] Level 1:colcon.colcon_core.package_identification:_identify(src/wheeltec_robot_kcf) by extensions ['ros']
[1.250s] Level 1:colcon.colcon_core.package_identification:_identify(src/wheeltec_robot_kcf) by extension 'ros'
[1.251s] DEBUG:colcon.colcon_core.package_identification:Package 'src/wheeltec_robot_kcf' with type 'ros.ament_cmake' and name 'wheeltec_robot_kcf'
[1.251s] Level 1:colcon.colcon_core.package_identification:_identify(src/wheeltec_robot_keyboard) by extensions ['ignore', 'ignore_ament_install']
[1.251s] Level 1:colcon.colcon_core.package_identification:_identify(src/wheeltec_robot_keyboard) by extension 'ignore'
[1.251s] Level 1:colcon.colcon_core.package_identification:_identify(src/wheeltec_robot_keyboard) by extension 'ignore_ament_install'
[1.252s] Level 1:colcon.colcon_core.package_identification:_identify(src/wheeltec_robot_keyboard) by extensions ['colcon_pkg']
[1.252s] Level 1:colcon.colcon_core.package_identification:_identify(src/wheeltec_robot_keyboard) by extension 'colcon_pkg'
[1.252s] Level 1:colcon.colcon_core.package_identification:_identify(src/wheeltec_robot_keyboard) by extensions ['colcon_meta']
[1.252s] Level 1:colcon.colcon_core.package_identification:_identify(src/wheeltec_robot_keyboard) by extension 'colcon_meta'
[1.252s] Level 1:colcon.colcon_core.package_identification:_identify(src/wheeltec_robot_keyboard) by extensions ['ros']
[1.252s] Level 1:colcon.colcon_core.package_identification:_identify(src/wheeltec_robot_keyboard) by extension 'ros'
[1.253s] DEBUG:colcon.colcon_core.package_identification:Package 'src/wheeltec_robot_keyboard' with type 'ros.ament_python' and name 'wheeltec_robot_keyboard'
[1.253s] Level 1:colcon.colcon_core.package_identification:_identify(src/wheeltec_robot_msg) by extensions ['ignore', 'ignore_ament_install']
[1.253s] Level 1:colcon.colcon_core.package_identification:_identify(src/wheeltec_robot_msg) by extension 'ignore'
[1.253s] Level 1:colcon.colcon_core.package_identification:_identify(src/wheeltec_robot_msg) by extension 'ignore_ament_install'
[1.253s] Level 1:colcon.colcon_core.package_identification:_identify(src/wheeltec_robot_msg) by extensions ['colcon_pkg']
[1.254s] Level 1:colcon.colcon_core.package_identification:_identify(src/wheeltec_robot_msg) by extension 'colcon_pkg'
[1.254s] Level 1:colcon.colcon_core.package_identification:_identify(src/wheeltec_robot_msg) by extensions ['colcon_meta']
[1.254s] Level 1:colcon.colcon_core.package_identification:_identify(src/wheeltec_robot_msg) by extension 'colcon_meta'
[1.254s] Level 1:colcon.colcon_core.package_identification:_identify(src/wheeltec_robot_msg) by extensions ['ros']
[1.254s] Level 1:colcon.colcon_core.package_identification:_identify(src/wheeltec_robot_msg) by extension 'ros'
[1.255s] DEBUG:colcon.colcon_core.package_identification:Package 'src/wheeltec_robot_msg' with type 'ros.ament_cmake' and name 'wheeltec_robot_msg'
[1.255s] Level 1:colcon.colcon_core.package_identification:_identify(src/wheeltec_robot_nav2) by extensions ['ignore', 'ignore_ament_install']
[1.255s] Level 1:colcon.colcon_core.package_identification:_identify(src/wheeltec_robot_nav2) by extension 'ignore'
[1.255s] Level 1:colcon.colcon_core.package_identification:_identify(src/wheeltec_robot_nav2) by extension 'ignore_ament_install'
[1.255s] Level 1:colcon.colcon_core.package_identification:_identify(src/wheeltec_robot_nav2) by extensions ['colcon_pkg']
[1.255s] Level 1:colcon.colcon_core.package_identification:_identify(src/wheeltec_robot_nav2) by extension 'colcon_pkg'
[1.256s] Level 1:colcon.colcon_core.package_identification:_identify(src/wheeltec_robot_nav2) by extensions ['colcon_meta']
[1.256s] Level 1:colcon.colcon_core.package_identification:_identify(src/wheeltec_robot_nav2) by extension 'colcon_meta'
[1.256s] Level 1:colcon.colcon_core.package_identification:_identify(src/wheeltec_robot_nav2) by extensions ['ros']
[1.256s] Level 1:colcon.colcon_core.package_identification:_identify(src/wheeltec_robot_nav2) by extension 'ros'
[1.257s] DEBUG:colcon.colcon_core.package_identification:Package 'src/wheeltec_robot_nav2' with type 'ros.ament_cmake' and name 'wheeltec_nav2'
[1.257s] Level 1:colcon.colcon_core.package_identification:_identify(src/wheeltec_robot_rrt2) by extensions ['ignore', 'ignore_ament_install']
[1.257s] Level 1:colcon.colcon_core.package_identification:_identify(src/wheeltec_robot_rrt2) by extension 'ignore'
[1.257s] Level 1:colcon.colcon_core.package_identification:_identify(src/wheeltec_robot_rrt2) by extension 'ignore_ament_install'
[1.257s] Level 1:colcon.colcon_core.package_identification:_identify(src/wheeltec_robot_rrt2) by extensions ['colcon_pkg']
[1.257s] Level 1:colcon.colcon_core.package_identification:_identify(src/wheeltec_robot_rrt2) by extension 'colcon_pkg'
[1.257s] Level 1:colcon.colcon_core.package_identification:_identify(src/wheeltec_robot_rrt2) by extensions ['colcon_meta']
[1.257s] Level 1:colcon.colcon_core.package_identification:_identify(src/wheeltec_robot_rrt2) by extension 'colcon_meta'
[1.257s] Level 1:colcon.colcon_core.package_identification:_identify(src/wheeltec_robot_rrt2) by extensions ['ros']
[1.258s] Level 1:colcon.colcon_core.package_identification:_identify(src/wheeltec_robot_rrt2) by extension 'ros'
[1.259s] DEBUG:colcon.colcon_core.package_identification:Package 'src/wheeltec_robot_rrt2' with type 'ros.ament_cmake' and name 'wheeltec_robot_rrt'
[1.259s] Level 1:colcon.colcon_core.package_identification:_identify(src/wheeltec_robot_rtab) by extensions ['ignore', 'ignore_ament_install']
[1.259s] Level 1:colcon.colcon_core.package_identification:_identify(src/wheeltec_robot_rtab) by extension 'ignore'
[1.259s] Level 1:colcon.colcon_core.package_identification:_identify(src/wheeltec_robot_rtab) by extension 'ignore_ament_install'
[1.259s] Level 1:colcon.colcon_core.package_identification:_identify(src/wheeltec_robot_rtab) by extensions ['colcon_pkg']
[1.259s] Level 1:colcon.colcon_core.package_identification:_identify(src/wheeltec_robot_rtab) by extension 'colcon_pkg'
[1.259s] Level 1:colcon.colcon_core.package_identification:_identify(src/wheeltec_robot_rtab) by extensions ['colcon_meta']
[1.259s] Level 1:colcon.colcon_core.package_identification:_identify(src/wheeltec_robot_rtab) by extension 'colcon_meta'
[1.260s] Level 1:colcon.colcon_core.package_identification:_identify(src/wheeltec_robot_rtab) by extensions ['ros']
[1.260s] Level 1:colcon.colcon_core.package_identification:_identify(src/wheeltec_robot_rtab) by extension 'ros'
[1.261s] DEBUG:colcon.colcon_core.package_identification:Package 'src/wheeltec_robot_rtab' with type 'ros.ament_cmake' and name 'wheeltec_robot_rtab'
[1.261s] Level 1:colcon.colcon_core.package_identification:_identify(src/wheeltec_robot_slam) by extensions ['ignore', 'ignore_ament_install']
[1.261s] Level 1:colcon.colcon_core.package_identification:_identify(src/wheeltec_robot_slam) by extension 'ignore'
[1.261s] Level 1:colcon.colcon_core.package_identification:_identify(src/wheeltec_robot_slam) by extension 'ignore_ament_install'
[1.261s] Level 1:colcon.colcon_core.package_identification:_identify(src/wheeltec_robot_slam) by extensions ['colcon_pkg']
[1.261s] Level 1:colcon.colcon_core.package_identification:_identify(src/wheeltec_robot_slam) by extension 'colcon_pkg'
[1.261s] Level 1:colcon.colcon_core.package_identification:_identify(src/wheeltec_robot_slam) by extensions ['colcon_meta']
[1.261s] Level 1:colcon.colcon_core.package_identification:_identify(src/wheeltec_robot_slam) by extension 'colcon_meta'
[1.261s] Level 1:colcon.colcon_core.package_identification:_identify(src/wheeltec_robot_slam) by extensions ['ros']
[1.261s] Level 1:colcon.colcon_core.package_identification:_identify(src/wheeltec_robot_slam) by extension 'ros'
[1.262s] Level 1:colcon.colcon_core.package_identification:_identify(src/wheeltec_robot_slam) by extensions ['cmake', 'python']
[1.262s] Level 1:colcon.colcon_core.package_identification:_identify(src/wheeltec_robot_slam) by extension 'cmake'
[1.262s] Level 1:colcon.colcon_core.package_identification:_identify(src/wheeltec_robot_slam) by extension 'python'
[1.262s] Level 1:colcon.colcon_core.package_identification:_identify(src/wheeltec_robot_slam) by extensions ['python_setup_py']
[1.262s] Level 1:colcon.colcon_core.package_identification:_identify(src/wheeltec_robot_slam) by extension 'python_setup_py'
[1.262s] Level 1:colcon.colcon_core.package_identification:_identify(src/wheeltec_robot_slam/LIO-SAM-ROS2) by extensions ['ignore', 'ignore_ament_install']
[1.262s] Level 1:colcon.colcon_core.package_identification:_identify(src/wheeltec_robot_slam/LIO-SAM-ROS2) by extension 'ignore'
[1.262s] Level 1:colcon.colcon_core.package_identification:_identify(src/wheeltec_robot_slam/LIO-SAM-ROS2) by extension 'ignore_ament_install'
[1.262s] Level 1:colcon.colcon_core.package_identification:_identify(src/wheeltec_robot_slam/LIO-SAM-ROS2) by extensions ['colcon_pkg']
[1.262s] Level 1:colcon.colcon_core.package_identification:_identify(src/wheeltec_robot_slam/LIO-SAM-ROS2) by extension 'colcon_pkg'
[1.263s] Level 1:colcon.colcon_core.package_identification:_identify(src/wheeltec_robot_slam/LIO-SAM-ROS2) by extensions ['colcon_meta']
[1.263s] Level 1:colcon.colcon_core.package_identification:_identify(src/wheeltec_robot_slam/LIO-SAM-ROS2) by extension 'colcon_meta'
[1.263s] Level 1:colcon.colcon_core.package_identification:_identify(src/wheeltec_robot_slam/LIO-SAM-ROS2) by extensions ['ros']
[1.263s] Level 1:colcon.colcon_core.package_identification:_identify(src/wheeltec_robot_slam/LIO-SAM-ROS2) by extension 'ros'
[1.264s] DEBUG:colcon.colcon_core.package_identification:Package 'src/wheeltec_robot_slam/LIO-SAM-ROS2' with type 'ros.ament_cmake' and name 'lio_sam'
[1.265s] Level 1:colcon.colcon_core.package_identification:_identify(src/wheeltec_robot_slam/LeGO-LOAM-SR-master) by extensions ['ignore', 'ignore_ament_install']
[1.265s] Level 1:colcon.colcon_core.package_identification:_identify(src/wheeltec_robot_slam/LeGO-LOAM-SR-master) by extension 'ignore'
[1.265s] Level 1:colcon.colcon_core.package_identification:_identify(src/wheeltec_robot_slam/LeGO-LOAM-SR-master) by extension 'ignore_ament_install'
[1.265s] Level 1:colcon.colcon_core.package_identification:_identify(src/wheeltec_robot_slam/LeGO-LOAM-SR-master) by extensions ['colcon_pkg']
[1.265s] Level 1:colcon.colcon_core.package_identification:_identify(src/wheeltec_robot_slam/LeGO-LOAM-SR-master) by extension 'colcon_pkg'
[1.265s] Level 1:colcon.colcon_core.package_identification:_identify(src/wheeltec_robot_slam/LeGO-LOAM-SR-master) by extensions ['colcon_meta']
[1.265s] Level 1:colcon.colcon_core.package_identification:_identify(src/wheeltec_robot_slam/LeGO-LOAM-SR-master) by extension 'colcon_meta'
[1.265s] Level 1:colcon.colcon_core.package_identification:_identify(src/wheeltec_robot_slam/LeGO-LOAM-SR-master) by extensions ['ros']
[1.265s] Level 1:colcon.colcon_core.package_identification:_identify(src/wheeltec_robot_slam/LeGO-LOAM-SR-master) by extension 'ros'
[1.265s] Level 1:colcon.colcon_core.package_identification:_identify(src/wheeltec_robot_slam/LeGO-LOAM-SR-master) by extensions ['cmake', 'python']
[1.265s] Level 1:colcon.colcon_core.package_identification:_identify(src/wheeltec_robot_slam/LeGO-LOAM-SR-master) by extension 'cmake'
[1.266s] Level 1:colcon.colcon_core.package_identification:_identify(src/wheeltec_robot_slam/LeGO-LOAM-SR-master) by extension 'python'
[1.266s] Level 1:colcon.colcon_core.package_identification:_identify(src/wheeltec_robot_slam/LeGO-LOAM-SR-master) by extensions ['python_setup_py']
[1.266s] Level 1:colcon.colcon_core.package_identification:_identify(src/wheeltec_robot_slam/LeGO-LOAM-SR-master) by extension 'python_setup_py'
[1.266s] Level 1:colcon.colcon_core.package_identification:_identify(src/wheeltec_robot_slam/LeGO-LOAM-SR-master/LeGO-LOAM) by extensions ['ignore', 'ignore_ament_install']
[1.266s] Level 1:colcon.colcon_core.package_identification:_identify(src/wheeltec_robot_slam/LeGO-LOAM-SR-master/LeGO-LOAM) by extension 'ignore'
[1.266s] Level 1:colcon.colcon_core.package_identification:_identify(src/wheeltec_robot_slam/LeGO-LOAM-SR-master/LeGO-LOAM) by extension 'ignore_ament_install'
[1.266s] Level 1:colcon.colcon_core.package_identification:_identify(src/wheeltec_robot_slam/LeGO-LOAM-SR-master/LeGO-LOAM) by extensions ['colcon_pkg']
[1.266s] Level 1:colcon.colcon_core.package_identification:_identify(src/wheeltec_robot_slam/LeGO-LOAM-SR-master/LeGO-LOAM) by extension 'colcon_pkg'
[1.266s] Level 1:colcon.colcon_core.package_identification:_identify(src/wheeltec_robot_slam/LeGO-LOAM-SR-master/LeGO-LOAM) by extensions ['colcon_meta']
[1.266s] Level 1:colcon.colcon_core.package_identification:_identify(src/wheeltec_robot_slam/LeGO-LOAM-SR-master/LeGO-LOAM) by extension 'colcon_meta'
[1.267s] Level 1:colcon.colcon_core.package_identification:_identify(src/wheeltec_robot_slam/LeGO-LOAM-SR-master/LeGO-LOAM) by extensions ['ros']
[1.267s] Level 1:colcon.colcon_core.package_identification:_identify(src/wheeltec_robot_slam/LeGO-LOAM-SR-master/LeGO-LOAM) by extension 'ros'
[1.268s] DEBUG:colcon.colcon_core.package_identification:Package 'src/wheeltec_robot_slam/LeGO-LOAM-SR-master/LeGO-LOAM' with type 'ros.ament_cmake' and name 'lego_loam_sr'
[1.269s] Level 1:colcon.colcon_core.package_identification:_identify(src/wheeltec_robot_slam/LeGO-LOAM-SR-master/cloud_msgs) by extensions ['ignore', 'ignore_ament_install']
[1.269s] Level 1:colcon.colcon_core.package_identification:_identify(src/wheeltec_robot_slam/LeGO-LOAM-SR-master/cloud_msgs) by extension 'ignore'
[1.270s] Level 1:colcon.colcon_core.package_identification:_identify(src/wheeltec_robot_slam/LeGO-LOAM-SR-master/cloud_msgs) by extension 'ignore_ament_install'
[1.270s] Level 1:colcon.colcon_core.package_identification:_identify(src/wheeltec_robot_slam/LeGO-LOAM-SR-master/cloud_msgs) by extensions ['colcon_pkg']
[1.270s] Level 1:colcon.colcon_core.package_identification:_identify(src/wheeltec_robot_slam/LeGO-LOAM-SR-master/cloud_msgs) by extension 'colcon_pkg'
[1.270s] Level 1:colcon.colcon_core.package_identification:_identify(src/wheeltec_robot_slam/LeGO-LOAM-SR-master/cloud_msgs) by extensions ['colcon_meta']
[1.270s] Level 1:colcon.colcon_core.package_identification:_identify(src/wheeltec_robot_slam/LeGO-LOAM-SR-master/cloud_msgs) by extension 'colcon_meta'
[1.270s] Level 1:colcon.colcon_core.package_identification:_identify(src/wheeltec_robot_slam/LeGO-LOAM-SR-master/cloud_msgs) by extensions ['ros']
[1.270s] Level 1:colcon.colcon_core.package_identification:_identify(src/wheeltec_robot_slam/LeGO-LOAM-SR-master/cloud_msgs) by extension 'ros'
[1.272s] DEBUG:colcon.colcon_core.package_identification:Package 'src/wheeltec_robot_slam/LeGO-LOAM-SR-master/cloud_msgs' with type 'ros.ament_cmake' and name 'cloud_msgs'
[1.272s] Level 1:colcon.colcon_core.package_identification:_identify(src/wheeltec_robot_slam/openslam_gmapping) by extensions ['ignore', 'ignore_ament_install']
[1.273s] Level 1:colcon.colcon_core.package_identification:_identify(src/wheeltec_robot_slam/openslam_gmapping) by extension 'ignore'
[1.273s] Level 1:colcon.colcon_core.package_identification:_identify(src/wheeltec_robot_slam/openslam_gmapping) by extension 'ignore_ament_install'
[1.273s] Level 1:colcon.colcon_core.package_identification:_identify(src/wheeltec_robot_slam/openslam_gmapping) by extensions ['colcon_pkg']
[1.273s] Level 1:colcon.colcon_core.package_identification:_identify(src/wheeltec_robot_slam/openslam_gmapping) by extension 'colcon_pkg'
[1.273s] Level 1:colcon.colcon_core.package_identification:_identify(src/wheeltec_robot_slam/openslam_gmapping) by extensions ['colcon_meta']
[1.273s] Level 1:colcon.colcon_core.package_identification:_identify(src/wheeltec_robot_slam/openslam_gmapping) by extension 'colcon_meta'
[1.273s] Level 1:colcon.colcon_core.package_identification:_identify(src/wheeltec_robot_slam/openslam_gmapping) by extensions ['ros']
[1.273s] Level 1:colcon.colcon_core.package_identification:_identify(src/wheeltec_robot_slam/openslam_gmapping) by extension 'ros'
[1.274s] DEBUG:colcon.colcon_core.package_identification:Package 'src/wheeltec_robot_slam/openslam_gmapping' with type 'ros.ament_cmake' and name 'openslam_gmapping'
[1.275s] Level 1:colcon.colcon_core.package_identification:_identify(src/wheeltec_robot_slam/orb_slam_2_ros) by extensions ['ignore', 'ignore_ament_install']
[1.275s] Level 1:colcon.colcon_core.package_identification:_identify(src/wheeltec_robot_slam/orb_slam_2_ros) by extension 'ignore'
[1.275s] Level 1:colcon.colcon_core.package_identification:_identify(src/wheeltec_robot_slam/orb_slam_2_ros) by extension 'ignore_ament_install'
[1.275s] Level 1:colcon.colcon_core.package_identification:_identify(src/wheeltec_robot_slam/orb_slam_2_ros) by extensions ['colcon_pkg']
[1.275s] Level 1:colcon.colcon_core.package_identification:_identify(src/wheeltec_robot_slam/orb_slam_2_ros) by extension 'colcon_pkg'
[1.275s] Level 1:colcon.colcon_core.package_identification:_identify(src/wheeltec_robot_slam/orb_slam_2_ros) by extensions ['colcon_meta']
[1.275s] Level 1:colcon.colcon_core.package_identification:_identify(src/wheeltec_robot_slam/orb_slam_2_ros) by extension 'colcon_meta'
[1.275s] Level 1:colcon.colcon_core.package_identification:_identify(src/wheeltec_robot_slam/orb_slam_2_ros) by extensions ['ros']
[1.275s] Level 1:colcon.colcon_core.package_identification:_identify(src/wheeltec_robot_slam/orb_slam_2_ros) by extension 'ros'
[1.276s] Level 1:colcon.colcon_core.package_identification:_identify(src/wheeltec_robot_slam/orb_slam_2_ros) by extensions ['cmake', 'python']
[1.276s] Level 1:colcon.colcon_core.package_identification:_identify(src/wheeltec_robot_slam/orb_slam_2_ros) by extension 'cmake'
[1.276s] Level 1:colcon.colcon_core.package_identification:_identify(src/wheeltec_robot_slam/orb_slam_2_ros) by extension 'python'
[1.276s] Level 1:colcon.colcon_core.package_identification:_identify(src/wheeltec_robot_slam/orb_slam_2_ros) by extensions ['python_setup_py']
[1.276s] Level 1:colcon.colcon_core.package_identification:_identify(src/wheeltec_robot_slam/orb_slam_2_ros) by extension 'python_setup_py'
[1.276s] Level 1:colcon.colcon_core.package_identification:_identify(src/wheeltec_robot_slam/orb_slam_2_ros/orb_slam_2_ros) by extensions ['ignore', 'ignore_ament_install']
[1.276s] Level 1:colcon.colcon_core.package_identification:_identify(src/wheeltec_robot_slam/orb_slam_2_ros/orb_slam_2_ros) by extension 'ignore'
[1.277s] Level 1:colcon.colcon_core.package_identification:_identify(src/wheeltec_robot_slam/orb_slam_2_ros/orb_slam_2_ros) by extension 'ignore_ament_install'
[1.277s] Level 1:colcon.colcon_core.package_identification:_identify(src/wheeltec_robot_slam/orb_slam_2_ros/orb_slam_2_ros) by extensions ['colcon_pkg']
[1.277s] Level 1:colcon.colcon_core.package_identification:_identify(src/wheeltec_robot_slam/orb_slam_2_ros/orb_slam_2_ros) by extension 'colcon_pkg'
[1.277s] Level 1:colcon.colcon_core.package_identification:_identify(src/wheeltec_robot_slam/orb_slam_2_ros/orb_slam_2_ros) by extensions ['colcon_meta']
[1.277s] Level 1:colcon.colcon_core.package_identification:_identify(src/wheeltec_robot_slam/orb_slam_2_ros/orb_slam_2_ros) by extension 'colcon_meta'
[1.277s] Level 1:colcon.colcon_core.package_identification:_identify(src/wheeltec_robot_slam/orb_slam_2_ros/orb_slam_2_ros) by extensions ['ros']
[1.277s] Level 1:colcon.colcon_core.package_identification:_identify(src/wheeltec_robot_slam/orb_slam_2_ros/orb_slam_2_ros) by extension 'ros'
[1.278s] DEBUG:colcon.colcon_core.package_identification:Package 'src/wheeltec_robot_slam/orb_slam_2_ros/orb_slam_2_ros' with type 'ros.ament_cmake' and name 'orb_slam2_ros'
[1.278s] Level 1:colcon.colcon_core.package_identification:_identify(src/wheeltec_robot_slam/slam_gmapping) by extensions ['ignore', 'ignore_ament_install']
[1.279s] Level 1:colcon.colcon_core.package_identification:_identify(src/wheeltec_robot_slam/slam_gmapping) by extension 'ignore'
[1.279s] Level 1:colcon.colcon_core.package_identification:_identify(src/wheeltec_robot_slam/slam_gmapping) by extension 'ignore_ament_install'
[1.279s] Level 1:colcon.colcon_core.package_identification:_identify(src/wheeltec_robot_slam/slam_gmapping) by extensions ['colcon_pkg']
[1.279s] Level 1:colcon.colcon_core.package_identification:_identify(src/wheeltec_robot_slam/slam_gmapping) by extension 'colcon_pkg'
[1.279s] Level 1:colcon.colcon_core.package_identification:_identify(src/wheeltec_robot_slam/slam_gmapping) by extensions ['colcon_meta']
[1.279s] Level 1:colcon.colcon_core.package_identification:_identify(src/wheeltec_robot_slam/slam_gmapping) by extension 'colcon_meta'
[1.279s] Level 1:colcon.colcon_core.package_identification:_identify(src/wheeltec_robot_slam/slam_gmapping) by extensions ['ros']
[1.279s] Level 1:colcon.colcon_core.package_identification:_identify(src/wheeltec_robot_slam/slam_gmapping) by extension 'ros'
[1.281s] DEBUG:colcon.colcon_core.package_identification:Package 'src/wheeltec_robot_slam/slam_gmapping' with type 'ros.ament_cmake' and name 'slam_gmapping'
[1.281s] Level 1:colcon.colcon_core.package_identification:_identify(src/wheeltec_robot_slam/wheeltec_cartographer) by extensions ['ignore', 'ignore_ament_install']
[1.281s] Level 1:colcon.colcon_core.package_identification:_identify(src/wheeltec_robot_slam/wheeltec_cartographer) by extension 'ignore'
[1.282s] Level 1:colcon.colcon_core.package_identification:_identify(src/wheeltec_robot_slam/wheeltec_cartographer) by extension 'ignore_ament_install'
[1.282s] Level 1:colcon.colcon_core.package_identification:_identify(src/wheeltec_robot_slam/wheeltec_cartographer) by extensions ['colcon_pkg']
[1.282s] Level 1:colcon.colcon_core.package_identification:_identify(src/wheeltec_robot_slam/wheeltec_cartographer) by extension 'colcon_pkg'
[1.282s] Level 1:colcon.colcon_core.package_identification:_identify(src/wheeltec_robot_slam/wheeltec_cartographer) by extensions ['colcon_meta']
[1.282s] Level 1:colcon.colcon_core.package_identification:_identify(src/wheeltec_robot_slam/wheeltec_cartographer) by extension 'colcon_meta'
[1.282s] Level 1:colcon.colcon_core.package_identification:_identify(src/wheeltec_robot_slam/wheeltec_cartographer) by extensions ['ros']
[1.282s] Level 1:colcon.colcon_core.package_identification:_identify(src/wheeltec_robot_slam/wheeltec_cartographer) by extension 'ros'
[1.283s] DEBUG:colcon.colcon_core.package_identification:Package 'src/wheeltec_robot_slam/wheeltec_cartographer' with type 'ros.ament_cmake' and name 'wheeltec_cartographer'
[1.283s] Level 1:colcon.colcon_core.package_identification:_identify(src/wheeltec_robot_slam/wheeltec_slam_toolbox) by extensions ['ignore', 'ignore_ament_install']
[1.283s] Level 1:colcon.colcon_core.package_identification:_identify(src/wheeltec_robot_slam/wheeltec_slam_toolbox) by extension 'ignore'
[1.283s] Level 1:colcon.colcon_core.package_identification:_identify(src/wheeltec_robot_slam/wheeltec_slam_toolbox) by extension 'ignore_ament_install'
[1.284s] Level 1:colcon.colcon_core.package_identification:_identify(src/wheeltec_robot_slam/wheeltec_slam_toolbox) by extensions ['colcon_pkg']
[1.284s] Level 1:colcon.colcon_core.package_identification:_identify(src/wheeltec_robot_slam/wheeltec_slam_toolbox) by extension 'colcon_pkg'
[1.284s] Level 1:colcon.colcon_core.package_identification:_identify(src/wheeltec_robot_slam/wheeltec_slam_toolbox) by extensions ['colcon_meta']
[1.284s] Level 1:colcon.colcon_core.package_identification:_identify(src/wheeltec_robot_slam/wheeltec_slam_toolbox) by extension 'colcon_meta'
[1.284s] Level 1:colcon.colcon_core.package_identification:_identify(src/wheeltec_robot_slam/wheeltec_slam_toolbox) by extensions ['ros']
[1.284s] Level 1:colcon.colcon_core.package_identification:_identify(src/wheeltec_robot_slam/wheeltec_slam_toolbox) by extension 'ros'
[1.285s] DEBUG:colcon.colcon_core.package_identification:Package 'src/wheeltec_robot_slam/wheeltec_slam_toolbox' with type 'ros.ament_cmake' and name 'wheeltec_slam_toolbox'
[1.285s] Level 1:colcon.colcon_core.package_identification:_identify(src/wheeltec_robot_urdf) by extensions ['ignore', 'ignore_ament_install']
[1.285s] Level 1:colcon.colcon_core.package_identification:_identify(src/wheeltec_robot_urdf) by extension 'ignore'
[1.286s] Level 1:colcon.colcon_core.package_identification:_identify(src/wheeltec_robot_urdf) by extension 'ignore_ament_install'
[1.286s] Level 1:colcon.colcon_core.package_identification:_identify(src/wheeltec_robot_urdf) by extensions ['colcon_pkg']
[1.286s] Level 1:colcon.colcon_core.package_identification:_identify(src/wheeltec_robot_urdf) by extension 'colcon_pkg'
[1.286s] Level 1:colcon.colcon_core.package_identification:_identify(src/wheeltec_robot_urdf) by extensions ['colcon_meta']
[1.286s] Level 1:colcon.colcon_core.package_identification:_identify(src/wheeltec_robot_urdf) by extension 'colcon_meta'
[1.286s] Level 1:colcon.colcon_core.package_identification:_identify(src/wheeltec_robot_urdf) by extensions ['ros']
[1.286s] Level 1:colcon.colcon_core.package_identification:_identify(src/wheeltec_robot_urdf) by extension 'ros'
[1.286s] Level 1:colcon.colcon_core.package_identification:_identify(src/wheeltec_robot_urdf) by extensions ['cmake', 'python']
[1.286s] Level 1:colcon.colcon_core.package_identification:_identify(src/wheeltec_robot_urdf) by extension 'cmake'
[1.286s] Level 1:colcon.colcon_core.package_identification:_identify(src/wheeltec_robot_urdf) by extension 'python'
[1.286s] Level 1:colcon.colcon_core.package_identification:_identify(src/wheeltec_robot_urdf) by extensions ['python_setup_py']
[1.286s] Level 1:colcon.colcon_core.package_identification:_identify(src/wheeltec_robot_urdf) by extension 'python_setup_py'
[1.287s] Level 1:colcon.colcon_core.package_identification:_identify(src/wheeltec_robot_urdf/wheeltec_robot_urdf) by extensions ['ignore', 'ignore_ament_install']
[1.287s] Level 1:colcon.colcon_core.package_identification:_identify(src/wheeltec_robot_urdf/wheeltec_robot_urdf) by extension 'ignore'
[1.287s] Level 1:colcon.colcon_core.package_identification:_identify(src/wheeltec_robot_urdf/wheeltec_robot_urdf) by extension 'ignore_ament_install'
[1.287s] Level 1:colcon.colcon_core.package_identification:_identify(src/wheeltec_robot_urdf/wheeltec_robot_urdf) by extensions ['colcon_pkg']
[1.287s] Level 1:colcon.colcon_core.package_identification:_identify(src/wheeltec_robot_urdf/wheeltec_robot_urdf) by extension 'colcon_pkg'
[1.287s] Level 1:colcon.colcon_core.package_identification:_identify(src/wheeltec_robot_urdf/wheeltec_robot_urdf) by extensions ['colcon_meta']
[1.287s] Level 1:colcon.colcon_core.package_identification:_identify(src/wheeltec_robot_urdf/wheeltec_robot_urdf) by extension 'colcon_meta'
[1.287s] Level 1:colcon.colcon_core.package_identification:_identify(src/wheeltec_robot_urdf/wheeltec_robot_urdf) by extensions ['ros']
[1.287s] Level 1:colcon.colcon_core.package_identification:_identify(src/wheeltec_robot_urdf/wheeltec_robot_urdf) by extension 'ros'
[1.288s] DEBUG:colcon.colcon_core.package_identification:Package 'src/wheeltec_robot_urdf/wheeltec_robot_urdf' with type 'ros.ament_cmake' and name 'wheeltec_robot_urdf'
[1.288s] Level 1:colcon.colcon_core.package_identification:_identify(src/wheeltec_rrt_msg) by extensions ['ignore', 'ignore_ament_install']
[1.289s] Level 1:colcon.colcon_core.package_identification:_identify(src/wheeltec_rrt_msg) by extension 'ignore'
[1.289s] Level 1:colcon.colcon_core.package_identification:_identify(src/wheeltec_rrt_msg) by extension 'ignore_ament_install'
[1.289s] Level 1:colcon.colcon_core.package_identification:_identify(src/wheeltec_rrt_msg) by extensions ['colcon_pkg']
[1.289s] Level 1:colcon.colcon_core.package_identification:_identify(src/wheeltec_rrt_msg) by extension 'colcon_pkg'
[1.289s] Level 1:colcon.colcon_core.package_identification:_identify(src/wheeltec_rrt_msg) by extensions ['colcon_meta']
[1.289s] Level 1:colcon.colcon_core.package_identification:_identify(src/wheeltec_rrt_msg) by extension 'colcon_meta'
[1.289s] Level 1:colcon.colcon_core.package_identification:_identify(src/wheeltec_rrt_msg) by extensions ['ros']
[1.289s] Level 1:colcon.colcon_core.package_identification:_identify(src/wheeltec_rrt_msg) by extension 'ros'
[1.291s] DEBUG:colcon.colcon_core.package_identification:Package 'src/wheeltec_rrt_msg' with type 'ros.ament_cmake' and name 'wheeltec_rrt_msg'
[1.291s] Level 1:colcon.colcon_core.package_identification:_identify(src/wheeltec_rviz2) by extensions ['ignore', 'ignore_ament_install']
[1.291s] Level 1:colcon.colcon_core.package_identification:_identify(src/wheeltec_rviz2) by extension 'ignore'
[1.291s] Level 1:colcon.colcon_core.package_identification:_identify(src/wheeltec_rviz2) by extension 'ignore_ament_install'
[1.291s] Level 1:colcon.colcon_core.package_identification:_identify(src/wheeltec_rviz2) by extensions ['colcon_pkg']
[1.291s] Level 1:colcon.colcon_core.package_identification:_identify(src/wheeltec_rviz2) by extension 'colcon_pkg'
[1.291s] Level 1:colcon.colcon_core.package_identification:_identify(src/wheeltec_rviz2) by extensions ['colcon_meta']
[1.291s] Level 1:colcon.colcon_core.package_identification:_identify(src/wheeltec_rviz2) by extension 'colcon_meta'
[1.291s] Level 1:colcon.colcon_core.package_identification:_identify(src/wheeltec_rviz2) by extensions ['ros']
[1.291s] Level 1:colcon.colcon_core.package_identification:_identify(src/wheeltec_rviz2) by extension 'ros'
[1.293s] DEBUG:colcon.colcon_core.package_identification:Package 'src/wheeltec_rviz2' with type 'ros.ament_cmake' and name 'wheeltec_rviz2'
[1.293s] Level 1:colcon.colcon_core.package_discovery:discover_packages(recursive) using defaults
[1.293s] Level 1:colcon.colcon_core.package_discovery:discover_packages(ignore) discover
[1.293s] Level 1:colcon.colcon_core.package_discovery:discover_packages(ignore) using defaults
[1.293s] Level 1:colcon.colcon_core.package_discovery:discover_packages(path) discover
[1.293s] Level 1:colcon.colcon_core.package_discovery:discover_packages(path) using defaults
[1.423s] INFO:colcon.colcon_core.package_selection:Skipping not selected package 'ackermann_msgs' in 'src/depend/ackermann_msgs-ros2'
[1.423s] INFO:colcon.colcon_core.package_selection:Skipping not selected package 'aruco' in 'src/aruco_ros-humble-devel/aruco'
[1.423s] INFO:colcon.colcon_core.package_selection:Skipping not selected package 'aruco_msgs' in 'src/aruco_ros-humble-devel/aruco_msgs'
[1.424s] INFO:colcon.colcon_core.package_selection:Skipping not selected package 'astra_camera_msgs' in 'src/ros2_astra_camera-master/astra_camera_msgs'
[1.424s] INFO:colcon.colcon_core.package_selection:Skipping not selected package 'auto_recharge_ros2' in 'src/auto_recharge_ros2'
[1.424s] INFO:colcon.colcon_core.package_selection:Skipping not selected package 'bodyreader_msg' in 'src/wheeltec_bodyreader/bodyreader_msg'
[1.424s] INFO:colcon.colcon_core.package_selection:Skipping not selected package 'cloud_msgs' in 'src/wheeltec_robot_slam/LeGO-LOAM-SR-master/cloud_msgs'
[1.424s] INFO:colcon.colcon_core.package_selection:Skipping not selected package 'fdilink_ahrs' in 'src/wheeltec_imu/fdilink_ahrs_ros-ros2'
[1.424s] INFO:colcon.colcon_core.package_selection:Skipping not selected package 'hipnuc_imu' in 'src/wheeltec_imu/hipnuc_imu_ros-ros2'
[1.424s] INFO:colcon.colcon_core.package_selection:Skipping not selected package 'interfaces' in 'src/interfaces'
[1.424s] INFO:colcon.colcon_core.package_selection:Skipping not selected package 'largemodel' in 'src/largemodel'
[1.424s] INFO:colcon.colcon_core.package_selection:Skipping not selected package 'ldlidar' in 'src/wheeltec_lidar_ros2/ldlidar_ros2/ldlidar'
[1.424s] INFO:colcon.colcon_core.package_selection:Skipping not selected package 'lio_sam' in 'src/wheeltec_robot_slam/LIO-SAM-ROS2'
[1.424s] INFO:colcon.colcon_core.package_selection:Skipping not selected package 'lslidar_msgs' in 'src/wheeltec_lidar_ros2/lslidar_ros2/lslidar_msgs'
[1.424s] INFO:colcon.colcon_core.package_selection:Skipping not selected package 'nav2_common' in 'src/navigation2-humble/nav2_common'
[1.424s] INFO:colcon.colcon_core.package_selection:Skipping not selected package 'nav2_waypoint_cycle' in 'src/nav2_waypoint_cycle'
[1.424s] INFO:colcon.colcon_core.package_selection:Skipping not selected package 'nav_2d_msgs' in 'src/navigation2-humble/nav2_dwb_controller/nav_2d_msgs'
[1.424s] INFO:colcon.colcon_core.package_selection:Skipping not selected package 'nmea_msgs' in 'src/wheeltec_gps/nmea_msgs'
[1.424s] INFO:colcon.colcon_core.package_selection:Skipping not selected package 'ollama_ros_msgs' in 'src/ollama_ros_chat-ros2/ollama_ros_msgs'
[1.424s] INFO:colcon.colcon_core.package_selection:Skipping not selected package 'openslam_gmapping' in 'src/wheeltec_robot_slam/openslam_gmapping'
[1.424s] INFO:colcon.colcon_core.package_selection:Skipping not selected package 'orb_slam2_ros' in 'src/wheeltec_robot_slam/orb_slam_2_ros/orb_slam_2_ros'
[1.424s] INFO:colcon.colcon_core.package_selection:Skipping not selected package 'pointcloud_to_laserscan' in 'src/wheeltec_lidar_ros2/pointcloud_to_laserscan-humble'
[1.424s] INFO:colcon.colcon_core.package_selection:Skipping not selected package 'rplidar_ros' in 'src/wheeltec_lidar_ros2/rplidar_ros'
[1.424s] INFO:colcon.colcon_core.package_selection:Skipping not selected package 'serial' in 'src/depend/serial_ros2'
[1.424s] INFO:colcon.colcon_core.package_selection:Skipping not selected package 'tf2_tools' in 'src/depend/tf2_tools'
[1.424s] INFO:colcon.colcon_core.package_selection:Skipping not selected package 'tts' in 'src/tts_make_ros2'
[1.424s] INFO:colcon.colcon_core.package_selection:Skipping not selected package 'ublox_serialization' in 'src/wheeltec_gps/ublox-ros2/ublox_serialization'
[1.425s] INFO:colcon.colcon_core.package_selection:Skipping not selected package 'ultralytics_ros2' in 'src/ultralytics_ros2'
[1.425s] INFO:colcon.colcon_core.package_selection:Skipping not selected package 'usb_cam' in 'src/usb_cam-ros2'
[1.425s] INFO:colcon.colcon_core.package_selection:Skipping not selected package 'web_video_server' in 'src/web_video_server-ros2/web_video_server-ros2'
[1.425s] INFO:colcon.colcon_core.package_selection:Skipping not selected package 'wheeltec_cartographer' in 'src/wheeltec_robot_slam/wheeltec_cartographer'
[1.425s] INFO:colcon.colcon_core.package_selection:Skipping not selected package 'wheeltec_dual_rtk_driver' in 'src/wheeltec_gps/wheeltec_dual_rtk_driver'
[1.425s] INFO:colcon.colcon_core.package_selection:Skipping not selected package 'wheeltec_gps_driver' in 'src/wheeltec_gps/wheeltec_gps_driver'
[1.425s] INFO:colcon.colcon_core.package_selection:Skipping not selected package 'wheeltec_joy' in 'src/wheeltec_joy'
[1.425s] INFO:colcon.colcon_core.package_selection:Skipping not selected package 'wheeltec_mic_aiui' in 'src/wheeltec_mic_aiui'
[1.425s] INFO:colcon.colcon_core.package_selection:Skipping not selected package 'wheeltec_mic_msg' in 'src/wheeltec_mic/wheeltec_mic_msg'
[1.425s] INFO:colcon.colcon_core.package_selection:Skipping not selected package 'wheeltec_robot_keyboard' in 'src/wheeltec_robot_keyboard'
[1.425s] INFO:colcon.colcon_core.package_selection:Skipping not selected package 'wheeltec_robot_msg' in 'src/wheeltec_robot_msg'
[1.425s] INFO:colcon.colcon_core.package_selection:Skipping not selected package 'wheeltec_robot_rrt' in 'src/wheeltec_robot_rrt2'
[1.425s] INFO:colcon.colcon_core.package_selection:Skipping not selected package 'wheeltec_robot_rtab' in 'src/wheeltec_robot_rtab'
[1.425s] INFO:colcon.colcon_core.package_selection:Skipping not selected package 'wheeltec_robot_urdf' in 'src/wheeltec_robot_urdf/wheeltec_robot_urdf'
[1.425s] INFO:colcon.colcon_core.package_selection:Skipping not selected package 'wheeltec_rrt_msg' in 'src/wheeltec_rrt_msg'
[1.425s] INFO:colcon.colcon_core.package_selection:Skipping not selected package 'wheeltec_rviz2' in 'src/wheeltec_rviz2'
[1.425s] INFO:colcon.colcon_core.package_selection:Skipping not selected package 'wheeltec_slam_toolbox' in 'src/wheeltec_robot_slam/wheeltec_slam_toolbox'
[1.425s] INFO:colcon.colcon_core.package_selection:Skipping not selected package 'yesense_interface' in 'src/wheeltec_imu/yesense_ros2/yesense_interface'
[1.425s] INFO:colcon.colcon_core.package_selection:Skipping not selected package 'aruco_ros' in 'src/aruco_ros-humble-devel/aruco_ros'
[1.425s] INFO:colcon.colcon_core.package_selection:Skipping not selected package 'astra_camera' in 'src/ros2_astra_camera-master/astra_camera'
[1.425s] INFO:colcon.colcon_core.package_selection:Skipping not selected package 'dwb_msgs' in 'src/navigation2-humble/nav2_dwb_controller/dwb_msgs'
[1.425s] INFO:colcon.colcon_core.package_selection:Skipping not selected package 'lego_loam_sr' in 'src/wheeltec_robot_slam/LeGO-LOAM-SR-master/LeGO-LOAM'
[1.425s] INFO:colcon.colcon_core.package_selection:Skipping not selected package 'lslidar_driver' in 'src/wheeltec_lidar_ros2/lslidar_ros2/lslidar_driver'
[1.425s] INFO:colcon.colcon_core.package_selection:Skipping not selected package 'nav2_msgs' in 'src/navigation2-humble/nav2_msgs'
[1.425s] INFO:colcon.colcon_core.package_selection:Skipping not selected package 'nav2_voxel_grid' in 'src/navigation2-humble/nav2_voxel_grid'
[1.426s] INFO:colcon.colcon_core.package_selection:Skipping not selected package 'nmea_navsat_driver' in 'src/wheeltec_gps/nmea_navsat_driver'
[1.426s] INFO:colcon.colcon_core.package_selection:Skipping not selected package 'ollama_ros_chat' in 'src/ollama_ros_chat-ros2/ollama_ros_chat'
[1.426s] INFO:colcon.colcon_core.package_selection:Skipping not selected package 'slam_gmapping' in 'src/wheeltec_robot_slam/slam_gmapping'
[1.426s] INFO:colcon.colcon_core.package_selection:Skipping not selected package 'ublox_msgs' in 'src/wheeltec_gps/ublox-ros2/ublox_msgs'
[1.426s] INFO:colcon.colcon_core.package_selection:Skipping not selected package 'wheeltec_radar' in 'src/wheeltec_radar'
[1.426s] INFO:colcon.colcon_core.package_selection:Skipping not selected package 'yesense_std_ros2' in 'src/wheeltec_imu/yesense_ros2/yesense_std_ros2'
[1.426s] INFO:colcon.colcon_core.package_selection:Skipping not selected package 'bodyreader' in 'src/wheeltec_bodyreader/bodyreader'
[1.426s] INFO:colcon.colcon_core.package_selection:Skipping not selected package 'nav2_simple_commander' in 'src/navigation2-humble/nav2_simple_commander'
[1.426s] INFO:colcon.colcon_core.package_selection:Skipping not selected package 'nav2_util' in 'src/navigation2-humble/nav2_util'
[1.426s] INFO:colcon.colcon_core.package_selection:Skipping not selected package 'turn_on_wheeltec_robot' in 'src/turn_on_wheeltec_robot'
[1.426s] INFO:colcon.colcon_core.package_selection:Skipping not selected package 'ublox_gps' in 'src/wheeltec_gps/ublox-ros2/ublox_gps'
[1.426s] INFO:colcon.colcon_core.package_selection:Skipping not selected package 'wheeltec_mic_ros2' in 'src/wheeltec_mic/wheeltec_mic_ros2'
[1.426s] INFO:colcon.colcon_core.package_selection:Skipping not selected package 'wheeltec_multi' in 'src/wheeltec_multi'
[1.426s] INFO:colcon.colcon_core.package_selection:Skipping not selected package 'wheeltec_path_follow' in 'src/wheeltec_path_follow'
[1.426s] INFO:colcon.colcon_core.package_selection:Skipping not selected package 'nav2_amcl' in 'src/navigation2-humble/nav2_amcl'
[1.426s] INFO:colcon.colcon_core.package_selection:Skipping not selected package 'nav2_behavior_tree' in 'src/navigation2-humble/nav2_behavior_tree'
[1.426s] INFO:colcon.colcon_core.package_selection:Skipping not selected package 'nav2_lifecycle_manager' in 'src/navigation2-humble/nav2_lifecycle_manager'
[1.426s] INFO:colcon.colcon_core.package_selection:Skipping not selected package 'nav2_map_server' in 'src/navigation2-humble/nav2_map_server'
[1.426s] INFO:colcon.colcon_core.package_selection:Skipping not selected package 'nav2_velocity_smoother' in 'src/navigation2-humble/nav2_velocity_smoother'
[1.426s] INFO:colcon.colcon_core.package_selection:Skipping not selected package 'nav_2d_utils' in 'src/navigation2-humble/nav2_dwb_controller/nav_2d_utils'
[1.426s] INFO:colcon.colcon_core.package_selection:Skipping not selected package 'simple_follower_ros2' in 'src/simple_follower_ros2'
[1.426s] INFO:colcon.colcon_core.package_selection:Skipping not selected package 'ublox' in 'src/wheeltec_gps/ublox-ros2/ublox'
[1.426s] INFO:colcon.colcon_core.package_selection:Skipping not selected package 'nav2_costmap_2d' in 'src/navigation2-humble/nav2_costmap_2d'
[1.426s] INFO:colcon.colcon_core.package_selection:Skipping not selected package 'nav2_rviz_plugins' in 'src/navigation2-humble/nav2_rviz_plugins'
[1.426s] INFO:colcon.colcon_core.package_selection:Skipping not selected package 'costmap_queue' in 'src/navigation2-humble/nav2_dwb_controller/costmap_queue'
[1.426s] INFO:colcon.colcon_core.package_selection:Skipping not selected package 'nav2_collision_monitor' in 'src/navigation2-humble/nav2_collision_monitor'
[1.427s] INFO:colcon.colcon_core.package_selection:Skipping not selected package 'nav2_core' in 'src/navigation2-humble/nav2_core'
[1.427s] INFO:colcon.colcon_core.package_selection:Skipping not selected package 'dwb_core' in 'src/navigation2-humble/nav2_dwb_controller/dwb_core'
[1.427s] INFO:colcon.colcon_core.package_selection:Skipping not selected package 'nav2_behaviors' in 'src/navigation2-humble/nav2_behaviors'
[1.427s] INFO:colcon.colcon_core.package_selection:Skipping not selected package 'nav2_bt_navigator' in 'src/navigation2-humble/nav2_bt_navigator'
[1.427s] INFO:colcon.colcon_core.package_selection:Skipping not selected package 'nav2_constrained_smoother' in 'src/navigation2-humble/nav2_constrained_smoother'
[1.427s] INFO:colcon.colcon_core.package_selection:Skipping not selected package 'nav2_controller' in 'src/navigation2-humble/nav2_controller'
[1.427s] INFO:colcon.colcon_core.package_selection:Skipping not selected package 'nav2_mppi_controller' in 'src/navigation2-humble/nav2_mppi_controller'
[1.427s] INFO:colcon.colcon_core.package_selection:Skipping not selected package 'nav2_navfn_planner' in 'src/navigation2-humble/nav2_navfn_planner'
[1.427s] INFO:colcon.colcon_core.package_selection:Skipping not selected package 'nav2_planner' in 'src/navigation2-humble/nav2_planner'
[1.427s] INFO:colcon.colcon_core.package_selection:Skipping not selected package 'nav2_regulated_pure_pursuit_controller' in 'src/navigation2-humble/nav2_regulated_pure_pursuit_controller'
[1.427s] INFO:colcon.colcon_core.package_selection:Skipping not selected package 'nav2_smac_planner' in 'src/navigation2-humble/nav2_smac_planner'
[1.427s] INFO:colcon.colcon_core.package_selection:Skipping not selected package 'nav2_smoother' in 'src/navigation2-humble/nav2_smoother'
[1.427s] INFO:colcon.colcon_core.package_selection:Skipping not selected package 'nav2_theta_star_planner' in 'src/navigation2-humble/nav2_theta_star_planner'
[1.427s] INFO:colcon.colcon_core.package_selection:Skipping not selected package 'nav2_waypoint_follower' in 'src/navigation2-humble/nav2_waypoint_follower'
[1.427s] INFO:colcon.colcon_core.package_selection:Skipping not selected package 'dwb_critics' in 'src/navigation2-humble/nav2_dwb_controller/dwb_critics'
[1.427s] INFO:colcon.colcon_core.package_selection:Skipping not selected package 'dwb_plugins' in 'src/navigation2-humble/nav2_dwb_controller/dwb_plugins'
[1.427s] INFO:colcon.colcon_core.package_selection:Skipping not selected package 'nav2_rotation_shim_controller' in 'src/navigation2-humble/nav2_rotation_shim_controller'
[1.427s] INFO:colcon.colcon_core.package_selection:Skipping not selected package 'nav2_dwb_controller' in 'src/navigation2-humble/nav2_dwb_controller/nav2_dwb_controller'
[1.427s] INFO:colcon.colcon_core.package_selection:Skipping not selected package 'navigation2' in 'src/navigation2-humble/navigation2'
[1.427s] INFO:colcon.colcon_core.package_selection:Skipping not selected package 'nav2_bringup' in 'src/navigation2-humble/nav2_bringup'
[1.427s] INFO:colcon.colcon_core.package_selection:Skipping not selected package 'wheeltec_nav2' in 'src/wheeltec_robot_nav2'
[1.428s] Level 1:colcon.colcon_core.package_discovery:discover_packages(prefix_path) check parameters
[1.428s] Level 1:colcon.colcon_core.package_discovery:discover_packages(prefix_path) discover
[1.484s] DEBUG:colcon.colcon_installed_package_information.package_discovery:Found 376 installed packages in /home/wheeltec/autoware/install
[1.491s] DEBUG:colcon.colcon_installed_package_information.package_discovery:Found 100 installed packages in /home/wheeltec/wheeltec_ros2/install
[1.493s] DEBUG:colcon.colcon_installed_package_information.package_discovery:Found 1 installed packages in /home/wheeltec/wheeltec_stepper_arm/install
[1.495s] DEBUG:colcon.colcon_installed_package_information.package_discovery:Found 384 installed packages in /opt/ros/humble
[1.500s] Level 1:colcon.colcon_core.package_discovery:discover_packages(prefix_path) using defaults
[1.747s] Level 5:colcon.colcon_core.verb:set package 'wheeltec_robot_kcf' build argument 'cmake_args' from command line to 'None'
[1.747s] Level 5:colcon.colcon_core.verb:set package 'wheeltec_robot_kcf' build argument 'cmake_target' from command line to 'None'
[1.748s] Level 5:colcon.colcon_core.verb:set package 'wheeltec_robot_kcf' build argument 'cmake_target_skip_unavailable' from command line to 'False'
[1.748s] Level 5:colcon.colcon_core.verb:set package 'wheeltec_robot_kcf' build argument 'cmake_clean_cache' from command line to 'False'
[1.748s] Level 5:colcon.colcon_core.verb:set package 'wheeltec_robot_kcf' build argument 'cmake_clean_first' from command line to 'False'
[1.748s] Level 5:colcon.colcon_core.verb:set package 'wheeltec_robot_kcf' build argument 'cmake_force_configure' from command line to 'False'
[1.748s] Level 5:colcon.colcon_core.verb:set package 'wheeltec_robot_kcf' build argument 'ament_cmake_args' from command line to 'None'
[1.748s] Level 5:colcon.colcon_core.verb:set package 'wheeltec_robot_kcf' build argument 'catkin_cmake_args' from command line to 'None'
[1.748s] Level 5:colcon.colcon_core.verb:set package 'wheeltec_robot_kcf' build argument 'catkin_skip_building_tests' from command line to 'False'
[1.748s] DEBUG:colcon.colcon_core.verb:Building package 'wheeltec_robot_kcf' with the following arguments: {'ament_cmake_args': None, 'build_base': '/home/wheeltec/wheeltec_ros2/build/wheeltec_robot_kcf', 'catkin_cmake_args': None, 'catkin_skip_building_tests': False, 'cmake_args': None, 'cmake_clean_cache': False, 'cmake_clean_first': False, 'cmake_force_configure': False, 'cmake_target': None, 'cmake_target_skip_unavailable': False, 'install_base': '/home/wheeltec/wheeltec_ros2/install/wheeltec_robot_kcf', 'merge_install': False, 'path': '/home/wheeltec/wheeltec_ros2/src/wheeltec_robot_kcf', 'symlink_install': True, 'test_result_base': None}
[1.748s] INFO:colcon.colcon_core.executor:Executing jobs using 'parallel' executor
[1.750s] DEBUG:colcon.colcon_parallel_executor.executor.parallel:run_until_complete
[1.751s] INFO:colcon.colcon_ros.task.ament_cmake.build:Building ROS package in '/home/wheeltec/wheeltec_ros2/src/wheeltec_robot_kcf' with build type 'ament_cmake'
[1.751s] INFO:colcon.colcon_cmake.task.cmake.build:Building CMake package in '/home/wheeltec/wheeltec_ros2/src/wheeltec_robot_kcf'
[1.764s] INFO:colcon.colcon_core.plugin_system:Skipping extension 'colcon_core.shell.bat': Not used on non-Windows systems
[1.764s] INFO:colcon.colcon_core.shell:Skip shell extension 'powershell' for command environment: Not usable outside of PowerShell
[1.764s] DEBUG:colcon.colcon_core.shell:Skip shell extension 'dsv' for command environment
[1.865s] DEBUG:colcon.colcon_core.event_handler.log_command:Invoking command in '/home/wheeltec/wheeltec_ros2/build/wheeltec_robot_kcf': CMAKE_PREFIX_PATH=${CMAKE_PREFIX_PATH}:/home/wheeltec/wheeltec_ros2/install/simple_follower_ros2:/home/wheeltec/wheeltec_ros2/install/wheeltec_robot_keyboard:/home/wheeltec/wheeltec_ros2/install/wheeltec_dual_rtk_driver:/home/wheeltec/wheeltec_ros2/install/ultralytics_ros2:/home/wheeltec/wheeltec_ros2/install/tf2_tools:/home/wheeltec/wheeltec_ros2/install/ollama_ros_chat:/home/wheeltec/wheeltec_ros2/install/nmea_navsat_driver:/home/wheeltec/wheeltec_ros2/install/nav2_waypoint_cycle:/home/wheeltec/wheeltec_ros2/install/nav2_simple_commander:/home/wheeltec/wheeltec_ros2/install/largemodel:/home/wheeltec/wheeltec_ros2/install/auto_recharge_ros2:/home/wheeltec/autoware/install/autoware_wheeltec_interface:/home/wheeltec/autoware/install/ad_api_visualizers:/opt/ros/humble /usr/bin/cmake --build /home/wheeltec/wheeltec_ros2/build/wheeltec_robot_kcf -- -j6 -l6
[2.544s] DEBUG:colcon.colcon_core.event_handler.log_command:Invoked command in '/home/wheeltec/wheeltec_ros2/build/wheeltec_robot_kcf' returned '0': CMAKE_PREFIX_PATH=${CMAKE_PREFIX_PATH}:/home/wheeltec/wheeltec_ros2/install/simple_follower_ros2:/home/wheeltec/wheeltec_ros2/install/wheeltec_robot_keyboard:/home/wheeltec/wheeltec_ros2/install/wheeltec_dual_rtk_driver:/home/wheeltec/wheeltec_ros2/install/ultralytics_ros2:/home/wheeltec/wheeltec_ros2/install/tf2_tools:/home/wheeltec/wheeltec_ros2/install/ollama_ros_chat:/home/wheeltec/wheeltec_ros2/install/nmea_navsat_driver:/home/wheeltec/wheeltec_ros2/install/nav2_waypoint_cycle:/home/wheeltec/wheeltec_ros2/install/nav2_simple_commander:/home/wheeltec/wheeltec_ros2/install/largemodel:/home/wheeltec/wheeltec_ros2/install/auto_recharge_ros2:/home/wheeltec/autoware/install/autoware_wheeltec_interface:/home/wheeltec/autoware/install/ad_api_visualizers:/opt/ros/humble /usr/bin/cmake --build /home/wheeltec/wheeltec_ros2/build/wheeltec_robot_kcf -- -j6 -l6
[2.659s] DEBUG:colcon.colcon_core.event_handler.log_command:Invoking command in '/home/wheeltec/wheeltec_ros2/build/wheeltec_robot_kcf': CMAKE_PREFIX_PATH=${CMAKE_PREFIX_PATH}:/home/wheeltec/wheeltec_ros2/install/simple_follower_ros2:/home/wheeltec/wheeltec_ros2/install/wheeltec_robot_keyboard:/home/wheeltec/wheeltec_ros2/install/wheeltec_dual_rtk_driver:/home/wheeltec/wheeltec_ros2/install/ultralytics_ros2:/home/wheeltec/wheeltec_ros2/install/tf2_tools:/home/wheeltec/wheeltec_ros2/install/ollama_ros_chat:/home/wheeltec/wheeltec_ros2/install/nmea_navsat_driver:/home/wheeltec/wheeltec_ros2/install/nav2_waypoint_cycle:/home/wheeltec/wheeltec_ros2/install/nav2_simple_commander:/home/wheeltec/wheeltec_ros2/install/largemodel:/home/wheeltec/wheeltec_ros2/install/auto_recharge_ros2:/home/wheeltec/autoware/install/autoware_wheeltec_interface:/home/wheeltec/autoware/install/ad_api_visualizers:/opt/ros/humble /usr/bin/cmake --install /home/wheeltec/wheeltec_ros2/build/wheeltec_robot_kcf
[2.815s] Level 1:colcon.colcon_core.environment:create_environment_scripts_only(wheeltec_robot_kcf)
[2.817s] DEBUG:colcon.colcon_core.event_handler.log_command:Invoked command in '/home/wheeltec/wheeltec_ros2/build/wheeltec_robot_kcf' returned '0': CMAKE_PREFIX_PATH=${CMAKE_PREFIX_PATH}:/home/wheeltec/wheeltec_ros2/install/simple_follower_ros2:/home/wheeltec/wheeltec_ros2/install/wheeltec_robot_keyboard:/home/wheeltec/wheeltec_ros2/install/wheeltec_dual_rtk_driver:/home/wheeltec/wheeltec_ros2/install/ultralytics_ros2:/home/wheeltec/wheeltec_ros2/install/tf2_tools:/home/wheeltec/wheeltec_ros2/install/ollama_ros_chat:/home/wheeltec/wheeltec_ros2/install/nmea_navsat_driver:/home/wheeltec/wheeltec_ros2/install/nav2_waypoint_cycle:/home/wheeltec/wheeltec_ros2/install/nav2_simple_commander:/home/wheeltec/wheeltec_ros2/install/largemodel:/home/wheeltec/wheeltec_ros2/install/auto_recharge_ros2:/home/wheeltec/autoware/install/autoware_wheeltec_interface:/home/wheeltec/autoware/install/ad_api_visualizers:/opt/ros/humble /usr/bin/cmake --install /home/wheeltec/wheeltec_ros2/build/wheeltec_robot_kcf
[2.832s] Level 1:colcon.colcon_core.environment:checking '/home/wheeltec/wheeltec_ros2/install/wheeltec_robot_kcf' for CMake module files
[2.833s] Level 1:colcon.colcon_core.environment:checking '/home/wheeltec/wheeltec_ros2/install/wheeltec_robot_kcf' for CMake config files
[2.833s] Level 1:colcon.colcon_core.shell:create_environment_hook('wheeltec_robot_kcf', 'cmake_prefix_path')
[2.834s] INFO:colcon.colcon_core.shell:Creating environment hook '/home/wheeltec/wheeltec_ros2/install/wheeltec_robot_kcf/share/wheeltec_robot_kcf/hook/cmake_prefix_path.ps1'
[2.836s] INFO:colcon.colcon_core.shell:Creating environment descriptor '/home/wheeltec/wheeltec_ros2/install/wheeltec_robot_kcf/share/wheeltec_robot_kcf/hook/cmake_prefix_path.dsv'
[2.844s] INFO:colcon.colcon_core.shell:Creating environment hook '/home/wheeltec/wheeltec_ros2/install/wheeltec_robot_kcf/share/wheeltec_robot_kcf/hook/cmake_prefix_path.sh'
[2.848s] Level 1:colcon.colcon_core.environment:checking '/home/wheeltec/wheeltec_ros2/install/wheeltec_robot_kcf/lib'
[2.848s] Level 1:colcon.colcon_core.environment:checking '/home/wheeltec/wheeltec_ros2/install/wheeltec_robot_kcf/bin'
[2.848s] Level 1:colcon.colcon_core.environment:checking '/home/wheeltec/wheeltec_ros2/install/wheeltec_robot_kcf/lib/pkgconfig/wheeltec_robot_kcf.pc'
[2.849s] Level 1:colcon.colcon_core.environment:checking '/home/wheeltec/wheeltec_ros2/install/wheeltec_robot_kcf/lib/python3.10/site-packages'
[2.850s] Level 1:colcon.colcon_core.environment:checking '/home/wheeltec/wheeltec_ros2/install/wheeltec_robot_kcf/bin'
[2.851s] INFO:colcon.colcon_core.shell:Creating package script '/home/wheeltec/wheeltec_ros2/install/wheeltec_robot_kcf/share/wheeltec_robot_kcf/package.ps1'
[2.855s] INFO:colcon.colcon_core.shell:Creating package descriptor '/home/wheeltec/wheeltec_ros2/install/wheeltec_robot_kcf/share/wheeltec_robot_kcf/package.dsv'
[2.856s] INFO:colcon.colcon_core.shell:Creating package script '/home/wheeltec/wheeltec_ros2/install/wheeltec_robot_kcf/share/wheeltec_robot_kcf/package.sh'
[2.857s] INFO:colcon.colcon_core.shell:Creating package script '/home/wheeltec/wheeltec_ros2/install/wheeltec_robot_kcf/share/wheeltec_robot_kcf/package.bash'
[2.860s] INFO:colcon.colcon_core.shell:Creating package script '/home/wheeltec/wheeltec_ros2/install/wheeltec_robot_kcf/share/wheeltec_robot_kcf/package.zsh'
[2.862s] Level 1:colcon.colcon_core.environment:create_file_with_runtime_dependencies(/home/wheeltec/wheeltec_ros2/install/wheeltec_robot_kcf/share/colcon-core/packages/wheeltec_robot_kcf)
[2.864s] Level 1:colcon.colcon_core.environment:create_environment_scripts_only(wheeltec_robot_kcf)
[2.864s] Level 1:colcon.colcon_core.environment:checking '/home/wheeltec/wheeltec_ros2/install/wheeltec_robot_kcf' for CMake module files
[2.865s] Level 1:colcon.colcon_core.environment:checking '/home/wheeltec/wheeltec_ros2/install/wheeltec_robot_kcf' for CMake config files
[2.865s] Level 1:colcon.colcon_core.shell:create_environment_hook('wheeltec_robot_kcf', 'cmake_prefix_path')
[2.866s] INFO:colcon.colcon_core.shell:Creating environment hook '/home/wheeltec/wheeltec_ros2/install/wheeltec_robot_kcf/share/wheeltec_robot_kcf/hook/cmake_prefix_path.ps1'
[2.867s] INFO:colcon.colcon_core.shell:Creating environment descriptor '/home/wheeltec/wheeltec_ros2/install/wheeltec_robot_kcf/share/wheeltec_robot_kcf/hook/cmake_prefix_path.dsv'
[2.867s] INFO:colcon.colcon_core.shell:Creating environment hook '/home/wheeltec/wheeltec_ros2/install/wheeltec_robot_kcf/share/wheeltec_robot_kcf/hook/cmake_prefix_path.sh'
[2.869s] Level 1:colcon.colcon_core.environment:checking '/home/wheeltec/wheeltec_ros2/install/wheeltec_robot_kcf/lib'
[2.869s] Level 1:colcon.colcon_core.environment:checking '/home/wheeltec/wheeltec_ros2/install/wheeltec_robot_kcf/bin'
[2.869s] Level 1:colcon.colcon_core.environment:checking '/home/wheeltec/wheeltec_ros2/install/wheeltec_robot_kcf/lib/pkgconfig/wheeltec_robot_kcf.pc'
[2.870s] Level 1:colcon.colcon_core.environment:checking '/home/wheeltec/wheeltec_ros2/install/wheeltec_robot_kcf/lib/python3.10/site-packages'
[2.870s] Level 1:colcon.colcon_core.environment:checking '/home/wheeltec/wheeltec_ros2/install/wheeltec_robot_kcf/bin'
[2.871s] INFO:colcon.colcon_core.shell:Creating package script '/home/wheeltec/wheeltec_ros2/install/wheeltec_robot_kcf/share/wheeltec_robot_kcf/package.ps1'
[2.873s] INFO:colcon.colcon_core.shell:Creating package descriptor '/home/wheeltec/wheeltec_ros2/install/wheeltec_robot_kcf/share/wheeltec_robot_kcf/package.dsv'
[2.874s] INFO:colcon.colcon_core.shell:Creating package script '/home/wheeltec/wheeltec_ros2/install/wheeltec_robot_kcf/share/wheeltec_robot_kcf/package.sh'
[2.876s] INFO:colcon.colcon_core.shell:Creating package script '/home/wheeltec/wheeltec_ros2/install/wheeltec_robot_kcf/share/wheeltec_robot_kcf/package.bash'
[2.877s] INFO:colcon.colcon_core.shell:Creating package script '/home/wheeltec/wheeltec_ros2/install/wheeltec_robot_kcf/share/wheeltec_robot_kcf/package.zsh'
[2.878s] Level 1:colcon.colcon_core.environment:create_file_with_runtime_dependencies(/home/wheeltec/wheeltec_ros2/install/wheeltec_robot_kcf/share/colcon-core/packages/wheeltec_robot_kcf)
[2.879s] DEBUG:colcon.colcon_parallel_executor.executor.parallel:closing loop
[2.880s] DEBUG:colcon.colcon_parallel_executor.executor.parallel:loop closed
[2.880s] DEBUG:colcon.colcon_parallel_executor.executor.parallel:run_until_complete finished with '0'
[2.880s] DEBUG:colcon.colcon_core.event_reactor:joining thread
[2.932s] INFO:colcon.colcon_core.plugin_system:Skipping extension 'colcon_notification.desktop_notification.terminal_notifier': Not used on non-Darwin systems
[2.933s] INFO:colcon.colcon_core.plugin_system:Skipping extension 'colcon_notification.desktop_notification.win32': Not used on non-Windows systems
[2.933s] INFO:colcon.colcon_notification.desktop_notification:Sending desktop notification using 'notify2'
[3.005s] DEBUG:colcon.colcon_core.event_reactor:joined thread
[3.006s] INFO:colcon.colcon_core.shell:Creating prefix script '/home/wheeltec/wheeltec_ros2/install/local_setup.ps1'
[3.009s] INFO:colcon.colcon_core.shell:Creating prefix util module '/home/wheeltec/wheeltec_ros2/install/_local_setup_util_ps1.py'
[3.014s] INFO:colcon.colcon_core.shell:Creating prefix chain script '/home/wheeltec/wheeltec_ros2/install/setup.ps1'
[3.079s] INFO:colcon.colcon_core.shell:Creating prefix script '/home/wheeltec/wheeltec_ros2/install/local_setup.sh'
[3.082s] INFO:colcon.colcon_core.shell:Creating prefix util module '/home/wheeltec/wheeltec_ros2/install/_local_setup_util_sh.py'
[3.083s] INFO:colcon.colcon_core.shell:Creating prefix chain script '/home/wheeltec/wheeltec_ros2/install/setup.sh'
[3.136s] INFO:colcon.colcon_core.shell:Creating prefix script '/home/wheeltec/wheeltec_ros2/install/local_setup.bash'
[3.137s] INFO:colcon.colcon_core.shell:Creating prefix chain script '/home/wheeltec/wheeltec_ros2/install/setup.bash'
[3.179s] INFO:colcon.colcon_core.shell:Creating prefix script '/home/wheeltec/wheeltec_ros2/install/local_setup.zsh'
[3.180s] INFO:colcon.colcon_core.shell:Creating prefix chain script '/home/wheeltec/wheeltec_ros2/install/setup.zsh'
