[0.201s] Invoking command in '/home/wheeltec/wheeltec_ros2/build/wheeltec_robot_urdf': CMAKE_PREFIX_PATH=${CMAKE_PREFIX_PATH}:/home/wheeltec/wheeltec_ros2/install/simple_follower_ros2:/home/wheeltec/wheeltec_ros2/install/wheeltec_robot_keyboard:/home/wheeltec/wheeltec_ros2/install/wheeltec_dual_rtk_driver:/home/wheeltec/wheeltec_ros2/install/ultralytics_ros2:/home/wheeltec/wheeltec_ros2/install/tf2_tools:/home/wheeltec/wheeltec_ros2/install/ollama_ros_chat:/home/wheeltec/wheeltec_ros2/install/nmea_navsat_driver:/home/wheeltec/wheeltec_ros2/install/nav2_waypoint_cycle:/home/wheeltec/wheeltec_ros2/install/nav2_simple_commander:/home/wheeltec/wheeltec_ros2/install/largemodel:/home/wheeltec/wheeltec_ros2/install/auto_recharge_ros2:/home/wheeltec/autoware/install/autoware_wheeltec_interface:/home/wheeltec/autoware/install/ad_api_visualizers:/opt/ros/humble /usr/bin/cmake --build /home/wheeltec/wheeltec_ros2/build/wheeltec_robot_urdf -- -j6 -l6
[0.557s] Invoked command in '/home/wheeltec/wheeltec_ros2/build/wheeltec_robot_urdf' returned '0': CMAKE_PREFIX_PATH=${CMAKE_PREFIX_PATH}:/home/wheeltec/wheeltec_ros2/install/simple_follower_ros2:/home/wheeltec/wheeltec_ros2/install/wheeltec_robot_keyboard:/home/wheeltec/wheeltec_ros2/install/wheeltec_dual_rtk_driver:/home/wheeltec/wheeltec_ros2/install/ultralytics_ros2:/home/wheeltec/wheeltec_ros2/install/tf2_tools:/home/wheeltec/wheeltec_ros2/install/ollama_ros_chat:/home/wheeltec/wheeltec_ros2/install/nmea_navsat_driver:/home/wheeltec/wheeltec_ros2/install/nav2_waypoint_cycle:/home/wheeltec/wheeltec_ros2/install/nav2_simple_commander:/home/wheeltec/wheeltec_ros2/install/largemodel:/home/wheeltec/wheeltec_ros2/install/auto_recharge_ros2:/home/wheeltec/autoware/install/autoware_wheeltec_interface:/home/wheeltec/autoware/install/ad_api_visualizers:/opt/ros/humble /usr/bin/cmake --build /home/wheeltec/wheeltec_ros2/build/wheeltec_robot_urdf -- -j6 -l6
[0.561s] Invoking command in '/home/wheeltec/wheeltec_ros2/build/wheeltec_robot_urdf': CMAKE_PREFIX_PATH=${CMAKE_PREFIX_PATH}:/home/wheeltec/wheeltec_ros2/install/simple_follower_ros2:/home/wheeltec/wheeltec_ros2/install/wheeltec_robot_keyboard:/home/wheeltec/wheeltec_ros2/install/wheeltec_dual_rtk_driver:/home/wheeltec/wheeltec_ros2/install/ultralytics_ros2:/home/wheeltec/wheeltec_ros2/install/tf2_tools:/home/wheeltec/wheeltec_ros2/install/ollama_ros_chat:/home/wheeltec/wheeltec_ros2/install/nmea_navsat_driver:/home/wheeltec/wheeltec_ros2/install/nav2_waypoint_cycle:/home/wheeltec/wheeltec_ros2/install/nav2_simple_commander:/home/wheeltec/wheeltec_ros2/install/largemodel:/home/wheeltec/wheeltec_ros2/install/auto_recharge_ros2:/home/wheeltec/autoware/install/autoware_wheeltec_interface:/home/wheeltec/autoware/install/ad_api_visualizers:/opt/ros/humble /usr/bin/cmake --install /home/wheeltec/wheeltec_ros2/build/wheeltec_robot_urdf
[0.644s] -- Install configuration: ""
[0.645s] -- Execute custom install script
[0.679s] -- Up-to-date symlink: /home/wheeltec/wheeltec_ros2/install/wheeltec_robot_urdf/share/wheeltec_robot_urdf/meshes/R550A_PLUS_4wd_arm_robot_meshes/arm_A_Link.STL
[0.680s] -- Up-to-date symlink: /home/wheeltec/wheeltec_ros2/install/wheeltec_robot_urdf/share/wheeltec_robot_urdf/meshes/R550A_PLUS_4wd_arm_robot_meshes/arm_B_link.STL
[0.680s] -- Up-to-date symlink: /home/wheeltec/wheeltec_ros2/install/wheeltec_robot_urdf/share/wheeltec_robot_urdf/meshes/R550A_PLUS_4wd_arm_robot_meshes/arm_C_link.STL
[0.680s] -- Up-to-date symlink: /home/wheeltec/wheeltec_ros2/install/wheeltec_robot_urdf/share/wheeltec_robot_urdf/meshes/R550A_PLUS_4wd_arm_robot_meshes/arm_D_link.STL
[0.681s] -- Up-to-date symlink: /home/wheeltec/wheeltec_ros2/install/wheeltec_robot_urdf/share/wheeltec_robot_urdf/meshes/R550A_PLUS_4wd_arm_robot_meshes/base_footprint.STL
[0.681s] -- Up-to-date symlink: /home/wheeltec/wheeltec_ros2/install/wheeltec_robot_urdf/share/wheeltec_robot_urdf/meshes/R550A_PLUS_4wd_arm_robot_meshes/base_link.STL
[0.681s] -- Up-to-date symlink: /home/wheeltec/wheeltec_ros2/install/wheeltec_robot_urdf/share/wheeltec_robot_urdf/meshes/R550A_PLUS_4wd_arm_robot_meshes/camera_link.STL
[0.682s] -- Up-to-date symlink: /home/wheeltec/wheeltec_ros2/install/wheeltec_robot_urdf/share/wheeltec_robot_urdf/meshes/R550A_PLUS_4wd_arm_robot_meshes/grasper_Link.STL
[0.682s] -- Up-to-date symlink: /home/wheeltec/wheeltec_ros2/install/wheeltec_robot_urdf/share/wheeltec_robot_urdf/meshes/R550A_PLUS_4wd_arm_robot_meshes/gyro_link.STL
[0.682s] -- Up-to-date symlink: /home/wheeltec/wheeltec_ros2/install/wheeltec_robot_urdf/share/wheeltec_robot_urdf/meshes/R550A_PLUS_4wd_arm_robot_meshes/hand_left2_link.STL
[0.683s] -- Up-to-date symlink: /home/wheeltec/wheeltec_ros2/install/wheeltec_robot_urdf/share/wheeltec_robot_urdf/meshes/R550A_PLUS_4wd_arm_robot_meshes/hand_left_link.STL
[0.683s] -- Up-to-date symlink: /home/wheeltec/wheeltec_ros2/install/wheeltec_robot_urdf/share/wheeltec_robot_urdf/meshes/R550A_PLUS_4wd_arm_robot_meshes/hand_right2_link.STL
[0.683s] -- Up-to-date symlink: /home/wheeltec/wheeltec_ros2/install/wheeltec_robot_urdf/share/wheeltec_robot_urdf/meshes/R550A_PLUS_4wd_arm_robot_meshes/hand_right_link.STL
[0.684s] -- Up-to-date symlink: /home/wheeltec/wheeltec_ros2/install/wheeltec_robot_urdf/share/wheeltec_robot_urdf/meshes/R550A_PLUS_4wd_arm_robot_meshes/laser.STL
[0.684s] -- Up-to-date symlink: /home/wheeltec/wheeltec_ros2/install/wheeltec_robot_urdf/share/wheeltec_robot_urdf/meshes/R550A_PLUS_4wd_arm_robot_meshes/left_back_link.STL
[0.684s] -- Up-to-date symlink: /home/wheeltec/wheeltec_ros2/install/wheeltec_robot_urdf/share/wheeltec_robot_urdf/meshes/R550A_PLUS_4wd_arm_robot_meshes/left_front_link.STL
[0.685s] -- Up-to-date symlink: /home/wheeltec/wheeltec_ros2/install/wheeltec_robot_urdf/share/wheeltec_robot_urdf/meshes/R550A_PLUS_4wd_arm_robot_meshes/right_back_link.STL
[0.685s] -- Up-to-date symlink: /home/wheeltec/wheeltec_ros2/install/wheeltec_robot_urdf/share/wheeltec_robot_urdf/meshes/R550A_PLUS_4wd_arm_robot_meshes/right_front_link.STL
[0.685s] -- Up-to-date symlink: /home/wheeltec/wheeltec_ros2/install/wheeltec_robot_urdf/share/wheeltec_robot_urdf/meshes/R550A_PLUS_diff_arm_robot_meshes/arm_A_Link.STL
[0.686s] -- Up-to-date symlink: /home/wheeltec/wheeltec_ros2/install/wheeltec_robot_urdf/share/wheeltec_robot_urdf/meshes/R550A_PLUS_diff_arm_robot_meshes/arm_B_link.STL
[0.686s] -- Up-to-date symlink: /home/wheeltec/wheeltec_ros2/install/wheeltec_robot_urdf/share/wheeltec_robot_urdf/meshes/R550A_PLUS_diff_arm_robot_meshes/arm_C_link.STL
[0.687s] -- Up-to-date symlink: /home/wheeltec/wheeltec_ros2/install/wheeltec_robot_urdf/share/wheeltec_robot_urdf/meshes/R550A_PLUS_diff_arm_robot_meshes/arm_D_link.STL
[0.687s] -- Up-to-date symlink: /home/wheeltec/wheeltec_ros2/install/wheeltec_robot_urdf/share/wheeltec_robot_urdf/meshes/R550A_PLUS_diff_arm_robot_meshes/base_footprint.STL
[0.687s] -- Up-to-date symlink: /home/wheeltec/wheeltec_ros2/install/wheeltec_robot_urdf/share/wheeltec_robot_urdf/meshes/R550A_PLUS_diff_arm_robot_meshes/base_link.STL
[0.687s] -- Up-to-date symlink: /home/wheeltec/wheeltec_ros2/install/wheeltec_robot_urdf/share/wheeltec_robot_urdf/meshes/R550A_PLUS_diff_arm_robot_meshes/camera_link.STL
[0.687s] -- Up-to-date symlink: /home/wheeltec/wheeltec_ros2/install/wheeltec_robot_urdf/share/wheeltec_robot_urdf/meshes/R550A_PLUS_diff_arm_robot_meshes/front_link.STL
[0.688s] -- Up-to-date symlink: /home/wheeltec/wheeltec_ros2/install/wheeltec_robot_urdf/share/wheeltec_robot_urdf/meshes/R550A_PLUS_diff_arm_robot_meshes/grasper_Link.STL
[0.688s] -- Up-to-date symlink: /home/wheeltec/wheeltec_ros2/install/wheeltec_robot_urdf/share/wheeltec_robot_urdf/meshes/R550A_PLUS_diff_arm_robot_meshes/gyro_link.STL
[0.688s] -- Up-to-date symlink: /home/wheeltec/wheeltec_ros2/install/wheeltec_robot_urdf/share/wheeltec_robot_urdf/meshes/R550A_PLUS_diff_arm_robot_meshes/hand_left2_link.STL
[0.689s] -- Up-to-date symlink: /home/wheeltec/wheeltec_ros2/install/wheeltec_robot_urdf/share/wheeltec_robot_urdf/meshes/R550A_PLUS_diff_arm_robot_meshes/hand_left_link.STL
[0.689s] -- Up-to-date symlink: /home/wheeltec/wheeltec_ros2/install/wheeltec_robot_urdf/share/wheeltec_robot_urdf/meshes/R550A_PLUS_diff_arm_robot_meshes/hand_right2_link.STL
[0.689s] -- Up-to-date symlink: /home/wheeltec/wheeltec_ros2/install/wheeltec_robot_urdf/share/wheeltec_robot_urdf/meshes/R550A_PLUS_diff_arm_robot_meshes/hand_right_link.STL
[0.690s] -- Up-to-date symlink: /home/wheeltec/wheeltec_ros2/install/wheeltec_robot_urdf/share/wheeltec_robot_urdf/meshes/R550A_PLUS_diff_arm_robot_meshes/laser.STL
[0.690s] -- Up-to-date symlink: /home/wheeltec/wheeltec_ros2/install/wheeltec_robot_urdf/share/wheeltec_robot_urdf/meshes/R550A_PLUS_diff_arm_robot_meshes/left_link.STL
[0.691s] -- Up-to-date symlink: /home/wheeltec/wheeltec_ros2/install/wheeltec_robot_urdf/share/wheeltec_robot_urdf/meshes/R550A_PLUS_diff_arm_robot_meshes/right_link.STL
[0.691s] -- Up-to-date symlink: /home/wheeltec/wheeltec_ros2/install/wheeltec_robot_urdf/share/wheeltec_robot_urdf/meshes/R550A_PLUS_mec_arm_robot_meshes/RGB_Camera_Link.STL
[0.691s] -- Up-to-date symlink: /home/wheeltec/wheeltec_ros2/install/wheeltec_robot_urdf/share/wheeltec_robot_urdf/meshes/R550A_PLUS_mec_arm_robot_meshes/arm_A_Link.STL
[0.695s] -- Up-to-date symlink: /home/wheeltec/wheeltec_ros2/install/wheeltec_robot_urdf/share/wheeltec_robot_urdf/meshes/R550A_PLUS_mec_arm_robot_meshes/arm_B_link.STL
[0.695s] -- Up-to-date symlink: /home/wheeltec/wheeltec_ros2/install/wheeltec_robot_urdf/share/wheeltec_robot_urdf/meshes/R550A_PLUS_mec_arm_robot_meshes/arm_C_link.STL
[0.695s] -- Up-to-date symlink: /home/wheeltec/wheeltec_ros2/install/wheeltec_robot_urdf/share/wheeltec_robot_urdf/meshes/R550A_PLUS_mec_arm_robot_meshes/arm_D_link.STL
[0.695s] -- Up-to-date symlink: /home/wheeltec/wheeltec_ros2/install/wheeltec_robot_urdf/share/wheeltec_robot_urdf/meshes/R550A_PLUS_mec_arm_robot_meshes/base_footprint.STL
[0.696s] -- Up-to-date symlink: /home/wheeltec/wheeltec_ros2/install/wheeltec_robot_urdf/share/wheeltec_robot_urdf/meshes/R550A_PLUS_mec_arm_robot_meshes/base_link.STL
[0.696s] -- Up-to-date symlink: /home/wheeltec/wheeltec_ros2/install/wheeltec_robot_urdf/share/wheeltec_robot_urdf/meshes/R550A_PLUS_mec_arm_robot_meshes/camera_link.STL
[0.696s] -- Up-to-date symlink: /home/wheeltec/wheeltec_ros2/install/wheeltec_robot_urdf/share/wheeltec_robot_urdf/meshes/R550A_PLUS_mec_arm_robot_meshes/grasper_Link.STL
[0.696s] -- Up-to-date symlink: /home/wheeltec/wheeltec_ros2/install/wheeltec_robot_urdf/share/wheeltec_robot_urdf/meshes/R550A_PLUS_mec_arm_robot_meshes/gyro_link.STL
[0.696s] -- Up-to-date symlink: /home/wheeltec/wheeltec_ros2/install/wheeltec_robot_urdf/share/wheeltec_robot_urdf/meshes/R550A_PLUS_mec_arm_robot_meshes/hand_left2_link.STL
[0.696s] -- Up-to-date symlink: /home/wheeltec/wheeltec_ros2/install/wheeltec_robot_urdf/share/wheeltec_robot_urdf/meshes/R550A_PLUS_mec_arm_robot_meshes/hand_left_link.STL
[0.696s] -- Up-to-date symlink: /home/wheeltec/wheeltec_ros2/install/wheeltec_robot_urdf/share/wheeltec_robot_urdf/meshes/R550A_PLUS_mec_arm_robot_meshes/hand_right2_link.STL
[0.696s] -- Up-to-date symlink: /home/wheeltec/wheeltec_ros2/install/wheeltec_robot_urdf/share/wheeltec_robot_urdf/meshes/R550A_PLUS_mec_arm_robot_meshes/hand_right_link.STL
[0.697s] -- Up-to-date symlink: /home/wheeltec/wheeltec_ros2/install/wheeltec_robot_urdf/share/wheeltec_robot_urdf/meshes/R550A_PLUS_mec_arm_robot_meshes/laser.STL
[0.697s] -- Up-to-date symlink: /home/wheeltec/wheeltec_ros2/install/wheeltec_robot_urdf/share/wheeltec_robot_urdf/meshes/R550A_PLUS_mec_arm_robot_meshes/left_back_link.STL
[0.697s] -- Up-to-date symlink: /home/wheeltec/wheeltec_ros2/install/wheeltec_robot_urdf/share/wheeltec_robot_urdf/meshes/R550A_PLUS_mec_arm_robot_meshes/left_front_link.STL
[0.697s] -- Up-to-date symlink: /home/wheeltec/wheeltec_ros2/install/wheeltec_robot_urdf/share/wheeltec_robot_urdf/meshes/R550A_PLUS_mec_arm_robot_meshes/right_back_link.STL
[0.697s] -- Up-to-date symlink: /home/wheeltec/wheeltec_ros2/install/wheeltec_robot_urdf/share/wheeltec_robot_urdf/meshes/R550A_PLUS_mec_arm_robot_meshes/right_front_link.STL
[0.697s] -- Up-to-date symlink: /home/wheeltec/wheeltec_ros2/install/wheeltec_robot_urdf/share/wheeltec_robot_urdf/meshes/S100_diff_robot_meshes/base_link.STL
[0.698s] -- Up-to-date symlink: /home/wheeltec/wheeltec_ros2/install/wheeltec_robot_urdf/share/wheeltec_robot_urdf/meshes/S100_diff_robot_meshes/camera_link.STL
[0.698s] -- Up-to-date symlink: /home/wheeltec/wheeltec_ros2/install/wheeltec_robot_urdf/share/wheeltec_robot_urdf/meshes/S100_diff_robot_meshes/laser.STL
[0.698s] -- Up-to-date symlink: /home/wheeltec/wheeltec_ros2/install/wheeltec_robot_urdf/share/wheeltec_robot_urdf/meshes/S100_diff_robot_meshes/lf_wheel_link.STL
[0.699s] -- Up-to-date symlink: /home/wheeltec/wheeltec_ros2/install/wheeltec_robot_urdf/share/wheeltec_robot_urdf/meshes/S100_diff_robot_meshes/recharge_link.STL
[0.699s] -- Up-to-date symlink: /home/wheeltec/wheeltec_ros2/install/wheeltec_robot_urdf/share/wheeltec_robot_urdf/meshes/S100_diff_robot_meshes/rf_wheel_link.STL
[0.699s] -- Up-to-date symlink: /home/wheeltec/wheeltec_ros2/install/wheeltec_robot_urdf/share/wheeltec_robot_urdf/meshes/S200_diff_robot_meshes/base_link.STL
[0.700s] -- Up-to-date symlink: /home/wheeltec/wheeltec_ros2/install/wheeltec_robot_urdf/share/wheeltec_robot_urdf/meshes/S200_diff_robot_meshes/camera_link.STL
[0.700s] -- Up-to-date symlink: /home/wheeltec/wheeltec_ros2/install/wheeltec_robot_urdf/share/wheeltec_robot_urdf/meshes/S200_diff_robot_meshes/controller_link.STL
[0.700s] -- Up-to-date symlink: /home/wheeltec/wheeltec_ros2/install/wheeltec_robot_urdf/share/wheeltec_robot_urdf/meshes/S200_diff_robot_meshes/laser_link.STL
[0.701s] -- Up-to-date symlink: /home/wheeltec/wheeltec_ros2/install/wheeltec_robot_urdf/share/wheeltec_robot_urdf/meshes/S200_diff_robot_meshes/lb_wheel_link.STL
[0.701s] -- Up-to-date symlink: /home/wheeltec/wheeltec_ros2/install/wheeltec_robot_urdf/share/wheeltec_robot_urdf/meshes/S200_diff_robot_meshes/lf_wheel_link.STL
[0.701s] -- Up-to-date symlink: /home/wheeltec/wheeltec_ros2/install/wheeltec_robot_urdf/share/wheeltec_robot_urdf/meshes/S200_diff_robot_meshes/rb_wheel_link.STL
[0.702s] -- Up-to-date symlink: /home/wheeltec/wheeltec_ros2/install/wheeltec_robot_urdf/share/wheeltec_robot_urdf/meshes/S200_diff_robot_meshes/rf_wheel_link.STL
[0.702s] -- Up-to-date symlink: /home/wheeltec/wheeltec_ros2/install/wheeltec_robot_urdf/share/wheeltec_robot_urdf/meshes/V550_4wd_robot_meshes/base_link.STL
[0.702s] -- Up-to-date symlink: /home/wheeltec/wheeltec_ros2/install/wheeltec_robot_urdf/share/wheeltec_robot_urdf/meshes/V550_4wd_robot_meshes/camera_link.STL
[0.702s] -- Up-to-date symlink: /home/wheeltec/wheeltec_ros2/install/wheeltec_robot_urdf/share/wheeltec_robot_urdf/meshes/V550_4wd_robot_meshes/controller_link.STL
[0.703s] -- Up-to-date symlink: /home/wheeltec/wheeltec_ros2/install/wheeltec_robot_urdf/share/wheeltec_robot_urdf/meshes/V550_4wd_robot_meshes/laser.STL
[0.703s] -- Up-to-date symlink: /home/wheeltec/wheeltec_ros2/install/wheeltec_robot_urdf/share/wheeltec_robot_urdf/meshes/V550_4wd_robot_meshes/lb_wheel_link.STL
[0.703s] -- Up-to-date symlink: /home/wheeltec/wheeltec_ros2/install/wheeltec_robot_urdf/share/wheeltec_robot_urdf/meshes/V550_4wd_robot_meshes/lf_wheel_link.STL
[0.703s] -- Up-to-date symlink: /home/wheeltec/wheeltec_ros2/install/wheeltec_robot_urdf/share/wheeltec_robot_urdf/meshes/V550_4wd_robot_meshes/rb_wheel_link.STL
[0.704s] -- Up-to-date symlink: /home/wheeltec/wheeltec_ros2/install/wheeltec_robot_urdf/share/wheeltec_robot_urdf/meshes/V550_4wd_robot_meshes/rf_wheel_link.STL
[0.704s] -- Up-to-date symlink: /home/wheeltec/wheeltec_ros2/install/wheeltec_robot_urdf/share/wheeltec_robot_urdf/meshes/V550_akm_robot_meshes/base_link.STL
[0.705s] -- Up-to-date symlink: /home/wheeltec/wheeltec_ros2/install/wheeltec_robot_urdf/share/wheeltec_robot_urdf/meshes/V550_akm_robot_meshes/camera_link.STL
[0.705s] -- Up-to-date symlink: /home/wheeltec/wheeltec_ros2/install/wheeltec_robot_urdf/share/wheeltec_robot_urdf/meshes/V550_akm_robot_meshes/controller_link.STL
[0.705s] -- Up-to-date symlink: /home/wheeltec/wheeltec_ros2/install/wheeltec_robot_urdf/share/wheeltec_robot_urdf/meshes/V550_akm_robot_meshes/laser_link.STL
[0.706s] -- Up-to-date symlink: /home/wheeltec/wheeltec_ros2/install/wheeltec_robot_urdf/share/wheeltec_robot_urdf/meshes/V550_akm_robot_meshes/lb_wheel_link.STL
[0.706s] -- Up-to-date symlink: /home/wheeltec/wheeltec_ros2/install/wheeltec_robot_urdf/share/wheeltec_robot_urdf/meshes/V550_akm_robot_meshes/lf_wheel_link.STL
[0.707s] -- Up-to-date symlink: /home/wheeltec/wheeltec_ros2/install/wheeltec_robot_urdf/share/wheeltec_robot_urdf/meshes/V550_akm_robot_meshes/rb_wheel_link.STL
[0.707s] -- Up-to-date symlink: /home/wheeltec/wheeltec_ros2/install/wheeltec_robot_urdf/share/wheeltec_robot_urdf/meshes/V550_akm_robot_meshes/rf_wheel_link.STL
[0.708s] -- Up-to-date symlink: /home/wheeltec/wheeltec_ros2/install/wheeltec_robot_urdf/share/wheeltec_robot_urdf/meshes/V550_mec_robot_meshes/base_link.STL
[0.708s] -- Up-to-date symlink: /home/wheeltec/wheeltec_ros2/install/wheeltec_robot_urdf/share/wheeltec_robot_urdf/meshes/V550_mec_robot_meshes/camera_link.STL
[0.708s] -- Up-to-date symlink: /home/wheeltec/wheeltec_ros2/install/wheeltec_robot_urdf/share/wheeltec_robot_urdf/meshes/V550_mec_robot_meshes/controller_link.STL
[0.713s] -- Up-to-date symlink: /home/wheeltec/wheeltec_ros2/install/wheeltec_robot_urdf/share/wheeltec_robot_urdf/meshes/V550_mec_robot_meshes/laser.STL
[0.713s] -- Up-to-date symlink: /home/wheeltec/wheeltec_ros2/install/wheeltec_robot_urdf/share/wheeltec_robot_urdf/meshes/V550_mec_robot_meshes/lb_wheel_link.STL
[0.713s] -- Up-to-date symlink: /home/wheeltec/wheeltec_ros2/install/wheeltec_robot_urdf/share/wheeltec_robot_urdf/meshes/V550_mec_robot_meshes/lf_wheel_link.STL
[0.713s] -- Up-to-date symlink: /home/wheeltec/wheeltec_ros2/install/wheeltec_robot_urdf/share/wheeltec_robot_urdf/meshes/V550_mec_robot_meshes/rb_wheel_link.STL
[0.713s] -- Up-to-date symlink: /home/wheeltec/wheeltec_ros2/install/wheeltec_robot_urdf/share/wheeltec_robot_urdf/meshes/V550_mec_robot_meshes/rf_wheel_link.STL
[0.714s] -- Up-to-date symlink: /home/wheeltec/wheeltec_ros2/install/wheeltec_robot_urdf/share/wheeltec_robot_urdf/meshes/autoware_s200_dual_antenna_meshes/base_link.STL
[0.714s] -- Up-to-date symlink: /home/wheeltec/wheeltec_ros2/install/wheeltec_robot_urdf/share/wheeltec_robot_urdf/meshes/autoware_s200_dual_antenna_meshes/camera_link.STL
[0.714s] -- Up-to-date symlink: /home/wheeltec/wheeltec_ros2/install/wheeltec_robot_urdf/share/wheeltec_robot_urdf/meshes/autoware_s200_dual_antenna_meshes/controller_link.STL
[0.714s] -- Up-to-date symlink: /home/wheeltec/wheeltec_ros2/install/wheeltec_robot_urdf/share/wheeltec_robot_urdf/meshes/autoware_s200_dual_antenna_meshes/laser_link.STL
[0.714s] -- Up-to-date symlink: /home/wheeltec/wheeltec_ros2/install/wheeltec_robot_urdf/share/wheeltec_robot_urdf/meshes/autoware_s200_dual_antenna_meshes/lb_wheel_link.STL
[0.714s] -- Up-to-date symlink: /home/wheeltec/wheeltec_ros2/install/wheeltec_robot_urdf/share/wheeltec_robot_urdf/meshes/autoware_s200_dual_antenna_meshes/lf_wheel_link.STL
[0.714s] -- Up-to-date symlink: /home/wheeltec/wheeltec_ros2/install/wheeltec_robot_urdf/share/wheeltec_robot_urdf/meshes/autoware_s200_dual_antenna_meshes/mushroom_link.STL
[0.714s] -- Up-to-date symlink: /home/wheeltec/wheeltec_ros2/install/wheeltec_robot_urdf/share/wheeltec_robot_urdf/meshes/autoware_s200_dual_antenna_meshes/rb_wheel_link.STL
[0.715s] -- Up-to-date symlink: /home/wheeltec/wheeltec_ros2/install/wheeltec_robot_urdf/share/wheeltec_robot_urdf/meshes/autoware_s200_dual_antenna_meshes/rf_wheel_link.STL
[0.715s] -- Up-to-date symlink: /home/wheeltec/wheeltec_ros2/install/wheeltec_robot_urdf/share/wheeltec_robot_urdf/meshes/autoware_s200_single_antenna_meshes/base_link.STL
[0.715s] -- Up-to-date symlink: /home/wheeltec/wheeltec_ros2/install/wheeltec_robot_urdf/share/wheeltec_robot_urdf/meshes/autoware_s200_single_antenna_meshes/camera_link.STL
[0.715s] -- Up-to-date symlink: /home/wheeltec/wheeltec_ros2/install/wheeltec_robot_urdf/share/wheeltec_robot_urdf/meshes/autoware_s200_single_antenna_meshes/controller_link.STL
[0.720s] -- Up-to-date symlink: /home/wheeltec/wheeltec_ros2/install/wheeltec_robot_urdf/share/wheeltec_robot_urdf/meshes/autoware_s200_single_antenna_meshes/laser_link.STL
[0.720s] -- Up-to-date symlink: /home/wheeltec/wheeltec_ros2/install/wheeltec_robot_urdf/share/wheeltec_robot_urdf/meshes/autoware_s200_single_antenna_meshes/lb_wheel_link.STL
[0.722s] -- Up-to-date symlink: /home/wheeltec/wheeltec_ros2/install/wheeltec_robot_urdf/share/wheeltec_robot_urdf/meshes/autoware_s200_single_antenna_meshes/lf_wheel_link.STL
[0.723s] -- Up-to-date symlink: /home/wheeltec/wheeltec_ros2/install/wheeltec_robot_urdf/share/wheeltec_robot_urdf/meshes/autoware_s200_single_antenna_meshes/mushroom_link.STL
[0.724s] -- Up-to-date symlink: /home/wheeltec/wheeltec_ros2/install/wheeltec_robot_urdf/share/wheeltec_robot_urdf/meshes/autoware_s200_single_antenna_meshes/rb_wheel_link.STL
[0.724s] -- Up-to-date symlink: /home/wheeltec/wheeltec_ros2/install/wheeltec_robot_urdf/share/wheeltec_robot_urdf/meshes/autoware_s200_single_antenna_meshes/rf_wheel_link.STL
[0.725s] -- Up-to-date symlink: /home/wheeltec/wheeltec_ros2/install/wheeltec_robot_urdf/share/wheeltec_robot_urdf/meshes/autoware_senior_akm_meshes/base_link.STL
[0.729s] -- Up-to-date symlink: /home/wheeltec/wheeltec_ros2/install/wheeltec_robot_urdf/share/wheeltec_robot_urdf/meshes/autoware_senior_akm_meshes/camera_link.STL
[0.730s] -- Up-to-date symlink: /home/wheeltec/wheeltec_ros2/install/wheeltec_robot_urdf/share/wheeltec_robot_urdf/meshes/autoware_senior_akm_meshes/gyro_link.STL
[0.730s] -- Up-to-date symlink: /home/wheeltec/wheeltec_ros2/install/wheeltec_robot_urdf/share/wheeltec_robot_urdf/meshes/autoware_senior_akm_meshes/laser_link.STL
[0.730s] -- Up-to-date symlink: /home/wheeltec/wheeltec_ros2/install/wheeltec_robot_urdf/share/wheeltec_robot_urdf/meshes/autoware_senior_akm_meshes/lb_wheel_link.STL
[0.730s] -- Up-to-date symlink: /home/wheeltec/wheeltec_ros2/install/wheeltec_robot_urdf/share/wheeltec_robot_urdf/meshes/autoware_senior_akm_meshes/lf_wheel_link.STL
[0.730s] -- Up-to-date symlink: /home/wheeltec/wheeltec_ros2/install/wheeltec_robot_urdf/share/wheeltec_robot_urdf/meshes/autoware_senior_akm_meshes/rb_wheel_link.STL
[0.730s] -- Up-to-date symlink: /home/wheeltec/wheeltec_ros2/install/wheeltec_robot_urdf/share/wheeltec_robot_urdf/meshes/autoware_senior_akm_meshes/rf_wheel_link.STL
[0.730s] -- Up-to-date symlink: /home/wheeltec/wheeltec_ros2/install/wheeltec_robot_urdf/share/wheeltec_robot_urdf/meshes/autoware_senior_akm_meshes/rtk_link.STL
[0.730s] -- Up-to-date symlink: /home/wheeltec/wheeltec_ros2/install/wheeltec_robot_urdf/share/wheeltec_robot_urdf/meshes/autoware_top_akm_dual_antenna_meshes/base_link.STL
[0.731s] -- Up-to-date symlink: /home/wheeltec/wheeltec_ros2/install/wheeltec_robot_urdf/share/wheeltec_robot_urdf/meshes/autoware_top_akm_dual_antenna_meshes/camera_link.STL
[0.733s] -- Up-to-date symlink: /home/wheeltec/wheeltec_ros2/install/wheeltec_robot_urdf/share/wheeltec_robot_urdf/meshes/autoware_top_akm_dual_antenna_meshes/laser_link.STL
[0.733s] -- Up-to-date symlink: /home/wheeltec/wheeltec_ros2/install/wheeltec_robot_urdf/share/wheeltec_robot_urdf/meshes/autoware_top_akm_dual_antenna_meshes/lb_wheel_link.STL
[0.734s] -- Up-to-date symlink: /home/wheeltec/wheeltec_ros2/install/wheeltec_robot_urdf/share/wheeltec_robot_urdf/meshes/autoware_top_akm_dual_antenna_meshes/left_mushroom_link.STL
[0.734s] -- Up-to-date symlink: /home/wheeltec/wheeltec_ros2/install/wheeltec_robot_urdf/share/wheeltec_robot_urdf/meshes/autoware_top_akm_dual_antenna_meshes/lf_wheel_link.STL
[0.734s] -- Up-to-date symlink: /home/wheeltec/wheeltec_ros2/install/wheeltec_robot_urdf/share/wheeltec_robot_urdf/meshes/autoware_top_akm_dual_antenna_meshes/rb_wheel_link.STL
[0.734s] -- Up-to-date symlink: /home/wheeltec/wheeltec_ros2/install/wheeltec_robot_urdf/share/wheeltec_robot_urdf/meshes/autoware_top_akm_dual_antenna_meshes/rf_wheel_link.STL
[0.735s] -- Up-to-date symlink: /home/wheeltec/wheeltec_ros2/install/wheeltec_robot_urdf/share/wheeltec_robot_urdf/meshes/autoware_top_akm_dual_antenna_meshes/right_mushroom_link.STL
[0.735s] -- Up-to-date symlink: /home/wheeltec/wheeltec_ros2/install/wheeltec_robot_urdf/share/wheeltec_robot_urdf/meshes/autoware_top_akm_single_antenna_meshes/base_link.STL
[0.735s] -- Up-to-date symlink: /home/wheeltec/wheeltec_ros2/install/wheeltec_robot_urdf/share/wheeltec_robot_urdf/meshes/autoware_top_akm_single_antenna_meshes/camera_link.STL
[0.735s] -- Up-to-date symlink: /home/wheeltec/wheeltec_ros2/install/wheeltec_robot_urdf/share/wheeltec_robot_urdf/meshes/autoware_top_akm_single_antenna_meshes/laser_link.STL
[0.736s] -- Up-to-date symlink: /home/wheeltec/wheeltec_ros2/install/wheeltec_robot_urdf/share/wheeltec_robot_urdf/meshes/autoware_top_akm_single_antenna_meshes/lb_wheel_link.STL
[0.736s] -- Up-to-date symlink: /home/wheeltec/wheeltec_ros2/install/wheeltec_robot_urdf/share/wheeltec_robot_urdf/meshes/autoware_top_akm_single_antenna_meshes/lf_wheel_link.STL
[0.736s] -- Up-to-date symlink: /home/wheeltec/wheeltec_ros2/install/wheeltec_robot_urdf/share/wheeltec_robot_urdf/meshes/autoware_top_akm_single_antenna_meshes/mushroom_link.STL
[0.737s] -- Up-to-date symlink: /home/wheeltec/wheeltec_ros2/install/wheeltec_robot_urdf/share/wheeltec_robot_urdf/meshes/autoware_top_akm_single_antenna_meshes/rb_wheel_joint.STL
[0.737s] -- Up-to-date symlink: /home/wheeltec/wheeltec_ros2/install/wheeltec_robot_urdf/share/wheeltec_robot_urdf/meshes/autoware_top_akm_single_antenna_meshes/rf_wheel_link.STL
[0.737s] -- Up-to-date symlink: /home/wheeltec/wheeltec_ros2/install/wheeltec_robot_urdf/share/wheeltec_robot_urdf/meshes/bases/burger_base.stl
[0.737s] -- Up-to-date symlink: /home/wheeltec/wheeltec_ros2/install/wheeltec_robot_urdf/share/wheeltec_robot_urdf/meshes/bases/waffle_base.stl
[0.738s] -- Up-to-date symlink: /home/wheeltec/wheeltec_ros2/install/wheeltec_robot_urdf/share/wheeltec_robot_urdf/meshes/bases/waffle_pi_base.stl
[0.738s] -- Up-to-date symlink: /home/wheeltec/wheeltec_ros2/install/wheeltec_robot_urdf/share/wheeltec_robot_urdf/meshes/brushless_senior_diff_meshes/base_link.STL
[0.738s] -- Up-to-date symlink: /home/wheeltec/wheeltec_ros2/install/wheeltec_robot_urdf/share/wheeltec_robot_urdf/meshes/brushless_senior_diff_meshes/camera_link.STL
[0.739s] -- Up-to-date symlink: /home/wheeltec/wheeltec_ros2/install/wheeltec_robot_urdf/share/wheeltec_robot_urdf/meshes/brushless_senior_diff_meshes/controller_link.STL
[0.739s] -- Up-to-date symlink: /home/wheeltec/wheeltec_ros2/install/wheeltec_robot_urdf/share/wheeltec_robot_urdf/meshes/brushless_senior_diff_meshes/laser.STL
[0.739s] -- Up-to-date symlink: /home/wheeltec/wheeltec_ros2/install/wheeltec_robot_urdf/share/wheeltec_robot_urdf/meshes/brushless_senior_diff_meshes/lb_wheel_link.STL
[0.739s] -- Up-to-date symlink: /home/wheeltec/wheeltec_ros2/install/wheeltec_robot_urdf/share/wheeltec_robot_urdf/meshes/brushless_senior_diff_meshes/rb_wheel_link.STL
[0.740s] -- Up-to-date symlink: /home/wheeltec/wheeltec_ros2/install/wheeltec_robot_urdf/share/wheeltec_robot_urdf/meshes/flagship_4wd_bs_robot_meshes/base_link.STL
[0.740s] -- Up-to-date symlink: /home/wheeltec/wheeltec_ros2/install/wheeltec_robot_urdf/share/wheeltec_robot_urdf/meshes/flagship_4wd_bs_robot_meshes/camera_link.STL
[0.740s] -- Up-to-date symlink: /home/wheeltec/wheeltec_ros2/install/wheeltec_robot_urdf/share/wheeltec_robot_urdf/meshes/flagship_4wd_bs_robot_meshes/controller_link.STL
[0.741s] -- Up-to-date symlink: /home/wheeltec/wheeltec_ros2/install/wheeltec_robot_urdf/share/wheeltec_robot_urdf/meshes/flagship_4wd_bs_robot_meshes/laser.STL
[0.741s] -- Up-to-date symlink: /home/wheeltec/wheeltec_ros2/install/wheeltec_robot_urdf/share/wheeltec_robot_urdf/meshes/flagship_4wd_bs_robot_meshes/lb_wheel_link.STL
[0.741s] -- Up-to-date symlink: /home/wheeltec/wheeltec_ros2/install/wheeltec_robot_urdf/share/wheeltec_robot_urdf/meshes/flagship_4wd_bs_robot_meshes/lf_wheel_link.STL
[0.741s] -- Up-to-date symlink: /home/wheeltec/wheeltec_ros2/install/wheeltec_robot_urdf/share/wheeltec_robot_urdf/meshes/flagship_4wd_bs_robot_meshes/rb_wheel_link.STL
[0.743s] -- Up-to-date symlink: /home/wheeltec/wheeltec_ros2/install/wheeltec_robot_urdf/share/wheeltec_robot_urdf/meshes/flagship_4wd_bs_robot_meshes/rf_wheel_link.STL
[0.748s] -- Up-to-date symlink: /home/wheeltec/wheeltec_ros2/install/wheeltec_robot_urdf/share/wheeltec_robot_urdf/meshes/flagship_4wd_dl_robot_meshes/base_link.STL
[0.748s] -- Up-to-date symlink: /home/wheeltec/wheeltec_ros2/install/wheeltec_robot_urdf/share/wheeltec_robot_urdf/meshes/flagship_4wd_dl_robot_meshes/camera_link.STL
[0.748s] -- Up-to-date symlink: /home/wheeltec/wheeltec_ros2/install/wheeltec_robot_urdf/share/wheeltec_robot_urdf/meshes/flagship_4wd_dl_robot_meshes/controller_link.STL
[0.748s] -- Up-to-date symlink: /home/wheeltec/wheeltec_ros2/install/wheeltec_robot_urdf/share/wheeltec_robot_urdf/meshes/flagship_4wd_dl_robot_meshes/laser.STL
[0.749s] -- Up-to-date symlink: /home/wheeltec/wheeltec_ros2/install/wheeltec_robot_urdf/share/wheeltec_robot_urdf/meshes/flagship_4wd_dl_robot_meshes/lb_wheel_link.STL
[0.749s] -- Up-to-date symlink: /home/wheeltec/wheeltec_ros2/install/wheeltec_robot_urdf/share/wheeltec_robot_urdf/meshes/flagship_4wd_dl_robot_meshes/lf_wheel_link.STL
[0.749s] -- Up-to-date symlink: /home/wheeltec/wheeltec_ros2/install/wheeltec_robot_urdf/share/wheeltec_robot_urdf/meshes/flagship_4wd_dl_robot_meshes/rb_wheel_link.STL
[0.749s] -- Up-to-date symlink: /home/wheeltec/wheeltec_ros2/install/wheeltec_robot_urdf/share/wheeltec_robot_urdf/meshes/flagship_4wd_dl_robot_meshes/rf_wheel_link.STL
[0.749s] -- Up-to-date symlink: /home/wheeltec/wheeltec_ros2/install/wheeltec_robot_urdf/share/wheeltec_robot_urdf/meshes/flagship_mec_bs_robot_meshes/base_link.STL
[0.749s] -- Up-to-date symlink: /home/wheeltec/wheeltec_ros2/install/wheeltec_robot_urdf/share/wheeltec_robot_urdf/meshes/flagship_mec_bs_robot_meshes/camera_link.STL
[0.749s] -- Up-to-date symlink: /home/wheeltec/wheeltec_ros2/install/wheeltec_robot_urdf/share/wheeltec_robot_urdf/meshes/flagship_mec_bs_robot_meshes/controller_link.STL
[0.749s] -- Up-to-date symlink: /home/wheeltec/wheeltec_ros2/install/wheeltec_robot_urdf/share/wheeltec_robot_urdf/meshes/flagship_mec_bs_robot_meshes/laser.STL
[0.750s] -- Up-to-date symlink: /home/wheeltec/wheeltec_ros2/install/wheeltec_robot_urdf/share/wheeltec_robot_urdf/meshes/flagship_mec_bs_robot_meshes/lb_wheel_link.STL
[0.750s] -- Up-to-date symlink: /home/wheeltec/wheeltec_ros2/install/wheeltec_robot_urdf/share/wheeltec_robot_urdf/meshes/flagship_mec_bs_robot_meshes/lf_wheel_link.STL
[0.750s] -- Up-to-date symlink: /home/wheeltec/wheeltec_ros2/install/wheeltec_robot_urdf/share/wheeltec_robot_urdf/meshes/flagship_mec_bs_robot_meshes/rb_wheel_link.STL
[0.750s] -- Up-to-date symlink: /home/wheeltec/wheeltec_ros2/install/wheeltec_robot_urdf/share/wheeltec_robot_urdf/meshes/flagship_mec_bs_robot_meshes/rf_wheel_link.STL
[0.750s] -- Up-to-date symlink: /home/wheeltec/wheeltec_ros2/install/wheeltec_robot_urdf/share/wheeltec_robot_urdf/meshes/flagship_mec_dl_robot_meshes/base_link.STL
[0.750s] -- Up-to-date symlink: /home/wheeltec/wheeltec_ros2/install/wheeltec_robot_urdf/share/wheeltec_robot_urdf/meshes/flagship_mec_dl_robot_meshes/camera_link.STL
[0.750s] -- Up-to-date symlink: /home/wheeltec/wheeltec_ros2/install/wheeltec_robot_urdf/share/wheeltec_robot_urdf/meshes/flagship_mec_dl_robot_meshes/controller_link.STL
[0.750s] -- Up-to-date symlink: /home/wheeltec/wheeltec_ros2/install/wheeltec_robot_urdf/share/wheeltec_robot_urdf/meshes/flagship_mec_dl_robot_meshes/laser.STL
[0.751s] -- Up-to-date symlink: /home/wheeltec/wheeltec_ros2/install/wheeltec_robot_urdf/share/wheeltec_robot_urdf/meshes/flagship_mec_dl_robot_meshes/lb_wheel_link.STL
[0.751s] -- Up-to-date symlink: /home/wheeltec/wheeltec_ros2/install/wheeltec_robot_urdf/share/wheeltec_robot_urdf/meshes/flagship_mec_dl_robot_meshes/lf_wheel_link.STL
[0.751s] -- Up-to-date symlink: /home/wheeltec/wheeltec_ros2/install/wheeltec_robot_urdf/share/wheeltec_robot_urdf/meshes/flagship_mec_dl_robot_meshes/rb_wheel_link.STL
[0.751s] -- Up-to-date symlink: /home/wheeltec/wheeltec_ros2/install/wheeltec_robot_urdf/share/wheeltec_robot_urdf/meshes/flagship_mec_dl_robot_meshes/rf_wheel_link.STL
[0.751s] -- Up-to-date symlink: /home/wheeltec/wheeltec_ros2/install/wheeltec_robot_urdf/share/wheeltec_robot_urdf/meshes/four_wheel_diff_bs_robot_meshes/base_link.STL
[0.751s] -- Up-to-date symlink: /home/wheeltec/wheeltec_ros2/install/wheeltec_robot_urdf/share/wheeltec_robot_urdf/meshes/four_wheel_diff_bs_robot_meshes/camera_link.STL
[0.751s] -- Up-to-date symlink: /home/wheeltec/wheeltec_ros2/install/wheeltec_robot_urdf/share/wheeltec_robot_urdf/meshes/four_wheel_diff_bs_robot_meshes/controller_link.STL
[0.751s] -- Up-to-date symlink: /home/wheeltec/wheeltec_ros2/install/wheeltec_robot_urdf/share/wheeltec_robot_urdf/meshes/four_wheel_diff_bs_robot_meshes/laser.STL
[0.752s] -- Up-to-date symlink: /home/wheeltec/wheeltec_ros2/install/wheeltec_robot_urdf/share/wheeltec_robot_urdf/meshes/four_wheel_diff_bs_robot_meshes/lb_wheel_link.STL
[0.752s] -- Up-to-date symlink: /home/wheeltec/wheeltec_ros2/install/wheeltec_robot_urdf/share/wheeltec_robot_urdf/meshes/four_wheel_diff_bs_robot_meshes/lf_wheel_link.STL
[0.752s] -- Up-to-date symlink: /home/wheeltec/wheeltec_ros2/install/wheeltec_robot_urdf/share/wheeltec_robot_urdf/meshes/four_wheel_diff_bs_robot_meshes/rb_wheel_link.STL
[0.752s] -- Up-to-date symlink: /home/wheeltec/wheeltec_ros2/install/wheeltec_robot_urdf/share/wheeltec_robot_urdf/meshes/four_wheel_diff_bs_robot_meshes/rf_wheel_link.STL
[0.752s] -- Up-to-date symlink: /home/wheeltec/wheeltec_ros2/install/wheeltec_robot_urdf/share/wheeltec_robot_urdf/meshes/four_wheel_diff_dl_robot_meshes/base_link.STL
[0.753s] -- Up-to-date symlink: /home/wheeltec/wheeltec_ros2/install/wheeltec_robot_urdf/share/wheeltec_robot_urdf/meshes/four_wheel_diff_dl_robot_meshes/camera_link.STL
[0.753s] -- Up-to-date symlink: /home/wheeltec/wheeltec_ros2/install/wheeltec_robot_urdf/share/wheeltec_robot_urdf/meshes/four_wheel_diff_dl_robot_meshes/controller_link.STL
[0.753s] -- Up-to-date symlink: /home/wheeltec/wheeltec_ros2/install/wheeltec_robot_urdf/share/wheeltec_robot_urdf/meshes/four_wheel_diff_dl_robot_meshes/laser.STL
[0.754s] -- Up-to-date symlink: /home/wheeltec/wheeltec_ros2/install/wheeltec_robot_urdf/share/wheeltec_robot_urdf/meshes/four_wheel_diff_dl_robot_meshes/lb_wheel_link.STL
[0.754s] -- Up-to-date symlink: /home/wheeltec/wheeltec_ros2/install/wheeltec_robot_urdf/share/wheeltec_robot_urdf/meshes/four_wheel_diff_dl_robot_meshes/lf_wheel_link.STL
[0.754s] -- Up-to-date symlink: /home/wheeltec/wheeltec_ros2/install/wheeltec_robot_urdf/share/wheeltec_robot_urdf/meshes/four_wheel_diff_dl_robot_meshes/rb_wheel_link.STL
[0.755s] -- Up-to-date symlink: /home/wheeltec/wheeltec_ros2/install/wheeltec_robot_urdf/share/wheeltec_robot_urdf/meshes/four_wheel_diff_dl_robot_meshes/rf_wheel_link.STL
[0.755s] -- Up-to-date symlink: /home/wheeltec/wheeltec_ros2/install/wheeltec_robot_urdf/share/wheeltec_robot_urdf/meshes/mini_4wd_moveit_four_meshes/arm_base_link.STL
[0.756s] -- Up-to-date symlink: /home/wheeltec/wheeltec_ros2/install/wheeltec_robot_urdf/share/wheeltec_robot_urdf/meshes/mini_4wd_moveit_four_meshes/base_link.STL
[0.756s] -- Up-to-date symlink: /home/wheeltec/wheeltec_ros2/install/wheeltec_robot_urdf/share/wheeltec_robot_urdf/meshes/mini_4wd_moveit_four_meshes/camera_link.STL
[0.756s] -- Up-to-date symlink: /home/wheeltec/wheeltec_ros2/install/wheeltec_robot_urdf/share/wheeltec_robot_urdf/meshes/mini_4wd_moveit_four_meshes/controller_link.STL
[0.756s] -- Up-to-date symlink: /home/wheeltec/wheeltec_ros2/install/wheeltec_robot_urdf/share/wheeltec_robot_urdf/meshes/mini_4wd_moveit_four_meshes/display_link.STL
[0.756s] -- Up-to-date symlink: /home/wheeltec/wheeltec_ros2/install/wheeltec_robot_urdf/share/wheeltec_robot_urdf/meshes/mini_4wd_moveit_four_meshes/j1_link.STL
[0.756s] -- Up-to-date symlink: /home/wheeltec/wheeltec_ros2/install/wheeltec_robot_urdf/share/wheeltec_robot_urdf/meshes/mini_4wd_moveit_four_meshes/j2_link.STL
[0.757s] -- Up-to-date symlink: /home/wheeltec/wheeltec_ros2/install/wheeltec_robot_urdf/share/wheeltec_robot_urdf/meshes/mini_4wd_moveit_four_meshes/j3_link.STL
[0.757s] -- Up-to-date symlink: /home/wheeltec/wheeltec_ros2/install/wheeltec_robot_urdf/share/wheeltec_robot_urdf/meshes/mini_4wd_moveit_four_meshes/j4_1_link.STL
[0.758s] -- Up-to-date symlink: /home/wheeltec/wheeltec_ros2/install/wheeltec_robot_urdf/share/wheeltec_robot_urdf/meshes/mini_4wd_moveit_four_meshes/j4_2_link.STL
[0.764s] -- Up-to-date symlink: /home/wheeltec/wheeltec_ros2/install/wheeltec_robot_urdf/share/wheeltec_robot_urdf/meshes/mini_4wd_moveit_four_meshes/j4_3_link.STL
[0.765s] -- Up-to-date symlink: /home/wheeltec/wheeltec_ros2/install/wheeltec_robot_urdf/share/wheeltec_robot_urdf/meshes/mini_4wd_moveit_four_meshes/j4_4_link.STL
[0.781s] -- Up-to-date symlink: /home/wheeltec/wheeltec_ros2/install/wheeltec_robot_urdf/share/wheeltec_robot_urdf/meshes/mini_4wd_moveit_four_meshes/j4_5_link.STL
[0.782s] -- Up-to-date symlink: /home/wheeltec/wheeltec_ros2/install/wheeltec_robot_urdf/share/wheeltec_robot_urdf/meshes/mini_4wd_moveit_four_meshes/j4_6_link.STL
[0.782s] -- Up-to-date symlink: /home/wheeltec/wheeltec_ros2/install/wheeltec_robot_urdf/share/wheeltec_robot_urdf/meshes/mini_4wd_moveit_four_meshes/laser.STL
[0.783s] -- Up-to-date symlink: /home/wheeltec/wheeltec_ros2/install/wheeltec_robot_urdf/share/wheeltec_robot_urdf/meshes/mini_4wd_moveit_four_meshes/lb_wheel_link.STL
[0.783s] -- Up-to-date symlink: /home/wheeltec/wheeltec_ros2/install/wheeltec_robot_urdf/share/wheeltec_robot_urdf/meshes/mini_4wd_moveit_four_meshes/lf_wheel_link.STL
[0.783s] -- Up-to-date symlink: /home/wheeltec/wheeltec_ros2/install/wheeltec_robot_urdf/share/wheeltec_robot_urdf/meshes/mini_4wd_moveit_four_meshes/rb_wheel_link.STL
[0.783s] -- Up-to-date symlink: /home/wheeltec/wheeltec_ros2/install/wheeltec_robot_urdf/share/wheeltec_robot_urdf/meshes/mini_4wd_moveit_four_meshes/rf_wheel_link.STL
[0.783s] -- Up-to-date symlink: /home/wheeltec/wheeltec_ros2/install/wheeltec_robot_urdf/share/wheeltec_robot_urdf/meshes/mini_4wd_robot_meshes/base_link.STL
[0.783s] -- Up-to-date symlink: /home/wheeltec/wheeltec_ros2/install/wheeltec_robot_urdf/share/wheeltec_robot_urdf/meshes/mini_4wd_robot_meshes/camera_link.STL
[0.783s] -- Up-to-date symlink: /home/wheeltec/wheeltec_ros2/install/wheeltec_robot_urdf/share/wheeltec_robot_urdf/meshes/mini_4wd_robot_meshes/controller_link.STL
[0.783s] -- Up-to-date symlink: /home/wheeltec/wheeltec_ros2/install/wheeltec_robot_urdf/share/wheeltec_robot_urdf/meshes/mini_4wd_robot_meshes/laser.STL
[0.783s] -- Up-to-date symlink: /home/wheeltec/wheeltec_ros2/install/wheeltec_robot_urdf/share/wheeltec_robot_urdf/meshes/mini_4wd_robot_meshes/lb_wheel_link.STL
[0.783s] -- Up-to-date symlink: /home/wheeltec/wheeltec_ros2/install/wheeltec_robot_urdf/share/wheeltec_robot_urdf/meshes/mini_4wd_robot_meshes/lf_wheel_link.STL
[0.785s] -- Up-to-date symlink: /home/wheeltec/wheeltec_ros2/install/wheeltec_robot_urdf/share/wheeltec_robot_urdf/meshes/mini_4wd_robot_meshes/rb_wheel_link.STL
[0.785s] -- Up-to-date symlink: /home/wheeltec/wheeltec_ros2/install/wheeltec_robot_urdf/share/wheeltec_robot_urdf/meshes/mini_4wd_robot_meshes/rf_wheel_link.STL
[0.786s] -- Up-to-date symlink: /home/wheeltec/wheeltec_ros2/install/wheeltec_robot_urdf/share/wheeltec_robot_urdf/meshes/mini_akm_meshes/base_link.STL
[0.787s] -- Up-to-date symlink: /home/wheeltec/wheeltec_ros2/install/wheeltec_robot_urdf/share/wheeltec_robot_urdf/meshes/mini_akm_meshes/camera_link.STL
[0.787s] -- Up-to-date symlink: /home/wheeltec/wheeltec_ros2/install/wheeltec_robot_urdf/share/wheeltec_robot_urdf/meshes/mini_akm_meshes/controller_link.STL
[0.788s] -- Up-to-date symlink: /home/wheeltec/wheeltec_ros2/install/wheeltec_robot_urdf/share/wheeltec_robot_urdf/meshes/mini_akm_meshes/front_link.STL
[0.788s] -- Up-to-date symlink: /home/wheeltec/wheeltec_ros2/install/wheeltec_robot_urdf/share/wheeltec_robot_urdf/meshes/mini_akm_meshes/laser_link.STL
[0.788s] -- Up-to-date symlink: /home/wheeltec/wheeltec_ros2/install/wheeltec_robot_urdf/share/wheeltec_robot_urdf/meshes/mini_akm_meshes/lb_link.STL
[0.788s] -- Up-to-date symlink: /home/wheeltec/wheeltec_ros2/install/wheeltec_robot_urdf/share/wheeltec_robot_urdf/meshes/mini_akm_meshes/left_link.STL
[0.789s] -- Up-to-date symlink: /home/wheeltec/wheeltec_ros2/install/wheeltec_robot_urdf/share/wheeltec_robot_urdf/meshes/mini_akm_meshes/lf_link.STL
[0.790s] -- Up-to-date symlink: /home/wheeltec/wheeltec_ros2/install/wheeltec_robot_urdf/share/wheeltec_robot_urdf/meshes/mini_akm_meshes/rb_link.STL
[0.790s] -- Up-to-date symlink: /home/wheeltec/wheeltec_ros2/install/wheeltec_robot_urdf/share/wheeltec_robot_urdf/meshes/mini_akm_meshes/rf_link.STL
[0.790s] -- Up-to-date symlink: /home/wheeltec/wheeltec_ros2/install/wheeltec_robot_urdf/share/wheeltec_robot_urdf/meshes/mini_akm_meshes/right_link.STL
[0.791s] -- Up-to-date symlink: /home/wheeltec/wheeltec_ros2/install/wheeltec_robot_urdf/share/wheeltec_robot_urdf/meshes/mini_akm_robot_meshes/base_link.STL
[0.791s] -- Up-to-date symlink: /home/wheeltec/wheeltec_ros2/install/wheeltec_robot_urdf/share/wheeltec_robot_urdf/meshes/mini_akm_robot_meshes/camera_link.STL
[0.791s] -- Up-to-date symlink: /home/wheeltec/wheeltec_ros2/install/wheeltec_robot_urdf/share/wheeltec_robot_urdf/meshes/mini_akm_robot_meshes/controller_link.STL
[0.791s] -- Up-to-date symlink: /home/wheeltec/wheeltec_ros2/install/wheeltec_robot_urdf/share/wheeltec_robot_urdf/meshes/mini_akm_robot_meshes/front_link.STL
[0.792s] -- Up-to-date symlink: /home/wheeltec/wheeltec_ros2/install/wheeltec_robot_urdf/share/wheeltec_robot_urdf/meshes/mini_akm_robot_meshes/laser.STL
[0.792s] -- Up-to-date symlink: /home/wheeltec/wheeltec_ros2/install/wheeltec_robot_urdf/share/wheeltec_robot_urdf/meshes/mini_akm_robot_meshes/lb_link.STL
[0.792s] -- Up-to-date symlink: /home/wheeltec/wheeltec_ros2/install/wheeltec_robot_urdf/share/wheeltec_robot_urdf/meshes/mini_akm_robot_meshes/left_link.STL
[0.792s] -- Up-to-date symlink: /home/wheeltec/wheeltec_ros2/install/wheeltec_robot_urdf/share/wheeltec_robot_urdf/meshes/mini_akm_robot_meshes/lf_link.STL
[0.793s] -- Up-to-date symlink: /home/wheeltec/wheeltec_ros2/install/wheeltec_robot_urdf/share/wheeltec_robot_urdf/meshes/mini_akm_robot_meshes/rb_link.STL
[0.793s] -- Up-to-date symlink: /home/wheeltec/wheeltec_ros2/install/wheeltec_robot_urdf/share/wheeltec_robot_urdf/meshes/mini_akm_robot_meshes/rf_link.STL
[0.793s] -- Up-to-date symlink: /home/wheeltec/wheeltec_ros2/install/wheeltec_robot_urdf/share/wheeltec_robot_urdf/meshes/mini_akm_robot_meshes/right_link.STL
[0.793s] -- Up-to-date symlink: /home/wheeltec/wheeltec_ros2/install/wheeltec_robot_urdf/share/wheeltec_robot_urdf/meshes/mini_diff_robot_meshes/base_link.STL
[0.793s] -- Up-to-date symlink: /home/wheeltec/wheeltec_ros2/install/wheeltec_robot_urdf/share/wheeltec_robot_urdf/meshes/mini_diff_robot_meshes/camera_link.STL
[0.796s] -- Up-to-date symlink: /home/wheeltec/wheeltec_ros2/install/wheeltec_robot_urdf/share/wheeltec_robot_urdf/meshes/mini_diff_robot_meshes/controller_link.STL
[0.796s] -- Up-to-date symlink: /home/wheeltec/wheeltec_ros2/install/wheeltec_robot_urdf/share/wheeltec_robot_urdf/meshes/mini_diff_robot_meshes/front_link.STL
[0.796s] -- Up-to-date symlink: /home/wheeltec/wheeltec_ros2/install/wheeltec_robot_urdf/share/wheeltec_robot_urdf/meshes/mini_diff_robot_meshes/laser.STL
[0.796s] -- Up-to-date symlink: /home/wheeltec/wheeltec_ros2/install/wheeltec_robot_urdf/share/wheeltec_robot_urdf/meshes/mini_diff_robot_meshes/left_link.STL
[0.796s] -- Up-to-date symlink: /home/wheeltec/wheeltec_ros2/install/wheeltec_robot_urdf/share/wheeltec_robot_urdf/meshes/mini_diff_robot_meshes/right_link.STL
[0.797s] -- Up-to-date symlink: /home/wheeltec/wheeltec_ros2/install/wheeltec_robot_urdf/share/wheeltec_robot_urdf/meshes/mini_mec_moveit_four_meshes/arm_base_link.STL
[0.797s] -- Up-to-date symlink: /home/wheeltec/wheeltec_ros2/install/wheeltec_robot_urdf/share/wheeltec_robot_urdf/meshes/mini_mec_moveit_four_meshes/base_link.STL
[0.797s] -- Up-to-date symlink: /home/wheeltec/wheeltec_ros2/install/wheeltec_robot_urdf/share/wheeltec_robot_urdf/meshes/mini_mec_moveit_four_meshes/camera_link.STL
[0.797s] -- Up-to-date symlink: /home/wheeltec/wheeltec_ros2/install/wheeltec_robot_urdf/share/wheeltec_robot_urdf/meshes/mini_mec_moveit_four_meshes/controller_link.STL
[0.797s] -- Up-to-date symlink: /home/wheeltec/wheeltec_ros2/install/wheeltec_robot_urdf/share/wheeltec_robot_urdf/meshes/mini_mec_moveit_four_meshes/display_link.STL
[0.797s] -- Up-to-date symlink: /home/wheeltec/wheeltec_ros2/install/wheeltec_robot_urdf/share/wheeltec_robot_urdf/meshes/mini_mec_moveit_four_meshes/j1_link.STL
[0.798s] -- Up-to-date symlink: /home/wheeltec/wheeltec_ros2/install/wheeltec_robot_urdf/share/wheeltec_robot_urdf/meshes/mini_mec_moveit_four_meshes/j2_link.STL
[0.798s] -- Up-to-date symlink: /home/wheeltec/wheeltec_ros2/install/wheeltec_robot_urdf/share/wheeltec_robot_urdf/meshes/mini_mec_moveit_four_meshes/j3_link.STL
[0.798s] -- Up-to-date symlink: /home/wheeltec/wheeltec_ros2/install/wheeltec_robot_urdf/share/wheeltec_robot_urdf/meshes/mini_mec_moveit_four_meshes/j4_1_link.STL
[0.799s] -- Up-to-date symlink: /home/wheeltec/wheeltec_ros2/install/wheeltec_robot_urdf/share/wheeltec_robot_urdf/meshes/mini_mec_moveit_four_meshes/j4_2_link.STL
[0.799s] -- Up-to-date symlink: /home/wheeltec/wheeltec_ros2/install/wheeltec_robot_urdf/share/wheeltec_robot_urdf/meshes/mini_mec_moveit_four_meshes/j4_3_link.STL
[0.800s] -- Up-to-date symlink: /home/wheeltec/wheeltec_ros2/install/wheeltec_robot_urdf/share/wheeltec_robot_urdf/meshes/mini_mec_moveit_four_meshes/j4_4_link.STL
[0.800s] -- Up-to-date symlink: /home/wheeltec/wheeltec_ros2/install/wheeltec_robot_urdf/share/wheeltec_robot_urdf/meshes/mini_mec_moveit_four_meshes/j4_5_link.STL
[0.800s] -- Up-to-date symlink: /home/wheeltec/wheeltec_ros2/install/wheeltec_robot_urdf/share/wheeltec_robot_urdf/meshes/mini_mec_moveit_four_meshes/j4_6_link.STL
[0.801s] -- Up-to-date symlink: /home/wheeltec/wheeltec_ros2/install/wheeltec_robot_urdf/share/wheeltec_robot_urdf/meshes/mini_mec_moveit_four_meshes/laser.STL
[0.801s] -- Up-to-date symlink: /home/wheeltec/wheeltec_ros2/install/wheeltec_robot_urdf/share/wheeltec_robot_urdf/meshes/mini_mec_moveit_four_meshes/lb_wheel_link.STL
[0.801s] -- Up-to-date symlink: /home/wheeltec/wheeltec_ros2/install/wheeltec_robot_urdf/share/wheeltec_robot_urdf/meshes/mini_mec_moveit_four_meshes/lf_wheel_link.STL
[0.801s] -- Up-to-date symlink: /home/wheeltec/wheeltec_ros2/install/wheeltec_robot_urdf/share/wheeltec_robot_urdf/meshes/mini_mec_moveit_four_meshes/rb_wheel_link.STL
[0.802s] -- Up-to-date symlink: /home/wheeltec/wheeltec_ros2/install/wheeltec_robot_urdf/share/wheeltec_robot_urdf/meshes/mini_mec_moveit_four_meshes/rf_wheel_link.STL
[0.802s] -- Up-to-date symlink: /home/wheeltec/wheeltec_ros2/install/wheeltec_robot_urdf/share/wheeltec_robot_urdf/meshes/mini_mec_moveit_six_meshes/arm_base_link.STL
[0.802s] -- Up-to-date symlink: /home/wheeltec/wheeltec_ros2/install/wheeltec_robot_urdf/share/wheeltec_robot_urdf/meshes/mini_mec_moveit_six_meshes/base_link.STL
[0.803s] -- Up-to-date symlink: /home/wheeltec/wheeltec_ros2/install/wheeltec_robot_urdf/share/wheeltec_robot_urdf/meshes/mini_mec_moveit_six_meshes/camera_link.STL
[0.803s] -- Up-to-date symlink: /home/wheeltec/wheeltec_ros2/install/wheeltec_robot_urdf/share/wheeltec_robot_urdf/meshes/mini_mec_moveit_six_meshes/controller_link.STL
[0.803s] -- Up-to-date symlink: /home/wheeltec/wheeltec_ros2/install/wheeltec_robot_urdf/share/wheeltec_robot_urdf/meshes/mini_mec_moveit_six_meshes/display_link.STL
[0.804s] -- Up-to-date symlink: /home/wheeltec/wheeltec_ros2/install/wheeltec_robot_urdf/share/wheeltec_robot_urdf/meshes/mini_mec_moveit_six_meshes/j1_link.STL
[0.804s] -- Up-to-date symlink: /home/wheeltec/wheeltec_ros2/install/wheeltec_robot_urdf/share/wheeltec_robot_urdf/meshes/mini_mec_moveit_six_meshes/j2_link.STL
[0.804s] -- Up-to-date symlink: /home/wheeltec/wheeltec_ros2/install/wheeltec_robot_urdf/share/wheeltec_robot_urdf/meshes/mini_mec_moveit_six_meshes/j3_link.STL
[0.805s] -- Up-to-date symlink: /home/wheeltec/wheeltec_ros2/install/wheeltec_robot_urdf/share/wheeltec_robot_urdf/meshes/mini_mec_moveit_six_meshes/j4_link.STL
[0.805s] -- Up-to-date symlink: /home/wheeltec/wheeltec_ros2/install/wheeltec_robot_urdf/share/wheeltec_robot_urdf/meshes/mini_mec_moveit_six_meshes/j5_1_link.STL
[0.805s] -- Up-to-date symlink: /home/wheeltec/wheeltec_ros2/install/wheeltec_robot_urdf/share/wheeltec_robot_urdf/meshes/mini_mec_moveit_six_meshes/j5_2_link.STL
[0.808s] -- Up-to-date symlink: /home/wheeltec/wheeltec_ros2/install/wheeltec_robot_urdf/share/wheeltec_robot_urdf/meshes/mini_mec_moveit_six_meshes/j5_3_link.STL
[0.808s] -- Up-to-date symlink: /home/wheeltec/wheeltec_ros2/install/wheeltec_robot_urdf/share/wheeltec_robot_urdf/meshes/mini_mec_moveit_six_meshes/j5_4_link.STL
[0.809s] -- Up-to-date symlink: /home/wheeltec/wheeltec_ros2/install/wheeltec_robot_urdf/share/wheeltec_robot_urdf/meshes/mini_mec_moveit_six_meshes/j5_5_link.STL
[0.809s] -- Up-to-date symlink: /home/wheeltec/wheeltec_ros2/install/wheeltec_robot_urdf/share/wheeltec_robot_urdf/meshes/mini_mec_moveit_six_meshes/j5_6_link.STL
[0.809s] -- Up-to-date symlink: /home/wheeltec/wheeltec_ros2/install/wheeltec_robot_urdf/share/wheeltec_robot_urdf/meshes/mini_mec_moveit_six_meshes/laser.STL
[0.810s] -- Up-to-date symlink: /home/wheeltec/wheeltec_ros2/install/wheeltec_robot_urdf/share/wheeltec_robot_urdf/meshes/mini_mec_moveit_six_meshes/lb_wheel_link.STL
[0.810s] -- Up-to-date symlink: /home/wheeltec/wheeltec_ros2/install/wheeltec_robot_urdf/share/wheeltec_robot_urdf/meshes/mini_mec_moveit_six_meshes/lf_wheel_link.STL
[0.810s] -- Up-to-date symlink: /home/wheeltec/wheeltec_ros2/install/wheeltec_robot_urdf/share/wheeltec_robot_urdf/meshes/mini_mec_moveit_six_meshes/rb_wheel_link.STL
[0.811s] -- Up-to-date symlink: /home/wheeltec/wheeltec_ros2/install/wheeltec_robot_urdf/share/wheeltec_robot_urdf/meshes/mini_mec_moveit_six_meshes/rf_wheel_link.STL
[0.811s] -- Up-to-date symlink: /home/wheeltec/wheeltec_ros2/install/wheeltec_robot_urdf/share/wheeltec_robot_urdf/meshes/mini_mec_robot_meshes/base_link.STL
[0.811s] -- Up-to-date symlink: /home/wheeltec/wheeltec_ros2/install/wheeltec_robot_urdf/share/wheeltec_robot_urdf/meshes/mini_mec_robot_meshes/camera_link.STL
[0.812s] -- Up-to-date symlink: /home/wheeltec/wheeltec_ros2/install/wheeltec_robot_urdf/share/wheeltec_robot_urdf/meshes/mini_mec_robot_meshes/controller_link.STL
[0.812s] -- Up-to-date symlink: /home/wheeltec/wheeltec_ros2/install/wheeltec_robot_urdf/share/wheeltec_robot_urdf/meshes/mini_mec_robot_meshes/laser.STL
[0.812s] -- Up-to-date symlink: /home/wheeltec/wheeltec_ros2/install/wheeltec_robot_urdf/share/wheeltec_robot_urdf/meshes/mini_mec_robot_meshes/lb_wheel_link.STL
[0.813s] -- Up-to-date symlink: /home/wheeltec/wheeltec_ros2/install/wheeltec_robot_urdf/share/wheeltec_robot_urdf/meshes/mini_mec_robot_meshes/lf_wheel_link.STL
[0.813s] -- Up-to-date symlink: /home/wheeltec/wheeltec_ros2/install/wheeltec_robot_urdf/share/wheeltec_robot_urdf/meshes/mini_mec_robot_meshes/rb_wheel_link.STL
[0.813s] -- Up-to-date symlink: /home/wheeltec/wheeltec_ros2/install/wheeltec_robot_urdf/share/wheeltec_robot_urdf/meshes/mini_mec_robot_meshes/rf_wheel_link.STL
[0.813s] -- Up-to-date symlink: /home/wheeltec/wheeltec_ros2/install/wheeltec_robot_urdf/share/wheeltec_robot_urdf/meshes/mini_omni_robot_meshes/base_link.STL
[0.813s] -- Up-to-date symlink: /home/wheeltec/wheeltec_ros2/install/wheeltec_robot_urdf/share/wheeltec_robot_urdf/meshes/mini_omni_robot_meshes/camera_link.STL
[0.813s] -- Up-to-date symlink: /home/wheeltec/wheeltec_ros2/install/wheeltec_robot_urdf/share/wheeltec_robot_urdf/meshes/mini_omni_robot_meshes/controller_link.STL
[0.814s] -- Up-to-date symlink: /home/wheeltec/wheeltec_ros2/install/wheeltec_robot_urdf/share/wheeltec_robot_urdf/meshes/mini_omni_robot_meshes/front_wheel_link.STL
[0.814s] -- Up-to-date symlink: /home/wheeltec/wheeltec_ros2/install/wheeltec_robot_urdf/share/wheeltec_robot_urdf/meshes/mini_omni_robot_meshes/laser.STL
[0.815s] -- Up-to-date symlink: /home/wheeltec/wheeltec_ros2/install/wheeltec_robot_urdf/share/wheeltec_robot_urdf/meshes/mini_omni_robot_meshes/left_wheel_link.STL
[0.815s] -- Up-to-date symlink: /home/wheeltec/wheeltec_ros2/install/wheeltec_robot_urdf/share/wheeltec_robot_urdf/meshes/mini_omni_robot_meshes/right_wheel_link.STL
[0.815s] -- Up-to-date symlink: /home/wheeltec/wheeltec_ros2/install/wheeltec_robot_urdf/share/wheeltec_robot_urdf/meshes/mini_tank_moveit_four_meshes/arm_base_link.STL
[0.815s] -- Up-to-date symlink: /home/wheeltec/wheeltec_ros2/install/wheeltec_robot_urdf/share/wheeltec_robot_urdf/meshes/mini_tank_moveit_four_meshes/base_link.STL
[0.816s] -- Up-to-date symlink: /home/wheeltec/wheeltec_ros2/install/wheeltec_robot_urdf/share/wheeltec_robot_urdf/meshes/mini_tank_moveit_four_meshes/camera_link.STL
[0.816s] -- Up-to-date symlink: /home/wheeltec/wheeltec_ros2/install/wheeltec_robot_urdf/share/wheeltec_robot_urdf/meshes/mini_tank_moveit_four_meshes/controller_link.STL
[0.818s] -- Up-to-date symlink: /home/wheeltec/wheeltec_ros2/install/wheeltec_robot_urdf/share/wheeltec_robot_urdf/meshes/mini_tank_moveit_four_meshes/j1_link.STL
[0.818s] -- Up-to-date symlink: /home/wheeltec/wheeltec_ros2/install/wheeltec_robot_urdf/share/wheeltec_robot_urdf/meshes/mini_tank_moveit_four_meshes/j2_link.STL
[0.818s] -- Up-to-date symlink: /home/wheeltec/wheeltec_ros2/install/wheeltec_robot_urdf/share/wheeltec_robot_urdf/meshes/mini_tank_moveit_four_meshes/j3_link.STL
[0.818s] -- Up-to-date symlink: /home/wheeltec/wheeltec_ros2/install/wheeltec_robot_urdf/share/wheeltec_robot_urdf/meshes/mini_tank_moveit_four_meshes/j4_1_link.STL
[0.818s] -- Up-to-date symlink: /home/wheeltec/wheeltec_ros2/install/wheeltec_robot_urdf/share/wheeltec_robot_urdf/meshes/mini_tank_moveit_four_meshes/j4_2_link.STL
[0.818s] -- Up-to-date symlink: /home/wheeltec/wheeltec_ros2/install/wheeltec_robot_urdf/share/wheeltec_robot_urdf/meshes/mini_tank_moveit_four_meshes/j4_3_link.STL
[0.818s] -- Up-to-date symlink: /home/wheeltec/wheeltec_ros2/install/wheeltec_robot_urdf/share/wheeltec_robot_urdf/meshes/mini_tank_moveit_four_meshes/j4_4_link.STL
[0.819s] -- Up-to-date symlink: /home/wheeltec/wheeltec_ros2/install/wheeltec_robot_urdf/share/wheeltec_robot_urdf/meshes/mini_tank_moveit_four_meshes/j4_5_link.STL
[0.819s] -- Up-to-date symlink: /home/wheeltec/wheeltec_ros2/install/wheeltec_robot_urdf/share/wheeltec_robot_urdf/meshes/mini_tank_moveit_four_meshes/j4_6_link.STL
[0.819s] -- Up-to-date symlink: /home/wheeltec/wheeltec_ros2/install/wheeltec_robot_urdf/share/wheeltec_robot_urdf/meshes/mini_tank_moveit_four_meshes/laser.STL
[0.819s] -- Up-to-date symlink: /home/wheeltec/wheeltec_ros2/install/wheeltec_robot_urdf/share/wheeltec_robot_urdf/meshes/mini_tank_moveit_four_meshes/left1_link.STL
[0.820s] -- Up-to-date symlink: /home/wheeltec/wheeltec_ros2/install/wheeltec_robot_urdf/share/wheeltec_robot_urdf/meshes/mini_tank_moveit_four_meshes/left2_link.STL
[0.820s] -- Up-to-date symlink: /home/wheeltec/wheeltec_ros2/install/wheeltec_robot_urdf/share/wheeltec_robot_urdf/meshes/mini_tank_moveit_four_meshes/left3_link.STL
[0.820s] -- Up-to-date symlink: /home/wheeltec/wheeltec_ros2/install/wheeltec_robot_urdf/share/wheeltec_robot_urdf/meshes/mini_tank_moveit_four_meshes/left4_link.STL
[0.820s] -- Up-to-date symlink: /home/wheeltec/wheeltec_ros2/install/wheeltec_robot_urdf/share/wheeltec_robot_urdf/meshes/mini_tank_moveit_four_meshes/left5_link.STL
[0.821s] -- Up-to-date symlink: /home/wheeltec/wheeltec_ros2/install/wheeltec_robot_urdf/share/wheeltec_robot_urdf/meshes/mini_tank_moveit_four_meshes/left6_link.STL
[0.821s] -- Up-to-date symlink: /home/wheeltec/wheeltec_ros2/install/wheeltec_robot_urdf/share/wheeltec_robot_urdf/meshes/mini_tank_moveit_four_meshes/left_belt_link.STL
[0.821s] -- Up-to-date symlink: /home/wheeltec/wheeltec_ros2/install/wheeltec_robot_urdf/share/wheeltec_robot_urdf/meshes/mini_tank_moveit_four_meshes/right1_link.STL
[0.821s] -- Up-to-date symlink: /home/wheeltec/wheeltec_ros2/install/wheeltec_robot_urdf/share/wheeltec_robot_urdf/meshes/mini_tank_moveit_four_meshes/right2_link.STL
[0.822s] -- Up-to-date symlink: /home/wheeltec/wheeltec_ros2/install/wheeltec_robot_urdf/share/wheeltec_robot_urdf/meshes/mini_tank_moveit_four_meshes/right3_link.STL
[0.822s] -- Up-to-date symlink: /home/wheeltec/wheeltec_ros2/install/wheeltec_robot_urdf/share/wheeltec_robot_urdf/meshes/mini_tank_moveit_four_meshes/right4_link.STL
[0.822s] -- Up-to-date symlink: /home/wheeltec/wheeltec_ros2/install/wheeltec_robot_urdf/share/wheeltec_robot_urdf/meshes/mini_tank_moveit_four_meshes/right5_link.STL
[0.823s] -- Up-to-date symlink: /home/wheeltec/wheeltec_ros2/install/wheeltec_robot_urdf/share/wheeltec_robot_urdf/meshes/mini_tank_moveit_four_meshes/right6_link.STL
[0.823s] -- Up-to-date symlink: /home/wheeltec/wheeltec_ros2/install/wheeltec_robot_urdf/share/wheeltec_robot_urdf/meshes/mini_tank_moveit_four_meshes/right_belt_link.STL
[0.823s] -- Up-to-date symlink: /home/wheeltec/wheeltec_ros2/install/wheeltec_robot_urdf/share/wheeltec_robot_urdf/meshes/mini_tank_robot_meshes/base_link.STL
[0.823s] -- Up-to-date symlink: /home/wheeltec/wheeltec_ros2/install/wheeltec_robot_urdf/share/wheeltec_robot_urdf/meshes/mini_tank_robot_meshes/camera_link.STL
[0.823s] -- Up-to-date symlink: /home/wheeltec/wheeltec_ros2/install/wheeltec_robot_urdf/share/wheeltec_robot_urdf/meshes/mini_tank_robot_meshes/controller_link.STL
[0.824s] -- Up-to-date symlink: /home/wheeltec/wheeltec_ros2/install/wheeltec_robot_urdf/share/wheeltec_robot_urdf/meshes/mini_tank_robot_meshes/laser.STL
[0.824s] -- Up-to-date symlink: /home/wheeltec/wheeltec_ros2/install/wheeltec_robot_urdf/share/wheeltec_robot_urdf/meshes/mini_tank_robot_meshes/left1_link.STL
[0.825s] -- Up-to-date symlink: /home/wheeltec/wheeltec_ros2/install/wheeltec_robot_urdf/share/wheeltec_robot_urdf/meshes/mini_tank_robot_meshes/left2_link.STL
[0.825s] -- Up-to-date symlink: /home/wheeltec/wheeltec_ros2/install/wheeltec_robot_urdf/share/wheeltec_robot_urdf/meshes/mini_tank_robot_meshes/left3_link.STL
[0.826s] -- Up-to-date symlink: /home/wheeltec/wheeltec_ros2/install/wheeltec_robot_urdf/share/wheeltec_robot_urdf/meshes/mini_tank_robot_meshes/left4_link.STL
[0.826s] -- Up-to-date symlink: /home/wheeltec/wheeltec_ros2/install/wheeltec_robot_urdf/share/wheeltec_robot_urdf/meshes/mini_tank_robot_meshes/left5_link.STL
[0.826s] -- Up-to-date symlink: /home/wheeltec/wheeltec_ros2/install/wheeltec_robot_urdf/share/wheeltec_robot_urdf/meshes/mini_tank_robot_meshes/left6_link.STL
[0.826s] -- Up-to-date symlink: /home/wheeltec/wheeltec_ros2/install/wheeltec_robot_urdf/share/wheeltec_robot_urdf/meshes/mini_tank_robot_meshes/right1_link.STL
[0.826s] -- Up-to-date symlink: /home/wheeltec/wheeltec_ros2/install/wheeltec_robot_urdf/share/wheeltec_robot_urdf/meshes/mini_tank_robot_meshes/right2_link.STL
[0.826s] -- Up-to-date symlink: /home/wheeltec/wheeltec_ros2/install/wheeltec_robot_urdf/share/wheeltec_robot_urdf/meshes/mini_tank_robot_meshes/right3_link.STL
[0.826s] -- Up-to-date symlink: /home/wheeltec/wheeltec_ros2/install/wheeltec_robot_urdf/share/wheeltec_robot_urdf/meshes/mini_tank_robot_meshes/right4_link.STL
[0.826s] -- Up-to-date symlink: /home/wheeltec/wheeltec_ros2/install/wheeltec_robot_urdf/share/wheeltec_robot_urdf/meshes/mini_tank_robot_meshes/right5_link.STL
[0.827s] -- Up-to-date symlink: /home/wheeltec/wheeltec_ros2/install/wheeltec_robot_urdf/share/wheeltec_robot_urdf/meshes/mini_tank_robot_meshes/right6_link.STL
[0.827s] -- Up-to-date symlink: /home/wheeltec/wheeltec_ros2/install/wheeltec_robot_urdf/share/wheeltec_robot_urdf/meshes/r3S_4wd_robot_meshes/base_link.STL
[0.828s] -- Up-to-date symlink: /home/wheeltec/wheeltec_ros2/install/wheeltec_robot_urdf/share/wheeltec_robot_urdf/meshes/r3S_4wd_robot_meshes/camera_link.STL
[0.828s] -- Up-to-date symlink: /home/wheeltec/wheeltec_ros2/install/wheeltec_robot_urdf/share/wheeltec_robot_urdf/meshes/r3S_4wd_robot_meshes/controller_link.STL
[0.828s] -- Up-to-date symlink: /home/wheeltec/wheeltec_ros2/install/wheeltec_robot_urdf/share/wheeltec_robot_urdf/meshes/r3S_4wd_robot_meshes/laser.STL
[0.829s] -- Up-to-date symlink: /home/wheeltec/wheeltec_ros2/install/wheeltec_robot_urdf/share/wheeltec_robot_urdf/meshes/r3S_4wd_robot_meshes/lb_wheel_link.STL
[0.829s] -- Up-to-date symlink: /home/wheeltec/wheeltec_ros2/install/wheeltec_robot_urdf/share/wheeltec_robot_urdf/meshes/r3S_4wd_robot_meshes/lf_wheel_link.STL
[0.829s] -- Up-to-date symlink: /home/wheeltec/wheeltec_ros2/install/wheeltec_robot_urdf/share/wheeltec_robot_urdf/meshes/r3S_4wd_robot_meshes/rb_wheel_link.STL
[0.829s] -- Up-to-date symlink: /home/wheeltec/wheeltec_ros2/install/wheeltec_robot_urdf/share/wheeltec_robot_urdf/meshes/r3S_4wd_robot_meshes/rf_wheel_link.STL
[0.830s] -- Up-to-date symlink: /home/wheeltec/wheeltec_ros2/install/wheeltec_robot_urdf/share/wheeltec_robot_urdf/meshes/r3s_mec_robot_meshes/base_link.STL
[0.830s] -- Up-to-date symlink: /home/wheeltec/wheeltec_ros2/install/wheeltec_robot_urdf/share/wheeltec_robot_urdf/meshes/r3s_mec_robot_meshes/camera_link.STL
[0.831s] -- Up-to-date symlink: /home/wheeltec/wheeltec_ros2/install/wheeltec_robot_urdf/share/wheeltec_robot_urdf/meshes/r3s_mec_robot_meshes/controller_link.STL
[0.831s] -- Up-to-date symlink: /home/wheeltec/wheeltec_ros2/install/wheeltec_robot_urdf/share/wheeltec_robot_urdf/meshes/r3s_mec_robot_meshes/laser.STL
[0.831s] -- Up-to-date symlink: /home/wheeltec/wheeltec_ros2/install/wheeltec_robot_urdf/share/wheeltec_robot_urdf/meshes/r3s_mec_robot_meshes/lb_wheel_link.STL
[0.831s] -- Up-to-date symlink: /home/wheeltec/wheeltec_ros2/install/wheeltec_robot_urdf/share/wheeltec_robot_urdf/meshes/r3s_mec_robot_meshes/lf_wheel_link.STL
[0.831s] -- Up-to-date symlink: /home/wheeltec/wheeltec_ros2/install/wheeltec_robot_urdf/share/wheeltec_robot_urdf/meshes/r3s_mec_robot_meshes/rb_wheel_link.STL
[0.832s] -- Up-to-date symlink: /home/wheeltec/wheeltec_ros2/install/wheeltec_robot_urdf/share/wheeltec_robot_urdf/meshes/r3s_mec_robot_meshes/rf_wheel_link.STL
[0.832s] -- Up-to-date symlink: /home/wheeltec/wheeltec_ros2/install/wheeltec_robot_urdf/share/wheeltec_robot_urdf/meshes/s300_mini_robot_meshes/arm1_link.STL
[0.836s] -- Up-to-date symlink: /home/wheeltec/wheeltec_ros2/install/wheeltec_robot_urdf/share/wheeltec_robot_urdf/meshes/s300_mini_robot_meshes/arm2_link.STL
[0.836s] -- Up-to-date symlink: /home/wheeltec/wheeltec_ros2/install/wheeltec_robot_urdf/share/wheeltec_robot_urdf/meshes/s300_mini_robot_meshes/arm3_link.STL
[0.837s] -- Up-to-date symlink: /home/wheeltec/wheeltec_ros2/install/wheeltec_robot_urdf/share/wheeltec_robot_urdf/meshes/s300_mini_robot_meshes/arm4_link.STL
[0.837s] -- Up-to-date symlink: /home/wheeltec/wheeltec_ros2/install/wheeltec_robot_urdf/share/wheeltec_robot_urdf/meshes/s300_mini_robot_meshes/arm5_link.STL
[0.837s] -- Up-to-date symlink: /home/wheeltec/wheeltec_ros2/install/wheeltec_robot_urdf/share/wheeltec_robot_urdf/meshes/s300_mini_robot_meshes/arm6_link.STL
[0.837s] -- Up-to-date symlink: /home/wheeltec/wheeltec_ros2/install/wheeltec_robot_urdf/share/wheeltec_robot_urdf/meshes/s300_mini_robot_meshes/arm_base_link.STL
[0.837s] -- Up-to-date symlink: /home/wheeltec/wheeltec_ros2/install/wheeltec_robot_urdf/share/wheeltec_robot_urdf/meshes/s300_mini_robot_meshes/base_link.STL
[0.837s] -- Up-to-date symlink: /home/wheeltec/wheeltec_ros2/install/wheeltec_robot_urdf/share/wheeltec_robot_urdf/meshes/s300_mini_robot_meshes/camera_link.STL
[0.837s] -- Up-to-date symlink: /home/wheeltec/wheeltec_ros2/install/wheeltec_robot_urdf/share/wheeltec_robot_urdf/meshes/s300_mini_robot_meshes/gripper1_link.STL
[0.838s] -- Up-to-date symlink: /home/wheeltec/wheeltec_ros2/install/wheeltec_robot_urdf/share/wheeltec_robot_urdf/meshes/s300_mini_robot_meshes/laser.STL
[0.838s] -- Up-to-date symlink: /home/wheeltec/wheeltec_ros2/install/wheeltec_robot_urdf/share/wheeltec_robot_urdf/meshes/s300_mini_robot_meshes/laser_link.STL
[0.838s] -- Up-to-date symlink: /home/wheeltec/wheeltec_ros2/install/wheeltec_robot_urdf/share/wheeltec_robot_urdf/meshes/s300_mini_robot_meshes/lm_wheel_link.STL
[0.838s] -- Up-to-date symlink: /home/wheeltec/wheeltec_ros2/install/wheeltec_robot_urdf/share/wheeltec_robot_urdf/meshes/s300_mini_robot_meshes/rm_wheel_link.STL
[0.838s] -- Up-to-date symlink: /home/wheeltec/wheeltec_ros2/install/wheeltec_robot_urdf/share/wheeltec_robot_urdf/meshes/s300_yw_robot_meshes/arm1_link.STL
[0.838s] -- Up-to-date symlink: /home/wheeltec/wheeltec_ros2/install/wheeltec_robot_urdf/share/wheeltec_robot_urdf/meshes/s300_yw_robot_meshes/arm2_link.STL
[0.838s] -- Up-to-date symlink: /home/wheeltec/wheeltec_ros2/install/wheeltec_robot_urdf/share/wheeltec_robot_urdf/meshes/s300_yw_robot_meshes/arm3_link.STL
[0.838s] -- Up-to-date symlink: /home/wheeltec/wheeltec_ros2/install/wheeltec_robot_urdf/share/wheeltec_robot_urdf/meshes/s300_yw_robot_meshes/arm4_link.STL
[0.839s] -- Up-to-date symlink: /home/wheeltec/wheeltec_ros2/install/wheeltec_robot_urdf/share/wheeltec_robot_urdf/meshes/s300_yw_robot_meshes/arm5_link.STL
[0.839s] -- Up-to-date symlink: /home/wheeltec/wheeltec_ros2/install/wheeltec_robot_urdf/share/wheeltec_robot_urdf/meshes/s300_yw_robot_meshes/arm6_link.STL
[0.839s] -- Up-to-date symlink: /home/wheeltec/wheeltec_ros2/install/wheeltec_robot_urdf/share/wheeltec_robot_urdf/meshes/s300_yw_robot_meshes/arm_base_link.STL
[0.839s] -- Up-to-date symlink: /home/wheeltec/wheeltec_ros2/install/wheeltec_robot_urdf/share/wheeltec_robot_urdf/meshes/s300_yw_robot_meshes/base_link.STL
[0.839s] -- Up-to-date symlink: /home/wheeltec/wheeltec_ros2/install/wheeltec_robot_urdf/share/wheeltec_robot_urdf/meshes/s300_yw_robot_meshes/camera_link.STL
[0.839s] -- Up-to-date symlink: /home/wheeltec/wheeltec_ros2/install/wheeltec_robot_urdf/share/wheeltec_robot_urdf/meshes/s300_yw_robot_meshes/gripper1_link.STL
[0.839s] -- Up-to-date symlink: /home/wheeltec/wheeltec_ros2/install/wheeltec_robot_urdf/share/wheeltec_robot_urdf/meshes/s300_yw_robot_meshes/laser.STL
[0.839s] -- Up-to-date symlink: /home/wheeltec/wheeltec_ros2/install/wheeltec_robot_urdf/share/wheeltec_robot_urdf/meshes/s300_yw_robot_meshes/laser_link.STL
[0.840s] -- Up-to-date symlink: /home/wheeltec/wheeltec_ros2/install/wheeltec_robot_urdf/share/wheeltec_robot_urdf/meshes/s300_yw_robot_meshes/lm_wheel_link.STL
[0.840s] -- Up-to-date symlink: /home/wheeltec/wheeltec_ros2/install/wheeltec_robot_urdf/share/wheeltec_robot_urdf/meshes/s300_yw_robot_meshes/rm_wheel_link.STL
[0.840s] -- Up-to-date symlink: /home/wheeltec/wheeltec_ros2/install/wheeltec_robot_urdf/share/wheeltec_robot_urdf/meshes/senior_4wd_bs_robot_meshes/base_link.STL
[0.840s] -- Up-to-date symlink: /home/wheeltec/wheeltec_ros2/install/wheeltec_robot_urdf/share/wheeltec_robot_urdf/meshes/senior_4wd_bs_robot_meshes/camera_link.STL
[0.840s] -- Up-to-date symlink: /home/wheeltec/wheeltec_ros2/install/wheeltec_robot_urdf/share/wheeltec_robot_urdf/meshes/senior_4wd_bs_robot_meshes/controller_link.STL
[0.840s] -- Up-to-date symlink: /home/wheeltec/wheeltec_ros2/install/wheeltec_robot_urdf/share/wheeltec_robot_urdf/meshes/senior_4wd_bs_robot_meshes/laser.STL
[0.840s] -- Up-to-date symlink: /home/wheeltec/wheeltec_ros2/install/wheeltec_robot_urdf/share/wheeltec_robot_urdf/meshes/senior_4wd_bs_robot_meshes/lb_wheel_link.STL
[0.841s] -- Up-to-date symlink: /home/wheeltec/wheeltec_ros2/install/wheeltec_robot_urdf/share/wheeltec_robot_urdf/meshes/senior_4wd_bs_robot_meshes/lf_wheel_link.STL
[0.841s] -- Up-to-date symlink: /home/wheeltec/wheeltec_ros2/install/wheeltec_robot_urdf/share/wheeltec_robot_urdf/meshes/senior_4wd_bs_robot_meshes/rb_wheel_link.STL
[0.841s] -- Up-to-date symlink: /home/wheeltec/wheeltec_ros2/install/wheeltec_robot_urdf/share/wheeltec_robot_urdf/meshes/senior_4wd_bs_robot_meshes/rf_wheel_link.STL
[0.841s] -- Up-to-date symlink: /home/wheeltec/wheeltec_ros2/install/wheeltec_robot_urdf/share/wheeltec_robot_urdf/meshes/senior_4wd_dl_robot_meshes/base_link.STL
[0.841s] -- Up-to-date symlink: /home/wheeltec/wheeltec_ros2/install/wheeltec_robot_urdf/share/wheeltec_robot_urdf/meshes/senior_4wd_dl_robot_meshes/camera_link.STL
[0.841s] -- Up-to-date symlink: /home/wheeltec/wheeltec_ros2/install/wheeltec_robot_urdf/share/wheeltec_robot_urdf/meshes/senior_4wd_dl_robot_meshes/controller_link.STL
[0.841s] -- Up-to-date symlink: /home/wheeltec/wheeltec_ros2/install/wheeltec_robot_urdf/share/wheeltec_robot_urdf/meshes/senior_4wd_dl_robot_meshes/laser.STL
[0.842s] -- Up-to-date symlink: /home/wheeltec/wheeltec_ros2/install/wheeltec_robot_urdf/share/wheeltec_robot_urdf/meshes/senior_4wd_dl_robot_meshes/lb_wheel_link.STL
[0.842s] -- Up-to-date symlink: /home/wheeltec/wheeltec_ros2/install/wheeltec_robot_urdf/share/wheeltec_robot_urdf/meshes/senior_4wd_dl_robot_meshes/lf_wheel_link.STL
[0.842s] -- Up-to-date symlink: /home/wheeltec/wheeltec_ros2/install/wheeltec_robot_urdf/share/wheeltec_robot_urdf/meshes/senior_4wd_dl_robot_meshes/rb_wheel_link.STL
[0.842s] -- Up-to-date symlink: /home/wheeltec/wheeltec_ros2/install/wheeltec_robot_urdf/share/wheeltec_robot_urdf/meshes/senior_4wd_dl_robot_meshes/rf_wheel_link.STL
[0.842s] -- Up-to-date symlink: /home/wheeltec/wheeltec_ros2/install/wheeltec_robot_urdf/share/wheeltec_robot_urdf/meshes/senior_akm_bs_meshes/base_link.STL
[0.842s] -- Up-to-date symlink: /home/wheeltec/wheeltec_ros2/install/wheeltec_robot_urdf/share/wheeltec_robot_urdf/meshes/senior_akm_bs_meshes/camera_link.STL
[0.842s] -- Up-to-date symlink: /home/wheeltec/wheeltec_ros2/install/wheeltec_robot_urdf/share/wheeltec_robot_urdf/meshes/senior_akm_bs_meshes/controller_link.STL
[0.842s] -- Up-to-date symlink: /home/wheeltec/wheeltec_ros2/install/wheeltec_robot_urdf/share/wheeltec_robot_urdf/meshes/senior_akm_bs_meshes/laser_link.STL
[0.843s] -- Up-to-date symlink: /home/wheeltec/wheeltec_ros2/install/wheeltec_robot_urdf/share/wheeltec_robot_urdf/meshes/senior_akm_bs_meshes/lb_wheel_link.STL
[0.843s] -- Up-to-date symlink: /home/wheeltec/wheeltec_ros2/install/wheeltec_robot_urdf/share/wheeltec_robot_urdf/meshes/senior_akm_bs_meshes/lf_1_link.STL
[0.843s] -- Up-to-date symlink: /home/wheeltec/wheeltec_ros2/install/wheeltec_robot_urdf/share/wheeltec_robot_urdf/meshes/senior_akm_bs_meshes/lf_2_link.STL
[0.843s] -- Up-to-date symlink: /home/wheeltec/wheeltec_ros2/install/wheeltec_robot_urdf/share/wheeltec_robot_urdf/meshes/senior_akm_bs_meshes/lf_wheel_link.STL
[0.843s] -- Up-to-date symlink: /home/wheeltec/wheeltec_ros2/install/wheeltec_robot_urdf/share/wheeltec_robot_urdf/meshes/senior_akm_bs_meshes/rb_wheel_link.STL
[0.843s] -- Up-to-date symlink: /home/wheeltec/wheeltec_ros2/install/wheeltec_robot_urdf/share/wheeltec_robot_urdf/meshes/senior_akm_bs_meshes/rf_1_link.STL
[0.843s] -- Up-to-date symlink: /home/wheeltec/wheeltec_ros2/install/wheeltec_robot_urdf/share/wheeltec_robot_urdf/meshes/senior_akm_bs_meshes/rf_2_link.STL
[0.843s] -- Up-to-date symlink: /home/wheeltec/wheeltec_ros2/install/wheeltec_robot_urdf/share/wheeltec_robot_urdf/meshes/senior_akm_bs_meshes/rf_wheel_link.STL
[0.844s] -- Up-to-date symlink: /home/wheeltec/wheeltec_ros2/install/wheeltec_robot_urdf/share/wheeltec_robot_urdf/meshes/senior_akm_robot_meshes/base_link.STL
[0.847s] -- Up-to-date symlink: /home/wheeltec/wheeltec_ros2/install/wheeltec_robot_urdf/share/wheeltec_robot_urdf/meshes/senior_akm_robot_meshes/camera_link.STL
[0.848s] -- Up-to-date symlink: /home/wheeltec/wheeltec_ros2/install/wheeltec_robot_urdf/share/wheeltec_robot_urdf/meshes/senior_akm_robot_meshes/controller_link.STL
[0.848s] -- Up-to-date symlink: /home/wheeltec/wheeltec_ros2/install/wheeltec_robot_urdf/share/wheeltec_robot_urdf/meshes/senior_akm_robot_meshes/laser.STL
[0.848s] -- Up-to-date symlink: /home/wheeltec/wheeltec_ros2/install/wheeltec_robot_urdf/share/wheeltec_robot_urdf/meshes/senior_akm_robot_meshes/lb_wheel_link.STL
[0.849s] -- Up-to-date symlink: /home/wheeltec/wheeltec_ros2/install/wheeltec_robot_urdf/share/wheeltec_robot_urdf/meshes/senior_akm_robot_meshes/lf_wheel_link.STL
[0.849s] -- Up-to-date symlink: /home/wheeltec/wheeltec_ros2/install/wheeltec_robot_urdf/share/wheeltec_robot_urdf/meshes/senior_akm_robot_meshes/rb_wheel_link.STL
[0.849s] -- Up-to-date symlink: /home/wheeltec/wheeltec_ros2/install/wheeltec_robot_urdf/share/wheeltec_robot_urdf/meshes/senior_akm_robot_meshes/rf_wheel_link.STL
[0.850s] -- Up-to-date symlink: /home/wheeltec/wheeltec_ros2/install/wheeltec_robot_urdf/share/wheeltec_robot_urdf/meshes/senior_diff_robot_meshes/base_link.STL
[0.850s] -- Up-to-date symlink: /home/wheeltec/wheeltec_ros2/install/wheeltec_robot_urdf/share/wheeltec_robot_urdf/meshes/senior_diff_robot_meshes/camera_link.STL
[0.850s] -- Up-to-date symlink: /home/wheeltec/wheeltec_ros2/install/wheeltec_robot_urdf/share/wheeltec_robot_urdf/meshes/senior_diff_robot_meshes/controller_link.STL
[0.850s] -- Up-to-date symlink: /home/wheeltec/wheeltec_ros2/install/wheeltec_robot_urdf/share/wheeltec_robot_urdf/meshes/senior_diff_robot_meshes/laser.STL
[0.850s] -- Up-to-date symlink: /home/wheeltec/wheeltec_ros2/install/wheeltec_robot_urdf/share/wheeltec_robot_urdf/meshes/senior_diff_robot_meshes/left_wheel_link.STL
[0.850s] -- Up-to-date symlink: /home/wheeltec/wheeltec_ros2/install/wheeltec_robot_urdf/share/wheeltec_robot_urdf/meshes/senior_diff_robot_meshes/quanxiang_wheel_link.STL
[0.851s] -- Up-to-date symlink: /home/wheeltec/wheeltec_ros2/install/wheeltec_robot_urdf/share/wheeltec_robot_urdf/meshes/senior_diff_robot_meshes/right_wheel_link.STL
[0.851s] -- Up-to-date symlink: /home/wheeltec/wheeltec_ros2/install/wheeltec_robot_urdf/share/wheeltec_robot_urdf/meshes/senior_mec_bs_robot_meshes/base_link.STL
[0.851s] -- Up-to-date symlink: /home/wheeltec/wheeltec_ros2/install/wheeltec_robot_urdf/share/wheeltec_robot_urdf/meshes/senior_mec_bs_robot_meshes/camera_link.STL
[0.851s] -- Up-to-date symlink: /home/wheeltec/wheeltec_ros2/install/wheeltec_robot_urdf/share/wheeltec_robot_urdf/meshes/senior_mec_bs_robot_meshes/controller_link.STL
[0.851s] -- Up-to-date symlink: /home/wheeltec/wheeltec_ros2/install/wheeltec_robot_urdf/share/wheeltec_robot_urdf/meshes/senior_mec_bs_robot_meshes/laser.STL
[0.851s] -- Up-to-date symlink: /home/wheeltec/wheeltec_ros2/install/wheeltec_robot_urdf/share/wheeltec_robot_urdf/meshes/senior_mec_bs_robot_meshes/lb_wheel_link.STL
[0.851s] -- Up-to-date symlink: /home/wheeltec/wheeltec_ros2/install/wheeltec_robot_urdf/share/wheeltec_robot_urdf/meshes/senior_mec_bs_robot_meshes/lf_wheel_link.STL
[0.851s] -- Up-to-date symlink: /home/wheeltec/wheeltec_ros2/install/wheeltec_robot_urdf/share/wheeltec_robot_urdf/meshes/senior_mec_bs_robot_meshes/rb_wheel_link.STL
[0.852s] -- Up-to-date symlink: /home/wheeltec/wheeltec_ros2/install/wheeltec_robot_urdf/share/wheeltec_robot_urdf/meshes/senior_mec_bs_robot_meshes/rf_wheel_link.STL
[0.852s] -- Up-to-date symlink: /home/wheeltec/wheeltec_ros2/install/wheeltec_robot_urdf/share/wheeltec_robot_urdf/meshes/senior_mec_dl_robot_meshes/base_link.STL
[0.852s] -- Up-to-date symlink: /home/wheeltec/wheeltec_ros2/install/wheeltec_robot_urdf/share/wheeltec_robot_urdf/meshes/senior_mec_dl_robot_meshes/camera_link.STL
[0.853s] -- Up-to-date symlink: /home/wheeltec/wheeltec_ros2/install/wheeltec_robot_urdf/share/wheeltec_robot_urdf/meshes/senior_mec_dl_robot_meshes/controller_link.STL
[0.853s] -- Up-to-date symlink: /home/wheeltec/wheeltec_ros2/install/wheeltec_robot_urdf/share/wheeltec_robot_urdf/meshes/senior_mec_dl_robot_meshes/laser.STL
[0.853s] -- Up-to-date symlink: /home/wheeltec/wheeltec_ros2/install/wheeltec_robot_urdf/share/wheeltec_robot_urdf/meshes/senior_mec_dl_robot_meshes/lb_wheel_link.STL
[0.853s] -- Up-to-date symlink: /home/wheeltec/wheeltec_ros2/install/wheeltec_robot_urdf/share/wheeltec_robot_urdf/meshes/senior_mec_dl_robot_meshes/lf_wheel_link.STL
[0.854s] -- Up-to-date symlink: /home/wheeltec/wheeltec_ros2/install/wheeltec_robot_urdf/share/wheeltec_robot_urdf/meshes/senior_mec_dl_robot_meshes/rb_wheel_link.STL
[0.854s] -- Up-to-date symlink: /home/wheeltec/wheeltec_ros2/install/wheeltec_robot_urdf/share/wheeltec_robot_urdf/meshes/senior_mec_dl_robot_meshes/rf_wheel_link.STL
[0.854s] -- Up-to-date symlink: /home/wheeltec/wheeltec_ros2/install/wheeltec_robot_urdf/share/wheeltec_robot_urdf/meshes/senior_omni_robot_meshes/base_link.STL
[0.854s] -- Up-to-date symlink: /home/wheeltec/wheeltec_ros2/install/wheeltec_robot_urdf/share/wheeltec_robot_urdf/meshes/senior_omni_robot_meshes/camera_link.STL
[0.854s] -- Up-to-date symlink: /home/wheeltec/wheeltec_ros2/install/wheeltec_robot_urdf/share/wheeltec_robot_urdf/meshes/senior_omni_robot_meshes/controller_link.STL
[0.855s] -- Up-to-date symlink: /home/wheeltec/wheeltec_ros2/install/wheeltec_robot_urdf/share/wheeltec_robot_urdf/meshes/senior_omni_robot_meshes/laser.STL
[0.855s] -- Up-to-date symlink: /home/wheeltec/wheeltec_ros2/install/wheeltec_robot_urdf/share/wheeltec_robot_urdf/meshes/senior_omni_robot_meshes/quanxiang_wheel1_link.STL
[0.855s] -- Up-to-date symlink: /home/wheeltec/wheeltec_ros2/install/wheeltec_robot_urdf/share/wheeltec_robot_urdf/meshes/senior_omni_robot_meshes/quanxiang_wheel2_link.STL
[0.855s] -- Up-to-date symlink: /home/wheeltec/wheeltec_ros2/install/wheeltec_robot_urdf/share/wheeltec_robot_urdf/meshes/senior_omni_robot_meshes/quanxiang_wheel3_link.STL
[0.855s] -- Up-to-date symlink: /home/wheeltec/wheeltec_ros2/install/wheeltec_robot_urdf/share/wheeltec_robot_urdf/meshes/sensors/astra.dae
[0.856s] -- Up-to-date symlink: /home/wheeltec/wheeltec_ros2/install/wheeltec_robot_urdf/share/wheeltec_robot_urdf/meshes/sensors/astra.jpg
[0.856s] -- Up-to-date symlink: /home/wheeltec/wheeltec_ros2/install/wheeltec_robot_urdf/share/wheeltec_robot_urdf/meshes/sensors/lds.stl
[0.856s] -- Up-to-date symlink: /home/wheeltec/wheeltec_ros2/install/wheeltec_robot_urdf/share/wheeltec_robot_urdf/meshes/sensors/r200.dae
[0.856s] -- Up-to-date symlink: /home/wheeltec/wheeltec_ros2/install/wheeltec_robot_urdf/share/wheeltec_robot_urdf/meshes/sensors/r200.jpg
[0.856s] -- Up-to-date symlink: /home/wheeltec/wheeltec_ros2/install/wheeltec_robot_urdf/share/wheeltec_robot_urdf/meshes/top_4wd_bs_meshes/base_link.STL
[0.856s] -- Up-to-date symlink: /home/wheeltec/wheeltec_ros2/install/wheeltec_robot_urdf/share/wheeltec_robot_urdf/meshes/top_4wd_bs_meshes/camera_link.STL
[0.856s] -- Up-to-date symlink: /home/wheeltec/wheeltec_ros2/install/wheeltec_robot_urdf/share/wheeltec_robot_urdf/meshes/top_4wd_bs_meshes/controller_link.STL
[0.857s] -- Up-to-date symlink: /home/wheeltec/wheeltec_ros2/install/wheeltec_robot_urdf/share/wheeltec_robot_urdf/meshes/top_4wd_bs_meshes/laser_link.STL
[0.858s] -- Up-to-date symlink: /home/wheeltec/wheeltec_ros2/install/wheeltec_robot_urdf/share/wheeltec_robot_urdf/meshes/top_4wd_bs_meshes/lb_wheel_link.STL
[0.858s] -- Up-to-date symlink: /home/wheeltec/wheeltec_ros2/install/wheeltec_robot_urdf/share/wheeltec_robot_urdf/meshes/top_4wd_bs_meshes/lf_wheel_link.STL
[0.858s] -- Up-to-date symlink: /home/wheeltec/wheeltec_ros2/install/wheeltec_robot_urdf/share/wheeltec_robot_urdf/meshes/top_4wd_bs_meshes/rb_wheel_link.STL
[0.858s] -- Up-to-date symlink: /home/wheeltec/wheeltec_ros2/install/wheeltec_robot_urdf/share/wheeltec_robot_urdf/meshes/top_4wd_bs_meshes/rf_wheel_link.STL
[0.858s] -- Up-to-date symlink: /home/wheeltec/wheeltec_ros2/install/wheeltec_robot_urdf/share/wheeltec_robot_urdf/meshes/top_4wd_bs_robot_meshes/base_link.STL
[0.858s] -- Up-to-date symlink: /home/wheeltec/wheeltec_ros2/install/wheeltec_robot_urdf/share/wheeltec_robot_urdf/meshes/top_4wd_bs_robot_meshes/camera_link.STL
[0.859s] -- Up-to-date symlink: /home/wheeltec/wheeltec_ros2/install/wheeltec_robot_urdf/share/wheeltec_robot_urdf/meshes/top_4wd_bs_robot_meshes/controller_link.STL
[0.859s] -- Up-to-date symlink: /home/wheeltec/wheeltec_ros2/install/wheeltec_robot_urdf/share/wheeltec_robot_urdf/meshes/top_4wd_bs_robot_meshes/laser.STL
[0.859s] -- Up-to-date symlink: /home/wheeltec/wheeltec_ros2/install/wheeltec_robot_urdf/share/wheeltec_robot_urdf/meshes/top_4wd_bs_robot_meshes/lb_wheel_link.STL
[0.859s] -- Up-to-date symlink: /home/wheeltec/wheeltec_ros2/install/wheeltec_robot_urdf/share/wheeltec_robot_urdf/meshes/top_4wd_bs_robot_meshes/lf_wheel_link.STL
[0.859s] -- Up-to-date symlink: /home/wheeltec/wheeltec_ros2/install/wheeltec_robot_urdf/share/wheeltec_robot_urdf/meshes/top_4wd_bs_robot_meshes/rb_wheel_link.STL
[0.860s] -- Up-to-date symlink: /home/wheeltec/wheeltec_ros2/install/wheeltec_robot_urdf/share/wheeltec_robot_urdf/meshes/top_4wd_bs_robot_meshes/rf_wheel_link.STL
[0.860s] -- Up-to-date symlink: /home/wheeltec/wheeltec_ros2/install/wheeltec_robot_urdf/share/wheeltec_robot_urdf/meshes/top_4wd_dl_robot_meshes/base_link.STL
[0.860s] -- Up-to-date symlink: /home/wheeltec/wheeltec_ros2/install/wheeltec_robot_urdf/share/wheeltec_robot_urdf/meshes/top_4wd_dl_robot_meshes/camera_link.STL
[0.860s] -- Up-to-date symlink: /home/wheeltec/wheeltec_ros2/install/wheeltec_robot_urdf/share/wheeltec_robot_urdf/meshes/top_4wd_dl_robot_meshes/charger_link.STL
[0.860s] -- Up-to-date symlink: /home/wheeltec/wheeltec_ros2/install/wheeltec_robot_urdf/share/wheeltec_robot_urdf/meshes/top_4wd_dl_robot_meshes/controller_link.STL
[0.861s] -- Up-to-date symlink: /home/wheeltec/wheeltec_ros2/install/wheeltec_robot_urdf/share/wheeltec_robot_urdf/meshes/top_4wd_dl_robot_meshes/laser.STL
[0.861s] -- Up-to-date symlink: /home/wheeltec/wheeltec_ros2/install/wheeltec_robot_urdf/share/wheeltec_robot_urdf/meshes/top_4wd_dl_robot_meshes/lb_wheel_link.STL
[0.861s] -- Up-to-date symlink: /home/wheeltec/wheeltec_ros2/install/wheeltec_robot_urdf/share/wheeltec_robot_urdf/meshes/top_4wd_dl_robot_meshes/lf_wheel_link.STL
[0.861s] -- Up-to-date symlink: /home/wheeltec/wheeltec_ros2/install/wheeltec_robot_urdf/share/wheeltec_robot_urdf/meshes/top_4wd_dl_robot_meshes/rb_wheel_link.STL
[0.861s] -- Up-to-date symlink: /home/wheeltec/wheeltec_ros2/install/wheeltec_robot_urdf/share/wheeltec_robot_urdf/meshes/top_4wd_dl_robot_meshes/rf_wheel_link.STL
[0.862s] -- Up-to-date symlink: /home/wheeltec/wheeltec_ros2/install/wheeltec_robot_urdf/share/wheeltec_robot_urdf/meshes/top_akm_bs_meshes/base_link.STL
[0.862s] -- Up-to-date symlink: /home/wheeltec/wheeltec_ros2/install/wheeltec_robot_urdf/share/wheeltec_robot_urdf/meshes/top_akm_bs_meshes/camera_link.STL
[0.862s] -- Up-to-date symlink: /home/wheeltec/wheeltec_ros2/install/wheeltec_robot_urdf/share/wheeltec_robot_urdf/meshes/top_akm_bs_meshes/controller_link.STL
[0.862s] -- Up-to-date symlink: /home/wheeltec/wheeltec_ros2/install/wheeltec_robot_urdf/share/wheeltec_robot_urdf/meshes/top_akm_bs_meshes/laser_link.STL
[0.862s] -- Up-to-date symlink: /home/wheeltec/wheeltec_ros2/install/wheeltec_robot_urdf/share/wheeltec_robot_urdf/meshes/top_akm_bs_meshes/lb_wheel_link.STL
[0.862s] -- Up-to-date symlink: /home/wheeltec/wheeltec_ros2/install/wheeltec_robot_urdf/share/wheeltec_robot_urdf/meshes/top_akm_bs_meshes/left1_link.STL
[0.863s] -- Up-to-date symlink: /home/wheeltec/wheeltec_ros2/install/wheeltec_robot_urdf/share/wheeltec_robot_urdf/meshes/top_akm_bs_meshes/lf_wheel_link.STL
[0.863s] -- Up-to-date symlink: /home/wheeltec/wheeltec_ros2/install/wheeltec_robot_urdf/share/wheeltec_robot_urdf/meshes/top_akm_bs_meshes/rb_wheel_link.STL
[0.863s] -- Up-to-date symlink: /home/wheeltec/wheeltec_ros2/install/wheeltec_robot_urdf/share/wheeltec_robot_urdf/meshes/top_akm_bs_meshes/rf_wheel_link.STL
[0.863s] -- Up-to-date symlink: /home/wheeltec/wheeltec_ros2/install/wheeltec_robot_urdf/share/wheeltec_robot_urdf/meshes/top_akm_bs_meshes/right1_link.STL
[0.863s] -- Up-to-date symlink: /home/wheeltec/wheeltec_ros2/install/wheeltec_robot_urdf/share/wheeltec_robot_urdf/meshes/top_akm_bs_robot_meshes/base_link.STL
[0.863s] -- Up-to-date symlink: /home/wheeltec/wheeltec_ros2/install/wheeltec_robot_urdf/share/wheeltec_robot_urdf/meshes/top_akm_bs_robot_meshes/camera_link.STL
[0.864s] -- Up-to-date symlink: /home/wheeltec/wheeltec_ros2/install/wheeltec_robot_urdf/share/wheeltec_robot_urdf/meshes/top_akm_bs_robot_meshes/controller_link.STL
[0.864s] -- Up-to-date symlink: /home/wheeltec/wheeltec_ros2/install/wheeltec_robot_urdf/share/wheeltec_robot_urdf/meshes/top_akm_bs_robot_meshes/laser.STL
[0.864s] -- Up-to-date symlink: /home/wheeltec/wheeltec_ros2/install/wheeltec_robot_urdf/share/wheeltec_robot_urdf/meshes/top_akm_bs_robot_meshes/lb_wheel_link.STL
[0.864s] -- Up-to-date symlink: /home/wheeltec/wheeltec_ros2/install/wheeltec_robot_urdf/share/wheeltec_robot_urdf/meshes/top_akm_bs_robot_meshes/left1_link.STL
[0.864s] -- Up-to-date symlink: /home/wheeltec/wheeltec_ros2/install/wheeltec_robot_urdf/share/wheeltec_robot_urdf/meshes/top_akm_bs_robot_meshes/lf_wheel_link.STL
[0.864s] -- Up-to-date symlink: /home/wheeltec/wheeltec_ros2/install/wheeltec_robot_urdf/share/wheeltec_robot_urdf/meshes/top_akm_bs_robot_meshes/rb_wheel_link.STL
[0.864s] -- Up-to-date symlink: /home/wheeltec/wheeltec_ros2/install/wheeltec_robot_urdf/share/wheeltec_robot_urdf/meshes/top_akm_bs_robot_meshes/rf_wheel_link.STL
[0.865s] -- Up-to-date symlink: /home/wheeltec/wheeltec_ros2/install/wheeltec_robot_urdf/share/wheeltec_robot_urdf/meshes/top_akm_bs_robot_meshes/right1_link.STL
[0.865s] -- Up-to-date symlink: /home/wheeltec/wheeltec_ros2/install/wheeltec_robot_urdf/share/wheeltec_robot_urdf/meshes/top_akm_dl_meshes/base_link.STL
[0.865s] -- Up-to-date symlink: /home/wheeltec/wheeltec_ros2/install/wheeltec_robot_urdf/share/wheeltec_robot_urdf/meshes/top_akm_dl_meshes/camera_link.STL
[0.865s] -- Up-to-date symlink: /home/wheeltec/wheeltec_ros2/install/wheeltec_robot_urdf/share/wheeltec_robot_urdf/meshes/top_akm_dl_meshes/controller_link.STL
[0.865s] -- Up-to-date symlink: /home/wheeltec/wheeltec_ros2/install/wheeltec_robot_urdf/share/wheeltec_robot_urdf/meshes/top_akm_dl_meshes/laser_link.STL
[0.865s] -- Up-to-date symlink: /home/wheeltec/wheeltec_ros2/install/wheeltec_robot_urdf/share/wheeltec_robot_urdf/meshes/top_akm_dl_meshes/lb_wheel_link.STL
[0.865s] -- Up-to-date symlink: /home/wheeltec/wheeltec_ros2/install/wheeltec_robot_urdf/share/wheeltec_robot_urdf/meshes/top_akm_dl_meshes/left1_link.STL
[0.866s] -- Up-to-date symlink: /home/wheeltec/wheeltec_ros2/install/wheeltec_robot_urdf/share/wheeltec_robot_urdf/meshes/top_akm_dl_meshes/lf_wheel_link.STL
[0.866s] -- Up-to-date symlink: /home/wheeltec/wheeltec_ros2/install/wheeltec_robot_urdf/share/wheeltec_robot_urdf/meshes/top_akm_dl_meshes/rb_wheel_link.STL
[0.866s] -- Up-to-date symlink: /home/wheeltec/wheeltec_ros2/install/wheeltec_robot_urdf/share/wheeltec_robot_urdf/meshes/top_akm_dl_meshes/rf_wheel_link.STL
[0.866s] -- Up-to-date symlink: /home/wheeltec/wheeltec_ros2/install/wheeltec_robot_urdf/share/wheeltec_robot_urdf/meshes/top_akm_dl_meshes/right1_link.STL
[0.866s] -- Up-to-date symlink: /home/wheeltec/wheeltec_ros2/install/wheeltec_robot_urdf/share/wheeltec_robot_urdf/meshes/top_akm_dl_robot_meshes/base_link.STL
[0.866s] -- Up-to-date symlink: /home/wheeltec/wheeltec_ros2/install/wheeltec_robot_urdf/share/wheeltec_robot_urdf/meshes/top_akm_dl_robot_meshes/camera_link.STL
[0.866s] -- Up-to-date symlink: /home/wheeltec/wheeltec_ros2/install/wheeltec_robot_urdf/share/wheeltec_robot_urdf/meshes/top_akm_dl_robot_meshes/controller_link.STL
[0.866s] -- Up-to-date symlink: /home/wheeltec/wheeltec_ros2/install/wheeltec_robot_urdf/share/wheeltec_robot_urdf/meshes/top_akm_dl_robot_meshes/laser.STL
[0.866s] -- Up-to-date symlink: /home/wheeltec/wheeltec_ros2/install/wheeltec_robot_urdf/share/wheeltec_robot_urdf/meshes/top_akm_dl_robot_meshes/lb_wheel_link.STL
[0.867s] -- Up-to-date symlink: /home/wheeltec/wheeltec_ros2/install/wheeltec_robot_urdf/share/wheeltec_robot_urdf/meshes/top_akm_dl_robot_meshes/left1_link.STL
[0.867s] -- Up-to-date symlink: /home/wheeltec/wheeltec_ros2/install/wheeltec_robot_urdf/share/wheeltec_robot_urdf/meshes/top_akm_dl_robot_meshes/lf_wheel_link.STL
[0.867s] -- Up-to-date symlink: /home/wheeltec/wheeltec_ros2/install/wheeltec_robot_urdf/share/wheeltec_robot_urdf/meshes/top_akm_dl_robot_meshes/rb_wheel_link.STL
[0.867s] -- Up-to-date symlink: /home/wheeltec/wheeltec_ros2/install/wheeltec_robot_urdf/share/wheeltec_robot_urdf/meshes/top_akm_dl_robot_meshes/rf_wheel_link.STL
[0.867s] -- Up-to-date symlink: /home/wheeltec/wheeltec_ros2/install/wheeltec_robot_urdf/share/wheeltec_robot_urdf/meshes/top_akm_dl_robot_meshes/right1_link.STL
[0.867s] -- Up-to-date symlink: /home/wheeltec/wheeltec_ros2/install/wheeltec_robot_urdf/share/wheeltec_robot_urdf/meshes/top_mec_EightDrive_robot_meshes/base_link.STL
[0.867s] -- Up-to-date symlink: /home/wheeltec/wheeltec_ros2/install/wheeltec_robot_urdf/share/wheeltec_robot_urdf/meshes/top_mec_EightDrive_robot_meshes/camera_link.STL
[0.867s] -- Up-to-date symlink: /home/wheeltec/wheeltec_ros2/install/wheeltec_robot_urdf/share/wheeltec_robot_urdf/meshes/top_mec_EightDrive_robot_meshes/controller_link.STL
[0.867s] -- Up-to-date symlink: /home/wheeltec/wheeltec_ros2/install/wheeltec_robot_urdf/share/wheeltec_robot_urdf/meshes/top_mec_EightDrive_robot_meshes/laser.STL
[0.867s] -- Up-to-date symlink: /home/wheeltec/wheeltec_ros2/install/wheeltec_robot_urdf/share/wheeltec_robot_urdf/meshes/top_mec_EightDrive_robot_meshes/left_wheel1_link.STL
[0.869s] -- Up-to-date symlink: /home/wheeltec/wheeltec_ros2/install/wheeltec_robot_urdf/share/wheeltec_robot_urdf/meshes/top_mec_EightDrive_robot_meshes/left_wheel2_link.STL
[0.870s] -- Up-to-date symlink: /home/wheeltec/wheeltec_ros2/install/wheeltec_robot_urdf/share/wheeltec_robot_urdf/meshes/top_mec_EightDrive_robot_meshes/left_wheel3_link.STL
[0.870s] -- Up-to-date symlink: /home/wheeltec/wheeltec_ros2/install/wheeltec_robot_urdf/share/wheeltec_robot_urdf/meshes/top_mec_EightDrive_robot_meshes/left_wheel4_link.STL
[0.870s] -- Up-to-date symlink: /home/wheeltec/wheeltec_ros2/install/wheeltec_robot_urdf/share/wheeltec_robot_urdf/meshes/top_mec_EightDrive_robot_meshes/right_wheel1_link.STL
[0.870s] -- Up-to-date symlink: /home/wheeltec/wheeltec_ros2/install/wheeltec_robot_urdf/share/wheeltec_robot_urdf/meshes/top_mec_EightDrive_robot_meshes/right_wheel2_link.STL
[0.870s] -- Up-to-date symlink: /home/wheeltec/wheeltec_ros2/install/wheeltec_robot_urdf/share/wheeltec_robot_urdf/meshes/top_mec_EightDrive_robot_meshes/right_wheel3_link.STL
[0.870s] -- Up-to-date symlink: /home/wheeltec/wheeltec_ros2/install/wheeltec_robot_urdf/share/wheeltec_robot_urdf/meshes/top_mec_EightDrive_robot_meshes/right_wheel4_link.STL
[0.870s] -- Up-to-date symlink: /home/wheeltec/wheeltec_ros2/install/wheeltec_robot_urdf/share/wheeltec_robot_urdf/meshes/top_mec_bs_robot_meshes/base_link.STL
[0.871s] -- Up-to-date symlink: /home/wheeltec/wheeltec_ros2/install/wheeltec_robot_urdf/share/wheeltec_robot_urdf/meshes/top_mec_bs_robot_meshes/camera_link.STL
[0.871s] -- Up-to-date symlink: /home/wheeltec/wheeltec_ros2/install/wheeltec_robot_urdf/share/wheeltec_robot_urdf/meshes/top_mec_bs_robot_meshes/controller_link.STL
[0.871s] -- Up-to-date symlink: /home/wheeltec/wheeltec_ros2/install/wheeltec_robot_urdf/share/wheeltec_robot_urdf/meshes/top_mec_bs_robot_meshes/laser.STL
[0.871s] -- Up-to-date symlink: /home/wheeltec/wheeltec_ros2/install/wheeltec_robot_urdf/share/wheeltec_robot_urdf/meshes/top_mec_bs_robot_meshes/lb_wheel_link.STL
[0.871s] -- Up-to-date symlink: /home/wheeltec/wheeltec_ros2/install/wheeltec_robot_urdf/share/wheeltec_robot_urdf/meshes/top_mec_bs_robot_meshes/lf_wheel_link.STL
[0.871s] -- Up-to-date symlink: /home/wheeltec/wheeltec_ros2/install/wheeltec_robot_urdf/share/wheeltec_robot_urdf/meshes/top_mec_bs_robot_meshes/rb_wheel_link.STL
[0.871s] -- Up-to-date symlink: /home/wheeltec/wheeltec_ros2/install/wheeltec_robot_urdf/share/wheeltec_robot_urdf/meshes/top_mec_bs_robot_meshes/rf_wheel_link.STL
[0.871s] -- Up-to-date symlink: /home/wheeltec/wheeltec_ros2/install/wheeltec_robot_urdf/share/wheeltec_robot_urdf/meshes/top_mec_dl_robot_meshes/base_link.STL
[0.871s] -- Up-to-date symlink: /home/wheeltec/wheeltec_ros2/install/wheeltec_robot_urdf/share/wheeltec_robot_urdf/meshes/top_mec_dl_robot_meshes/camera_link.STL
[0.872s] -- Up-to-date symlink: /home/wheeltec/wheeltec_ros2/install/wheeltec_robot_urdf/share/wheeltec_robot_urdf/meshes/top_mec_dl_robot_meshes/controller_link.STL
[0.872s] -- Up-to-date symlink: /home/wheeltec/wheeltec_ros2/install/wheeltec_robot_urdf/share/wheeltec_robot_urdf/meshes/top_mec_dl_robot_meshes/laser.STL
[0.872s] -- Up-to-date symlink: /home/wheeltec/wheeltec_ros2/install/wheeltec_robot_urdf/share/wheeltec_robot_urdf/meshes/top_mec_dl_robot_meshes/lb_wheel_link.STL
[0.872s] -- Up-to-date symlink: /home/wheeltec/wheeltec_ros2/install/wheeltec_robot_urdf/share/wheeltec_robot_urdf/meshes/top_mec_dl_robot_meshes/lf_wheel_link.STL
[0.872s] -- Up-to-date symlink: /home/wheeltec/wheeltec_ros2/install/wheeltec_robot_urdf/share/wheeltec_robot_urdf/meshes/top_mec_dl_robot_meshes/rb_wheel_link.STL
[0.872s] -- Up-to-date symlink: /home/wheeltec/wheeltec_ros2/install/wheeltec_robot_urdf/share/wheeltec_robot_urdf/meshes/top_mec_dl_robot_meshes/rf_wheel_link.STL
[0.872s] -- Up-to-date symlink: /home/wheeltec/wheeltec_ros2/install/wheeltec_robot_urdf/share/wheeltec_robot_urdf/meshes/top_omni_robot_meshes/base_link.STL
[0.872s] -- Up-to-date symlink: /home/wheeltec/wheeltec_ros2/install/wheeltec_robot_urdf/share/wheeltec_robot_urdf/meshes/top_omni_robot_meshes/camera_link.STL
[0.872s] -- Up-to-date symlink: /home/wheeltec/wheeltec_ros2/install/wheeltec_robot_urdf/share/wheeltec_robot_urdf/meshes/top_omni_robot_meshes/controller_link.STL
[0.873s] -- Up-to-date symlink: /home/wheeltec/wheeltec_ros2/install/wheeltec_robot_urdf/share/wheeltec_robot_urdf/meshes/top_omni_robot_meshes/laser.STL
[0.873s] -- Up-to-date symlink: /home/wheeltec/wheeltec_ros2/install/wheeltec_robot_urdf/share/wheeltec_robot_urdf/meshes/top_omni_robot_meshes/quanxiang_wheel1_link.STL
[0.873s] -- Up-to-date symlink: /home/wheeltec/wheeltec_ros2/install/wheeltec_robot_urdf/share/wheeltec_robot_urdf/meshes/top_omni_robot_meshes/quanxiang_wheel2_link.STL
[0.873s] -- Up-to-date symlink: /home/wheeltec/wheeltec_ros2/install/wheeltec_robot_urdf/share/wheeltec_robot_urdf/meshes/top_omni_robot_meshes/quanxiang_wheel3_link.STL
[0.873s] -- Up-to-date symlink: /home/wheeltec/wheeltec_ros2/install/wheeltec_robot_urdf/share/wheeltec_robot_urdf/meshes/wheels/left_tire.stl
[0.873s] -- Up-to-date symlink: /home/wheeltec/wheeltec_ros2/install/wheeltec_robot_urdf/share/wheeltec_robot_urdf/meshes/wheels/right_tire.stl
[0.874s] -- Up-to-date symlink: /home/wheeltec/wheeltec_ros2/install/wheeltec_robot_urdf/share/wheeltec_robot_urdf/rviz/model.rviz
[0.874s] -- Up-to-date symlink: /home/wheeltec/wheeltec_ros2/install/wheeltec_robot_urdf/share/wheeltec_robot_urdf/urdf/R550A_PLUS_4wd_arm_robot.urdf
[0.874s] -- Up-to-date symlink: /home/wheeltec/wheeltec_ros2/install/wheeltec_robot_urdf/share/wheeltec_robot_urdf/urdf/R550A_PLUS_diff_arm_robot.urdf
[0.874s] -- Up-to-date symlink: /home/wheeltec/wheeltec_ros2/install/wheeltec_robot_urdf/share/wheeltec_robot_urdf/urdf/R550A_PLUS_mec_arm_robot.urdf
[0.874s] -- Up-to-date symlink: /home/wheeltec/wheeltec_ros2/install/wheeltec_robot_urdf/share/wheeltec_robot_urdf/urdf/S100_diff_robot.urdf
[0.875s] -- Up-to-date symlink: /home/wheeltec/wheeltec_ros2/install/wheeltec_robot_urdf/share/wheeltec_robot_urdf/urdf/S200_diff_robot.urdf
[0.875s] -- Up-to-date symlink: /home/wheeltec/wheeltec_ros2/install/wheeltec_robot_urdf/share/wheeltec_robot_urdf/urdf/V550_4wd_robot.urdf
[0.875s] -- Up-to-date symlink: /home/wheeltec/wheeltec_ros2/install/wheeltec_robot_urdf/share/wheeltec_robot_urdf/urdf/V550_akm_robot.urdf
[0.875s] -- Up-to-date symlink: /home/wheeltec/wheeltec_ros2/install/wheeltec_robot_urdf/share/wheeltec_robot_urdf/urdf/V550_mec_robot.urdf
[0.876s] -- Up-to-date symlink: /home/wheeltec/wheeltec_ros2/install/wheeltec_robot_urdf/share/wheeltec_robot_urdf/urdf/autoware_s200_dual_antenna_robot.urdf
[0.876s] -- Up-to-date symlink: /home/wheeltec/wheeltec_ros2/install/wheeltec_robot_urdf/share/wheeltec_robot_urdf/urdf/autoware_s200_single_antenna_robot.urdf
[0.876s] -- Up-to-date symlink: /home/wheeltec/wheeltec_ros2/install/wheeltec_robot_urdf/share/wheeltec_robot_urdf/urdf/autoware_senior_akm_robot.urdf
[0.876s] -- Up-to-date symlink: /home/wheeltec/wheeltec_ros2/install/wheeltec_robot_urdf/share/wheeltec_robot_urdf/urdf/autoware_top_akm_dual_antenna_robot.urdf
[0.876s] -- Up-to-date symlink: /home/wheeltec/wheeltec_ros2/install/wheeltec_robot_urdf/share/wheeltec_robot_urdf/urdf/autoware_top_akm_single_antenna_robot.urdf
[0.876s] -- Up-to-date symlink: /home/wheeltec/wheeltec_ros2/install/wheeltec_robot_urdf/share/wheeltec_robot_urdf/urdf/brushless_senior_diff_robot.urdf
[0.876s] -- Up-to-date symlink: /home/wheeltec/wheeltec_ros2/install/wheeltec_robot_urdf/share/wheeltec_robot_urdf/urdf/flagship_4wd_bs_robot.urdf
[0.876s] -- Up-to-date symlink: /home/wheeltec/wheeltec_ros2/install/wheeltec_robot_urdf/share/wheeltec_robot_urdf/urdf/flagship_4wd_dl_robot.urdf
[0.876s] -- Up-to-date symlink: /home/wheeltec/wheeltec_ros2/install/wheeltec_robot_urdf/share/wheeltec_robot_urdf/urdf/flagship_four_wheel_diff_bs_robot.urdf
[0.877s] -- Up-to-date symlink: /home/wheeltec/wheeltec_ros2/install/wheeltec_robot_urdf/share/wheeltec_robot_urdf/urdf/flagship_four_wheel_diff_dl_robot.urdf
[0.877s] -- Up-to-date symlink: /home/wheeltec/wheeltec_ros2/install/wheeltec_robot_urdf/share/wheeltec_robot_urdf/urdf/flagship_mec_bs_robot.urdf
[0.877s] -- Up-to-date symlink: /home/wheeltec/wheeltec_ros2/install/wheeltec_robot_urdf/share/wheeltec_robot_urdf/urdf/flagship_mec_dl_robot.urdf
[0.877s] -- Up-to-date symlink: /home/wheeltec/wheeltec_ros2/install/wheeltec_robot_urdf/share/wheeltec_robot_urdf/urdf/mini_4wd_moveit_four.urdf
[0.877s] -- Up-to-date symlink: /home/wheeltec/wheeltec_ros2/install/wheeltec_robot_urdf/share/wheeltec_robot_urdf/urdf/mini_4wd_robot.urdf
[0.877s] -- Up-to-date symlink: /home/wheeltec/wheeltec_ros2/install/wheeltec_robot_urdf/share/wheeltec_robot_urdf/urdf/mini_akm_robot.urdf
[0.877s] -- Up-to-date symlink: /home/wheeltec/wheeltec_ros2/install/wheeltec_robot_urdf/share/wheeltec_robot_urdf/urdf/mini_diff_robot.urdf
[0.877s] -- Up-to-date symlink: /home/wheeltec/wheeltec_ros2/install/wheeltec_robot_urdf/share/wheeltec_robot_urdf/urdf/mini_mec_moveit_four.urdf
[0.878s] -- Up-to-date symlink: /home/wheeltec/wheeltec_ros2/install/wheeltec_robot_urdf/share/wheeltec_robot_urdf/urdf/mini_mec_moveit_six.urdf
[0.878s] -- Up-to-date symlink: /home/wheeltec/wheeltec_ros2/install/wheeltec_robot_urdf/share/wheeltec_robot_urdf/urdf/mini_mec_robot.urdf
[0.878s] -- Up-to-date symlink: /home/wheeltec/wheeltec_ros2/install/wheeltec_robot_urdf/share/wheeltec_robot_urdf/urdf/mini_omni_robot.urdf
[0.878s] -- Up-to-date symlink: /home/wheeltec/wheeltec_ros2/install/wheeltec_robot_urdf/share/wheeltec_robot_urdf/urdf/mini_tank_moveit_four.urdf
[0.878s] -- Up-to-date symlink: /home/wheeltec/wheeltec_ros2/install/wheeltec_robot_urdf/share/wheeltec_robot_urdf/urdf/mini_tank_robot.urdf
[0.878s] -- Up-to-date symlink: /home/wheeltec/wheeltec_ros2/install/wheeltec_robot_urdf/share/wheeltec_robot_urdf/urdf/r3S_4wd_robot.urdf
[0.878s] -- Up-to-date symlink: /home/wheeltec/wheeltec_ros2/install/wheeltec_robot_urdf/share/wheeltec_robot_urdf/urdf/r3s_mec_robot.urdf
[0.878s] -- Up-to-date symlink: /home/wheeltec/wheeltec_ros2/install/wheeltec_robot_urdf/share/wheeltec_robot_urdf/urdf/s300_mini_robot.urdf
[0.878s] -- Up-to-date symlink: /home/wheeltec/wheeltec_ros2/install/wheeltec_robot_urdf/share/wheeltec_robot_urdf/urdf/s300_yw_robot.urdf
[0.879s] -- Up-to-date symlink: /home/wheeltec/wheeltec_ros2/install/wheeltec_robot_urdf/share/wheeltec_robot_urdf/urdf/senior_4wd_bs_robot.urdf
[0.879s] -- Up-to-date symlink: /home/wheeltec/wheeltec_ros2/install/wheeltec_robot_urdf/share/wheeltec_robot_urdf/urdf/senior_4wd_dl_robot.urdf
[0.879s] -- Up-to-date symlink: /home/wheeltec/wheeltec_ros2/install/wheeltec_robot_urdf/share/wheeltec_robot_urdf/urdf/senior_akm_robot.urdf
[0.879s] -- Up-to-date symlink: /home/wheeltec/wheeltec_ros2/install/wheeltec_robot_urdf/share/wheeltec_robot_urdf/urdf/senior_diff_robot.urdf
[0.879s] -- Up-to-date symlink: /home/wheeltec/wheeltec_ros2/install/wheeltec_robot_urdf/share/wheeltec_robot_urdf/urdf/senior_mec_bs_robot.urdf
[0.879s] -- Up-to-date symlink: /home/wheeltec/wheeltec_ros2/install/wheeltec_robot_urdf/share/wheeltec_robot_urdf/urdf/senior_mec_dl_robot.urdf
[0.879s] -- Up-to-date symlink: /home/wheeltec/wheeltec_ros2/install/wheeltec_robot_urdf/share/wheeltec_robot_urdf/urdf/senior_omni_robot.urdf
[0.879s] -- Up-to-date symlink: /home/wheeltec/wheeltec_ros2/install/wheeltec_robot_urdf/share/wheeltec_robot_urdf/urdf/top_4wd_bs_robot.urdf
[0.880s] -- Up-to-date symlink: /home/wheeltec/wheeltec_ros2/install/wheeltec_robot_urdf/share/wheeltec_robot_urdf/urdf/top_4wd_dl_robot.urdf
[0.880s] -- Up-to-date symlink: /home/wheeltec/wheeltec_ros2/install/wheeltec_robot_urdf/share/wheeltec_robot_urdf/urdf/top_akm_bs_robot.urdf
[0.880s] -- Up-to-date symlink: /home/wheeltec/wheeltec_ros2/install/wheeltec_robot_urdf/share/wheeltec_robot_urdf/urdf/top_akm_dl_robot.urdf
[0.880s] -- Up-to-date symlink: /home/wheeltec/wheeltec_ros2/install/wheeltec_robot_urdf/share/wheeltec_robot_urdf/urdf/top_mec_EightDrive_robot.urdf
[0.880s] -- Up-to-date symlink: /home/wheeltec/wheeltec_ros2/install/wheeltec_robot_urdf/share/wheeltec_robot_urdf/urdf/top_mec_bs_robot.urdf
[0.880s] -- Up-to-date symlink: /home/wheeltec/wheeltec_ros2/install/wheeltec_robot_urdf/share/wheeltec_robot_urdf/urdf/top_mec_dl_robot.urdf
[0.880s] -- Up-to-date symlink: /home/wheeltec/wheeltec_ros2/install/wheeltec_robot_urdf/share/wheeltec_robot_urdf/urdf/top_omni_robot.urdf
[0.880s] -- Up-to-date symlink: /home/wheeltec/wheeltec_ros2/install/wheeltec_robot_urdf/share/ament_index/resource_index/package_run_dependencies/wheeltec_robot_urdf
[0.880s] -- Up-to-date symlink: /home/wheeltec/wheeltec_ros2/install/wheeltec_robot_urdf/share/ament_index/resource_index/parent_prefix_path/wheeltec_robot_urdf
[0.880s] -- Up-to-date symlink: /home/wheeltec/wheeltec_ros2/install/wheeltec_robot_urdf/share/wheeltec_robot_urdf/environment/ament_prefix_path.sh
[0.881s] -- Up-to-date symlink: /home/wheeltec/wheeltec_ros2/install/wheeltec_robot_urdf/share/wheeltec_robot_urdf/environment/ament_prefix_path.dsv
[0.881s] -- Up-to-date symlink: /home/wheeltec/wheeltec_ros2/install/wheeltec_robot_urdf/share/wheeltec_robot_urdf/environment/path.sh
[0.881s] -- Up-to-date symlink: /home/wheeltec/wheeltec_ros2/install/wheeltec_robot_urdf/share/wheeltec_robot_urdf/environment/path.dsv
[0.881s] -- Up-to-date symlink: /home/wheeltec/wheeltec_ros2/install/wheeltec_robot_urdf/share/wheeltec_robot_urdf/local_setup.bash
[0.882s] -- Up-to-date symlink: /home/wheeltec/wheeltec_ros2/install/wheeltec_robot_urdf/share/wheeltec_robot_urdf/local_setup.sh
[0.882s] -- Up-to-date symlink: /home/wheeltec/wheeltec_ros2/install/wheeltec_robot_urdf/share/wheeltec_robot_urdf/local_setup.zsh
[0.882s] -- Up-to-date symlink: /home/wheeltec/wheeltec_ros2/install/wheeltec_robot_urdf/share/wheeltec_robot_urdf/local_setup.dsv
[0.883s] -- Symlinking: /home/wheeltec/wheeltec_ros2/install/wheeltec_robot_urdf/share/wheeltec_robot_urdf/package.dsv
[0.964s] -- Up-to-date symlink: /home/wheeltec/wheeltec_ros2/install/wheeltec_robot_urdf/share/ament_index/resource_index/packages/wheeltec_robot_urdf
[0.964s] -- Up-to-date symlink: /home/wheeltec/wheeltec_ros2/install/wheeltec_robot_urdf/share/wheeltec_robot_urdf/cmake/wheeltec_robot_urdfConfig.cmake
[0.969s] -- Up-to-date symlink: /home/wheeltec/wheeltec_ros2/install/wheeltec_robot_urdf/share/wheeltec_robot_urdf/cmake/wheeltec_robot_urdfConfig-version.cmake
[0.969s] -- Up-to-date symlink: /home/wheeltec/wheeltec_ros2/install/wheeltec_robot_urdf/share/wheeltec_robot_urdf/package.xml
[0.984s] Invoked command in '/home/wheeltec/wheeltec_ros2/build/wheeltec_robot_urdf' returned '0': CMAKE_PREFIX_PATH=${CMAKE_PREFIX_PATH}:/home/wheeltec/wheeltec_ros2/install/simple_follower_ros2:/home/wheeltec/wheeltec_ros2/install/wheeltec_robot_keyboard:/home/wheeltec/wheeltec_ros2/install/wheeltec_dual_rtk_driver:/home/wheeltec/wheeltec_ros2/install/ultralytics_ros2:/home/wheeltec/wheeltec_ros2/install/tf2_tools:/home/wheeltec/wheeltec_ros2/install/ollama_ros_chat:/home/wheeltec/wheeltec_ros2/install/nmea_navsat_driver:/home/wheeltec/wheeltec_ros2/install/nav2_waypoint_cycle:/home/wheeltec/wheeltec_ros2/install/nav2_simple_commander:/home/wheeltec/wheeltec_ros2/install/largemodel:/home/wheeltec/wheeltec_ros2/install/auto_recharge_ros2:/home/wheeltec/autoware/install/autoware_wheeltec_interface:/home/wheeltec/autoware/install/ad_api_visualizers:/opt/ros/humble /usr/bin/cmake --install /home/wheeltec/wheeltec_ros2/build/wheeltec_robot_urdf
