[0.345s] DEBUG:colcon:Command line arguments: ['/usr/bin/colcon', 'build', '--packages-select', 'wheeltec_multi']
[0.345s] DEBUG:colcon:Parsed command line arguments: Namespace(log_base=None, log_level=None, verb_name='build', build_base='build', install_base='install', merge_install=False, symlink_install=False, test_result_base=None, continue_on_error=False, executor='parallel', parallel_workers=6, event_handlers=None, ignore_user_meta=False, metas=['./colcon.meta'], base_paths=['.'], packages_ignore=None, packages_ignore_regex=None, paths=None, packages_up_to=None, packages_up_to_regex=None, packages_above=None, packages_above_and_dependencies=None, packages_above_depth=None, packages_select_by_dep=None, packages_skip_by_dep=None, packages_skip_up_to=None, packages_select_build_failed=False, packages_skip_build_finished=False, packages_select_test_failures=False, packages_skip_test_passed=False, packages_select=['wheeltec_multi'], packages_skip=None, packages_select_regex=None, packages_skip_regex=None, packages_start=None, packages_end=None, allow_overriding=[], cmake_args=None, cmake_target=None, cmake_target_skip_unavailable=False, cmake_clean_cache=False, cmake_clean_first=False, cmake_force_configure=False, ament_cmake_args=None, catkin_cmake_args=None, catkin_skip_building_tests=False, verb_parser=<colcon_defaults.argument_parser.defaults.DefaultArgumentsDecorator object at 0xffff8595ac20>, verb_extension=<colcon_core.verb.build.BuildVerb object at 0xffff8595a560>, main=<bound method BuildVerb.main of <colcon_core.verb.build.BuildVerb object at 0xffff8595a560>>)
[0.905s] Level 1:colcon.colcon_core.package_discovery:discover_packages(colcon_meta) check parameters
[0.905s] Level 1:colcon.colcon_core.package_discovery:discover_packages(recursive) check parameters
[0.906s] Level 1:colcon.colcon_core.package_discovery:discover_packages(ignore) check parameters
[0.906s] Level 1:colcon.colcon_core.package_discovery:discover_packages(path) check parameters
[0.906s] Level 1:colcon.colcon_core.package_discovery:discover_packages(colcon_meta) discover
[0.906s] Level 1:colcon.colcon_core.package_discovery:discover_packages(recursive) discover
[0.906s] INFO:colcon.colcon_core.package_discovery:Crawling recursively for packages in '/home/wheeltec/wheeltec_ros2'
[0.907s] Level 1:colcon.colcon_core.package_identification:_identify(.) by extensions ['ignore', 'ignore_ament_install']
[0.907s] Level 1:colcon.colcon_core.package_identification:_identify(.) by extension 'ignore'
[0.907s] Level 1:colcon.colcon_core.package_identification:_identify(.) by extension 'ignore_ament_install'
[0.907s] Level 1:colcon.colcon_core.package_identification:_identify(.) by extensions ['colcon_pkg']
[0.907s] Level 1:colcon.colcon_core.package_identification:_identify(.) by extension 'colcon_pkg'
[0.907s] Level 1:colcon.colcon_core.package_identification:_identify(.) by extensions ['colcon_meta']
[0.907s] Level 1:colcon.colcon_core.package_identification:_identify(.) by extension 'colcon_meta'
[0.907s] Level 1:colcon.colcon_core.package_identification:_identify(.) by extensions ['ros']
[0.908s] Level 1:colcon.colcon_core.package_identification:_identify(.) by extension 'ros'
[0.961s] Level 1:colcon.colcon_core.package_identification:_identify(.) by extensions ['cmake', 'python']
[0.961s] Level 1:colcon.colcon_core.package_identification:_identify(.) by extension 'cmake'
[0.961s] Level 1:colcon.colcon_core.package_identification:_identify(.) by extension 'python'
[0.961s] Level 1:colcon.colcon_core.package_identification:_identify(.) by extensions ['python_setup_py']
[0.961s] Level 1:colcon.colcon_core.package_identification:_identify(.) by extension 'python_setup_py'
[0.962s] Level 1:colcon.colcon_core.package_identification:_identify(build) by extensions ['ignore', 'ignore_ament_install']
[0.962s] Level 1:colcon.colcon_core.package_identification:_identify(build) by extension 'ignore'
[0.962s] Level 1:colcon.colcon_core.package_identification:_identify(build) ignored
[0.963s] Level 1:colcon.colcon_core.package_identification:_identify(install) by extensions ['ignore', 'ignore_ament_install']
[0.963s] Level 1:colcon.colcon_core.package_identification:_identify(install) by extension 'ignore'
[0.963s] Level 1:colcon.colcon_core.package_identification:_identify(install) ignored
[0.963s] Level 1:colcon.colcon_core.package_identification:_identify(log) by extensions ['ignore', 'ignore_ament_install']
[0.963s] Level 1:colcon.colcon_core.package_identification:_identify(log) by extension 'ignore'
[0.963s] Level 1:colcon.colcon_core.package_identification:_identify(log) ignored
[0.964s] Level 1:colcon.colcon_core.package_identification:_identify(src) by extensions ['ignore', 'ignore_ament_install']
[0.964s] Level 1:colcon.colcon_core.package_identification:_identify(src) by extension 'ignore'
[0.964s] Level 1:colcon.colcon_core.package_identification:_identify(src) by extension 'ignore_ament_install'
[0.964s] Level 1:colcon.colcon_core.package_identification:_identify(src) by extensions ['colcon_pkg']
[0.964s] Level 1:colcon.colcon_core.package_identification:_identify(src) by extension 'colcon_pkg'
[0.964s] Level 1:colcon.colcon_core.package_identification:_identify(src) by extensions ['colcon_meta']
[0.964s] Level 1:colcon.colcon_core.package_identification:_identify(src) by extension 'colcon_meta'
[0.965s] Level 1:colcon.colcon_core.package_identification:_identify(src) by extensions ['ros']
[0.965s] Level 1:colcon.colcon_core.package_identification:_identify(src) by extension 'ros'
[0.965s] Level 1:colcon.colcon_core.package_identification:_identify(src) by extensions ['cmake', 'python']
[0.965s] Level 1:colcon.colcon_core.package_identification:_identify(src) by extension 'cmake'
[0.965s] Level 1:colcon.colcon_core.package_identification:_identify(src) by extension 'python'
[0.965s] Level 1:colcon.colcon_core.package_identification:_identify(src) by extensions ['python_setup_py']
[0.965s] Level 1:colcon.colcon_core.package_identification:_identify(src) by extension 'python_setup_py'
[0.965s] Level 1:colcon.colcon_core.package_identification:_identify(src/aruco_ros-humble-devel) by extensions ['ignore', 'ignore_ament_install']
[0.965s] Level 1:colcon.colcon_core.package_identification:_identify(src/aruco_ros-humble-devel) by extension 'ignore'
[0.966s] Level 1:colcon.colcon_core.package_identification:_identify(src/aruco_ros-humble-devel) by extension 'ignore_ament_install'
[0.966s] Level 1:colcon.colcon_core.package_identification:_identify(src/aruco_ros-humble-devel) by extensions ['colcon_pkg']
[0.966s] Level 1:colcon.colcon_core.package_identification:_identify(src/aruco_ros-humble-devel) by extension 'colcon_pkg'
[0.966s] Level 1:colcon.colcon_core.package_identification:_identify(src/aruco_ros-humble-devel) by extensions ['colcon_meta']
[0.966s] Level 1:colcon.colcon_core.package_identification:_identify(src/aruco_ros-humble-devel) by extension 'colcon_meta'
[0.966s] Level 1:colcon.colcon_core.package_identification:_identify(src/aruco_ros-humble-devel) by extensions ['ros']
[0.966s] Level 1:colcon.colcon_core.package_identification:_identify(src/aruco_ros-humble-devel) by extension 'ros'
[0.966s] Level 1:colcon.colcon_core.package_identification:_identify(src/aruco_ros-humble-devel) by extensions ['cmake', 'python']
[0.966s] Level 1:colcon.colcon_core.package_identification:_identify(src/aruco_ros-humble-devel) by extension 'cmake'
[0.966s] Level 1:colcon.colcon_core.package_identification:_identify(src/aruco_ros-humble-devel) by extension 'python'
[0.967s] Level 1:colcon.colcon_core.package_identification:_identify(src/aruco_ros-humble-devel) by extensions ['python_setup_py']
[0.967s] Level 1:colcon.colcon_core.package_identification:_identify(src/aruco_ros-humble-devel) by extension 'python_setup_py'
[0.967s] Level 1:colcon.colcon_core.package_identification:_identify(src/aruco_ros-humble-devel/aruco) by extensions ['ignore', 'ignore_ament_install']
[0.967s] Level 1:colcon.colcon_core.package_identification:_identify(src/aruco_ros-humble-devel/aruco) by extension 'ignore'
[0.967s] Level 1:colcon.colcon_core.package_identification:_identify(src/aruco_ros-humble-devel/aruco) by extension 'ignore_ament_install'
[0.967s] Level 1:colcon.colcon_core.package_identification:_identify(src/aruco_ros-humble-devel/aruco) by extensions ['colcon_pkg']
[0.967s] Level 1:colcon.colcon_core.package_identification:_identify(src/aruco_ros-humble-devel/aruco) by extension 'colcon_pkg'
[0.967s] Level 1:colcon.colcon_core.package_identification:_identify(src/aruco_ros-humble-devel/aruco) by extensions ['colcon_meta']
[0.967s] Level 1:colcon.colcon_core.package_identification:_identify(src/aruco_ros-humble-devel/aruco) by extension 'colcon_meta'
[0.968s] Level 1:colcon.colcon_core.package_identification:_identify(src/aruco_ros-humble-devel/aruco) by extensions ['ros']
[0.968s] Level 1:colcon.colcon_core.package_identification:_identify(src/aruco_ros-humble-devel/aruco) by extension 'ros'
[0.974s] DEBUG:colcon.colcon_core.package_identification:Package 'src/aruco_ros-humble-devel/aruco' with type 'ros.ament_cmake' and name 'aruco'
[0.974s] Level 1:colcon.colcon_core.package_identification:_identify(src/aruco_ros-humble-devel/aruco_msgs) by extensions ['ignore', 'ignore_ament_install']
[0.975s] Level 1:colcon.colcon_core.package_identification:_identify(src/aruco_ros-humble-devel/aruco_msgs) by extension 'ignore'
[0.975s] Level 1:colcon.colcon_core.package_identification:_identify(src/aruco_ros-humble-devel/aruco_msgs) by extension 'ignore_ament_install'
[0.975s] Level 1:colcon.colcon_core.package_identification:_identify(src/aruco_ros-humble-devel/aruco_msgs) by extensions ['colcon_pkg']
[0.975s] Level 1:colcon.colcon_core.package_identification:_identify(src/aruco_ros-humble-devel/aruco_msgs) by extension 'colcon_pkg'
[0.975s] Level 1:colcon.colcon_core.package_identification:_identify(src/aruco_ros-humble-devel/aruco_msgs) by extensions ['colcon_meta']
[0.975s] Level 1:colcon.colcon_core.package_identification:_identify(src/aruco_ros-humble-devel/aruco_msgs) by extension 'colcon_meta'
[0.975s] Level 1:colcon.colcon_core.package_identification:_identify(src/aruco_ros-humble-devel/aruco_msgs) by extensions ['ros']
[0.975s] Level 1:colcon.colcon_core.package_identification:_identify(src/aruco_ros-humble-devel/aruco_msgs) by extension 'ros'
[0.977s] DEBUG:colcon.colcon_core.package_identification:Package 'src/aruco_ros-humble-devel/aruco_msgs' with type 'ros.ament_cmake' and name 'aruco_msgs'
[0.977s] Level 1:colcon.colcon_core.package_identification:_identify(src/aruco_ros-humble-devel/aruco_ros) by extensions ['ignore', 'ignore_ament_install']
[0.978s] Level 1:colcon.colcon_core.package_identification:_identify(src/aruco_ros-humble-devel/aruco_ros) by extension 'ignore'
[0.978s] Level 1:colcon.colcon_core.package_identification:_identify(src/aruco_ros-humble-devel/aruco_ros) by extension 'ignore_ament_install'
[0.978s] Level 1:colcon.colcon_core.package_identification:_identify(src/aruco_ros-humble-devel/aruco_ros) by extensions ['colcon_pkg']
[0.978s] Level 1:colcon.colcon_core.package_identification:_identify(src/aruco_ros-humble-devel/aruco_ros) by extension 'colcon_pkg'
[0.978s] Level 1:colcon.colcon_core.package_identification:_identify(src/aruco_ros-humble-devel/aruco_ros) by extensions ['colcon_meta']
[0.978s] Level 1:colcon.colcon_core.package_identification:_identify(src/aruco_ros-humble-devel/aruco_ros) by extension 'colcon_meta'
[0.978s] Level 1:colcon.colcon_core.package_identification:_identify(src/aruco_ros-humble-devel/aruco_ros) by extensions ['ros']
[0.978s] Level 1:colcon.colcon_core.package_identification:_identify(src/aruco_ros-humble-devel/aruco_ros) by extension 'ros'
[0.981s] DEBUG:colcon.colcon_core.package_identification:Package 'src/aruco_ros-humble-devel/aruco_ros' with type 'ros.ament_cmake' and name 'aruco_ros'
[0.981s] Level 1:colcon.colcon_core.package_identification:_identify(src/auto_recharge_ros2) by extensions ['ignore', 'ignore_ament_install']
[0.981s] Level 1:colcon.colcon_core.package_identification:_identify(src/auto_recharge_ros2) by extension 'ignore'
[0.981s] Level 1:colcon.colcon_core.package_identification:_identify(src/auto_recharge_ros2) by extension 'ignore_ament_install'
[0.982s] Level 1:colcon.colcon_core.package_identification:_identify(src/auto_recharge_ros2) by extensions ['colcon_pkg']
[0.982s] Level 1:colcon.colcon_core.package_identification:_identify(src/auto_recharge_ros2) by extension 'colcon_pkg'
[0.982s] Level 1:colcon.colcon_core.package_identification:_identify(src/auto_recharge_ros2) by extensions ['colcon_meta']
[0.982s] Level 1:colcon.colcon_core.package_identification:_identify(src/auto_recharge_ros2) by extension 'colcon_meta'
[0.982s] Level 1:colcon.colcon_core.package_identification:_identify(src/auto_recharge_ros2) by extensions ['ros']
[0.982s] Level 1:colcon.colcon_core.package_identification:_identify(src/auto_recharge_ros2) by extension 'ros'
[0.984s] DEBUG:colcon.colcon_core.package_identification:Package 'src/auto_recharge_ros2' with type 'ros.ament_python' and name 'auto_recharge_ros2'
[0.984s] Level 1:colcon.colcon_core.package_identification:_identify(src/data) by extensions ['ignore', 'ignore_ament_install']
[0.984s] Level 1:colcon.colcon_core.package_identification:_identify(src/data) by extension 'ignore'
[0.984s] Level 1:colcon.colcon_core.package_identification:_identify(src/data) by extension 'ignore_ament_install'
[0.984s] Level 1:colcon.colcon_core.package_identification:_identify(src/data) by extensions ['colcon_pkg']
[0.985s] Level 1:colcon.colcon_core.package_identification:_identify(src/data) by extension 'colcon_pkg'
[0.985s] Level 1:colcon.colcon_core.package_identification:_identify(src/data) by extensions ['colcon_meta']
[0.985s] Level 1:colcon.colcon_core.package_identification:_identify(src/data) by extension 'colcon_meta'
[0.985s] Level 1:colcon.colcon_core.package_identification:_identify(src/data) by extensions ['ros']
[0.985s] Level 1:colcon.colcon_core.package_identification:_identify(src/data) by extension 'ros'
[0.985s] Level 1:colcon.colcon_core.package_identification:_identify(src/data) by extensions ['cmake', 'python']
[0.985s] Level 1:colcon.colcon_core.package_identification:_identify(src/data) by extension 'cmake'
[0.985s] Level 1:colcon.colcon_core.package_identification:_identify(src/data) by extension 'python'
[0.985s] Level 1:colcon.colcon_core.package_identification:_identify(src/data) by extensions ['python_setup_py']
[0.985s] Level 1:colcon.colcon_core.package_identification:_identify(src/data) by extension 'python_setup_py'
[0.986s] Level 1:colcon.colcon_core.package_identification:_identify(src/data/LEGO-LOAM) by extensions ['ignore', 'ignore_ament_install']
[0.986s] Level 1:colcon.colcon_core.package_identification:_identify(src/data/LEGO-LOAM) by extension 'ignore'
[0.986s] Level 1:colcon.colcon_core.package_identification:_identify(src/data/LEGO-LOAM) by extension 'ignore_ament_install'
[0.986s] Level 1:colcon.colcon_core.package_identification:_identify(src/data/LEGO-LOAM) by extensions ['colcon_pkg']
[0.986s] Level 1:colcon.colcon_core.package_identification:_identify(src/data/LEGO-LOAM) by extension 'colcon_pkg'
[0.986s] Level 1:colcon.colcon_core.package_identification:_identify(src/data/LEGO-LOAM) by extensions ['colcon_meta']
[0.986s] Level 1:colcon.colcon_core.package_identification:_identify(src/data/LEGO-LOAM) by extension 'colcon_meta'
[0.986s] Level 1:colcon.colcon_core.package_identification:_identify(src/data/LEGO-LOAM) by extensions ['ros']
[0.986s] Level 1:colcon.colcon_core.package_identification:_identify(src/data/LEGO-LOAM) by extension 'ros'
[0.986s] Level 1:colcon.colcon_core.package_identification:_identify(src/data/LEGO-LOAM) by extensions ['cmake', 'python']
[0.987s] Level 1:colcon.colcon_core.package_identification:_identify(src/data/LEGO-LOAM) by extension 'cmake'
[0.987s] Level 1:colcon.colcon_core.package_identification:_identify(src/data/LEGO-LOAM) by extension 'python'
[0.987s] Level 1:colcon.colcon_core.package_identification:_identify(src/data/LEGO-LOAM) by extensions ['python_setup_py']
[0.987s] Level 1:colcon.colcon_core.package_identification:_identify(src/data/LEGO-LOAM) by extension 'python_setup_py'
[0.987s] Level 1:colcon.colcon_core.package_identification:_identify(src/data/LIO-SAM) by extensions ['ignore', 'ignore_ament_install']
[0.987s] Level 1:colcon.colcon_core.package_identification:_identify(src/data/LIO-SAM) by extension 'ignore'
[0.987s] Level 1:colcon.colcon_core.package_identification:_identify(src/data/LIO-SAM) by extension 'ignore_ament_install'
[0.987s] Level 1:colcon.colcon_core.package_identification:_identify(src/data/LIO-SAM) by extensions ['colcon_pkg']
[0.987s] Level 1:colcon.colcon_core.package_identification:_identify(src/data/LIO-SAM) by extension 'colcon_pkg'
[0.988s] Level 1:colcon.colcon_core.package_identification:_identify(src/data/LIO-SAM) by extensions ['colcon_meta']
[0.988s] Level 1:colcon.colcon_core.package_identification:_identify(src/data/LIO-SAM) by extension 'colcon_meta'
[0.988s] Level 1:colcon.colcon_core.package_identification:_identify(src/data/LIO-SAM) by extensions ['ros']
[0.988s] Level 1:colcon.colcon_core.package_identification:_identify(src/data/LIO-SAM) by extension 'ros'
[0.988s] Level 1:colcon.colcon_core.package_identification:_identify(src/data/LIO-SAM) by extensions ['cmake', 'python']
[0.988s] Level 1:colcon.colcon_core.package_identification:_identify(src/data/LIO-SAM) by extension 'cmake'
[0.988s] Level 1:colcon.colcon_core.package_identification:_identify(src/data/LIO-SAM) by extension 'python'
[0.988s] Level 1:colcon.colcon_core.package_identification:_identify(src/data/LIO-SAM) by extensions ['python_setup_py']
[0.988s] Level 1:colcon.colcon_core.package_identification:_identify(src/data/LIO-SAM) by extension 'python_setup_py'
[0.988s] Level 1:colcon.colcon_core.package_identification:_identify(src/data/cartographer) by extensions ['ignore', 'ignore_ament_install']
[0.989s] Level 1:colcon.colcon_core.package_identification:_identify(src/data/cartographer) by extension 'ignore'
[0.989s] Level 1:colcon.colcon_core.package_identification:_identify(src/data/cartographer) by extension 'ignore_ament_install'
[0.989s] Level 1:colcon.colcon_core.package_identification:_identify(src/data/cartographer) by extensions ['colcon_pkg']
[0.989s] Level 1:colcon.colcon_core.package_identification:_identify(src/data/cartographer) by extension 'colcon_pkg'
[0.989s] Level 1:colcon.colcon_core.package_identification:_identify(src/data/cartographer) by extensions ['colcon_meta']
[0.989s] Level 1:colcon.colcon_core.package_identification:_identify(src/data/cartographer) by extension 'colcon_meta'
[0.989s] Level 1:colcon.colcon_core.package_identification:_identify(src/data/cartographer) by extensions ['ros']
[0.989s] Level 1:colcon.colcon_core.package_identification:_identify(src/data/cartographer) by extension 'ros'
[0.989s] Level 1:colcon.colcon_core.package_identification:_identify(src/data/cartographer) by extensions ['cmake', 'python']
[0.989s] Level 1:colcon.colcon_core.package_identification:_identify(src/data/cartographer) by extension 'cmake'
[0.989s] Level 1:colcon.colcon_core.package_identification:_identify(src/data/cartographer) by extension 'python'
[0.990s] Level 1:colcon.colcon_core.package_identification:_identify(src/data/cartographer) by extensions ['python_setup_py']
[0.990s] Level 1:colcon.colcon_core.package_identification:_identify(src/data/cartographer) by extension 'python_setup_py'
[0.990s] Level 1:colcon.colcon_core.package_identification:_identify(src/data/cartographer/carto_map) by extensions ['ignore', 'ignore_ament_install']
[0.990s] Level 1:colcon.colcon_core.package_identification:_identify(src/data/cartographer/carto_map) by extension 'ignore'
[0.990s] Level 1:colcon.colcon_core.package_identification:_identify(src/data/cartographer/carto_map) by extension 'ignore_ament_install'
[0.990s] Level 1:colcon.colcon_core.package_identification:_identify(src/data/cartographer/carto_map) by extensions ['colcon_pkg']
[0.990s] Level 1:colcon.colcon_core.package_identification:_identify(src/data/cartographer/carto_map) by extension 'colcon_pkg'
[0.990s] Level 1:colcon.colcon_core.package_identification:_identify(src/data/cartographer/carto_map) by extensions ['colcon_meta']
[0.990s] Level 1:colcon.colcon_core.package_identification:_identify(src/data/cartographer/carto_map) by extension 'colcon_meta'
[0.991s] Level 1:colcon.colcon_core.package_identification:_identify(src/data/cartographer/carto_map) by extensions ['ros']
[0.991s] Level 1:colcon.colcon_core.package_identification:_identify(src/data/cartographer/carto_map) by extension 'ros'
[0.991s] Level 1:colcon.colcon_core.package_identification:_identify(src/data/cartographer/carto_map) by extensions ['cmake', 'python']
[0.991s] Level 1:colcon.colcon_core.package_identification:_identify(src/data/cartographer/carto_map) by extension 'cmake'
[0.991s] Level 1:colcon.colcon_core.package_identification:_identify(src/data/cartographer/carto_map) by extension 'python'
[0.991s] Level 1:colcon.colcon_core.package_identification:_identify(src/data/cartographer/carto_map) by extensions ['python_setup_py']
[0.991s] Level 1:colcon.colcon_core.package_identification:_identify(src/data/cartographer/carto_map) by extension 'python_setup_py'
[0.991s] Level 1:colcon.colcon_core.package_identification:_identify(src/depend) by extensions ['ignore', 'ignore_ament_install']
[0.991s] Level 1:colcon.colcon_core.package_identification:_identify(src/depend) by extension 'ignore'
[0.992s] Level 1:colcon.colcon_core.package_identification:_identify(src/depend) by extension 'ignore_ament_install'
[0.992s] Level 1:colcon.colcon_core.package_identification:_identify(src/depend) by extensions ['colcon_pkg']
[0.992s] Level 1:colcon.colcon_core.package_identification:_identify(src/depend) by extension 'colcon_pkg'
[0.992s] Level 1:colcon.colcon_core.package_identification:_identify(src/depend) by extensions ['colcon_meta']
[0.992s] Level 1:colcon.colcon_core.package_identification:_identify(src/depend) by extension 'colcon_meta'
[0.992s] Level 1:colcon.colcon_core.package_identification:_identify(src/depend) by extensions ['ros']
[0.992s] Level 1:colcon.colcon_core.package_identification:_identify(src/depend) by extension 'ros'
[0.992s] Level 1:colcon.colcon_core.package_identification:_identify(src/depend) by extensions ['cmake', 'python']
[0.992s] Level 1:colcon.colcon_core.package_identification:_identify(src/depend) by extension 'cmake'
[0.992s] Level 1:colcon.colcon_core.package_identification:_identify(src/depend) by extension 'python'
[0.992s] Level 1:colcon.colcon_core.package_identification:_identify(src/depend) by extensions ['python_setup_py']
[0.992s] Level 1:colcon.colcon_core.package_identification:_identify(src/depend) by extension 'python_setup_py'
[0.993s] Level 1:colcon.colcon_core.package_identification:_identify(src/depend/ackermann_msgs-ros2) by extensions ['ignore', 'ignore_ament_install']
[0.993s] Level 1:colcon.colcon_core.package_identification:_identify(src/depend/ackermann_msgs-ros2) by extension 'ignore'
[0.993s] Level 1:colcon.colcon_core.package_identification:_identify(src/depend/ackermann_msgs-ros2) by extension 'ignore_ament_install'
[0.993s] Level 1:colcon.colcon_core.package_identification:_identify(src/depend/ackermann_msgs-ros2) by extensions ['colcon_pkg']
[0.993s] Level 1:colcon.colcon_core.package_identification:_identify(src/depend/ackermann_msgs-ros2) by extension 'colcon_pkg'
[0.993s] Level 1:colcon.colcon_core.package_identification:_identify(src/depend/ackermann_msgs-ros2) by extensions ['colcon_meta']
[0.993s] Level 1:colcon.colcon_core.package_identification:_identify(src/depend/ackermann_msgs-ros2) by extension 'colcon_meta'
[0.993s] Level 1:colcon.colcon_core.package_identification:_identify(src/depend/ackermann_msgs-ros2) by extensions ['ros']
[0.993s] Level 1:colcon.colcon_core.package_identification:_identify(src/depend/ackermann_msgs-ros2) by extension 'ros'
[0.995s] DEBUG:colcon.colcon_core.package_identification:Package 'src/depend/ackermann_msgs-ros2' with type 'ros.ament_cmake' and name 'ackermann_msgs'
[0.995s] Level 1:colcon.colcon_core.package_identification:_identify(src/depend/serial_ros2) by extensions ['ignore', 'ignore_ament_install']
[0.995s] Level 1:colcon.colcon_core.package_identification:_identify(src/depend/serial_ros2) by extension 'ignore'
[0.995s] Level 1:colcon.colcon_core.package_identification:_identify(src/depend/serial_ros2) by extension 'ignore_ament_install'
[0.995s] Level 1:colcon.colcon_core.package_identification:_identify(src/depend/serial_ros2) by extensions ['colcon_pkg']
[0.995s] Level 1:colcon.colcon_core.package_identification:_identify(src/depend/serial_ros2) by extension 'colcon_pkg'
[0.995s] Level 1:colcon.colcon_core.package_identification:_identify(src/depend/serial_ros2) by extensions ['colcon_meta']
[0.995s] Level 1:colcon.colcon_core.package_identification:_identify(src/depend/serial_ros2) by extension 'colcon_meta'
[0.996s] Level 1:colcon.colcon_core.package_identification:_identify(src/depend/serial_ros2) by extensions ['ros']
[0.996s] Level 1:colcon.colcon_core.package_identification:_identify(src/depend/serial_ros2) by extension 'ros'
[0.997s] DEBUG:colcon.colcon_core.package_identification:Package 'src/depend/serial_ros2' with type 'ros.ament_cmake' and name 'serial'
[0.997s] Level 1:colcon.colcon_core.package_identification:_identify(src/depend/tf2_tools) by extensions ['ignore', 'ignore_ament_install']
[0.997s] Level 1:colcon.colcon_core.package_identification:_identify(src/depend/tf2_tools) by extension 'ignore'
[0.997s] Level 1:colcon.colcon_core.package_identification:_identify(src/depend/tf2_tools) by extension 'ignore_ament_install'
[0.997s] Level 1:colcon.colcon_core.package_identification:_identify(src/depend/tf2_tools) by extensions ['colcon_pkg']
[0.997s] Level 1:colcon.colcon_core.package_identification:_identify(src/depend/tf2_tools) by extension 'colcon_pkg'
[0.998s] Level 1:colcon.colcon_core.package_identification:_identify(src/depend/tf2_tools) by extensions ['colcon_meta']
[0.998s] Level 1:colcon.colcon_core.package_identification:_identify(src/depend/tf2_tools) by extension 'colcon_meta'
[0.998s] Level 1:colcon.colcon_core.package_identification:_identify(src/depend/tf2_tools) by extensions ['ros']
[0.998s] Level 1:colcon.colcon_core.package_identification:_identify(src/depend/tf2_tools) by extension 'ros'
[0.999s] DEBUG:colcon.colcon_core.package_identification:Package 'src/depend/tf2_tools' with type 'ros.ament_python' and name 'tf2_tools'
[0.999s] Level 1:colcon.colcon_core.package_identification:_identify(src/interfaces) by extensions ['ignore', 'ignore_ament_install']
[1.000s] Level 1:colcon.colcon_core.package_identification:_identify(src/interfaces) by extension 'ignore'
[1.000s] Level 1:colcon.colcon_core.package_identification:_identify(src/interfaces) by extension 'ignore_ament_install'
[1.000s] Level 1:colcon.colcon_core.package_identification:_identify(src/interfaces) by extensions ['colcon_pkg']
[1.000s] Level 1:colcon.colcon_core.package_identification:_identify(src/interfaces) by extension 'colcon_pkg'
[1.000s] Level 1:colcon.colcon_core.package_identification:_identify(src/interfaces) by extensions ['colcon_meta']
[1.000s] Level 1:colcon.colcon_core.package_identification:_identify(src/interfaces) by extension 'colcon_meta'
[1.000s] Level 1:colcon.colcon_core.package_identification:_identify(src/interfaces) by extensions ['ros']
[1.000s] Level 1:colcon.colcon_core.package_identification:_identify(src/interfaces) by extension 'ros'
[1.001s] DEBUG:colcon.colcon_core.package_identification:Package 'src/interfaces' with type 'ros.ament_cmake' and name 'interfaces'
[1.002s] Level 1:colcon.colcon_core.package_identification:_identify(src/largemodel) by extensions ['ignore', 'ignore_ament_install']
[1.002s] Level 1:colcon.colcon_core.package_identification:_identify(src/largemodel) by extension 'ignore'
[1.002s] Level 1:colcon.colcon_core.package_identification:_identify(src/largemodel) by extension 'ignore_ament_install'
[1.002s] Level 1:colcon.colcon_core.package_identification:_identify(src/largemodel) by extensions ['colcon_pkg']
[1.002s] Level 1:colcon.colcon_core.package_identification:_identify(src/largemodel) by extension 'colcon_pkg'
[1.002s] Level 1:colcon.colcon_core.package_identification:_identify(src/largemodel) by extensions ['colcon_meta']
[1.002s] Level 1:colcon.colcon_core.package_identification:_identify(src/largemodel) by extension 'colcon_meta'
[1.002s] Level 1:colcon.colcon_core.package_identification:_identify(src/largemodel) by extensions ['ros']
[1.002s] Level 1:colcon.colcon_core.package_identification:_identify(src/largemodel) by extension 'ros'
[1.004s] DEBUG:colcon.colcon_core.package_identification:Package 'src/largemodel' with type 'ros.ament_python' and name 'largemodel'
[1.004s] Level 1:colcon.colcon_core.package_identification:_identify(src/nav2_waypoint_cycle) by extensions ['ignore', 'ignore_ament_install']
[1.004s] Level 1:colcon.colcon_core.package_identification:_identify(src/nav2_waypoint_cycle) by extension 'ignore'
[1.004s] Level 1:colcon.colcon_core.package_identification:_identify(src/nav2_waypoint_cycle) by extension 'ignore_ament_install'
[1.004s] Level 1:colcon.colcon_core.package_identification:_identify(src/nav2_waypoint_cycle) by extensions ['colcon_pkg']
[1.004s] Level 1:colcon.colcon_core.package_identification:_identify(src/nav2_waypoint_cycle) by extension 'colcon_pkg'
[1.004s] Level 1:colcon.colcon_core.package_identification:_identify(src/nav2_waypoint_cycle) by extensions ['colcon_meta']
[1.004s] Level 1:colcon.colcon_core.package_identification:_identify(src/nav2_waypoint_cycle) by extension 'colcon_meta'
[1.005s] Level 1:colcon.colcon_core.package_identification:_identify(src/nav2_waypoint_cycle) by extensions ['ros']
[1.005s] Level 1:colcon.colcon_core.package_identification:_identify(src/nav2_waypoint_cycle) by extension 'ros'
[1.006s] DEBUG:colcon.colcon_core.package_identification:Package 'src/nav2_waypoint_cycle' with type 'ros.ament_python' and name 'nav2_waypoint_cycle'
[1.006s] Level 1:colcon.colcon_core.package_identification:_identify(src/navigation2-humble) by extensions ['ignore', 'ignore_ament_install']
[1.006s] Level 1:colcon.colcon_core.package_identification:_identify(src/navigation2-humble) by extension 'ignore'
[1.007s] Level 1:colcon.colcon_core.package_identification:_identify(src/navigation2-humble) by extension 'ignore_ament_install'
[1.007s] Level 1:colcon.colcon_core.package_identification:_identify(src/navigation2-humble) by extensions ['colcon_pkg']
[1.007s] Level 1:colcon.colcon_core.package_identification:_identify(src/navigation2-humble) by extension 'colcon_pkg'
[1.007s] Level 1:colcon.colcon_core.package_identification:_identify(src/navigation2-humble) by extensions ['colcon_meta']
[1.007s] Level 1:colcon.colcon_core.package_identification:_identify(src/navigation2-humble) by extension 'colcon_meta'
[1.007s] Level 1:colcon.colcon_core.package_identification:_identify(src/navigation2-humble) by extensions ['ros']
[1.007s] Level 1:colcon.colcon_core.package_identification:_identify(src/navigation2-humble) by extension 'ros'
[1.007s] Level 1:colcon.colcon_core.package_identification:_identify(src/navigation2-humble) by extensions ['cmake', 'python']
[1.007s] Level 1:colcon.colcon_core.package_identification:_identify(src/navigation2-humble) by extension 'cmake'
[1.007s] Level 1:colcon.colcon_core.package_identification:_identify(src/navigation2-humble) by extension 'python'
[1.008s] Level 1:colcon.colcon_core.package_identification:_identify(src/navigation2-humble) by extensions ['python_setup_py']
[1.008s] Level 1:colcon.colcon_core.package_identification:_identify(src/navigation2-humble) by extension 'python_setup_py'
[1.008s] Level 1:colcon.colcon_core.package_identification:_identify(src/navigation2-humble/doc) by extensions ['ignore', 'ignore_ament_install']
[1.008s] Level 1:colcon.colcon_core.package_identification:_identify(src/navigation2-humble/doc) by extension 'ignore'
[1.008s] Level 1:colcon.colcon_core.package_identification:_identify(src/navigation2-humble/doc) by extension 'ignore_ament_install'
[1.008s] Level 1:colcon.colcon_core.package_identification:_identify(src/navigation2-humble/doc) by extensions ['colcon_pkg']
[1.008s] Level 1:colcon.colcon_core.package_identification:_identify(src/navigation2-humble/doc) by extension 'colcon_pkg'
[1.008s] Level 1:colcon.colcon_core.package_identification:_identify(src/navigation2-humble/doc) by extensions ['colcon_meta']
[1.008s] Level 1:colcon.colcon_core.package_identification:_identify(src/navigation2-humble/doc) by extension 'colcon_meta'
[1.009s] Level 1:colcon.colcon_core.package_identification:_identify(src/navigation2-humble/doc) by extensions ['ros']
[1.009s] Level 1:colcon.colcon_core.package_identification:_identify(src/navigation2-humble/doc) by extension 'ros'
[1.009s] Level 1:colcon.colcon_core.package_identification:_identify(src/navigation2-humble/doc) by extensions ['cmake', 'python']
[1.009s] Level 1:colcon.colcon_core.package_identification:_identify(src/navigation2-humble/doc) by extension 'cmake'
[1.009s] Level 1:colcon.colcon_core.package_identification:_identify(src/navigation2-humble/doc) by extension 'python'
[1.009s] Level 1:colcon.colcon_core.package_identification:_identify(src/navigation2-humble/doc) by extensions ['python_setup_py']
[1.009s] Level 1:colcon.colcon_core.package_identification:_identify(src/navigation2-humble/doc) by extension 'python_setup_py'
[1.009s] Level 1:colcon.colcon_core.package_identification:_identify(src/navigation2-humble/doc/architecture) by extensions ['ignore', 'ignore_ament_install']
[1.009s] Level 1:colcon.colcon_core.package_identification:_identify(src/navigation2-humble/doc/architecture) by extension 'ignore'
[1.010s] Level 1:colcon.colcon_core.package_identification:_identify(src/navigation2-humble/doc/architecture) by extension 'ignore_ament_install'
[1.010s] Level 1:colcon.colcon_core.package_identification:_identify(src/navigation2-humble/doc/architecture) by extensions ['colcon_pkg']
[1.010s] Level 1:colcon.colcon_core.package_identification:_identify(src/navigation2-humble/doc/architecture) by extension 'colcon_pkg'
[1.010s] Level 1:colcon.colcon_core.package_identification:_identify(src/navigation2-humble/doc/architecture) by extensions ['colcon_meta']
[1.010s] Level 1:colcon.colcon_core.package_identification:_identify(src/navigation2-humble/doc/architecture) by extension 'colcon_meta'
[1.010s] Level 1:colcon.colcon_core.package_identification:_identify(src/navigation2-humble/doc/architecture) by extensions ['ros']
[1.010s] Level 1:colcon.colcon_core.package_identification:_identify(src/navigation2-humble/doc/architecture) by extension 'ros'
[1.010s] Level 1:colcon.colcon_core.package_identification:_identify(src/navigation2-humble/doc/architecture) by extensions ['cmake', 'python']
[1.010s] Level 1:colcon.colcon_core.package_identification:_identify(src/navigation2-humble/doc/architecture) by extension 'cmake'
[1.010s] Level 1:colcon.colcon_core.package_identification:_identify(src/navigation2-humble/doc/architecture) by extension 'python'
[1.010s] Level 1:colcon.colcon_core.package_identification:_identify(src/navigation2-humble/doc/architecture) by extensions ['python_setup_py']
[1.011s] Level 1:colcon.colcon_core.package_identification:_identify(src/navigation2-humble/doc/architecture) by extension 'python_setup_py'
[1.011s] Level 1:colcon.colcon_core.package_identification:_identify(src/navigation2-humble/doc/design) by extensions ['ignore', 'ignore_ament_install']
[1.011s] Level 1:colcon.colcon_core.package_identification:_identify(src/navigation2-humble/doc/design) by extension 'ignore'
[1.011s] Level 1:colcon.colcon_core.package_identification:_identify(src/navigation2-humble/doc/design) by extension 'ignore_ament_install'
[1.011s] Level 1:colcon.colcon_core.package_identification:_identify(src/navigation2-humble/doc/design) by extensions ['colcon_pkg']
[1.011s] Level 1:colcon.colcon_core.package_identification:_identify(src/navigation2-humble/doc/design) by extension 'colcon_pkg'
[1.011s] Level 1:colcon.colcon_core.package_identification:_identify(src/navigation2-humble/doc/design) by extensions ['colcon_meta']
[1.011s] Level 1:colcon.colcon_core.package_identification:_identify(src/navigation2-humble/doc/design) by extension 'colcon_meta'
[1.011s] Level 1:colcon.colcon_core.package_identification:_identify(src/navigation2-humble/doc/design) by extensions ['ros']
[1.011s] Level 1:colcon.colcon_core.package_identification:_identify(src/navigation2-humble/doc/design) by extension 'ros'
[1.012s] Level 1:colcon.colcon_core.package_identification:_identify(src/navigation2-humble/doc/design) by extensions ['cmake', 'python']
[1.012s] Level 1:colcon.colcon_core.package_identification:_identify(src/navigation2-humble/doc/design) by extension 'cmake'
[1.012s] Level 1:colcon.colcon_core.package_identification:_identify(src/navigation2-humble/doc/design) by extension 'python'
[1.012s] Level 1:colcon.colcon_core.package_identification:_identify(src/navigation2-humble/doc/design) by extensions ['python_setup_py']
[1.012s] Level 1:colcon.colcon_core.package_identification:_identify(src/navigation2-humble/doc/design) by extension 'python_setup_py'
[1.012s] Level 1:colcon.colcon_core.package_identification:_identify(src/navigation2-humble/doc/process) by extensions ['ignore', 'ignore_ament_install']
[1.012s] Level 1:colcon.colcon_core.package_identification:_identify(src/navigation2-humble/doc/process) by extension 'ignore'
[1.012s] Level 1:colcon.colcon_core.package_identification:_identify(src/navigation2-humble/doc/process) by extension 'ignore_ament_install'
[1.013s] Level 1:colcon.colcon_core.package_identification:_identify(src/navigation2-humble/doc/process) by extensions ['colcon_pkg']
[1.013s] Level 1:colcon.colcon_core.package_identification:_identify(src/navigation2-humble/doc/process) by extension 'colcon_pkg'
[1.013s] Level 1:colcon.colcon_core.package_identification:_identify(src/navigation2-humble/doc/process) by extensions ['colcon_meta']
[1.013s] Level 1:colcon.colcon_core.package_identification:_identify(src/navigation2-humble/doc/process) by extension 'colcon_meta'
[1.013s] Level 1:colcon.colcon_core.package_identification:_identify(src/navigation2-humble/doc/process) by extensions ['ros']
[1.013s] Level 1:colcon.colcon_core.package_identification:_identify(src/navigation2-humble/doc/process) by extension 'ros'
[1.013s] Level 1:colcon.colcon_core.package_identification:_identify(src/navigation2-humble/doc/process) by extensions ['cmake', 'python']
[1.013s] Level 1:colcon.colcon_core.package_identification:_identify(src/navigation2-humble/doc/process) by extension 'cmake'
[1.013s] Level 1:colcon.colcon_core.package_identification:_identify(src/navigation2-humble/doc/process) by extension 'python'
[1.013s] Level 1:colcon.colcon_core.package_identification:_identify(src/navigation2-humble/doc/process) by extensions ['python_setup_py']
[1.013s] Level 1:colcon.colcon_core.package_identification:_identify(src/navigation2-humble/doc/process) by extension 'python_setup_py'
[1.014s] Level 1:colcon.colcon_core.package_identification:_identify(src/navigation2-humble/doc/requirements) by extensions ['ignore', 'ignore_ament_install']
[1.014s] Level 1:colcon.colcon_core.package_identification:_identify(src/navigation2-humble/doc/requirements) by extension 'ignore'
[1.014s] Level 1:colcon.colcon_core.package_identification:_identify(src/navigation2-humble/doc/requirements) by extension 'ignore_ament_install'
[1.014s] Level 1:colcon.colcon_core.package_identification:_identify(src/navigation2-humble/doc/requirements) by extensions ['colcon_pkg']
[1.014s] Level 1:colcon.colcon_core.package_identification:_identify(src/navigation2-humble/doc/requirements) by extension 'colcon_pkg'
[1.014s] Level 1:colcon.colcon_core.package_identification:_identify(src/navigation2-humble/doc/requirements) by extensions ['colcon_meta']
[1.014s] Level 1:colcon.colcon_core.package_identification:_identify(src/navigation2-humble/doc/requirements) by extension 'colcon_meta'
[1.014s] Level 1:colcon.colcon_core.package_identification:_identify(src/navigation2-humble/doc/requirements) by extensions ['ros']
[1.014s] Level 1:colcon.colcon_core.package_identification:_identify(src/navigation2-humble/doc/requirements) by extension 'ros'
[1.014s] Level 1:colcon.colcon_core.package_identification:_identify(src/navigation2-humble/doc/requirements) by extensions ['cmake', 'python']
[1.015s] Level 1:colcon.colcon_core.package_identification:_identify(src/navigation2-humble/doc/requirements) by extension 'cmake'
[1.015s] Level 1:colcon.colcon_core.package_identification:_identify(src/navigation2-humble/doc/requirements) by extension 'python'
[1.015s] Level 1:colcon.colcon_core.package_identification:_identify(src/navigation2-humble/doc/requirements) by extensions ['python_setup_py']
[1.015s] Level 1:colcon.colcon_core.package_identification:_identify(src/navigation2-humble/doc/requirements) by extension 'python_setup_py'
[1.015s] Level 1:colcon.colcon_core.package_identification:_identify(src/navigation2-humble/doc/requirements/images) by extensions ['ignore', 'ignore_ament_install']
[1.015s] Level 1:colcon.colcon_core.package_identification:_identify(src/navigation2-humble/doc/requirements/images) by extension 'ignore'
[1.015s] Level 1:colcon.colcon_core.package_identification:_identify(src/navigation2-humble/doc/requirements/images) by extension 'ignore_ament_install'
[1.015s] Level 1:colcon.colcon_core.package_identification:_identify(src/navigation2-humble/doc/requirements/images) by extensions ['colcon_pkg']
[1.015s] Level 1:colcon.colcon_core.package_identification:_identify(src/navigation2-humble/doc/requirements/images) by extension 'colcon_pkg'
[1.016s] Level 1:colcon.colcon_core.package_identification:_identify(src/navigation2-humble/doc/requirements/images) by extensions ['colcon_meta']
[1.016s] Level 1:colcon.colcon_core.package_identification:_identify(src/navigation2-humble/doc/requirements/images) by extension 'colcon_meta'
[1.016s] Level 1:colcon.colcon_core.package_identification:_identify(src/navigation2-humble/doc/requirements/images) by extensions ['ros']
[1.016s] Level 1:colcon.colcon_core.package_identification:_identify(src/navigation2-humble/doc/requirements/images) by extension 'ros'
[1.016s] Level 1:colcon.colcon_core.package_identification:_identify(src/navigation2-humble/doc/requirements/images) by extensions ['cmake', 'python']
[1.016s] Level 1:colcon.colcon_core.package_identification:_identify(src/navigation2-humble/doc/requirements/images) by extension 'cmake'
[1.016s] Level 1:colcon.colcon_core.package_identification:_identify(src/navigation2-humble/doc/requirements/images) by extension 'python'
[1.016s] Level 1:colcon.colcon_core.package_identification:_identify(src/navigation2-humble/doc/requirements/images) by extensions ['python_setup_py']
[1.016s] Level 1:colcon.colcon_core.package_identification:_identify(src/navigation2-humble/doc/requirements/images) by extension 'python_setup_py'
[1.016s] Level 1:colcon.colcon_core.package_identification:_identify(src/navigation2-humble/doc/use_cases) by extensions ['ignore', 'ignore_ament_install']
[1.017s] Level 1:colcon.colcon_core.package_identification:_identify(src/navigation2-humble/doc/use_cases) by extension 'ignore'
[1.017s] Level 1:colcon.colcon_core.package_identification:_identify(src/navigation2-humble/doc/use_cases) by extension 'ignore_ament_install'
[1.017s] Level 1:colcon.colcon_core.package_identification:_identify(src/navigation2-humble/doc/use_cases) by extensions ['colcon_pkg']
[1.017s] Level 1:colcon.colcon_core.package_identification:_identify(src/navigation2-humble/doc/use_cases) by extension 'colcon_pkg'
[1.017s] Level 1:colcon.colcon_core.package_identification:_identify(src/navigation2-humble/doc/use_cases) by extensions ['colcon_meta']
[1.017s] Level 1:colcon.colcon_core.package_identification:_identify(src/navigation2-humble/doc/use_cases) by extension 'colcon_meta'
[1.017s] Level 1:colcon.colcon_core.package_identification:_identify(src/navigation2-humble/doc/use_cases) by extensions ['ros']
[1.017s] Level 1:colcon.colcon_core.package_identification:_identify(src/navigation2-humble/doc/use_cases) by extension 'ros'
[1.017s] Level 1:colcon.colcon_core.package_identification:_identify(src/navigation2-humble/doc/use_cases) by extensions ['cmake', 'python']
[1.017s] Level 1:colcon.colcon_core.package_identification:_identify(src/navigation2-humble/doc/use_cases) by extension 'cmake'
[1.018s] Level 1:colcon.colcon_core.package_identification:_identify(src/navigation2-humble/doc/use_cases) by extension 'python'
[1.018s] Level 1:colcon.colcon_core.package_identification:_identify(src/navigation2-humble/doc/use_cases) by extensions ['python_setup_py']
[1.018s] Level 1:colcon.colcon_core.package_identification:_identify(src/navigation2-humble/doc/use_cases) by extension 'python_setup_py'
[1.018s] Level 1:colcon.colcon_core.package_identification:_identify(src/navigation2-humble/nav2_amcl) by extensions ['ignore', 'ignore_ament_install']
[1.018s] Level 1:colcon.colcon_core.package_identification:_identify(src/navigation2-humble/nav2_amcl) by extension 'ignore'
[1.018s] Level 1:colcon.colcon_core.package_identification:_identify(src/navigation2-humble/nav2_amcl) by extension 'ignore_ament_install'
[1.018s] Level 1:colcon.colcon_core.package_identification:_identify(src/navigation2-humble/nav2_amcl) by extensions ['colcon_pkg']
[1.018s] Level 1:colcon.colcon_core.package_identification:_identify(src/navigation2-humble/nav2_amcl) by extension 'colcon_pkg'
[1.018s] Level 1:colcon.colcon_core.package_identification:_identify(src/navigation2-humble/nav2_amcl) by extensions ['colcon_meta']
[1.019s] Level 1:colcon.colcon_core.package_identification:_identify(src/navigation2-humble/nav2_amcl) by extension 'colcon_meta'
[1.019s] Level 1:colcon.colcon_core.package_identification:_identify(src/navigation2-humble/nav2_amcl) by extensions ['ros']
[1.019s] Level 1:colcon.colcon_core.package_identification:_identify(src/navigation2-humble/nav2_amcl) by extension 'ros'
[1.022s] DEBUG:colcon.colcon_core.package_identification:Package 'src/navigation2-humble/nav2_amcl' with type 'ros.ament_cmake' and name 'nav2_amcl'
[1.022s] Level 1:colcon.colcon_core.package_identification:_identify(src/navigation2-humble/nav2_behavior_tree) by extensions ['ignore', 'ignore_ament_install']
[1.022s] Level 1:colcon.colcon_core.package_identification:_identify(src/navigation2-humble/nav2_behavior_tree) by extension 'ignore'
[1.022s] Level 1:colcon.colcon_core.package_identification:_identify(src/navigation2-humble/nav2_behavior_tree) by extension 'ignore_ament_install'
[1.022s] Level 1:colcon.colcon_core.package_identification:_identify(src/navigation2-humble/nav2_behavior_tree) by extensions ['colcon_pkg']
[1.022s] Level 1:colcon.colcon_core.package_identification:_identify(src/navigation2-humble/nav2_behavior_tree) by extension 'colcon_pkg'
[1.022s] Level 1:colcon.colcon_core.package_identification:_identify(src/navigation2-humble/nav2_behavior_tree) by extensions ['colcon_meta']
[1.023s] Level 1:colcon.colcon_core.package_identification:_identify(src/navigation2-humble/nav2_behavior_tree) by extension 'colcon_meta'
[1.023s] Level 1:colcon.colcon_core.package_identification:_identify(src/navigation2-humble/nav2_behavior_tree) by extensions ['ros']
[1.023s] Level 1:colcon.colcon_core.package_identification:_identify(src/navigation2-humble/nav2_behavior_tree) by extension 'ros'
[1.025s] DEBUG:colcon.colcon_core.package_identification:Package 'src/navigation2-humble/nav2_behavior_tree' with type 'ros.ament_cmake' and name 'nav2_behavior_tree'
[1.025s] Level 1:colcon.colcon_core.package_identification:_identify(src/navigation2-humble/nav2_behaviors) by extensions ['ignore', 'ignore_ament_install']
[1.025s] Level 1:colcon.colcon_core.package_identification:_identify(src/navigation2-humble/nav2_behaviors) by extension 'ignore'
[1.025s] Level 1:colcon.colcon_core.package_identification:_identify(src/navigation2-humble/nav2_behaviors) by extension 'ignore_ament_install'
[1.025s] Level 1:colcon.colcon_core.package_identification:_identify(src/navigation2-humble/nav2_behaviors) by extensions ['colcon_pkg']
[1.025s] Level 1:colcon.colcon_core.package_identification:_identify(src/navigation2-humble/nav2_behaviors) by extension 'colcon_pkg'
[1.026s] Level 1:colcon.colcon_core.package_identification:_identify(src/navigation2-humble/nav2_behaviors) by extensions ['colcon_meta']
[1.026s] Level 1:colcon.colcon_core.package_identification:_identify(src/navigation2-humble/nav2_behaviors) by extension 'colcon_meta'
[1.026s] Level 1:colcon.colcon_core.package_identification:_identify(src/navigation2-humble/nav2_behaviors) by extensions ['ros']
[1.026s] Level 1:colcon.colcon_core.package_identification:_identify(src/navigation2-humble/nav2_behaviors) by extension 'ros'
[1.027s] DEBUG:colcon.colcon_core.package_identification:Package 'src/navigation2-humble/nav2_behaviors' with type 'ros.ament_cmake' and name 'nav2_behaviors'
[1.028s] Level 1:colcon.colcon_core.package_identification:_identify(src/navigation2-humble/nav2_bringup) by extensions ['ignore', 'ignore_ament_install']
[1.028s] Level 1:colcon.colcon_core.package_identification:_identify(src/navigation2-humble/nav2_bringup) by extension 'ignore'
[1.028s] Level 1:colcon.colcon_core.package_identification:_identify(src/navigation2-humble/nav2_bringup) by extension 'ignore_ament_install'
[1.028s] Level 1:colcon.colcon_core.package_identification:_identify(src/navigation2-humble/nav2_bringup) by extensions ['colcon_pkg']
[1.028s] Level 1:colcon.colcon_core.package_identification:_identify(src/navigation2-humble/nav2_bringup) by extension 'colcon_pkg'
[1.028s] Level 1:colcon.colcon_core.package_identification:_identify(src/navigation2-humble/nav2_bringup) by extensions ['colcon_meta']
[1.028s] Level 1:colcon.colcon_core.package_identification:_identify(src/navigation2-humble/nav2_bringup) by extension 'colcon_meta'
[1.028s] Level 1:colcon.colcon_core.package_identification:_identify(src/navigation2-humble/nav2_bringup) by extensions ['ros']
[1.028s] Level 1:colcon.colcon_core.package_identification:_identify(src/navigation2-humble/nav2_bringup) by extension 'ros'
[1.030s] DEBUG:colcon.colcon_core.package_identification:Package 'src/navigation2-humble/nav2_bringup' with type 'ros.ament_cmake' and name 'nav2_bringup'
[1.030s] Level 1:colcon.colcon_core.package_identification:_identify(src/navigation2-humble/nav2_bt_navigator) by extensions ['ignore', 'ignore_ament_install']
[1.030s] Level 1:colcon.colcon_core.package_identification:_identify(src/navigation2-humble/nav2_bt_navigator) by extension 'ignore'
[1.030s] Level 1:colcon.colcon_core.package_identification:_identify(src/navigation2-humble/nav2_bt_navigator) by extension 'ignore_ament_install'
[1.030s] Level 1:colcon.colcon_core.package_identification:_identify(src/navigation2-humble/nav2_bt_navigator) by extensions ['colcon_pkg']
[1.030s] Level 1:colcon.colcon_core.package_identification:_identify(src/navigation2-humble/nav2_bt_navigator) by extension 'colcon_pkg'
[1.030s] Level 1:colcon.colcon_core.package_identification:_identify(src/navigation2-humble/nav2_bt_navigator) by extensions ['colcon_meta']
[1.031s] Level 1:colcon.colcon_core.package_identification:_identify(src/navigation2-humble/nav2_bt_navigator) by extension 'colcon_meta'
[1.031s] Level 1:colcon.colcon_core.package_identification:_identify(src/navigation2-humble/nav2_bt_navigator) by extensions ['ros']
[1.031s] Level 1:colcon.colcon_core.package_identification:_identify(src/navigation2-humble/nav2_bt_navigator) by extension 'ros'
[1.033s] DEBUG:colcon.colcon_core.package_identification:Package 'src/navigation2-humble/nav2_bt_navigator' with type 'ros.ament_cmake' and name 'nav2_bt_navigator'
[1.033s] Level 1:colcon.colcon_core.package_identification:_identify(src/navigation2-humble/nav2_collision_monitor) by extensions ['ignore', 'ignore_ament_install']
[1.033s] Level 1:colcon.colcon_core.package_identification:_identify(src/navigation2-humble/nav2_collision_monitor) by extension 'ignore'
[1.033s] Level 1:colcon.colcon_core.package_identification:_identify(src/navigation2-humble/nav2_collision_monitor) by extension 'ignore_ament_install'
[1.033s] Level 1:colcon.colcon_core.package_identification:_identify(src/navigation2-humble/nav2_collision_monitor) by extensions ['colcon_pkg']
[1.033s] Level 1:colcon.colcon_core.package_identification:_identify(src/navigation2-humble/nav2_collision_monitor) by extension 'colcon_pkg'
[1.033s] Level 1:colcon.colcon_core.package_identification:_identify(src/navigation2-humble/nav2_collision_monitor) by extensions ['colcon_meta']
[1.033s] Level 1:colcon.colcon_core.package_identification:_identify(src/navigation2-humble/nav2_collision_monitor) by extension 'colcon_meta'
[1.034s] Level 1:colcon.colcon_core.package_identification:_identify(src/navigation2-humble/nav2_collision_monitor) by extensions ['ros']
[1.034s] Level 1:colcon.colcon_core.package_identification:_identify(src/navigation2-humble/nav2_collision_monitor) by extension 'ros'
[1.036s] DEBUG:colcon.colcon_core.package_identification:Package 'src/navigation2-humble/nav2_collision_monitor' with type 'ros.ament_cmake' and name 'nav2_collision_monitor'
[1.036s] Level 1:colcon.colcon_core.package_identification:_identify(src/navigation2-humble/nav2_common) by extensions ['ignore', 'ignore_ament_install']
[1.036s] Level 1:colcon.colcon_core.package_identification:_identify(src/navigation2-humble/nav2_common) by extension 'ignore'
[1.036s] Level 1:colcon.colcon_core.package_identification:_identify(src/navigation2-humble/nav2_common) by extension 'ignore_ament_install'
[1.036s] Level 1:colcon.colcon_core.package_identification:_identify(src/navigation2-humble/nav2_common) by extensions ['colcon_pkg']
[1.037s] Level 1:colcon.colcon_core.package_identification:_identify(src/navigation2-humble/nav2_common) by extension 'colcon_pkg'
[1.037s] Level 1:colcon.colcon_core.package_identification:_identify(src/navigation2-humble/nav2_common) by extensions ['colcon_meta']
[1.037s] Level 1:colcon.colcon_core.package_identification:_identify(src/navigation2-humble/nav2_common) by extension 'colcon_meta'
[1.037s] Level 1:colcon.colcon_core.package_identification:_identify(src/navigation2-humble/nav2_common) by extensions ['ros']
[1.037s] Level 1:colcon.colcon_core.package_identification:_identify(src/navigation2-humble/nav2_common) by extension 'ros'
[1.038s] DEBUG:colcon.colcon_core.package_identification:Package 'src/navigation2-humble/nav2_common' with type 'ros.ament_cmake' and name 'nav2_common'
[1.039s] Level 1:colcon.colcon_core.package_identification:_identify(src/navigation2-humble/nav2_constrained_smoother) by extensions ['ignore', 'ignore_ament_install']
[1.039s] Level 1:colcon.colcon_core.package_identification:_identify(src/navigation2-humble/nav2_constrained_smoother) by extension 'ignore'
[1.039s] Level 1:colcon.colcon_core.package_identification:_identify(src/navigation2-humble/nav2_constrained_smoother) by extension 'ignore_ament_install'
[1.039s] Level 1:colcon.colcon_core.package_identification:_identify(src/navigation2-humble/nav2_constrained_smoother) by extensions ['colcon_pkg']
[1.039s] Level 1:colcon.colcon_core.package_identification:_identify(src/navigation2-humble/nav2_constrained_smoother) by extension 'colcon_pkg'
[1.039s] Level 1:colcon.colcon_core.package_identification:_identify(src/navigation2-humble/nav2_constrained_smoother) by extensions ['colcon_meta']
[1.039s] Level 1:colcon.colcon_core.package_identification:_identify(src/navigation2-humble/nav2_constrained_smoother) by extension 'colcon_meta'
[1.039s] Level 1:colcon.colcon_core.package_identification:_identify(src/navigation2-humble/nav2_constrained_smoother) by extensions ['ros']
[1.039s] Level 1:colcon.colcon_core.package_identification:_identify(src/navigation2-humble/nav2_constrained_smoother) by extension 'ros'
[1.042s] DEBUG:colcon.colcon_core.package_identification:Package 'src/navigation2-humble/nav2_constrained_smoother' with type 'ros.ament_cmake' and name 'nav2_constrained_smoother'
[1.042s] Level 1:colcon.colcon_core.package_identification:_identify(src/navigation2-humble/nav2_controller) by extensions ['ignore', 'ignore_ament_install']
[1.042s] Level 1:colcon.colcon_core.package_identification:_identify(src/navigation2-humble/nav2_controller) by extension 'ignore'
[1.042s] Level 1:colcon.colcon_core.package_identification:_identify(src/navigation2-humble/nav2_controller) by extension 'ignore_ament_install'
[1.042s] Level 1:colcon.colcon_core.package_identification:_identify(src/navigation2-humble/nav2_controller) by extensions ['colcon_pkg']
[1.042s] Level 1:colcon.colcon_core.package_identification:_identify(src/navigation2-humble/nav2_controller) by extension 'colcon_pkg'
[1.042s] Level 1:colcon.colcon_core.package_identification:_identify(src/navigation2-humble/nav2_controller) by extensions ['colcon_meta']
[1.043s] Level 1:colcon.colcon_core.package_identification:_identify(src/navigation2-humble/nav2_controller) by extension 'colcon_meta'
[1.043s] Level 1:colcon.colcon_core.package_identification:_identify(src/navigation2-humble/nav2_controller) by extensions ['ros']
[1.043s] Level 1:colcon.colcon_core.package_identification:_identify(src/navigation2-humble/nav2_controller) by extension 'ros'
[1.047s] DEBUG:colcon.colcon_core.package_identification:Package 'src/navigation2-humble/nav2_controller' with type 'ros.ament_cmake' and name 'nav2_controller'
[1.048s] Level 1:colcon.colcon_core.package_identification:_identify(src/navigation2-humble/nav2_core) by extensions ['ignore', 'ignore_ament_install']
[1.048s] Level 1:colcon.colcon_core.package_identification:_identify(src/navigation2-humble/nav2_core) by extension 'ignore'
[1.048s] Level 1:colcon.colcon_core.package_identification:_identify(src/navigation2-humble/nav2_core) by extension 'ignore_ament_install'
[1.048s] Level 1:colcon.colcon_core.package_identification:_identify(src/navigation2-humble/nav2_core) by extensions ['colcon_pkg']
[1.048s] Level 1:colcon.colcon_core.package_identification:_identify(src/navigation2-humble/nav2_core) by extension 'colcon_pkg'
[1.048s] Level 1:colcon.colcon_core.package_identification:_identify(src/navigation2-humble/nav2_core) by extensions ['colcon_meta']
[1.048s] Level 1:colcon.colcon_core.package_identification:_identify(src/navigation2-humble/nav2_core) by extension 'colcon_meta'
[1.048s] Level 1:colcon.colcon_core.package_identification:_identify(src/navigation2-humble/nav2_core) by extensions ['ros']
[1.048s] Level 1:colcon.colcon_core.package_identification:_identify(src/navigation2-humble/nav2_core) by extension 'ros'
[1.051s] DEBUG:colcon.colcon_core.package_identification:Package 'src/navigation2-humble/nav2_core' with type 'ros.ament_cmake' and name 'nav2_core'
[1.051s] Level 1:colcon.colcon_core.package_identification:_identify(src/navigation2-humble/nav2_costmap_2d) by extensions ['ignore', 'ignore_ament_install']
[1.051s] Level 1:colcon.colcon_core.package_identification:_identify(src/navigation2-humble/nav2_costmap_2d) by extension 'ignore'
[1.051s] Level 1:colcon.colcon_core.package_identification:_identify(src/navigation2-humble/nav2_costmap_2d) by extension 'ignore_ament_install'
[1.051s] Level 1:colcon.colcon_core.package_identification:_identify(src/navigation2-humble/nav2_costmap_2d) by extensions ['colcon_pkg']
[1.051s] Level 1:colcon.colcon_core.package_identification:_identify(src/navigation2-humble/nav2_costmap_2d) by extension 'colcon_pkg'
[1.052s] Level 1:colcon.colcon_core.package_identification:_identify(src/navigation2-humble/nav2_costmap_2d) by extensions ['colcon_meta']
[1.052s] Level 1:colcon.colcon_core.package_identification:_identify(src/navigation2-humble/nav2_costmap_2d) by extension 'colcon_meta'
[1.052s] Level 1:colcon.colcon_core.package_identification:_identify(src/navigation2-humble/nav2_costmap_2d) by extensions ['ros']
[1.052s] Level 1:colcon.colcon_core.package_identification:_identify(src/navigation2-humble/nav2_costmap_2d) by extension 'ros'
[1.056s] DEBUG:colcon.colcon_core.package_identification:Package 'src/navigation2-humble/nav2_costmap_2d' with type 'ros.ament_cmake' and name 'nav2_costmap_2d'
[1.056s] Level 1:colcon.colcon_core.package_identification:_identify(src/navigation2-humble/nav2_dwb_controller) by extensions ['ignore', 'ignore_ament_install']
[1.056s] Level 1:colcon.colcon_core.package_identification:_identify(src/navigation2-humble/nav2_dwb_controller) by extension 'ignore'
[1.056s] Level 1:colcon.colcon_core.package_identification:_identify(src/navigation2-humble/nav2_dwb_controller) by extension 'ignore_ament_install'
[1.056s] Level 1:colcon.colcon_core.package_identification:_identify(src/navigation2-humble/nav2_dwb_controller) by extensions ['colcon_pkg']
[1.056s] Level 1:colcon.colcon_core.package_identification:_identify(src/navigation2-humble/nav2_dwb_controller) by extension 'colcon_pkg'
[1.057s] Level 1:colcon.colcon_core.package_identification:_identify(src/navigation2-humble/nav2_dwb_controller) by extensions ['colcon_meta']
[1.057s] Level 1:colcon.colcon_core.package_identification:_identify(src/navigation2-humble/nav2_dwb_controller) by extension 'colcon_meta'
[1.057s] Level 1:colcon.colcon_core.package_identification:_identify(src/navigation2-humble/nav2_dwb_controller) by extensions ['ros']
[1.057s] Level 1:colcon.colcon_core.package_identification:_identify(src/navigation2-humble/nav2_dwb_controller) by extension 'ros'
[1.057s] Level 1:colcon.colcon_core.package_identification:_identify(src/navigation2-humble/nav2_dwb_controller) by extensions ['cmake', 'python']
[1.057s] Level 1:colcon.colcon_core.package_identification:_identify(src/navigation2-humble/nav2_dwb_controller) by extension 'cmake'
[1.057s] Level 1:colcon.colcon_core.package_identification:_identify(src/navigation2-humble/nav2_dwb_controller) by extension 'python'
[1.057s] Level 1:colcon.colcon_core.package_identification:_identify(src/navigation2-humble/nav2_dwb_controller) by extensions ['python_setup_py']
[1.057s] Level 1:colcon.colcon_core.package_identification:_identify(src/navigation2-humble/nav2_dwb_controller) by extension 'python_setup_py'
[1.058s] Level 1:colcon.colcon_core.package_identification:_identify(src/navigation2-humble/nav2_dwb_controller/costmap_queue) by extensions ['ignore', 'ignore_ament_install']
[1.058s] Level 1:colcon.colcon_core.package_identification:_identify(src/navigation2-humble/nav2_dwb_controller/costmap_queue) by extension 'ignore'
[1.058s] Level 1:colcon.colcon_core.package_identification:_identify(src/navigation2-humble/nav2_dwb_controller/costmap_queue) by extension 'ignore_ament_install'
[1.058s] Level 1:colcon.colcon_core.package_identification:_identify(src/navigation2-humble/nav2_dwb_controller/costmap_queue) by extensions ['colcon_pkg']
[1.058s] Level 1:colcon.colcon_core.package_identification:_identify(src/navigation2-humble/nav2_dwb_controller/costmap_queue) by extension 'colcon_pkg'
[1.058s] Level 1:colcon.colcon_core.package_identification:_identify(src/navigation2-humble/nav2_dwb_controller/costmap_queue) by extensions ['colcon_meta']
[1.058s] Level 1:colcon.colcon_core.package_identification:_identify(src/navigation2-humble/nav2_dwb_controller/costmap_queue) by extension 'colcon_meta'
[1.058s] Level 1:colcon.colcon_core.package_identification:_identify(src/navigation2-humble/nav2_dwb_controller/costmap_queue) by extensions ['ros']
[1.058s] Level 1:colcon.colcon_core.package_identification:_identify(src/navigation2-humble/nav2_dwb_controller/costmap_queue) by extension 'ros'
[1.060s] DEBUG:colcon.colcon_core.package_identification:Package 'src/navigation2-humble/nav2_dwb_controller/costmap_queue' with type 'ros.ament_cmake' and name 'costmap_queue'
[1.060s] Level 1:colcon.colcon_core.package_identification:_identify(src/navigation2-humble/nav2_dwb_controller/dwb_core) by extensions ['ignore', 'ignore_ament_install']
[1.060s] Level 1:colcon.colcon_core.package_identification:_identify(src/navigation2-humble/nav2_dwb_controller/dwb_core) by extension 'ignore'
[1.060s] Level 1:colcon.colcon_core.package_identification:_identify(src/navigation2-humble/nav2_dwb_controller/dwb_core) by extension 'ignore_ament_install'
[1.060s] Level 1:colcon.colcon_core.package_identification:_identify(src/navigation2-humble/nav2_dwb_controller/dwb_core) by extensions ['colcon_pkg']
[1.060s] Level 1:colcon.colcon_core.package_identification:_identify(src/navigation2-humble/nav2_dwb_controller/dwb_core) by extension 'colcon_pkg'
[1.060s] Level 1:colcon.colcon_core.package_identification:_identify(src/navigation2-humble/nav2_dwb_controller/dwb_core) by extensions ['colcon_meta']
[1.061s] Level 1:colcon.colcon_core.package_identification:_identify(src/navigation2-humble/nav2_dwb_controller/dwb_core) by extension 'colcon_meta'
[1.061s] Level 1:colcon.colcon_core.package_identification:_identify(src/navigation2-humble/nav2_dwb_controller/dwb_core) by extensions ['ros']
[1.061s] Level 1:colcon.colcon_core.package_identification:_identify(src/navigation2-humble/nav2_dwb_controller/dwb_core) by extension 'ros'
[1.062s] DEBUG:colcon.colcon_core.package_identification:Package 'src/navigation2-humble/nav2_dwb_controller/dwb_core' with type 'ros.ament_cmake' and name 'dwb_core'
[1.063s] Level 1:colcon.colcon_core.package_identification:_identify(src/navigation2-humble/nav2_dwb_controller/dwb_critics) by extensions ['ignore', 'ignore_ament_install']
[1.063s] Level 1:colcon.colcon_core.package_identification:_identify(src/navigation2-humble/nav2_dwb_controller/dwb_critics) by extension 'ignore'
[1.063s] Level 1:colcon.colcon_core.package_identification:_identify(src/navigation2-humble/nav2_dwb_controller/dwb_critics) by extension 'ignore_ament_install'
[1.063s] Level 1:colcon.colcon_core.package_identification:_identify(src/navigation2-humble/nav2_dwb_controller/dwb_critics) by extensions ['colcon_pkg']
[1.063s] Level 1:colcon.colcon_core.package_identification:_identify(src/navigation2-humble/nav2_dwb_controller/dwb_critics) by extension 'colcon_pkg'
[1.063s] Level 1:colcon.colcon_core.package_identification:_identify(src/navigation2-humble/nav2_dwb_controller/dwb_critics) by extensions ['colcon_meta']
[1.063s] Level 1:colcon.colcon_core.package_identification:_identify(src/navigation2-humble/nav2_dwb_controller/dwb_critics) by extension 'colcon_meta'
[1.063s] Level 1:colcon.colcon_core.package_identification:_identify(src/navigation2-humble/nav2_dwb_controller/dwb_critics) by extensions ['ros']
[1.063s] Level 1:colcon.colcon_core.package_identification:_identify(src/navigation2-humble/nav2_dwb_controller/dwb_critics) by extension 'ros'
[1.066s] DEBUG:colcon.colcon_core.package_identification:Package 'src/navigation2-humble/nav2_dwb_controller/dwb_critics' with type 'ros.ament_cmake' and name 'dwb_critics'
[1.066s] Level 1:colcon.colcon_core.package_identification:_identify(src/navigation2-humble/nav2_dwb_controller/dwb_msgs) by extensions ['ignore', 'ignore_ament_install']
[1.066s] Level 1:colcon.colcon_core.package_identification:_identify(src/navigation2-humble/nav2_dwb_controller/dwb_msgs) by extension 'ignore'
[1.066s] Level 1:colcon.colcon_core.package_identification:_identify(src/navigation2-humble/nav2_dwb_controller/dwb_msgs) by extension 'ignore_ament_install'
[1.066s] Level 1:colcon.colcon_core.package_identification:_identify(src/navigation2-humble/nav2_dwb_controller/dwb_msgs) by extensions ['colcon_pkg']
[1.066s] Level 1:colcon.colcon_core.package_identification:_identify(src/navigation2-humble/nav2_dwb_controller/dwb_msgs) by extension 'colcon_pkg'
[1.066s] Level 1:colcon.colcon_core.package_identification:_identify(src/navigation2-humble/nav2_dwb_controller/dwb_msgs) by extensions ['colcon_meta']
[1.067s] Level 1:colcon.colcon_core.package_identification:_identify(src/navigation2-humble/nav2_dwb_controller/dwb_msgs) by extension 'colcon_meta'
[1.067s] Level 1:colcon.colcon_core.package_identification:_identify(src/navigation2-humble/nav2_dwb_controller/dwb_msgs) by extensions ['ros']
[1.067s] Level 1:colcon.colcon_core.package_identification:_identify(src/navigation2-humble/nav2_dwb_controller/dwb_msgs) by extension 'ros'
[1.068s] DEBUG:colcon.colcon_core.package_identification:Package 'src/navigation2-humble/nav2_dwb_controller/dwb_msgs' with type 'ros.ament_cmake' and name 'dwb_msgs'
[1.069s] Level 1:colcon.colcon_core.package_identification:_identify(src/navigation2-humble/nav2_dwb_controller/dwb_plugins) by extensions ['ignore', 'ignore_ament_install']
[1.069s] Level 1:colcon.colcon_core.package_identification:_identify(src/navigation2-humble/nav2_dwb_controller/dwb_plugins) by extension 'ignore'
[1.069s] Level 1:colcon.colcon_core.package_identification:_identify(src/navigation2-humble/nav2_dwb_controller/dwb_plugins) by extension 'ignore_ament_install'
[1.069s] Level 1:colcon.colcon_core.package_identification:_identify(src/navigation2-humble/nav2_dwb_controller/dwb_plugins) by extensions ['colcon_pkg']
[1.069s] Level 1:colcon.colcon_core.package_identification:_identify(src/navigation2-humble/nav2_dwb_controller/dwb_plugins) by extension 'colcon_pkg'
[1.069s] Level 1:colcon.colcon_core.package_identification:_identify(src/navigation2-humble/nav2_dwb_controller/dwb_plugins) by extensions ['colcon_meta']
[1.069s] Level 1:colcon.colcon_core.package_identification:_identify(src/navigation2-humble/nav2_dwb_controller/dwb_plugins) by extension 'colcon_meta'
[1.070s] Level 1:colcon.colcon_core.package_identification:_identify(src/navigation2-humble/nav2_dwb_controller/dwb_plugins) by extensions ['ros']
[1.070s] Level 1:colcon.colcon_core.package_identification:_identify(src/navigation2-humble/nav2_dwb_controller/dwb_plugins) by extension 'ros'
[1.071s] DEBUG:colcon.colcon_core.package_identification:Package 'src/navigation2-humble/nav2_dwb_controller/dwb_plugins' with type 'ros.ament_cmake' and name 'dwb_plugins'
[1.072s] Level 1:colcon.colcon_core.package_identification:_identify(src/navigation2-humble/nav2_dwb_controller/images) by extensions ['ignore', 'ignore_ament_install']
[1.072s] Level 1:colcon.colcon_core.package_identification:_identify(src/navigation2-humble/nav2_dwb_controller/images) by extension 'ignore'
[1.072s] Level 1:colcon.colcon_core.package_identification:_identify(src/navigation2-humble/nav2_dwb_controller/images) by extension 'ignore_ament_install'
[1.072s] Level 1:colcon.colcon_core.package_identification:_identify(src/navigation2-humble/nav2_dwb_controller/images) by extensions ['colcon_pkg']
[1.072s] Level 1:colcon.colcon_core.package_identification:_identify(src/navigation2-humble/nav2_dwb_controller/images) by extension 'colcon_pkg'
[1.072s] Level 1:colcon.colcon_core.package_identification:_identify(src/navigation2-humble/nav2_dwb_controller/images) by extensions ['colcon_meta']
[1.072s] Level 1:colcon.colcon_core.package_identification:_identify(src/navigation2-humble/nav2_dwb_controller/images) by extension 'colcon_meta'
[1.072s] Level 1:colcon.colcon_core.package_identification:_identify(src/navigation2-humble/nav2_dwb_controller/images) by extensions ['ros']
[1.072s] Level 1:colcon.colcon_core.package_identification:_identify(src/navigation2-humble/nav2_dwb_controller/images) by extension 'ros'
[1.073s] Level 1:colcon.colcon_core.package_identification:_identify(src/navigation2-humble/nav2_dwb_controller/images) by extensions ['cmake', 'python']
[1.073s] Level 1:colcon.colcon_core.package_identification:_identify(src/navigation2-humble/nav2_dwb_controller/images) by extension 'cmake'
[1.073s] Level 1:colcon.colcon_core.package_identification:_identify(src/navigation2-humble/nav2_dwb_controller/images) by extension 'python'
[1.073s] Level 1:colcon.colcon_core.package_identification:_identify(src/navigation2-humble/nav2_dwb_controller/images) by extensions ['python_setup_py']
[1.073s] Level 1:colcon.colcon_core.package_identification:_identify(src/navigation2-humble/nav2_dwb_controller/images) by extension 'python_setup_py'
[1.073s] Level 1:colcon.colcon_core.package_identification:_identify(src/navigation2-humble/nav2_dwb_controller/nav2_dwb_controller) by extensions ['ignore', 'ignore_ament_install']
[1.073s] Level 1:colcon.colcon_core.package_identification:_identify(src/navigation2-humble/nav2_dwb_controller/nav2_dwb_controller) by extension 'ignore'
[1.073s] Level 1:colcon.colcon_core.package_identification:_identify(src/navigation2-humble/nav2_dwb_controller/nav2_dwb_controller) by extension 'ignore_ament_install'
[1.073s] Level 1:colcon.colcon_core.package_identification:_identify(src/navigation2-humble/nav2_dwb_controller/nav2_dwb_controller) by extensions ['colcon_pkg']
[1.074s] Level 1:colcon.colcon_core.package_identification:_identify(src/navigation2-humble/nav2_dwb_controller/nav2_dwb_controller) by extension 'colcon_pkg'
[1.074s] Level 1:colcon.colcon_core.package_identification:_identify(src/navigation2-humble/nav2_dwb_controller/nav2_dwb_controller) by extensions ['colcon_meta']
[1.074s] Level 1:colcon.colcon_core.package_identification:_identify(src/navigation2-humble/nav2_dwb_controller/nav2_dwb_controller) by extension 'colcon_meta'
[1.074s] Level 1:colcon.colcon_core.package_identification:_identify(src/navigation2-humble/nav2_dwb_controller/nav2_dwb_controller) by extensions ['ros']
[1.074s] Level 1:colcon.colcon_core.package_identification:_identify(src/navigation2-humble/nav2_dwb_controller/nav2_dwb_controller) by extension 'ros'
[1.076s] DEBUG:colcon.colcon_core.package_identification:Package 'src/navigation2-humble/nav2_dwb_controller/nav2_dwb_controller' with type 'ros.ament_cmake' and name 'nav2_dwb_controller'
[1.076s] Level 1:colcon.colcon_core.package_identification:_identify(src/navigation2-humble/nav2_dwb_controller/nav_2d_msgs) by extensions ['ignore', 'ignore_ament_install']
[1.076s] Level 1:colcon.colcon_core.package_identification:_identify(src/navigation2-humble/nav2_dwb_controller/nav_2d_msgs) by extension 'ignore'
[1.076s] Level 1:colcon.colcon_core.package_identification:_identify(src/navigation2-humble/nav2_dwb_controller/nav_2d_msgs) by extension 'ignore_ament_install'
[1.076s] Level 1:colcon.colcon_core.package_identification:_identify(src/navigation2-humble/nav2_dwb_controller/nav_2d_msgs) by extensions ['colcon_pkg']
[1.076s] Level 1:colcon.colcon_core.package_identification:_identify(src/navigation2-humble/nav2_dwb_controller/nav_2d_msgs) by extension 'colcon_pkg'
[1.076s] Level 1:colcon.colcon_core.package_identification:_identify(src/navigation2-humble/nav2_dwb_controller/nav_2d_msgs) by extensions ['colcon_meta']
[1.077s] Level 1:colcon.colcon_core.package_identification:_identify(src/navigation2-humble/nav2_dwb_controller/nav_2d_msgs) by extension 'colcon_meta'
[1.077s] Level 1:colcon.colcon_core.package_identification:_identify(src/navigation2-humble/nav2_dwb_controller/nav_2d_msgs) by extensions ['ros']
[1.077s] Level 1:colcon.colcon_core.package_identification:_identify(src/navigation2-humble/nav2_dwb_controller/nav_2d_msgs) by extension 'ros'
[1.078s] DEBUG:colcon.colcon_core.package_identification:Package 'src/navigation2-humble/nav2_dwb_controller/nav_2d_msgs' with type 'ros.ament_cmake' and name 'nav_2d_msgs'
[1.078s] Level 1:colcon.colcon_core.package_identification:_identify(src/navigation2-humble/nav2_dwb_controller/nav_2d_utils) by extensions ['ignore', 'ignore_ament_install']
[1.078s] Level 1:colcon.colcon_core.package_identification:_identify(src/navigation2-humble/nav2_dwb_controller/nav_2d_utils) by extension 'ignore'
[1.079s] Level 1:colcon.colcon_core.package_identification:_identify(src/navigation2-humble/nav2_dwb_controller/nav_2d_utils) by extension 'ignore_ament_install'
[1.079s] Level 1:colcon.colcon_core.package_identification:_identify(src/navigation2-humble/nav2_dwb_controller/nav_2d_utils) by extensions ['colcon_pkg']
[1.079s] Level 1:colcon.colcon_core.package_identification:_identify(src/navigation2-humble/nav2_dwb_controller/nav_2d_utils) by extension 'colcon_pkg'
[1.079s] Level 1:colcon.colcon_core.package_identification:_identify(src/navigation2-humble/nav2_dwb_controller/nav_2d_utils) by extensions ['colcon_meta']
[1.079s] Level 1:colcon.colcon_core.package_identification:_identify(src/navigation2-humble/nav2_dwb_controller/nav_2d_utils) by extension 'colcon_meta'
[1.079s] Level 1:colcon.colcon_core.package_identification:_identify(src/navigation2-humble/nav2_dwb_controller/nav_2d_utils) by extensions ['ros']
[1.079s] Level 1:colcon.colcon_core.package_identification:_identify(src/navigation2-humble/nav2_dwb_controller/nav_2d_utils) by extension 'ros'
[1.081s] DEBUG:colcon.colcon_core.package_identification:Package 'src/navigation2-humble/nav2_dwb_controller/nav_2d_utils' with type 'ros.ament_cmake' and name 'nav_2d_utils'
[1.081s] Level 1:colcon.colcon_core.package_identification:_identify(src/navigation2-humble/nav2_lifecycle_manager) by extensions ['ignore', 'ignore_ament_install']
[1.081s] Level 1:colcon.colcon_core.package_identification:_identify(src/navigation2-humble/nav2_lifecycle_manager) by extension 'ignore'
[1.082s] Level 1:colcon.colcon_core.package_identification:_identify(src/navigation2-humble/nav2_lifecycle_manager) by extension 'ignore_ament_install'
[1.082s] Level 1:colcon.colcon_core.package_identification:_identify(src/navigation2-humble/nav2_lifecycle_manager) by extensions ['colcon_pkg']
[1.082s] Level 1:colcon.colcon_core.package_identification:_identify(src/navigation2-humble/nav2_lifecycle_manager) by extension 'colcon_pkg'
[1.082s] Level 1:colcon.colcon_core.package_identification:_identify(src/navigation2-humble/nav2_lifecycle_manager) by extensions ['colcon_meta']
[1.082s] Level 1:colcon.colcon_core.package_identification:_identify(src/navigation2-humble/nav2_lifecycle_manager) by extension 'colcon_meta'
[1.082s] Level 1:colcon.colcon_core.package_identification:_identify(src/navigation2-humble/nav2_lifecycle_manager) by extensions ['ros']
[1.082s] Level 1:colcon.colcon_core.package_identification:_identify(src/navigation2-humble/nav2_lifecycle_manager) by extension 'ros'
[1.084s] DEBUG:colcon.colcon_core.package_identification:Package 'src/navigation2-humble/nav2_lifecycle_manager' with type 'ros.ament_cmake' and name 'nav2_lifecycle_manager'
[1.084s] Level 1:colcon.colcon_core.package_identification:_identify(src/navigation2-humble/nav2_map_server) by extensions ['ignore', 'ignore_ament_install']
[1.084s] Level 1:colcon.colcon_core.package_identification:_identify(src/navigation2-humble/nav2_map_server) by extension 'ignore'
[1.084s] Level 1:colcon.colcon_core.package_identification:_identify(src/navigation2-humble/nav2_map_server) by extension 'ignore_ament_install'
[1.084s] Level 1:colcon.colcon_core.package_identification:_identify(src/navigation2-humble/nav2_map_server) by extensions ['colcon_pkg']
[1.085s] Level 1:colcon.colcon_core.package_identification:_identify(src/navigation2-humble/nav2_map_server) by extension 'colcon_pkg'
[1.085s] Level 1:colcon.colcon_core.package_identification:_identify(src/navigation2-humble/nav2_map_server) by extensions ['colcon_meta']
[1.085s] Level 1:colcon.colcon_core.package_identification:_identify(src/navigation2-humble/nav2_map_server) by extension 'colcon_meta'
[1.085s] Level 1:colcon.colcon_core.package_identification:_identify(src/navigation2-humble/nav2_map_server) by extensions ['ros']
[1.085s] Level 1:colcon.colcon_core.package_identification:_identify(src/navigation2-humble/nav2_map_server) by extension 'ros'
[1.087s] DEBUG:colcon.colcon_core.package_identification:Package 'src/navigation2-humble/nav2_map_server' with type 'ros.ament_cmake' and name 'nav2_map_server'
[1.088s] Level 1:colcon.colcon_core.package_identification:_identify(src/navigation2-humble/nav2_mppi_controller) by extensions ['ignore', 'ignore_ament_install']
[1.088s] Level 1:colcon.colcon_core.package_identification:_identify(src/navigation2-humble/nav2_mppi_controller) by extension 'ignore'
[1.088s] Level 1:colcon.colcon_core.package_identification:_identify(src/navigation2-humble/nav2_mppi_controller) by extension 'ignore_ament_install'
[1.088s] Level 1:colcon.colcon_core.package_identification:_identify(src/navigation2-humble/nav2_mppi_controller) by extensions ['colcon_pkg']
[1.088s] Level 1:colcon.colcon_core.package_identification:_identify(src/navigation2-humble/nav2_mppi_controller) by extension 'colcon_pkg'
[1.088s] Level 1:colcon.colcon_core.package_identification:_identify(src/navigation2-humble/nav2_mppi_controller) by extensions ['colcon_meta']
[1.088s] Level 1:colcon.colcon_core.package_identification:_identify(src/navigation2-humble/nav2_mppi_controller) by extension 'colcon_meta'
[1.088s] Level 1:colcon.colcon_core.package_identification:_identify(src/navigation2-humble/nav2_mppi_controller) by extensions ['ros']
[1.088s] Level 1:colcon.colcon_core.package_identification:_identify(src/navigation2-humble/nav2_mppi_controller) by extension 'ros'
[1.092s] DEBUG:colcon.colcon_core.package_identification:Package 'src/navigation2-humble/nav2_mppi_controller' with type 'ros.ament_cmake' and name 'nav2_mppi_controller'
[1.092s] Level 1:colcon.colcon_core.package_identification:_identify(src/navigation2-humble/nav2_msgs) by extensions ['ignore', 'ignore_ament_install']
[1.092s] Level 1:colcon.colcon_core.package_identification:_identify(src/navigation2-humble/nav2_msgs) by extension 'ignore'
[1.092s] Level 1:colcon.colcon_core.package_identification:_identify(src/navigation2-humble/nav2_msgs) by extension 'ignore_ament_install'
[1.092s] Level 1:colcon.colcon_core.package_identification:_identify(src/navigation2-humble/nav2_msgs) by extensions ['colcon_pkg']
[1.093s] Level 1:colcon.colcon_core.package_identification:_identify(src/navigation2-humble/nav2_msgs) by extension 'colcon_pkg'
[1.093s] Level 1:colcon.colcon_core.package_identification:_identify(src/navigation2-humble/nav2_msgs) by extensions ['colcon_meta']
[1.093s] Level 1:colcon.colcon_core.package_identification:_identify(src/navigation2-humble/nav2_msgs) by extension 'colcon_meta'
[1.093s] Level 1:colcon.colcon_core.package_identification:_identify(src/navigation2-humble/nav2_msgs) by extensions ['ros']
[1.093s] Level 1:colcon.colcon_core.package_identification:_identify(src/navigation2-humble/nav2_msgs) by extension 'ros'
[1.095s] DEBUG:colcon.colcon_core.package_identification:Package 'src/navigation2-humble/nav2_msgs' with type 'ros.ament_cmake' and name 'nav2_msgs'
[1.095s] Level 1:colcon.colcon_core.package_identification:_identify(src/navigation2-humble/nav2_navfn_planner) by extensions ['ignore', 'ignore_ament_install']
[1.095s] Level 1:colcon.colcon_core.package_identification:_identify(src/navigation2-humble/nav2_navfn_planner) by extension 'ignore'
[1.095s] Level 1:colcon.colcon_core.package_identification:_identify(src/navigation2-humble/nav2_navfn_planner) by extension 'ignore_ament_install'
[1.096s] Level 1:colcon.colcon_core.package_identification:_identify(src/navigation2-humble/nav2_navfn_planner) by extensions ['colcon_pkg']
[1.096s] Level 1:colcon.colcon_core.package_identification:_identify(src/navigation2-humble/nav2_navfn_planner) by extension 'colcon_pkg'
[1.096s] Level 1:colcon.colcon_core.package_identification:_identify(src/navigation2-humble/nav2_navfn_planner) by extensions ['colcon_meta']
[1.096s] Level 1:colcon.colcon_core.package_identification:_identify(src/navigation2-humble/nav2_navfn_planner) by extension 'colcon_meta'
[1.096s] Level 1:colcon.colcon_core.package_identification:_identify(src/navigation2-humble/nav2_navfn_planner) by extensions ['ros']
[1.096s] Level 1:colcon.colcon_core.package_identification:_identify(src/navigation2-humble/nav2_navfn_planner) by extension 'ros'
[1.099s] DEBUG:colcon.colcon_core.package_identification:Package 'src/navigation2-humble/nav2_navfn_planner' with type 'ros.ament_cmake' and name 'nav2_navfn_planner'
[1.099s] Level 1:colcon.colcon_core.package_identification:_identify(src/navigation2-humble/nav2_planner) by extensions ['ignore', 'ignore_ament_install']
[1.099s] Level 1:colcon.colcon_core.package_identification:_identify(src/navigation2-humble/nav2_planner) by extension 'ignore'
[1.099s] Level 1:colcon.colcon_core.package_identification:_identify(src/navigation2-humble/nav2_planner) by extension 'ignore_ament_install'
[1.099s] Level 1:colcon.colcon_core.package_identification:_identify(src/navigation2-humble/nav2_planner) by extensions ['colcon_pkg']
[1.099s] Level 1:colcon.colcon_core.package_identification:_identify(src/navigation2-humble/nav2_planner) by extension 'colcon_pkg'
[1.100s] Level 1:colcon.colcon_core.package_identification:_identify(src/navigation2-humble/nav2_planner) by extensions ['colcon_meta']
[1.100s] Level 1:colcon.colcon_core.package_identification:_identify(src/navigation2-humble/nav2_planner) by extension 'colcon_meta'
[1.100s] Level 1:colcon.colcon_core.package_identification:_identify(src/navigation2-humble/nav2_planner) by extensions ['ros']
[1.100s] Level 1:colcon.colcon_core.package_identification:_identify(src/navigation2-humble/nav2_planner) by extension 'ros'
[1.102s] DEBUG:colcon.colcon_core.package_identification:Package 'src/navigation2-humble/nav2_planner' with type 'ros.ament_cmake' and name 'nav2_planner'
[1.103s] Level 1:colcon.colcon_core.package_identification:_identify(src/navigation2-humble/nav2_regulated_pure_pursuit_controller) by extensions ['ignore', 'ignore_ament_install']
[1.103s] Level 1:colcon.colcon_core.package_identification:_identify(src/navigation2-humble/nav2_regulated_pure_pursuit_controller) by extension 'ignore'
[1.103s] Level 1:colcon.colcon_core.package_identification:_identify(src/navigation2-humble/nav2_regulated_pure_pursuit_controller) by extension 'ignore_ament_install'
[1.103s] Level 1:colcon.colcon_core.package_identification:_identify(src/navigation2-humble/nav2_regulated_pure_pursuit_controller) by extensions ['colcon_pkg']
[1.103s] Level 1:colcon.colcon_core.package_identification:_identify(src/navigation2-humble/nav2_regulated_pure_pursuit_controller) by extension 'colcon_pkg'
[1.103s] Level 1:colcon.colcon_core.package_identification:_identify(src/navigation2-humble/nav2_regulated_pure_pursuit_controller) by extensions ['colcon_meta']
[1.103s] Level 1:colcon.colcon_core.package_identification:_identify(src/navigation2-humble/nav2_regulated_pure_pursuit_controller) by extension 'colcon_meta'
[1.103s] Level 1:colcon.colcon_core.package_identification:_identify(src/navigation2-humble/nav2_regulated_pure_pursuit_controller) by extensions ['ros']
[1.104s] Level 1:colcon.colcon_core.package_identification:_identify(src/navigation2-humble/nav2_regulated_pure_pursuit_controller) by extension 'ros'
[1.106s] DEBUG:colcon.colcon_core.package_identification:Package 'src/navigation2-humble/nav2_regulated_pure_pursuit_controller' with type 'ros.ament_cmake' and name 'nav2_regulated_pure_pursuit_controller'
[1.106s] Level 1:colcon.colcon_core.package_identification:_identify(src/navigation2-humble/nav2_rotation_shim_controller) by extensions ['ignore', 'ignore_ament_install']
[1.106s] Level 1:colcon.colcon_core.package_identification:_identify(src/navigation2-humble/nav2_rotation_shim_controller) by extension 'ignore'
[1.106s] Level 1:colcon.colcon_core.package_identification:_identify(src/navigation2-humble/nav2_rotation_shim_controller) by extension 'ignore_ament_install'
[1.106s] Level 1:colcon.colcon_core.package_identification:_identify(src/navigation2-humble/nav2_rotation_shim_controller) by extensions ['colcon_pkg']
[1.107s] Level 1:colcon.colcon_core.package_identification:_identify(src/navigation2-humble/nav2_rotation_shim_controller) by extension 'colcon_pkg'
[1.107s] Level 1:colcon.colcon_core.package_identification:_identify(src/navigation2-humble/nav2_rotation_shim_controller) by extensions ['colcon_meta']
[1.107s] Level 1:colcon.colcon_core.package_identification:_identify(src/navigation2-humble/nav2_rotation_shim_controller) by extension 'colcon_meta'
[1.107s] Level 1:colcon.colcon_core.package_identification:_identify(src/navigation2-humble/nav2_rotation_shim_controller) by extensions ['ros']
[1.107s] Level 1:colcon.colcon_core.package_identification:_identify(src/navigation2-humble/nav2_rotation_shim_controller) by extension 'ros'
[1.109s] DEBUG:colcon.colcon_core.package_identification:Package 'src/navigation2-humble/nav2_rotation_shim_controller' with type 'ros.ament_cmake' and name 'nav2_rotation_shim_controller'
[1.109s] Level 1:colcon.colcon_core.package_identification:_identify(src/navigation2-humble/nav2_rviz_plugins) by extensions ['ignore', 'ignore_ament_install']
[1.109s] Level 1:colcon.colcon_core.package_identification:_identify(src/navigation2-humble/nav2_rviz_plugins) by extension 'ignore'
[1.110s] Level 1:colcon.colcon_core.package_identification:_identify(src/navigation2-humble/nav2_rviz_plugins) by extension 'ignore_ament_install'
[1.110s] Level 1:colcon.colcon_core.package_identification:_identify(src/navigation2-humble/nav2_rviz_plugins) by extensions ['colcon_pkg']
[1.110s] Level 1:colcon.colcon_core.package_identification:_identify(src/navigation2-humble/nav2_rviz_plugins) by extension 'colcon_pkg'
[1.110s] Level 1:colcon.colcon_core.package_identification:_identify(src/navigation2-humble/nav2_rviz_plugins) by extensions ['colcon_meta']
[1.110s] Level 1:colcon.colcon_core.package_identification:_identify(src/navigation2-humble/nav2_rviz_plugins) by extension 'colcon_meta'
[1.110s] Level 1:colcon.colcon_core.package_identification:_identify(src/navigation2-humble/nav2_rviz_plugins) by extensions ['ros']
[1.110s] Level 1:colcon.colcon_core.package_identification:_identify(src/navigation2-humble/nav2_rviz_plugins) by extension 'ros'
[1.113s] DEBUG:colcon.colcon_core.package_identification:Package 'src/navigation2-humble/nav2_rviz_plugins' with type 'ros.ament_cmake' and name 'nav2_rviz_plugins'
[1.114s] Level 1:colcon.colcon_core.package_identification:_identify(src/navigation2-humble/nav2_simple_commander) by extensions ['ignore', 'ignore_ament_install']
[1.114s] Level 1:colcon.colcon_core.package_identification:_identify(src/navigation2-humble/nav2_simple_commander) by extension 'ignore'
[1.114s] Level 1:colcon.colcon_core.package_identification:_identify(src/navigation2-humble/nav2_simple_commander) by extension 'ignore_ament_install'
[1.114s] Level 1:colcon.colcon_core.package_identification:_identify(src/navigation2-humble/nav2_simple_commander) by extensions ['colcon_pkg']
[1.114s] Level 1:colcon.colcon_core.package_identification:_identify(src/navigation2-humble/nav2_simple_commander) by extension 'colcon_pkg'
[1.114s] Level 1:colcon.colcon_core.package_identification:_identify(src/navigation2-humble/nav2_simple_commander) by extensions ['colcon_meta']
[1.114s] Level 1:colcon.colcon_core.package_identification:_identify(src/navigation2-humble/nav2_simple_commander) by extension 'colcon_meta'
[1.114s] Level 1:colcon.colcon_core.package_identification:_identify(src/navigation2-humble/nav2_simple_commander) by extensions ['ros']
[1.114s] Level 1:colcon.colcon_core.package_identification:_identify(src/navigation2-humble/nav2_simple_commander) by extension 'ros'
[1.116s] DEBUG:colcon.colcon_core.package_identification:Package 'src/navigation2-humble/nav2_simple_commander' with type 'ros.ament_python' and name 'nav2_simple_commander'
[1.116s] Level 1:colcon.colcon_core.package_identification:_identify(src/navigation2-humble/nav2_smac_planner) by extensions ['ignore', 'ignore_ament_install']
[1.116s] Level 1:colcon.colcon_core.package_identification:_identify(src/navigation2-humble/nav2_smac_planner) by extension 'ignore'
[1.116s] Level 1:colcon.colcon_core.package_identification:_identify(src/navigation2-humble/nav2_smac_planner) by extension 'ignore_ament_install'
[1.116s] Level 1:colcon.colcon_core.package_identification:_identify(src/navigation2-humble/nav2_smac_planner) by extensions ['colcon_pkg']
[1.116s] Level 1:colcon.colcon_core.package_identification:_identify(src/navigation2-humble/nav2_smac_planner) by extension 'colcon_pkg'
[1.116s] Level 1:colcon.colcon_core.package_identification:_identify(src/navigation2-humble/nav2_smac_planner) by extensions ['colcon_meta']
[1.117s] Level 1:colcon.colcon_core.package_identification:_identify(src/navigation2-humble/nav2_smac_planner) by extension 'colcon_meta'
[1.117s] Level 1:colcon.colcon_core.package_identification:_identify(src/navigation2-humble/nav2_smac_planner) by extensions ['ros']
[1.117s] Level 1:colcon.colcon_core.package_identification:_identify(src/navigation2-humble/nav2_smac_planner) by extension 'ros'
[1.120s] DEBUG:colcon.colcon_core.package_identification:Package 'src/navigation2-humble/nav2_smac_planner' with type 'ros.ament_cmake' and name 'nav2_smac_planner'
[1.120s] Level 1:colcon.colcon_core.package_identification:_identify(src/navigation2-humble/nav2_smoother) by extensions ['ignore', 'ignore_ament_install']
[1.121s] Level 1:colcon.colcon_core.package_identification:_identify(src/navigation2-humble/nav2_smoother) by extension 'ignore'
[1.121s] Level 1:colcon.colcon_core.package_identification:_identify(src/navigation2-humble/nav2_smoother) by extension 'ignore_ament_install'
[1.121s] Level 1:colcon.colcon_core.package_identification:_identify(src/navigation2-humble/nav2_smoother) by extensions ['colcon_pkg']
[1.121s] Level 1:colcon.colcon_core.package_identification:_identify(src/navigation2-humble/nav2_smoother) by extension 'colcon_pkg'
[1.121s] Level 1:colcon.colcon_core.package_identification:_identify(src/navigation2-humble/nav2_smoother) by extensions ['colcon_meta']
[1.121s] Level 1:colcon.colcon_core.package_identification:_identify(src/navigation2-humble/nav2_smoother) by extension 'colcon_meta'
[1.121s] Level 1:colcon.colcon_core.package_identification:_identify(src/navigation2-humble/nav2_smoother) by extensions ['ros']
[1.121s] Level 1:colcon.colcon_core.package_identification:_identify(src/navigation2-humble/nav2_smoother) by extension 'ros'
[1.124s] DEBUG:colcon.colcon_core.package_identification:Package 'src/navigation2-humble/nav2_smoother' with type 'ros.ament_cmake' and name 'nav2_smoother'
[1.124s] Level 1:colcon.colcon_core.package_identification:_identify(src/navigation2-humble/nav2_theta_star_planner) by extensions ['ignore', 'ignore_ament_install']
[1.124s] Level 1:colcon.colcon_core.package_identification:_identify(src/navigation2-humble/nav2_theta_star_planner) by extension 'ignore'
[1.124s] Level 1:colcon.colcon_core.package_identification:_identify(src/navigation2-humble/nav2_theta_star_planner) by extension 'ignore_ament_install'
[1.124s] Level 1:colcon.colcon_core.package_identification:_identify(src/navigation2-humble/nav2_theta_star_planner) by extensions ['colcon_pkg']
[1.124s] Level 1:colcon.colcon_core.package_identification:_identify(src/navigation2-humble/nav2_theta_star_planner) by extension 'colcon_pkg'
[1.125s] Level 1:colcon.colcon_core.package_identification:_identify(src/navigation2-humble/nav2_theta_star_planner) by extensions ['colcon_meta']
[1.125s] Level 1:colcon.colcon_core.package_identification:_identify(src/navigation2-humble/nav2_theta_star_planner) by extension 'colcon_meta'
[1.125s] Level 1:colcon.colcon_core.package_identification:_identify(src/navigation2-humble/nav2_theta_star_planner) by extensions ['ros']
[1.125s] Level 1:colcon.colcon_core.package_identification:_identify(src/navigation2-humble/nav2_theta_star_planner) by extension 'ros'
[1.127s] DEBUG:colcon.colcon_core.package_identification:Package 'src/navigation2-humble/nav2_theta_star_planner' with type 'ros.ament_cmake' and name 'nav2_theta_star_planner'
[1.128s] Level 1:colcon.colcon_core.package_identification:_identify(src/navigation2-humble/nav2_util) by extensions ['ignore', 'ignore_ament_install']
[1.128s] Level 1:colcon.colcon_core.package_identification:_identify(src/navigation2-humble/nav2_util) by extension 'ignore'
[1.128s] Level 1:colcon.colcon_core.package_identification:_identify(src/navigation2-humble/nav2_util) by extension 'ignore_ament_install'
[1.128s] Level 1:colcon.colcon_core.package_identification:_identify(src/navigation2-humble/nav2_util) by extensions ['colcon_pkg']
[1.128s] Level 1:colcon.colcon_core.package_identification:_identify(src/navigation2-humble/nav2_util) by extension 'colcon_pkg'
[1.128s] Level 1:colcon.colcon_core.package_identification:_identify(src/navigation2-humble/nav2_util) by extensions ['colcon_meta']
[1.128s] Level 1:colcon.colcon_core.package_identification:_identify(src/navigation2-humble/nav2_util) by extension 'colcon_meta'
[1.128s] Level 1:colcon.colcon_core.package_identification:_identify(src/navigation2-humble/nav2_util) by extensions ['ros']
[1.128s] Level 1:colcon.colcon_core.package_identification:_identify(src/navigation2-humble/nav2_util) by extension 'ros'
[1.132s] DEBUG:colcon.colcon_core.package_identification:Package 'src/navigation2-humble/nav2_util' with type 'ros.ament_cmake' and name 'nav2_util'
[1.132s] Level 1:colcon.colcon_core.package_identification:_identify(src/navigation2-humble/nav2_velocity_smoother) by extensions ['ignore', 'ignore_ament_install']
[1.132s] Level 1:colcon.colcon_core.package_identification:_identify(src/navigation2-humble/nav2_velocity_smoother) by extension 'ignore'
[1.132s] Level 1:colcon.colcon_core.package_identification:_identify(src/navigation2-humble/nav2_velocity_smoother) by extension 'ignore_ament_install'
[1.132s] Level 1:colcon.colcon_core.package_identification:_identify(src/navigation2-humble/nav2_velocity_smoother) by extensions ['colcon_pkg']
[1.132s] Level 1:colcon.colcon_core.package_identification:_identify(src/navigation2-humble/nav2_velocity_smoother) by extension 'colcon_pkg'
[1.132s] Level 1:colcon.colcon_core.package_identification:_identify(src/navigation2-humble/nav2_velocity_smoother) by extensions ['colcon_meta']
[1.133s] Level 1:colcon.colcon_core.package_identification:_identify(src/navigation2-humble/nav2_velocity_smoother) by extension 'colcon_meta'
[1.133s] Level 1:colcon.colcon_core.package_identification:_identify(src/navigation2-humble/nav2_velocity_smoother) by extensions ['ros']
[1.133s] Level 1:colcon.colcon_core.package_identification:_identify(src/navigation2-humble/nav2_velocity_smoother) by extension 'ros'
[1.134s] DEBUG:colcon.colcon_core.package_identification:Package 'src/navigation2-humble/nav2_velocity_smoother' with type 'ros.ament_cmake' and name 'nav2_velocity_smoother'
[1.134s] Level 1:colcon.colcon_core.package_identification:_identify(src/navigation2-humble/nav2_voxel_grid) by extensions ['ignore', 'ignore_ament_install']
[1.135s] Level 1:colcon.colcon_core.package_identification:_identify(src/navigation2-humble/nav2_voxel_grid) by extension 'ignore'
[1.135s] Level 1:colcon.colcon_core.package_identification:_identify(src/navigation2-humble/nav2_voxel_grid) by extension 'ignore_ament_install'
[1.135s] Level 1:colcon.colcon_core.package_identification:_identify(src/navigation2-humble/nav2_voxel_grid) by extensions ['colcon_pkg']
[1.135s] Level 1:colcon.colcon_core.package_identification:_identify(src/navigation2-humble/nav2_voxel_grid) by extension 'colcon_pkg'
[1.135s] Level 1:colcon.colcon_core.package_identification:_identify(src/navigation2-humble/nav2_voxel_grid) by extensions ['colcon_meta']
[1.135s] Level 1:colcon.colcon_core.package_identification:_identify(src/navigation2-humble/nav2_voxel_grid) by extension 'colcon_meta'
[1.135s] Level 1:colcon.colcon_core.package_identification:_identify(src/navigation2-humble/nav2_voxel_grid) by extensions ['ros']
[1.135s] Level 1:colcon.colcon_core.package_identification:_identify(src/navigation2-humble/nav2_voxel_grid) by extension 'ros'
[1.136s] DEBUG:colcon.colcon_core.package_identification:Package 'src/navigation2-humble/nav2_voxel_grid' with type 'ros.ament_cmake' and name 'nav2_voxel_grid'
[1.137s] Level 1:colcon.colcon_core.package_identification:_identify(src/navigation2-humble/nav2_waypoint_follower) by extensions ['ignore', 'ignore_ament_install']
[1.137s] Level 1:colcon.colcon_core.package_identification:_identify(src/navigation2-humble/nav2_waypoint_follower) by extension 'ignore'
[1.137s] Level 1:colcon.colcon_core.package_identification:_identify(src/navigation2-humble/nav2_waypoint_follower) by extension 'ignore_ament_install'
[1.137s] Level 1:colcon.colcon_core.package_identification:_identify(src/navigation2-humble/nav2_waypoint_follower) by extensions ['colcon_pkg']
[1.137s] Level 1:colcon.colcon_core.package_identification:_identify(src/navigation2-humble/nav2_waypoint_follower) by extension 'colcon_pkg'
[1.137s] Level 1:colcon.colcon_core.package_identification:_identify(src/navigation2-humble/nav2_waypoint_follower) by extensions ['colcon_meta']
[1.137s] Level 1:colcon.colcon_core.package_identification:_identify(src/navigation2-humble/nav2_waypoint_follower) by extension 'colcon_meta'
[1.137s] Level 1:colcon.colcon_core.package_identification:_identify(src/navigation2-humble/nav2_waypoint_follower) by extensions ['ros']
[1.137s] Level 1:colcon.colcon_core.package_identification:_identify(src/navigation2-humble/nav2_waypoint_follower) by extension 'ros'
[1.140s] DEBUG:colcon.colcon_core.package_identification:Package 'src/navigation2-humble/nav2_waypoint_follower' with type 'ros.ament_cmake' and name 'nav2_waypoint_follower'
[1.140s] Level 1:colcon.colcon_core.package_identification:_identify(src/navigation2-humble/navigation2) by extensions ['ignore', 'ignore_ament_install']
[1.140s] Level 1:colcon.colcon_core.package_identification:_identify(src/navigation2-humble/navigation2) by extension 'ignore'
[1.141s] Level 1:colcon.colcon_core.package_identification:_identify(src/navigation2-humble/navigation2) by extension 'ignore_ament_install'
[1.141s] Level 1:colcon.colcon_core.package_identification:_identify(src/navigation2-humble/navigation2) by extensions ['colcon_pkg']
[1.141s] Level 1:colcon.colcon_core.package_identification:_identify(src/navigation2-humble/navigation2) by extension 'colcon_pkg'
[1.141s] Level 1:colcon.colcon_core.package_identification:_identify(src/navigation2-humble/navigation2) by extensions ['colcon_meta']
[1.141s] Level 1:colcon.colcon_core.package_identification:_identify(src/navigation2-humble/navigation2) by extension 'colcon_meta'
[1.141s] Level 1:colcon.colcon_core.package_identification:_identify(src/navigation2-humble/navigation2) by extensions ['ros']
[1.141s] Level 1:colcon.colcon_core.package_identification:_identify(src/navigation2-humble/navigation2) by extension 'ros'
[1.143s] DEBUG:colcon.colcon_core.package_identification:Package 'src/navigation2-humble/navigation2' with type 'ros.ament_cmake' and name 'navigation2'
[1.143s] Level 1:colcon.colcon_core.package_identification:_identify(src/navigation2-humble/tools) by extensions ['ignore', 'ignore_ament_install']
[1.143s] Level 1:colcon.colcon_core.package_identification:_identify(src/navigation2-humble/tools) by extension 'ignore'
[1.143s] Level 1:colcon.colcon_core.package_identification:_identify(src/navigation2-humble/tools) by extension 'ignore_ament_install'
[1.143s] Level 1:colcon.colcon_core.package_identification:_identify(src/navigation2-humble/tools) by extensions ['colcon_pkg']
[1.144s] Level 1:colcon.colcon_core.package_identification:_identify(src/navigation2-humble/tools) by extension 'colcon_pkg'
[1.144s] Level 1:colcon.colcon_core.package_identification:_identify(src/navigation2-humble/tools) by extensions ['colcon_meta']
[1.144s] Level 1:colcon.colcon_core.package_identification:_identify(src/navigation2-humble/tools) by extension 'colcon_meta'
[1.144s] Level 1:colcon.colcon_core.package_identification:_identify(src/navigation2-humble/tools) by extensions ['ros']
[1.144s] Level 1:colcon.colcon_core.package_identification:_identify(src/navigation2-humble/tools) by extension 'ros'
[1.144s] Level 1:colcon.colcon_core.package_identification:_identify(src/navigation2-humble/tools) by extensions ['cmake', 'python']
[1.144s] Level 1:colcon.colcon_core.package_identification:_identify(src/navigation2-humble/tools) by extension 'cmake'
[1.144s] Level 1:colcon.colcon_core.package_identification:_identify(src/navigation2-humble/tools) by extension 'python'
[1.144s] Level 1:colcon.colcon_core.package_identification:_identify(src/navigation2-humble/tools) by extensions ['python_setup_py']
[1.144s] Level 1:colcon.colcon_core.package_identification:_identify(src/navigation2-humble/tools) by extension 'python_setup_py'
[1.145s] Level 1:colcon.colcon_core.package_identification:_identify(src/navigation2-humble/tools/planner_benchmarking) by extensions ['ignore', 'ignore_ament_install']
[1.145s] Level 1:colcon.colcon_core.package_identification:_identify(src/navigation2-humble/tools/planner_benchmarking) by extension 'ignore'
[1.145s] Level 1:colcon.colcon_core.package_identification:_identify(src/navigation2-humble/tools/planner_benchmarking) by extension 'ignore_ament_install'
[1.145s] Level 1:colcon.colcon_core.package_identification:_identify(src/navigation2-humble/tools/planner_benchmarking) by extensions ['colcon_pkg']
[1.145s] Level 1:colcon.colcon_core.package_identification:_identify(src/navigation2-humble/tools/planner_benchmarking) by extension 'colcon_pkg'
[1.145s] Level 1:colcon.colcon_core.package_identification:_identify(src/navigation2-humble/tools/planner_benchmarking) by extensions ['colcon_meta']
[1.145s] Level 1:colcon.colcon_core.package_identification:_identify(src/navigation2-humble/tools/planner_benchmarking) by extension 'colcon_meta'
[1.145s] Level 1:colcon.colcon_core.package_identification:_identify(src/navigation2-humble/tools/planner_benchmarking) by extensions ['ros']
[1.145s] Level 1:colcon.colcon_core.package_identification:_identify(src/navigation2-humble/tools/planner_benchmarking) by extension 'ros'
[1.146s] Level 1:colcon.colcon_core.package_identification:_identify(src/navigation2-humble/tools/planner_benchmarking) by extensions ['cmake', 'python']
[1.146s] Level 1:colcon.colcon_core.package_identification:_identify(src/navigation2-humble/tools/planner_benchmarking) by extension 'cmake'
[1.146s] Level 1:colcon.colcon_core.package_identification:_identify(src/navigation2-humble/tools/planner_benchmarking) by extension 'python'
[1.146s] Level 1:colcon.colcon_core.package_identification:_identify(src/navigation2-humble/tools/planner_benchmarking) by extensions ['python_setup_py']
[1.146s] Level 1:colcon.colcon_core.package_identification:_identify(src/navigation2-humble/tools/planner_benchmarking) by extension 'python_setup_py'
[1.146s] Level 1:colcon.colcon_core.package_identification:_identify(src/navigation2-humble/tools/smoother_benchmarking) by extensions ['ignore', 'ignore_ament_install']
[1.146s] Level 1:colcon.colcon_core.package_identification:_identify(src/navigation2-humble/tools/smoother_benchmarking) by extension 'ignore'
[1.146s] Level 1:colcon.colcon_core.package_identification:_identify(src/navigation2-humble/tools/smoother_benchmarking) by extension 'ignore_ament_install'
[1.147s] Level 1:colcon.colcon_core.package_identification:_identify(src/navigation2-humble/tools/smoother_benchmarking) by extensions ['colcon_pkg']
[1.147s] Level 1:colcon.colcon_core.package_identification:_identify(src/navigation2-humble/tools/smoother_benchmarking) by extension 'colcon_pkg'
[1.147s] Level 1:colcon.colcon_core.package_identification:_identify(src/navigation2-humble/tools/smoother_benchmarking) by extensions ['colcon_meta']
[1.147s] Level 1:colcon.colcon_core.package_identification:_identify(src/navigation2-humble/tools/smoother_benchmarking) by extension 'colcon_meta'
[1.147s] Level 1:colcon.colcon_core.package_identification:_identify(src/navigation2-humble/tools/smoother_benchmarking) by extensions ['ros']
[1.147s] Level 1:colcon.colcon_core.package_identification:_identify(src/navigation2-humble/tools/smoother_benchmarking) by extension 'ros'
[1.147s] Level 1:colcon.colcon_core.package_identification:_identify(src/navigation2-humble/tools/smoother_benchmarking) by extensions ['cmake', 'python']
[1.147s] Level 1:colcon.colcon_core.package_identification:_identify(src/navigation2-humble/tools/smoother_benchmarking) by extension 'cmake'
[1.147s] Level 1:colcon.colcon_core.package_identification:_identify(src/navigation2-humble/tools/smoother_benchmarking) by extension 'python'
[1.147s] Level 1:colcon.colcon_core.package_identification:_identify(src/navigation2-humble/tools/smoother_benchmarking) by extensions ['python_setup_py']
[1.147s] Level 1:colcon.colcon_core.package_identification:_identify(src/navigation2-humble/tools/smoother_benchmarking) by extension 'python_setup_py'
[1.148s] Level 1:colcon.colcon_core.package_identification:_identify(src/navigation2-humble/tools/smoother_benchmarking/maps) by extensions ['ignore', 'ignore_ament_install']
[1.148s] Level 1:colcon.colcon_core.package_identification:_identify(src/navigation2-humble/tools/smoother_benchmarking/maps) by extension 'ignore'
[1.148s] Level 1:colcon.colcon_core.package_identification:_identify(src/navigation2-humble/tools/smoother_benchmarking/maps) by extension 'ignore_ament_install'
[1.148s] Level 1:colcon.colcon_core.package_identification:_identify(src/navigation2-humble/tools/smoother_benchmarking/maps) by extensions ['colcon_pkg']
[1.148s] Level 1:colcon.colcon_core.package_identification:_identify(src/navigation2-humble/tools/smoother_benchmarking/maps) by extension 'colcon_pkg'
[1.148s] Level 1:colcon.colcon_core.package_identification:_identify(src/navigation2-humble/tools/smoother_benchmarking/maps) by extensions ['colcon_meta']
[1.148s] Level 1:colcon.colcon_core.package_identification:_identify(src/navigation2-humble/tools/smoother_benchmarking/maps) by extension 'colcon_meta'
[1.148s] Level 1:colcon.colcon_core.package_identification:_identify(src/navigation2-humble/tools/smoother_benchmarking/maps) by extensions ['ros']
[1.148s] Level 1:colcon.colcon_core.package_identification:_identify(src/navigation2-humble/tools/smoother_benchmarking/maps) by extension 'ros'
[1.149s] Level 1:colcon.colcon_core.package_identification:_identify(src/navigation2-humble/tools/smoother_benchmarking/maps) by extensions ['cmake', 'python']
[1.149s] Level 1:colcon.colcon_core.package_identification:_identify(src/navigation2-humble/tools/smoother_benchmarking/maps) by extension 'cmake'
[1.149s] Level 1:colcon.colcon_core.package_identification:_identify(src/navigation2-humble/tools/smoother_benchmarking/maps) by extension 'python'
[1.149s] Level 1:colcon.colcon_core.package_identification:_identify(src/navigation2-humble/tools/smoother_benchmarking/maps) by extensions ['python_setup_py']
[1.149s] Level 1:colcon.colcon_core.package_identification:_identify(src/navigation2-humble/tools/smoother_benchmarking/maps) by extension 'python_setup_py'
[1.149s] Level 1:colcon.colcon_core.package_identification:_identify(src/ollama_ros_chat-ros2) by extensions ['ignore', 'ignore_ament_install']
[1.149s] Level 1:colcon.colcon_core.package_identification:_identify(src/ollama_ros_chat-ros2) by extension 'ignore'
[1.150s] Level 1:colcon.colcon_core.package_identification:_identify(src/ollama_ros_chat-ros2) by extension 'ignore_ament_install'
[1.150s] Level 1:colcon.colcon_core.package_identification:_identify(src/ollama_ros_chat-ros2) by extensions ['colcon_pkg']
[1.150s] Level 1:colcon.colcon_core.package_identification:_identify(src/ollama_ros_chat-ros2) by extension 'colcon_pkg'
[1.150s] Level 1:colcon.colcon_core.package_identification:_identify(src/ollama_ros_chat-ros2) by extensions ['colcon_meta']
[1.150s] Level 1:colcon.colcon_core.package_identification:_identify(src/ollama_ros_chat-ros2) by extension 'colcon_meta'
[1.150s] Level 1:colcon.colcon_core.package_identification:_identify(src/ollama_ros_chat-ros2) by extensions ['ros']
[1.150s] Level 1:colcon.colcon_core.package_identification:_identify(src/ollama_ros_chat-ros2) by extension 'ros'
[1.150s] Level 1:colcon.colcon_core.package_identification:_identify(src/ollama_ros_chat-ros2) by extensions ['cmake', 'python']
[1.150s] Level 1:colcon.colcon_core.package_identification:_identify(src/ollama_ros_chat-ros2) by extension 'cmake'
[1.150s] Level 1:colcon.colcon_core.package_identification:_identify(src/ollama_ros_chat-ros2) by extension 'python'
[1.150s] Level 1:colcon.colcon_core.package_identification:_identify(src/ollama_ros_chat-ros2) by extensions ['python_setup_py']
[1.150s] Level 1:colcon.colcon_core.package_identification:_identify(src/ollama_ros_chat-ros2) by extension 'python_setup_py'
[1.151s] Level 1:colcon.colcon_core.package_identification:_identify(src/ollama_ros_chat-ros2/ollama_ros_chat) by extensions ['ignore', 'ignore_ament_install']
[1.151s] Level 1:colcon.colcon_core.package_identification:_identify(src/ollama_ros_chat-ros2/ollama_ros_chat) by extension 'ignore'
[1.151s] Level 1:colcon.colcon_core.package_identification:_identify(src/ollama_ros_chat-ros2/ollama_ros_chat) by extension 'ignore_ament_install'
[1.151s] Level 1:colcon.colcon_core.package_identification:_identify(src/ollama_ros_chat-ros2/ollama_ros_chat) by extensions ['colcon_pkg']
[1.151s] Level 1:colcon.colcon_core.package_identification:_identify(src/ollama_ros_chat-ros2/ollama_ros_chat) by extension 'colcon_pkg'
[1.151s] Level 1:colcon.colcon_core.package_identification:_identify(src/ollama_ros_chat-ros2/ollama_ros_chat) by extensions ['colcon_meta']
[1.151s] Level 1:colcon.colcon_core.package_identification:_identify(src/ollama_ros_chat-ros2/ollama_ros_chat) by extension 'colcon_meta'
[1.151s] Level 1:colcon.colcon_core.package_identification:_identify(src/ollama_ros_chat-ros2/ollama_ros_chat) by extensions ['ros']
[1.151s] Level 1:colcon.colcon_core.package_identification:_identify(src/ollama_ros_chat-ros2/ollama_ros_chat) by extension 'ros'
[1.153s] DEBUG:colcon.colcon_core.package_identification:Package 'src/ollama_ros_chat-ros2/ollama_ros_chat' with type 'ros.ament_python' and name 'ollama_ros_chat'
[1.153s] Level 1:colcon.colcon_core.package_identification:_identify(src/ollama_ros_chat-ros2/ollama_ros_msgs) by extensions ['ignore', 'ignore_ament_install']
[1.153s] Level 1:colcon.colcon_core.package_identification:_identify(src/ollama_ros_chat-ros2/ollama_ros_msgs) by extension 'ignore'
[1.153s] Level 1:colcon.colcon_core.package_identification:_identify(src/ollama_ros_chat-ros2/ollama_ros_msgs) by extension 'ignore_ament_install'
[1.153s] Level 1:colcon.colcon_core.package_identification:_identify(src/ollama_ros_chat-ros2/ollama_ros_msgs) by extensions ['colcon_pkg']
[1.154s] Level 1:colcon.colcon_core.package_identification:_identify(src/ollama_ros_chat-ros2/ollama_ros_msgs) by extension 'colcon_pkg'
[1.154s] Level 1:colcon.colcon_core.package_identification:_identify(src/ollama_ros_chat-ros2/ollama_ros_msgs) by extensions ['colcon_meta']
[1.154s] Level 1:colcon.colcon_core.package_identification:_identify(src/ollama_ros_chat-ros2/ollama_ros_msgs) by extension 'colcon_meta'
[1.154s] Level 1:colcon.colcon_core.package_identification:_identify(src/ollama_ros_chat-ros2/ollama_ros_msgs) by extensions ['ros']
[1.154s] Level 1:colcon.colcon_core.package_identification:_identify(src/ollama_ros_chat-ros2/ollama_ros_msgs) by extension 'ros'
[1.155s] DEBUG:colcon.colcon_core.package_identification:Package 'src/ollama_ros_chat-ros2/ollama_ros_msgs' with type 'ros.ament_cmake' and name 'ollama_ros_msgs'
[1.155s] Level 1:colcon.colcon_core.package_identification:_identify(src/qt_ros_test) by extensions ['ignore', 'ignore_ament_install']
[1.155s] Level 1:colcon.colcon_core.package_identification:_identify(src/qt_ros_test) by extension 'ignore'
[1.156s] Level 1:colcon.colcon_core.package_identification:_identify(src/qt_ros_test) by extension 'ignore_ament_install'
[1.156s] Level 1:colcon.colcon_core.package_identification:_identify(src/qt_ros_test) by extensions ['colcon_pkg']
[1.156s] Level 1:colcon.colcon_core.package_identification:_identify(src/qt_ros_test) by extension 'colcon_pkg'
[1.156s] Level 1:colcon.colcon_core.package_identification:_identify(src/qt_ros_test) by extensions ['colcon_meta']
[1.156s] Level 1:colcon.colcon_core.package_identification:_identify(src/qt_ros_test) by extension 'colcon_meta'
[1.156s] Level 1:colcon.colcon_core.package_identification:_identify(src/qt_ros_test) by extensions ['ros']
[1.156s] Level 1:colcon.colcon_core.package_identification:_identify(src/qt_ros_test) by extension 'ros'
[1.158s] DEBUG:colcon.colcon_core.package_identification:Package 'src/qt_ros_test' with type 'ros.ament_cmake' and name 'qt_ros_test'
[1.158s] Level 1:colcon.colcon_core.package_identification:_identify(src/ros2_astra_camera-master) by extensions ['ignore', 'ignore_ament_install']
[1.158s] Level 1:colcon.colcon_core.package_identification:_identify(src/ros2_astra_camera-master) by extension 'ignore'
[1.158s] Level 1:colcon.colcon_core.package_identification:_identify(src/ros2_astra_camera-master) by extension 'ignore_ament_install'
[1.158s] Level 1:colcon.colcon_core.package_identification:_identify(src/ros2_astra_camera-master) by extensions ['colcon_pkg']
[1.158s] Level 1:colcon.colcon_core.package_identification:_identify(src/ros2_astra_camera-master) by extension 'colcon_pkg'
[1.159s] Level 1:colcon.colcon_core.package_identification:_identify(src/ros2_astra_camera-master) by extensions ['colcon_meta']
[1.159s] Level 1:colcon.colcon_core.package_identification:_identify(src/ros2_astra_camera-master) by extension 'colcon_meta'
[1.159s] Level 1:colcon.colcon_core.package_identification:_identify(src/ros2_astra_camera-master) by extensions ['ros']
[1.159s] Level 1:colcon.colcon_core.package_identification:_identify(src/ros2_astra_camera-master) by extension 'ros'
[1.159s] Level 1:colcon.colcon_core.package_identification:_identify(src/ros2_astra_camera-master) by extensions ['cmake', 'python']
[1.159s] Level 1:colcon.colcon_core.package_identification:_identify(src/ros2_astra_camera-master) by extension 'cmake'
[1.159s] Level 1:colcon.colcon_core.package_identification:_identify(src/ros2_astra_camera-master) by extension 'python'
[1.159s] Level 1:colcon.colcon_core.package_identification:_identify(src/ros2_astra_camera-master) by extensions ['python_setup_py']
[1.159s] Level 1:colcon.colcon_core.package_identification:_identify(src/ros2_astra_camera-master) by extension 'python_setup_py'
[1.160s] Level 1:colcon.colcon_core.package_identification:_identify(src/ros2_astra_camera-master/astra_camera) by extensions ['ignore', 'ignore_ament_install']
[1.160s] Level 1:colcon.colcon_core.package_identification:_identify(src/ros2_astra_camera-master/astra_camera) by extension 'ignore'
[1.160s] Level 1:colcon.colcon_core.package_identification:_identify(src/ros2_astra_camera-master/astra_camera) by extension 'ignore_ament_install'
[1.160s] Level 1:colcon.colcon_core.package_identification:_identify(src/ros2_astra_camera-master/astra_camera) by extensions ['colcon_pkg']
[1.160s] Level 1:colcon.colcon_core.package_identification:_identify(src/ros2_astra_camera-master/astra_camera) by extension 'colcon_pkg'
[1.160s] Level 1:colcon.colcon_core.package_identification:_identify(src/ros2_astra_camera-master/astra_camera) by extensions ['colcon_meta']
[1.160s] Level 1:colcon.colcon_core.package_identification:_identify(src/ros2_astra_camera-master/astra_camera) by extension 'colcon_meta'
[1.160s] Level 1:colcon.colcon_core.package_identification:_identify(src/ros2_astra_camera-master/astra_camera) by extensions ['ros']
[1.160s] Level 1:colcon.colcon_core.package_identification:_identify(src/ros2_astra_camera-master/astra_camera) by extension 'ros'
[1.164s] DEBUG:colcon.colcon_core.package_identification:Package 'src/ros2_astra_camera-master/astra_camera' with type 'ros.ament_cmake' and name 'astra_camera'
[1.164s] Level 1:colcon.colcon_core.package_identification:_identify(src/ros2_astra_camera-master/astra_camera_msgs) by extensions ['ignore', 'ignore_ament_install']
[1.164s] Level 1:colcon.colcon_core.package_identification:_identify(src/ros2_astra_camera-master/astra_camera_msgs) by extension 'ignore'
[1.164s] Level 1:colcon.colcon_core.package_identification:_identify(src/ros2_astra_camera-master/astra_camera_msgs) by extension 'ignore_ament_install'
[1.165s] Level 1:colcon.colcon_core.package_identification:_identify(src/ros2_astra_camera-master/astra_camera_msgs) by extensions ['colcon_pkg']
[1.165s] Level 1:colcon.colcon_core.package_identification:_identify(src/ros2_astra_camera-master/astra_camera_msgs) by extension 'colcon_pkg'
[1.165s] Level 1:colcon.colcon_core.package_identification:_identify(src/ros2_astra_camera-master/astra_camera_msgs) by extensions ['colcon_meta']
[1.165s] Level 1:colcon.colcon_core.package_identification:_identify(src/ros2_astra_camera-master/astra_camera_msgs) by extension 'colcon_meta'
[1.165s] Level 1:colcon.colcon_core.package_identification:_identify(src/ros2_astra_camera-master/astra_camera_msgs) by extensions ['ros']
[1.165s] Level 1:colcon.colcon_core.package_identification:_identify(src/ros2_astra_camera-master/astra_camera_msgs) by extension 'ros'
[1.166s] DEBUG:colcon.colcon_core.package_identification:Package 'src/ros2_astra_camera-master/astra_camera_msgs' with type 'ros.ament_cmake' and name 'astra_camera_msgs'
[1.166s] Level 1:colcon.colcon_core.package_identification:_identify(src/simple_follower_ros2) by extensions ['ignore', 'ignore_ament_install']
[1.166s] Level 1:colcon.colcon_core.package_identification:_identify(src/simple_follower_ros2) by extension 'ignore'
[1.167s] Level 1:colcon.colcon_core.package_identification:_identify(src/simple_follower_ros2) by extension 'ignore_ament_install'
[1.167s] Level 1:colcon.colcon_core.package_identification:_identify(src/simple_follower_ros2) by extensions ['colcon_pkg']
[1.167s] Level 1:colcon.colcon_core.package_identification:_identify(src/simple_follower_ros2) by extension 'colcon_pkg'
[1.167s] Level 1:colcon.colcon_core.package_identification:_identify(src/simple_follower_ros2) by extensions ['colcon_meta']
[1.167s] Level 1:colcon.colcon_core.package_identification:_identify(src/simple_follower_ros2) by extension 'colcon_meta'
[1.167s] Level 1:colcon.colcon_core.package_identification:_identify(src/simple_follower_ros2) by extensions ['ros']
[1.167s] Level 1:colcon.colcon_core.package_identification:_identify(src/simple_follower_ros2) by extension 'ros'
[1.168s] DEBUG:colcon.colcon_core.package_identification:Package 'src/simple_follower_ros2' with type 'ros.ament_python' and name 'simple_follower_ros2'
[1.168s] Level 1:colcon.colcon_core.package_identification:_identify(src/tts_make_ros2) by extensions ['ignore', 'ignore_ament_install']
[1.168s] Level 1:colcon.colcon_core.package_identification:_identify(src/tts_make_ros2) by extension 'ignore'
[1.169s] Level 1:colcon.colcon_core.package_identification:_identify(src/tts_make_ros2) by extension 'ignore_ament_install'
[1.169s] Level 1:colcon.colcon_core.package_identification:_identify(src/tts_make_ros2) by extensions ['colcon_pkg']
[1.169s] Level 1:colcon.colcon_core.package_identification:_identify(src/tts_make_ros2) by extension 'colcon_pkg'
[1.169s] Level 1:colcon.colcon_core.package_identification:_identify(src/tts_make_ros2) by extensions ['colcon_meta']
[1.169s] Level 1:colcon.colcon_core.package_identification:_identify(src/tts_make_ros2) by extension 'colcon_meta'
[1.169s] Level 1:colcon.colcon_core.package_identification:_identify(src/tts_make_ros2) by extensions ['ros']
[1.169s] Level 1:colcon.colcon_core.package_identification:_identify(src/tts_make_ros2) by extension 'ros'
[1.170s] DEBUG:colcon.colcon_core.package_identification:Package 'src/tts_make_ros2' with type 'ros.ament_cmake' and name 'tts'
[1.170s] Level 1:colcon.colcon_core.package_identification:_identify(src/turn_on_wheeltec_robot) by extensions ['ignore', 'ignore_ament_install']
[1.171s] Level 1:colcon.colcon_core.package_identification:_identify(src/turn_on_wheeltec_robot) by extension 'ignore'
[1.171s] Level 1:colcon.colcon_core.package_identification:_identify(src/turn_on_wheeltec_robot) by extension 'ignore_ament_install'
[1.171s] Level 1:colcon.colcon_core.package_identification:_identify(src/turn_on_wheeltec_robot) by extensions ['colcon_pkg']
[1.171s] Level 1:colcon.colcon_core.package_identification:_identify(src/turn_on_wheeltec_robot) by extension 'colcon_pkg'
[1.171s] Level 1:colcon.colcon_core.package_identification:_identify(src/turn_on_wheeltec_robot) by extensions ['colcon_meta']
[1.171s] Level 1:colcon.colcon_core.package_identification:_identify(src/turn_on_wheeltec_robot) by extension 'colcon_meta'
[1.171s] Level 1:colcon.colcon_core.package_identification:_identify(src/turn_on_wheeltec_robot) by extensions ['ros']
[1.171s] Level 1:colcon.colcon_core.package_identification:_identify(src/turn_on_wheeltec_robot) by extension 'ros'
[1.174s] DEBUG:colcon.colcon_core.package_identification:Package 'src/turn_on_wheeltec_robot' with type 'ros.ament_cmake' and name 'turn_on_wheeltec_robot'
[1.175s] Level 1:colcon.colcon_core.package_identification:_identify(src/ultralytics_ros2) by extensions ['ignore', 'ignore_ament_install']
[1.175s] Level 1:colcon.colcon_core.package_identification:_identify(src/ultralytics_ros2) by extension 'ignore'
[1.175s] Level 1:colcon.colcon_core.package_identification:_identify(src/ultralytics_ros2) by extension 'ignore_ament_install'
[1.175s] Level 1:colcon.colcon_core.package_identification:_identify(src/ultralytics_ros2) by extensions ['colcon_pkg']
[1.175s] Level 1:colcon.colcon_core.package_identification:_identify(src/ultralytics_ros2) by extension 'colcon_pkg'
[1.175s] Level 1:colcon.colcon_core.package_identification:_identify(src/ultralytics_ros2) by extensions ['colcon_meta']
[1.175s] Level 1:colcon.colcon_core.package_identification:_identify(src/ultralytics_ros2) by extension 'colcon_meta'
[1.175s] Level 1:colcon.colcon_core.package_identification:_identify(src/ultralytics_ros2) by extensions ['ros']
[1.175s] Level 1:colcon.colcon_core.package_identification:_identify(src/ultralytics_ros2) by extension 'ros'
[1.177s] DEBUG:colcon.colcon_core.package_identification:Package 'src/ultralytics_ros2' with type 'ros.ament_python' and name 'ultralytics_ros2'
[1.177s] Level 1:colcon.colcon_core.package_identification:_identify(src/usb_cam-ros2) by extensions ['ignore', 'ignore_ament_install']
[1.177s] Level 1:colcon.colcon_core.package_identification:_identify(src/usb_cam-ros2) by extension 'ignore'
[1.177s] Level 1:colcon.colcon_core.package_identification:_identify(src/usb_cam-ros2) by extension 'ignore_ament_install'
[1.178s] Level 1:colcon.colcon_core.package_identification:_identify(src/usb_cam-ros2) by extensions ['colcon_pkg']
[1.178s] Level 1:colcon.colcon_core.package_identification:_identify(src/usb_cam-ros2) by extension 'colcon_pkg'
[1.178s] Level 1:colcon.colcon_core.package_identification:_identify(src/usb_cam-ros2) by extensions ['colcon_meta']
[1.178s] Level 1:colcon.colcon_core.package_identification:_identify(src/usb_cam-ros2) by extension 'colcon_meta'
[1.178s] Level 1:colcon.colcon_core.package_identification:_identify(src/usb_cam-ros2) by extensions ['ros']
[1.178s] Level 1:colcon.colcon_core.package_identification:_identify(src/usb_cam-ros2) by extension 'ros'
[1.181s] DEBUG:colcon.colcon_core.package_identification:Package 'src/usb_cam-ros2' with type 'ros.ament_cmake' and name 'usb_cam'
[1.181s] Level 1:colcon.colcon_core.package_identification:_identify(src/web_video_server-ros2) by extensions ['ignore', 'ignore_ament_install']
[1.181s] Level 1:colcon.colcon_core.package_identification:_identify(src/web_video_server-ros2) by extension 'ignore'
[1.181s] Level 1:colcon.colcon_core.package_identification:_identify(src/web_video_server-ros2) by extension 'ignore_ament_install'
[1.181s] Level 1:colcon.colcon_core.package_identification:_identify(src/web_video_server-ros2) by extensions ['colcon_pkg']
[1.182s] Level 1:colcon.colcon_core.package_identification:_identify(src/web_video_server-ros2) by extension 'colcon_pkg'
[1.182s] Level 1:colcon.colcon_core.package_identification:_identify(src/web_video_server-ros2) by extensions ['colcon_meta']
[1.182s] Level 1:colcon.colcon_core.package_identification:_identify(src/web_video_server-ros2) by extension 'colcon_meta'
[1.182s] Level 1:colcon.colcon_core.package_identification:_identify(src/web_video_server-ros2) by extensions ['ros']
[1.182s] Level 1:colcon.colcon_core.package_identification:_identify(src/web_video_server-ros2) by extension 'ros'
[1.182s] Level 1:colcon.colcon_core.package_identification:_identify(src/web_video_server-ros2) by extensions ['cmake', 'python']
[1.182s] Level 1:colcon.colcon_core.package_identification:_identify(src/web_video_server-ros2) by extension 'cmake'
[1.182s] Level 1:colcon.colcon_core.package_identification:_identify(src/web_video_server-ros2) by extension 'python'
[1.182s] Level 1:colcon.colcon_core.package_identification:_identify(src/web_video_server-ros2) by extensions ['python_setup_py']
[1.182s] Level 1:colcon.colcon_core.package_identification:_identify(src/web_video_server-ros2) by extension 'python_setup_py'
[1.183s] Level 1:colcon.colcon_core.package_identification:_identify(src/web_video_server-ros2/web_video_server-ros2) by extensions ['ignore', 'ignore_ament_install']
[1.183s] Level 1:colcon.colcon_core.package_identification:_identify(src/web_video_server-ros2/web_video_server-ros2) by extension 'ignore'
[1.183s] Level 1:colcon.colcon_core.package_identification:_identify(src/web_video_server-ros2/web_video_server-ros2) by extension 'ignore_ament_install'
[1.183s] Level 1:colcon.colcon_core.package_identification:_identify(src/web_video_server-ros2/web_video_server-ros2) by extensions ['colcon_pkg']
[1.183s] Level 1:colcon.colcon_core.package_identification:_identify(src/web_video_server-ros2/web_video_server-ros2) by extension 'colcon_pkg'
[1.183s] Level 1:colcon.colcon_core.package_identification:_identify(src/web_video_server-ros2/web_video_server-ros2) by extensions ['colcon_meta']
[1.183s] Level 1:colcon.colcon_core.package_identification:_identify(src/web_video_server-ros2/web_video_server-ros2) by extension 'colcon_meta'
[1.183s] Level 1:colcon.colcon_core.package_identification:_identify(src/web_video_server-ros2/web_video_server-ros2) by extensions ['ros']
[1.183s] Level 1:colcon.colcon_core.package_identification:_identify(src/web_video_server-ros2/web_video_server-ros2) by extension 'ros'
[1.185s] DEBUG:colcon.colcon_core.package_identification:Package 'src/web_video_server-ros2/web_video_server-ros2' with type 'ros.ament_cmake' and name 'web_video_server'
[1.185s] Level 1:colcon.colcon_core.package_identification:_identify(src/wheeltec_bodyreader) by extensions ['ignore', 'ignore_ament_install']
[1.185s] Level 1:colcon.colcon_core.package_identification:_identify(src/wheeltec_bodyreader) by extension 'ignore'
[1.185s] Level 1:colcon.colcon_core.package_identification:_identify(src/wheeltec_bodyreader) by extension 'ignore_ament_install'
[1.185s] Level 1:colcon.colcon_core.package_identification:_identify(src/wheeltec_bodyreader) by extensions ['colcon_pkg']
[1.185s] Level 1:colcon.colcon_core.package_identification:_identify(src/wheeltec_bodyreader) by extension 'colcon_pkg'
[1.185s] Level 1:colcon.colcon_core.package_identification:_identify(src/wheeltec_bodyreader) by extensions ['colcon_meta']
[1.185s] Level 1:colcon.colcon_core.package_identification:_identify(src/wheeltec_bodyreader) by extension 'colcon_meta'
[1.186s] Level 1:colcon.colcon_core.package_identification:_identify(src/wheeltec_bodyreader) by extensions ['ros']
[1.186s] Level 1:colcon.colcon_core.package_identification:_identify(src/wheeltec_bodyreader) by extension 'ros'
[1.186s] Level 1:colcon.colcon_core.package_identification:_identify(src/wheeltec_bodyreader) by extensions ['cmake', 'python']
[1.186s] Level 1:colcon.colcon_core.package_identification:_identify(src/wheeltec_bodyreader) by extension 'cmake'
[1.186s] Level 1:colcon.colcon_core.package_identification:_identify(src/wheeltec_bodyreader) by extension 'python'
[1.186s] Level 1:colcon.colcon_core.package_identification:_identify(src/wheeltec_bodyreader) by extensions ['python_setup_py']
[1.186s] Level 1:colcon.colcon_core.package_identification:_identify(src/wheeltec_bodyreader) by extension 'python_setup_py'
[1.186s] Level 1:colcon.colcon_core.package_identification:_identify(src/wheeltec_bodyreader/bodyreader) by extensions ['ignore', 'ignore_ament_install']
[1.187s] Level 1:colcon.colcon_core.package_identification:_identify(src/wheeltec_bodyreader/bodyreader) by extension 'ignore'
[1.187s] Level 1:colcon.colcon_core.package_identification:_identify(src/wheeltec_bodyreader/bodyreader) by extension 'ignore_ament_install'
[1.187s] Level 1:colcon.colcon_core.package_identification:_identify(src/wheeltec_bodyreader/bodyreader) by extensions ['colcon_pkg']
[1.187s] Level 1:colcon.colcon_core.package_identification:_identify(src/wheeltec_bodyreader/bodyreader) by extension 'colcon_pkg'
[1.187s] Level 1:colcon.colcon_core.package_identification:_identify(src/wheeltec_bodyreader/bodyreader) by extensions ['colcon_meta']
[1.187s] Level 1:colcon.colcon_core.package_identification:_identify(src/wheeltec_bodyreader/bodyreader) by extension 'colcon_meta'
[1.187s] Level 1:colcon.colcon_core.package_identification:_identify(src/wheeltec_bodyreader/bodyreader) by extensions ['ros']
[1.187s] Level 1:colcon.colcon_core.package_identification:_identify(src/wheeltec_bodyreader/bodyreader) by extension 'ros'
[1.190s] DEBUG:colcon.colcon_core.package_identification:Package 'src/wheeltec_bodyreader/bodyreader' with type 'ros.ament_cmake' and name 'bodyreader'
[1.190s] Level 1:colcon.colcon_core.package_identification:_identify(src/wheeltec_bodyreader/bodyreader_msg) by extensions ['ignore', 'ignore_ament_install']
[1.191s] Level 1:colcon.colcon_core.package_identification:_identify(src/wheeltec_bodyreader/bodyreader_msg) by extension 'ignore'
[1.191s] Level 1:colcon.colcon_core.package_identification:_identify(src/wheeltec_bodyreader/bodyreader_msg) by extension 'ignore_ament_install'
[1.191s] Level 1:colcon.colcon_core.package_identification:_identify(src/wheeltec_bodyreader/bodyreader_msg) by extensions ['colcon_pkg']
[1.191s] Level 1:colcon.colcon_core.package_identification:_identify(src/wheeltec_bodyreader/bodyreader_msg) by extension 'colcon_pkg'
[1.191s] Level 1:colcon.colcon_core.package_identification:_identify(src/wheeltec_bodyreader/bodyreader_msg) by extensions ['colcon_meta']
[1.191s] Level 1:colcon.colcon_core.package_identification:_identify(src/wheeltec_bodyreader/bodyreader_msg) by extension 'colcon_meta'
[1.191s] Level 1:colcon.colcon_core.package_identification:_identify(src/wheeltec_bodyreader/bodyreader_msg) by extensions ['ros']
[1.191s] Level 1:colcon.colcon_core.package_identification:_identify(src/wheeltec_bodyreader/bodyreader_msg) by extension 'ros'
[1.192s] DEBUG:colcon.colcon_core.package_identification:Package 'src/wheeltec_bodyreader/bodyreader_msg' with type 'ros.ament_cmake' and name 'bodyreader_msg'
[1.192s] Level 1:colcon.colcon_core.package_identification:_identify(src/wheeltec_gps) by extensions ['ignore', 'ignore_ament_install']
[1.193s] Level 1:colcon.colcon_core.package_identification:_identify(src/wheeltec_gps) by extension 'ignore'
[1.193s] Level 1:colcon.colcon_core.package_identification:_identify(src/wheeltec_gps) by extension 'ignore_ament_install'
[1.193s] Level 1:colcon.colcon_core.package_identification:_identify(src/wheeltec_gps) by extensions ['colcon_pkg']
[1.193s] Level 1:colcon.colcon_core.package_identification:_identify(src/wheeltec_gps) by extension 'colcon_pkg'
[1.193s] Level 1:colcon.colcon_core.package_identification:_identify(src/wheeltec_gps) by extensions ['colcon_meta']
[1.193s] Level 1:colcon.colcon_core.package_identification:_identify(src/wheeltec_gps) by extension 'colcon_meta'
[1.193s] Level 1:colcon.colcon_core.package_identification:_identify(src/wheeltec_gps) by extensions ['ros']
[1.193s] Level 1:colcon.colcon_core.package_identification:_identify(src/wheeltec_gps) by extension 'ros'
[1.193s] Level 1:colcon.colcon_core.package_identification:_identify(src/wheeltec_gps) by extensions ['cmake', 'python']
[1.193s] Level 1:colcon.colcon_core.package_identification:_identify(src/wheeltec_gps) by extension 'cmake'
[1.194s] Level 1:colcon.colcon_core.package_identification:_identify(src/wheeltec_gps) by extension 'python'
[1.194s] Level 1:colcon.colcon_core.package_identification:_identify(src/wheeltec_gps) by extensions ['python_setup_py']
[1.194s] Level 1:colcon.colcon_core.package_identification:_identify(src/wheeltec_gps) by extension 'python_setup_py'
[1.194s] Level 1:colcon.colcon_core.package_identification:_identify(src/wheeltec_gps/nmea_msgs) by extensions ['ignore', 'ignore_ament_install']
[1.194s] Level 1:colcon.colcon_core.package_identification:_identify(src/wheeltec_gps/nmea_msgs) by extension 'ignore'
[1.194s] Level 1:colcon.colcon_core.package_identification:_identify(src/wheeltec_gps/nmea_msgs) by extension 'ignore_ament_install'
[1.194s] Level 1:colcon.colcon_core.package_identification:_identify(src/wheeltec_gps/nmea_msgs) by extensions ['colcon_pkg']
[1.194s] Level 1:colcon.colcon_core.package_identification:_identify(src/wheeltec_gps/nmea_msgs) by extension 'colcon_pkg'
[1.194s] Level 1:colcon.colcon_core.package_identification:_identify(src/wheeltec_gps/nmea_msgs) by extensions ['colcon_meta']
[1.195s] Level 1:colcon.colcon_core.package_identification:_identify(src/wheeltec_gps/nmea_msgs) by extension 'colcon_meta'
[1.195s] Level 1:colcon.colcon_core.package_identification:_identify(src/wheeltec_gps/nmea_msgs) by extensions ['ros']
[1.195s] Level 1:colcon.colcon_core.package_identification:_identify(src/wheeltec_gps/nmea_msgs) by extension 'ros'
[1.197s] DEBUG:colcon.colcon_core.package_identification:Package 'src/wheeltec_gps/nmea_msgs' with type 'ros.ament_cmake' and name 'nmea_msgs'
[1.197s] Level 1:colcon.colcon_core.package_identification:_identify(src/wheeltec_gps/nmea_navsat_driver) by extensions ['ignore', 'ignore_ament_install']
[1.198s] Level 1:colcon.colcon_core.package_identification:_identify(src/wheeltec_gps/nmea_navsat_driver) by extension 'ignore'
[1.198s] Level 1:colcon.colcon_core.package_identification:_identify(src/wheeltec_gps/nmea_navsat_driver) by extension 'ignore_ament_install'
[1.198s] Level 1:colcon.colcon_core.package_identification:_identify(src/wheeltec_gps/nmea_navsat_driver) by extensions ['colcon_pkg']
[1.198s] Level 1:colcon.colcon_core.package_identification:_identify(src/wheeltec_gps/nmea_navsat_driver) by extension 'colcon_pkg'
[1.198s] Level 1:colcon.colcon_core.package_identification:_identify(src/wheeltec_gps/nmea_navsat_driver) by extensions ['colcon_meta']
[1.198s] Level 1:colcon.colcon_core.package_identification:_identify(src/wheeltec_gps/nmea_navsat_driver) by extension 'colcon_meta'
[1.198s] Level 1:colcon.colcon_core.package_identification:_identify(src/wheeltec_gps/nmea_navsat_driver) by extensions ['ros']
[1.198s] Level 1:colcon.colcon_core.package_identification:_identify(src/wheeltec_gps/nmea_navsat_driver) by extension 'ros'
[1.199s] DEBUG:colcon.colcon_core.package_identification:Package 'src/wheeltec_gps/nmea_navsat_driver' with type 'ros.ament_python' and name 'nmea_navsat_driver'
[1.200s] Level 1:colcon.colcon_core.package_identification:_identify(src/wheeltec_gps/ublox-ros2) by extensions ['ignore', 'ignore_ament_install']
[1.200s] Level 1:colcon.colcon_core.package_identification:_identify(src/wheeltec_gps/ublox-ros2) by extension 'ignore'
[1.200s] Level 1:colcon.colcon_core.package_identification:_identify(src/wheeltec_gps/ublox-ros2) by extension 'ignore_ament_install'
[1.200s] Level 1:colcon.colcon_core.package_identification:_identify(src/wheeltec_gps/ublox-ros2) by extensions ['colcon_pkg']
[1.200s] Level 1:colcon.colcon_core.package_identification:_identify(src/wheeltec_gps/ublox-ros2) by extension 'colcon_pkg'
[1.200s] Level 1:colcon.colcon_core.package_identification:_identify(src/wheeltec_gps/ublox-ros2) by extensions ['colcon_meta']
[1.200s] Level 1:colcon.colcon_core.package_identification:_identify(src/wheeltec_gps/ublox-ros2) by extension 'colcon_meta'
[1.200s] Level 1:colcon.colcon_core.package_identification:_identify(src/wheeltec_gps/ublox-ros2) by extensions ['ros']
[1.201s] Level 1:colcon.colcon_core.package_identification:_identify(src/wheeltec_gps/ublox-ros2) by extension 'ros'
[1.201s] Level 1:colcon.colcon_core.package_identification:_identify(src/wheeltec_gps/ublox-ros2) by extensions ['cmake', 'python']
[1.201s] Level 1:colcon.colcon_core.package_identification:_identify(src/wheeltec_gps/ublox-ros2) by extension 'cmake'
[1.201s] Level 1:colcon.colcon_core.package_identification:_identify(src/wheeltec_gps/ublox-ros2) by extension 'python'
[1.201s] Level 1:colcon.colcon_core.package_identification:_identify(src/wheeltec_gps/ublox-ros2) by extensions ['python_setup_py']
[1.201s] Level 1:colcon.colcon_core.package_identification:_identify(src/wheeltec_gps/ublox-ros2) by extension 'python_setup_py'
[1.201s] Level 1:colcon.colcon_core.package_identification:_identify(src/wheeltec_gps/ublox-ros2/ublox) by extensions ['ignore', 'ignore_ament_install']
[1.201s] Level 1:colcon.colcon_core.package_identification:_identify(src/wheeltec_gps/ublox-ros2/ublox) by extension 'ignore'
[1.202s] Level 1:colcon.colcon_core.package_identification:_identify(src/wheeltec_gps/ublox-ros2/ublox) by extension 'ignore_ament_install'
[1.202s] Level 1:colcon.colcon_core.package_identification:_identify(src/wheeltec_gps/ublox-ros2/ublox) by extensions ['colcon_pkg']
[1.202s] Level 1:colcon.colcon_core.package_identification:_identify(src/wheeltec_gps/ublox-ros2/ublox) by extension 'colcon_pkg'
[1.202s] Level 1:colcon.colcon_core.package_identification:_identify(src/wheeltec_gps/ublox-ros2/ublox) by extensions ['colcon_meta']
[1.202s] Level 1:colcon.colcon_core.package_identification:_identify(src/wheeltec_gps/ublox-ros2/ublox) by extension 'colcon_meta'
[1.202s] Level 1:colcon.colcon_core.package_identification:_identify(src/wheeltec_gps/ublox-ros2/ublox) by extensions ['ros']
[1.202s] Level 1:colcon.colcon_core.package_identification:_identify(src/wheeltec_gps/ublox-ros2/ublox) by extension 'ros'
[1.203s] DEBUG:colcon.colcon_core.package_identification:Package 'src/wheeltec_gps/ublox-ros2/ublox' with type 'ros.ament_cmake' and name 'ublox'
[1.203s] Level 1:colcon.colcon_core.package_identification:_identify(src/wheeltec_gps/ublox-ros2/ublox_gps) by extensions ['ignore', 'ignore_ament_install']
[1.203s] Level 1:colcon.colcon_core.package_identification:_identify(src/wheeltec_gps/ublox-ros2/ublox_gps) by extension 'ignore'
[1.204s] Level 1:colcon.colcon_core.package_identification:_identify(src/wheeltec_gps/ublox-ros2/ublox_gps) by extension 'ignore_ament_install'
[1.204s] Level 1:colcon.colcon_core.package_identification:_identify(src/wheeltec_gps/ublox-ros2/ublox_gps) by extensions ['colcon_pkg']
[1.204s] Level 1:colcon.colcon_core.package_identification:_identify(src/wheeltec_gps/ublox-ros2/ublox_gps) by extension 'colcon_pkg'
[1.204s] Level 1:colcon.colcon_core.package_identification:_identify(src/wheeltec_gps/ublox-ros2/ublox_gps) by extensions ['colcon_meta']
[1.204s] Level 1:colcon.colcon_core.package_identification:_identify(src/wheeltec_gps/ublox-ros2/ublox_gps) by extension 'colcon_meta'
[1.204s] Level 1:colcon.colcon_core.package_identification:_identify(src/wheeltec_gps/ublox-ros2/ublox_gps) by extensions ['ros']
[1.204s] Level 1:colcon.colcon_core.package_identification:_identify(src/wheeltec_gps/ublox-ros2/ublox_gps) by extension 'ros'
[1.207s] DEBUG:colcon.colcon_core.package_identification:Package 'src/wheeltec_gps/ublox-ros2/ublox_gps' with type 'ros.ament_cmake' and name 'ublox_gps'
[1.208s] Level 1:colcon.colcon_core.package_identification:_identify(src/wheeltec_gps/ublox-ros2/ublox_msgs) by extensions ['ignore', 'ignore_ament_install']
[1.208s] Level 1:colcon.colcon_core.package_identification:_identify(src/wheeltec_gps/ublox-ros2/ublox_msgs) by extension 'ignore'
[1.208s] Level 1:colcon.colcon_core.package_identification:_identify(src/wheeltec_gps/ublox-ros2/ublox_msgs) by extension 'ignore_ament_install'
[1.208s] Level 1:colcon.colcon_core.package_identification:_identify(src/wheeltec_gps/ublox-ros2/ublox_msgs) by extensions ['colcon_pkg']
[1.208s] Level 1:colcon.colcon_core.package_identification:_identify(src/wheeltec_gps/ublox-ros2/ublox_msgs) by extension 'colcon_pkg'
[1.208s] Level 1:colcon.colcon_core.package_identification:_identify(src/wheeltec_gps/ublox-ros2/ublox_msgs) by extensions ['colcon_meta']
[1.208s] Level 1:colcon.colcon_core.package_identification:_identify(src/wheeltec_gps/ublox-ros2/ublox_msgs) by extension 'colcon_meta'
[1.208s] Level 1:colcon.colcon_core.package_identification:_identify(src/wheeltec_gps/ublox-ros2/ublox_msgs) by extensions ['ros']
[1.208s] Level 1:colcon.colcon_core.package_identification:_identify(src/wheeltec_gps/ublox-ros2/ublox_msgs) by extension 'ros'
[1.210s] DEBUG:colcon.colcon_core.package_identification:Package 'src/wheeltec_gps/ublox-ros2/ublox_msgs' with type 'ros.ament_cmake' and name 'ublox_msgs'
[1.210s] Level 1:colcon.colcon_core.package_identification:_identify(src/wheeltec_gps/ublox-ros2/ublox_serialization) by extensions ['ignore', 'ignore_ament_install']
[1.210s] Level 1:colcon.colcon_core.package_identification:_identify(src/wheeltec_gps/ublox-ros2/ublox_serialization) by extension 'ignore'
[1.210s] Level 1:colcon.colcon_core.package_identification:_identify(src/wheeltec_gps/ublox-ros2/ublox_serialization) by extension 'ignore_ament_install'
[1.211s] Level 1:colcon.colcon_core.package_identification:_identify(src/wheeltec_gps/ublox-ros2/ublox_serialization) by extensions ['colcon_pkg']
[1.211s] Level 1:colcon.colcon_core.package_identification:_identify(src/wheeltec_gps/ublox-ros2/ublox_serialization) by extension 'colcon_pkg'
[1.211s] Level 1:colcon.colcon_core.package_identification:_identify(src/wheeltec_gps/ublox-ros2/ublox_serialization) by extensions ['colcon_meta']
[1.211s] Level 1:colcon.colcon_core.package_identification:_identify(src/wheeltec_gps/ublox-ros2/ublox_serialization) by extension 'colcon_meta'
[1.211s] Level 1:colcon.colcon_core.package_identification:_identify(src/wheeltec_gps/ublox-ros2/ublox_serialization) by extensions ['ros']
[1.211s] Level 1:colcon.colcon_core.package_identification:_identify(src/wheeltec_gps/ublox-ros2/ublox_serialization) by extension 'ros'
[1.212s] DEBUG:colcon.colcon_core.package_identification:Package 'src/wheeltec_gps/ublox-ros2/ublox_serialization' with type 'ros.ament_cmake' and name 'ublox_serialization'
[1.212s] Level 1:colcon.colcon_core.package_identification:_identify(src/wheeltec_gps/wheeltec_dual_rtk_driver) by extensions ['ignore', 'ignore_ament_install']
[1.213s] Level 1:colcon.colcon_core.package_identification:_identify(src/wheeltec_gps/wheeltec_dual_rtk_driver) by extension 'ignore'
[1.213s] Level 1:colcon.colcon_core.package_identification:_identify(src/wheeltec_gps/wheeltec_dual_rtk_driver) by extension 'ignore_ament_install'
[1.213s] Level 1:colcon.colcon_core.package_identification:_identify(src/wheeltec_gps/wheeltec_dual_rtk_driver) by extensions ['colcon_pkg']
[1.213s] Level 1:colcon.colcon_core.package_identification:_identify(src/wheeltec_gps/wheeltec_dual_rtk_driver) by extension 'colcon_pkg'
[1.213s] Level 1:colcon.colcon_core.package_identification:_identify(src/wheeltec_gps/wheeltec_dual_rtk_driver) by extensions ['colcon_meta']
[1.213s] Level 1:colcon.colcon_core.package_identification:_identify(src/wheeltec_gps/wheeltec_dual_rtk_driver) by extension 'colcon_meta'
[1.213s] Level 1:colcon.colcon_core.package_identification:_identify(src/wheeltec_gps/wheeltec_dual_rtk_driver) by extensions ['ros']
[1.213s] Level 1:colcon.colcon_core.package_identification:_identify(src/wheeltec_gps/wheeltec_dual_rtk_driver) by extension 'ros'
[1.214s] DEBUG:colcon.colcon_core.package_identification:Package 'src/wheeltec_gps/wheeltec_dual_rtk_driver' with type 'ros.ament_python' and name 'wheeltec_dual_rtk_driver'
[1.215s] Level 1:colcon.colcon_core.package_identification:_identify(src/wheeltec_gps/wheeltec_gps_driver) by extensions ['ignore', 'ignore_ament_install']
[1.215s] Level 1:colcon.colcon_core.package_identification:_identify(src/wheeltec_gps/wheeltec_gps_driver) by extension 'ignore'
[1.215s] Level 1:colcon.colcon_core.package_identification:_identify(src/wheeltec_gps/wheeltec_gps_driver) by extension 'ignore_ament_install'
[1.215s] Level 1:colcon.colcon_core.package_identification:_identify(src/wheeltec_gps/wheeltec_gps_driver) by extensions ['colcon_pkg']
[1.215s] Level 1:colcon.colcon_core.package_identification:_identify(src/wheeltec_gps/wheeltec_gps_driver) by extension 'colcon_pkg'
[1.215s] Level 1:colcon.colcon_core.package_identification:_identify(src/wheeltec_gps/wheeltec_gps_driver) by extensions ['colcon_meta']
[1.215s] Level 1:colcon.colcon_core.package_identification:_identify(src/wheeltec_gps/wheeltec_gps_driver) by extension 'colcon_meta'
[1.215s] Level 1:colcon.colcon_core.package_identification:_identify(src/wheeltec_gps/wheeltec_gps_driver) by extensions ['ros']
[1.215s] Level 1:colcon.colcon_core.package_identification:_identify(src/wheeltec_gps/wheeltec_gps_driver) by extension 'ros'
[1.216s] DEBUG:colcon.colcon_core.package_identification:Package 'src/wheeltec_gps/wheeltec_gps_driver' with type 'ros.ament_cmake' and name 'wheeltec_gps_driver'
[1.217s] Level 1:colcon.colcon_core.package_identification:_identify(src/wheeltec_imu) by extensions ['ignore', 'ignore_ament_install']
[1.217s] Level 1:colcon.colcon_core.package_identification:_identify(src/wheeltec_imu) by extension 'ignore'
[1.217s] Level 1:colcon.colcon_core.package_identification:_identify(src/wheeltec_imu) by extension 'ignore_ament_install'
[1.217s] Level 1:colcon.colcon_core.package_identification:_identify(src/wheeltec_imu) by extensions ['colcon_pkg']
[1.217s] Level 1:colcon.colcon_core.package_identification:_identify(src/wheeltec_imu) by extension 'colcon_pkg'
[1.217s] Level 1:colcon.colcon_core.package_identification:_identify(src/wheeltec_imu) by extensions ['colcon_meta']
[1.217s] Level 1:colcon.colcon_core.package_identification:_identify(src/wheeltec_imu) by extension 'colcon_meta'
[1.217s] Level 1:colcon.colcon_core.package_identification:_identify(src/wheeltec_imu) by extensions ['ros']
[1.217s] Level 1:colcon.colcon_core.package_identification:_identify(src/wheeltec_imu) by extension 'ros'
[1.217s] Level 1:colcon.colcon_core.package_identification:_identify(src/wheeltec_imu) by extensions ['cmake', 'python']
[1.218s] Level 1:colcon.colcon_core.package_identification:_identify(src/wheeltec_imu) by extension 'cmake'
[1.218s] Level 1:colcon.colcon_core.package_identification:_identify(src/wheeltec_imu) by extension 'python'
[1.218s] Level 1:colcon.colcon_core.package_identification:_identify(src/wheeltec_imu) by extensions ['python_setup_py']
[1.218s] Level 1:colcon.colcon_core.package_identification:_identify(src/wheeltec_imu) by extension 'python_setup_py'
[1.218s] Level 1:colcon.colcon_core.package_identification:_identify(src/wheeltec_imu/fdilink_ahrs_ros-ros2) by extensions ['ignore', 'ignore_ament_install']
[1.218s] Level 1:colcon.colcon_core.package_identification:_identify(src/wheeltec_imu/fdilink_ahrs_ros-ros2) by extension 'ignore'
[1.218s] Level 1:colcon.colcon_core.package_identification:_identify(src/wheeltec_imu/fdilink_ahrs_ros-ros2) by extension 'ignore_ament_install'
[1.218s] Level 1:colcon.colcon_core.package_identification:_identify(src/wheeltec_imu/fdilink_ahrs_ros-ros2) by extensions ['colcon_pkg']
[1.219s] Level 1:colcon.colcon_core.package_identification:_identify(src/wheeltec_imu/fdilink_ahrs_ros-ros2) by extension 'colcon_pkg'
[1.219s] Level 1:colcon.colcon_core.package_identification:_identify(src/wheeltec_imu/fdilink_ahrs_ros-ros2) by extensions ['colcon_meta']
[1.219s] Level 1:colcon.colcon_core.package_identification:_identify(src/wheeltec_imu/fdilink_ahrs_ros-ros2) by extension 'colcon_meta'
[1.219s] Level 1:colcon.colcon_core.package_identification:_identify(src/wheeltec_imu/fdilink_ahrs_ros-ros2) by extensions ['ros']
[1.219s] Level 1:colcon.colcon_core.package_identification:_identify(src/wheeltec_imu/fdilink_ahrs_ros-ros2) by extension 'ros'
[1.221s] DEBUG:colcon.colcon_core.package_identification:Package 'src/wheeltec_imu/fdilink_ahrs_ros-ros2' with type 'ros.ament_cmake' and name 'fdilink_ahrs'
[1.221s] Level 1:colcon.colcon_core.package_identification:_identify(src/wheeltec_imu/hipnuc_imu_ros-ros2) by extensions ['ignore', 'ignore_ament_install']
[1.221s] Level 1:colcon.colcon_core.package_identification:_identify(src/wheeltec_imu/hipnuc_imu_ros-ros2) by extension 'ignore'
[1.221s] Level 1:colcon.colcon_core.package_identification:_identify(src/wheeltec_imu/hipnuc_imu_ros-ros2) by extension 'ignore_ament_install'
[1.221s] Level 1:colcon.colcon_core.package_identification:_identify(src/wheeltec_imu/hipnuc_imu_ros-ros2) by extensions ['colcon_pkg']
[1.221s] Level 1:colcon.colcon_core.package_identification:_identify(src/wheeltec_imu/hipnuc_imu_ros-ros2) by extension 'colcon_pkg'
[1.221s] Level 1:colcon.colcon_core.package_identification:_identify(src/wheeltec_imu/hipnuc_imu_ros-ros2) by extensions ['colcon_meta']
[1.222s] Level 1:colcon.colcon_core.package_identification:_identify(src/wheeltec_imu/hipnuc_imu_ros-ros2) by extension 'colcon_meta'
[1.222s] Level 1:colcon.colcon_core.package_identification:_identify(src/wheeltec_imu/hipnuc_imu_ros-ros2) by extensions ['ros']
[1.222s] Level 1:colcon.colcon_core.package_identification:_identify(src/wheeltec_imu/hipnuc_imu_ros-ros2) by extension 'ros'
[1.223s] DEBUG:colcon.colcon_core.package_identification:Package 'src/wheeltec_imu/hipnuc_imu_ros-ros2' with type 'ros.ament_cmake' and name 'hipnuc_imu'
[1.223s] Level 1:colcon.colcon_core.package_identification:_identify(src/wheeltec_imu/yesense_ros2) by extensions ['ignore', 'ignore_ament_install']
[1.223s] Level 1:colcon.colcon_core.package_identification:_identify(src/wheeltec_imu/yesense_ros2) by extension 'ignore'
[1.224s] Level 1:colcon.colcon_core.package_identification:_identify(src/wheeltec_imu/yesense_ros2) by extension 'ignore_ament_install'
[1.224s] Level 1:colcon.colcon_core.package_identification:_identify(src/wheeltec_imu/yesense_ros2) by extensions ['colcon_pkg']
[1.224s] Level 1:colcon.colcon_core.package_identification:_identify(src/wheeltec_imu/yesense_ros2) by extension 'colcon_pkg'
[1.224s] Level 1:colcon.colcon_core.package_identification:_identify(src/wheeltec_imu/yesense_ros2) by extensions ['colcon_meta']
[1.224s] Level 1:colcon.colcon_core.package_identification:_identify(src/wheeltec_imu/yesense_ros2) by extension 'colcon_meta'
[1.224s] Level 1:colcon.colcon_core.package_identification:_identify(src/wheeltec_imu/yesense_ros2) by extensions ['ros']
[1.224s] Level 1:colcon.colcon_core.package_identification:_identify(src/wheeltec_imu/yesense_ros2) by extension 'ros'
[1.224s] Level 1:colcon.colcon_core.package_identification:_identify(src/wheeltec_imu/yesense_ros2) by extensions ['cmake', 'python']
[1.224s] Level 1:colcon.colcon_core.package_identification:_identify(src/wheeltec_imu/yesense_ros2) by extension 'cmake'
[1.224s] Level 1:colcon.colcon_core.package_identification:_identify(src/wheeltec_imu/yesense_ros2) by extension 'python'
[1.225s] Level 1:colcon.colcon_core.package_identification:_identify(src/wheeltec_imu/yesense_ros2) by extensions ['python_setup_py']
[1.225s] Level 1:colcon.colcon_core.package_identification:_identify(src/wheeltec_imu/yesense_ros2) by extension 'python_setup_py'
[1.225s] Level 1:colcon.colcon_core.package_identification:_identify(src/wheeltec_imu/yesense_ros2/yesense_interface) by extensions ['ignore', 'ignore_ament_install']
[1.225s] Level 1:colcon.colcon_core.package_identification:_identify(src/wheeltec_imu/yesense_ros2/yesense_interface) by extension 'ignore'
[1.225s] Level 1:colcon.colcon_core.package_identification:_identify(src/wheeltec_imu/yesense_ros2/yesense_interface) by extension 'ignore_ament_install'
[1.225s] Level 1:colcon.colcon_core.package_identification:_identify(src/wheeltec_imu/yesense_ros2/yesense_interface) by extensions ['colcon_pkg']
[1.225s] Level 1:colcon.colcon_core.package_identification:_identify(src/wheeltec_imu/yesense_ros2/yesense_interface) by extension 'colcon_pkg'
[1.225s] Level 1:colcon.colcon_core.package_identification:_identify(src/wheeltec_imu/yesense_ros2/yesense_interface) by extensions ['colcon_meta']
[1.225s] Level 1:colcon.colcon_core.package_identification:_identify(src/wheeltec_imu/yesense_ros2/yesense_interface) by extension 'colcon_meta'
[1.226s] Level 1:colcon.colcon_core.package_identification:_identify(src/wheeltec_imu/yesense_ros2/yesense_interface) by extensions ['ros']
[1.226s] Level 1:colcon.colcon_core.package_identification:_identify(src/wheeltec_imu/yesense_ros2/yesense_interface) by extension 'ros'
[1.227s] DEBUG:colcon.colcon_core.package_identification:Package 'src/wheeltec_imu/yesense_ros2/yesense_interface' with type 'ros.ament_cmake' and name 'yesense_interface'
[1.227s] Level 1:colcon.colcon_core.package_identification:_identify(src/wheeltec_imu/yesense_ros2/yesense_std_ros2) by extensions ['ignore', 'ignore_ament_install']
[1.227s] Level 1:colcon.colcon_core.package_identification:_identify(src/wheeltec_imu/yesense_ros2/yesense_std_ros2) by extension 'ignore'
[1.227s] Level 1:colcon.colcon_core.package_identification:_identify(src/wheeltec_imu/yesense_ros2/yesense_std_ros2) by extension 'ignore_ament_install'
[1.227s] Level 1:colcon.colcon_core.package_identification:_identify(src/wheeltec_imu/yesense_ros2/yesense_std_ros2) by extensions ['colcon_pkg']
[1.227s] Level 1:colcon.colcon_core.package_identification:_identify(src/wheeltec_imu/yesense_ros2/yesense_std_ros2) by extension 'colcon_pkg'
[1.227s] Level 1:colcon.colcon_core.package_identification:_identify(src/wheeltec_imu/yesense_ros2/yesense_std_ros2) by extensions ['colcon_meta']
[1.227s] Level 1:colcon.colcon_core.package_identification:_identify(src/wheeltec_imu/yesense_ros2/yesense_std_ros2) by extension 'colcon_meta'
[1.228s] Level 1:colcon.colcon_core.package_identification:_identify(src/wheeltec_imu/yesense_ros2/yesense_std_ros2) by extensions ['ros']
[1.228s] Level 1:colcon.colcon_core.package_identification:_identify(src/wheeltec_imu/yesense_ros2/yesense_std_ros2) by extension 'ros'
[1.230s] DEBUG:colcon.colcon_core.package_identification:Package 'src/wheeltec_imu/yesense_ros2/yesense_std_ros2' with type 'ros.ament_cmake' and name 'yesense_std_ros2'
[1.230s] Level 1:colcon.colcon_core.package_identification:_identify(src/wheeltec_joy) by extensions ['ignore', 'ignore_ament_install']
[1.230s] Level 1:colcon.colcon_core.package_identification:_identify(src/wheeltec_joy) by extension 'ignore'
[1.230s] Level 1:colcon.colcon_core.package_identification:_identify(src/wheeltec_joy) by extension 'ignore_ament_install'
[1.230s] Level 1:colcon.colcon_core.package_identification:_identify(src/wheeltec_joy) by extensions ['colcon_pkg']
[1.230s] Level 1:colcon.colcon_core.package_identification:_identify(src/wheeltec_joy) by extension 'colcon_pkg'
[1.231s] Level 1:colcon.colcon_core.package_identification:_identify(src/wheeltec_joy) by extensions ['colcon_meta']
[1.231s] Level 1:colcon.colcon_core.package_identification:_identify(src/wheeltec_joy) by extension 'colcon_meta'
[1.231s] Level 1:colcon.colcon_core.package_identification:_identify(src/wheeltec_joy) by extensions ['ros']
[1.231s] Level 1:colcon.colcon_core.package_identification:_identify(src/wheeltec_joy) by extension 'ros'
[1.232s] DEBUG:colcon.colcon_core.package_identification:Package 'src/wheeltec_joy' with type 'ros.ament_cmake' and name 'wheeltec_joy'
[1.232s] Level 1:colcon.colcon_core.package_identification:_identify(src/wheeltec_lidar_ros2) by extensions ['ignore', 'ignore_ament_install']
[1.232s] Level 1:colcon.colcon_core.package_identification:_identify(src/wheeltec_lidar_ros2) by extension 'ignore'
[1.232s] Level 1:colcon.colcon_core.package_identification:_identify(src/wheeltec_lidar_ros2) by extension 'ignore_ament_install'
[1.232s] Level 1:colcon.colcon_core.package_identification:_identify(src/wheeltec_lidar_ros2) by extensions ['colcon_pkg']
[1.232s] Level 1:colcon.colcon_core.package_identification:_identify(src/wheeltec_lidar_ros2) by extension 'colcon_pkg'
[1.232s] Level 1:colcon.colcon_core.package_identification:_identify(src/wheeltec_lidar_ros2) by extensions ['colcon_meta']
[1.233s] Level 1:colcon.colcon_core.package_identification:_identify(src/wheeltec_lidar_ros2) by extension 'colcon_meta'
[1.233s] Level 1:colcon.colcon_core.package_identification:_identify(src/wheeltec_lidar_ros2) by extensions ['ros']
[1.233s] Level 1:colcon.colcon_core.package_identification:_identify(src/wheeltec_lidar_ros2) by extension 'ros'
[1.233s] Level 1:colcon.colcon_core.package_identification:_identify(src/wheeltec_lidar_ros2) by extensions ['cmake', 'python']
[1.233s] Level 1:colcon.colcon_core.package_identification:_identify(src/wheeltec_lidar_ros2) by extension 'cmake'
[1.233s] Level 1:colcon.colcon_core.package_identification:_identify(src/wheeltec_lidar_ros2) by extension 'python'
[1.233s] Level 1:colcon.colcon_core.package_identification:_identify(src/wheeltec_lidar_ros2) by extensions ['python_setup_py']
[1.233s] Level 1:colcon.colcon_core.package_identification:_identify(src/wheeltec_lidar_ros2) by extension 'python_setup_py'
[1.233s] Level 1:colcon.colcon_core.package_identification:_identify(src/wheeltec_lidar_ros2/ldlidar_ros2) by extensions ['ignore', 'ignore_ament_install']
[1.234s] Level 1:colcon.colcon_core.package_identification:_identify(src/wheeltec_lidar_ros2/ldlidar_ros2) by extension 'ignore'
[1.234s] Level 1:colcon.colcon_core.package_identification:_identify(src/wheeltec_lidar_ros2/ldlidar_ros2) by extension 'ignore_ament_install'
[1.234s] Level 1:colcon.colcon_core.package_identification:_identify(src/wheeltec_lidar_ros2/ldlidar_ros2) by extensions ['colcon_pkg']
[1.234s] Level 1:colcon.colcon_core.package_identification:_identify(src/wheeltec_lidar_ros2/ldlidar_ros2) by extension 'colcon_pkg'
[1.234s] Level 1:colcon.colcon_core.package_identification:_identify(src/wheeltec_lidar_ros2/ldlidar_ros2) by extensions ['colcon_meta']
[1.234s] Level 1:colcon.colcon_core.package_identification:_identify(src/wheeltec_lidar_ros2/ldlidar_ros2) by extension 'colcon_meta'
[1.234s] Level 1:colcon.colcon_core.package_identification:_identify(src/wheeltec_lidar_ros2/ldlidar_ros2) by extensions ['ros']
[1.234s] Level 1:colcon.colcon_core.package_identification:_identify(src/wheeltec_lidar_ros2/ldlidar_ros2) by extension 'ros'
[1.234s] Level 1:colcon.colcon_core.package_identification:_identify(src/wheeltec_lidar_ros2/ldlidar_ros2) by extensions ['cmake', 'python']
[1.234s] Level 1:colcon.colcon_core.package_identification:_identify(src/wheeltec_lidar_ros2/ldlidar_ros2) by extension 'cmake'
[1.234s] Level 1:colcon.colcon_core.package_identification:_identify(src/wheeltec_lidar_ros2/ldlidar_ros2) by extension 'python'
[1.235s] Level 1:colcon.colcon_core.package_identification:_identify(src/wheeltec_lidar_ros2/ldlidar_ros2) by extensions ['python_setup_py']
[1.235s] Level 1:colcon.colcon_core.package_identification:_identify(src/wheeltec_lidar_ros2/ldlidar_ros2) by extension 'python_setup_py'
[1.235s] Level 1:colcon.colcon_core.package_identification:_identify(src/wheeltec_lidar_ros2/ldlidar_ros2/ldlidar) by extensions ['ignore', 'ignore_ament_install']
[1.235s] Level 1:colcon.colcon_core.package_identification:_identify(src/wheeltec_lidar_ros2/ldlidar_ros2/ldlidar) by extension 'ignore'
[1.235s] Level 1:colcon.colcon_core.package_identification:_identify(src/wheeltec_lidar_ros2/ldlidar_ros2/ldlidar) by extension 'ignore_ament_install'
[1.235s] Level 1:colcon.colcon_core.package_identification:_identify(src/wheeltec_lidar_ros2/ldlidar_ros2/ldlidar) by extensions ['colcon_pkg']
[1.235s] Level 1:colcon.colcon_core.package_identification:_identify(src/wheeltec_lidar_ros2/ldlidar_ros2/ldlidar) by extension 'colcon_pkg'
[1.235s] Level 1:colcon.colcon_core.package_identification:_identify(src/wheeltec_lidar_ros2/ldlidar_ros2/ldlidar) by extensions ['colcon_meta']
[1.235s] Level 1:colcon.colcon_core.package_identification:_identify(src/wheeltec_lidar_ros2/ldlidar_ros2/ldlidar) by extension 'colcon_meta'
[1.235s] Level 1:colcon.colcon_core.package_identification:_identify(src/wheeltec_lidar_ros2/ldlidar_ros2/ldlidar) by extensions ['ros']
[1.236s] Level 1:colcon.colcon_core.package_identification:_identify(src/wheeltec_lidar_ros2/ldlidar_ros2/ldlidar) by extension 'ros'
[1.237s] DEBUG:colcon.colcon_core.package_identification:Package 'src/wheeltec_lidar_ros2/ldlidar_ros2/ldlidar' with type 'ros.ament_cmake' and name 'ldlidar'
[1.237s] Level 1:colcon.colcon_core.package_identification:_identify(src/wheeltec_lidar_ros2/ldlidar_ros2/ldlidar_driver) by extensions ['ignore', 'ignore_ament_install']
[1.237s] Level 1:colcon.colcon_core.package_identification:_identify(src/wheeltec_lidar_ros2/ldlidar_ros2/ldlidar_driver) by extension 'ignore'
[1.237s] Level 1:colcon.colcon_core.package_identification:_identify(src/wheeltec_lidar_ros2/ldlidar_ros2/ldlidar_driver) by extension 'ignore_ament_install'
[1.237s] Level 1:colcon.colcon_core.package_identification:_identify(src/wheeltec_lidar_ros2/ldlidar_ros2/ldlidar_driver) by extensions ['colcon_pkg']
[1.237s] Level 1:colcon.colcon_core.package_identification:_identify(src/wheeltec_lidar_ros2/ldlidar_ros2/ldlidar_driver) by extension 'colcon_pkg'
[1.238s] Level 1:colcon.colcon_core.package_identification:_identify(src/wheeltec_lidar_ros2/ldlidar_ros2/ldlidar_driver) by extensions ['colcon_meta']
[1.238s] Level 1:colcon.colcon_core.package_identification:_identify(src/wheeltec_lidar_ros2/ldlidar_ros2/ldlidar_driver) by extension 'colcon_meta'
[1.238s] Level 1:colcon.colcon_core.package_identification:_identify(src/wheeltec_lidar_ros2/ldlidar_ros2/ldlidar_driver) by extensions ['ros']
[1.238s] Level 1:colcon.colcon_core.package_identification:_identify(src/wheeltec_lidar_ros2/ldlidar_ros2/ldlidar_driver) by extension 'ros'
[1.238s] Level 1:colcon.colcon_core.package_identification:_identify(src/wheeltec_lidar_ros2/ldlidar_ros2/ldlidar_driver) by extensions ['cmake', 'python']
[1.238s] Level 1:colcon.colcon_core.package_identification:_identify(src/wheeltec_lidar_ros2/ldlidar_ros2/ldlidar_driver) by extension 'cmake'
[1.238s] Level 1:colcon.colcon_core.package_identification:_identify(src/wheeltec_lidar_ros2/ldlidar_ros2/ldlidar_driver) by extension 'python'
[1.238s] Level 1:colcon.colcon_core.package_identification:_identify(src/wheeltec_lidar_ros2/ldlidar_ros2/ldlidar_driver) by extensions ['python_setup_py']
[1.238s] Level 1:colcon.colcon_core.package_identification:_identify(src/wheeltec_lidar_ros2/ldlidar_ros2/ldlidar_driver) by extension 'python_setup_py'
[1.239s] Level 1:colcon.colcon_core.package_identification:_identify(src/wheeltec_lidar_ros2/ldlidar_ros2/ldlidar_driver/include) by extensions ['ignore', 'ignore_ament_install']
[1.239s] Level 1:colcon.colcon_core.package_identification:_identify(src/wheeltec_lidar_ros2/ldlidar_ros2/ldlidar_driver/include) by extension 'ignore'
[1.239s] Level 1:colcon.colcon_core.package_identification:_identify(src/wheeltec_lidar_ros2/ldlidar_ros2/ldlidar_driver/include) by extension 'ignore_ament_install'
[1.239s] Level 1:colcon.colcon_core.package_identification:_identify(src/wheeltec_lidar_ros2/ldlidar_ros2/ldlidar_driver/include) by extensions ['colcon_pkg']
[1.239s] Level 1:colcon.colcon_core.package_identification:_identify(src/wheeltec_lidar_ros2/ldlidar_ros2/ldlidar_driver/include) by extension 'colcon_pkg'
[1.239s] Level 1:colcon.colcon_core.package_identification:_identify(src/wheeltec_lidar_ros2/ldlidar_ros2/ldlidar_driver/include) by extensions ['colcon_meta']
[1.239s] Level 1:colcon.colcon_core.package_identification:_identify(src/wheeltec_lidar_ros2/ldlidar_ros2/ldlidar_driver/include) by extension 'colcon_meta'
[1.239s] Level 1:colcon.colcon_core.package_identification:_identify(src/wheeltec_lidar_ros2/ldlidar_ros2/ldlidar_driver/include) by extensions ['ros']
[1.239s] Level 1:colcon.colcon_core.package_identification:_identify(src/wheeltec_lidar_ros2/ldlidar_ros2/ldlidar_driver/include) by extension 'ros'
[1.240s] Level 1:colcon.colcon_core.package_identification:_identify(src/wheeltec_lidar_ros2/ldlidar_ros2/ldlidar_driver/include) by extensions ['cmake', 'python']
[1.240s] Level 1:colcon.colcon_core.package_identification:_identify(src/wheeltec_lidar_ros2/ldlidar_ros2/ldlidar_driver/include) by extension 'cmake'
[1.240s] Level 1:colcon.colcon_core.package_identification:_identify(src/wheeltec_lidar_ros2/ldlidar_ros2/ldlidar_driver/include) by extension 'python'
[1.240s] Level 1:colcon.colcon_core.package_identification:_identify(src/wheeltec_lidar_ros2/ldlidar_ros2/ldlidar_driver/include) by extensions ['python_setup_py']
[1.240s] Level 1:colcon.colcon_core.package_identification:_identify(src/wheeltec_lidar_ros2/ldlidar_ros2/ldlidar_driver/include) by extension 'python_setup_py'
[1.240s] Level 1:colcon.colcon_core.package_identification:_identify(src/wheeltec_lidar_ros2/ldlidar_ros2/ldlidar_driver/include/core) by extensions ['ignore', 'ignore_ament_install']
[1.240s] Level 1:colcon.colcon_core.package_identification:_identify(src/wheeltec_lidar_ros2/ldlidar_ros2/ldlidar_driver/include/core) by extension 'ignore'
[1.240s] Level 1:colcon.colcon_core.package_identification:_identify(src/wheeltec_lidar_ros2/ldlidar_ros2/ldlidar_driver/include/core) by extension 'ignore_ament_install'
[1.240s] Level 1:colcon.colcon_core.package_identification:_identify(src/wheeltec_lidar_ros2/ldlidar_ros2/ldlidar_driver/include/core) by extensions ['colcon_pkg']
[1.240s] Level 1:colcon.colcon_core.package_identification:_identify(src/wheeltec_lidar_ros2/ldlidar_ros2/ldlidar_driver/include/core) by extension 'colcon_pkg'
[1.241s] Level 1:colcon.colcon_core.package_identification:_identify(src/wheeltec_lidar_ros2/ldlidar_ros2/ldlidar_driver/include/core) by extensions ['colcon_meta']
[1.241s] Level 1:colcon.colcon_core.package_identification:_identify(src/wheeltec_lidar_ros2/ldlidar_ros2/ldlidar_driver/include/core) by extension 'colcon_meta'
[1.241s] Level 1:colcon.colcon_core.package_identification:_identify(src/wheeltec_lidar_ros2/ldlidar_ros2/ldlidar_driver/include/core) by extensions ['ros']
[1.241s] Level 1:colcon.colcon_core.package_identification:_identify(src/wheeltec_lidar_ros2/ldlidar_ros2/ldlidar_driver/include/core) by extension 'ros'
[1.241s] Level 1:colcon.colcon_core.package_identification:_identify(src/wheeltec_lidar_ros2/ldlidar_ros2/ldlidar_driver/include/core) by extensions ['cmake', 'python']
[1.241s] Level 1:colcon.colcon_core.package_identification:_identify(src/wheeltec_lidar_ros2/ldlidar_ros2/ldlidar_driver/include/core) by extension 'cmake'
[1.241s] Level 1:colcon.colcon_core.package_identification:_identify(src/wheeltec_lidar_ros2/ldlidar_ros2/ldlidar_driver/include/core) by extension 'python'
[1.241s] Level 1:colcon.colcon_core.package_identification:_identify(src/wheeltec_lidar_ros2/ldlidar_ros2/ldlidar_driver/include/core) by extensions ['python_setup_py']
[1.241s] Level 1:colcon.colcon_core.package_identification:_identify(src/wheeltec_lidar_ros2/ldlidar_ros2/ldlidar_driver/include/core) by extension 'python_setup_py'
[1.241s] Level 1:colcon.colcon_core.package_identification:_identify(src/wheeltec_lidar_ros2/ldlidar_ros2/ldlidar_driver/include/dataprocess) by extensions ['ignore', 'ignore_ament_install']
[1.242s] Level 1:colcon.colcon_core.package_identification:_identify(src/wheeltec_lidar_ros2/ldlidar_ros2/ldlidar_driver/include/dataprocess) by extension 'ignore'
[1.242s] Level 1:colcon.colcon_core.package_identification:_identify(src/wheeltec_lidar_ros2/ldlidar_ros2/ldlidar_driver/include/dataprocess) by extension 'ignore_ament_install'
[1.242s] Level 1:colcon.colcon_core.package_identification:_identify(src/wheeltec_lidar_ros2/ldlidar_ros2/ldlidar_driver/include/dataprocess) by extensions ['colcon_pkg']
[1.242s] Level 1:colcon.colcon_core.package_identification:_identify(src/wheeltec_lidar_ros2/ldlidar_ros2/ldlidar_driver/include/dataprocess) by extension 'colcon_pkg'
[1.242s] Level 1:colcon.colcon_core.package_identification:_identify(src/wheeltec_lidar_ros2/ldlidar_ros2/ldlidar_driver/include/dataprocess) by extensions ['colcon_meta']
[1.242s] Level 1:colcon.colcon_core.package_identification:_identify(src/wheeltec_lidar_ros2/ldlidar_ros2/ldlidar_driver/include/dataprocess) by extension 'colcon_meta'
[1.242s] Level 1:colcon.colcon_core.package_identification:_identify(src/wheeltec_lidar_ros2/ldlidar_ros2/ldlidar_driver/include/dataprocess) by extensions ['ros']
[1.242s] Level 1:colcon.colcon_core.package_identification:_identify(src/wheeltec_lidar_ros2/ldlidar_ros2/ldlidar_driver/include/dataprocess) by extension 'ros'
[1.242s] Level 1:colcon.colcon_core.package_identification:_identify(src/wheeltec_lidar_ros2/ldlidar_ros2/ldlidar_driver/include/dataprocess) by extensions ['cmake', 'python']
[1.242s] Level 1:colcon.colcon_core.package_identification:_identify(src/wheeltec_lidar_ros2/ldlidar_ros2/ldlidar_driver/include/dataprocess) by extension 'cmake'
[1.243s] Level 1:colcon.colcon_core.package_identification:_identify(src/wheeltec_lidar_ros2/ldlidar_ros2/ldlidar_driver/include/dataprocess) by extension 'python'
[1.243s] Level 1:colcon.colcon_core.package_identification:_identify(src/wheeltec_lidar_ros2/ldlidar_ros2/ldlidar_driver/include/dataprocess) by extensions ['python_setup_py']
[1.243s] Level 1:colcon.colcon_core.package_identification:_identify(src/wheeltec_lidar_ros2/ldlidar_ros2/ldlidar_driver/include/dataprocess) by extension 'python_setup_py'
[1.243s] Level 1:colcon.colcon_core.package_identification:_identify(src/wheeltec_lidar_ros2/ldlidar_ros2/ldlidar_driver/include/filter) by extensions ['ignore', 'ignore_ament_install']
[1.243s] Level 1:colcon.colcon_core.package_identification:_identify(src/wheeltec_lidar_ros2/ldlidar_ros2/ldlidar_driver/include/filter) by extension 'ignore'
[1.243s] Level 1:colcon.colcon_core.package_identification:_identify(src/wheeltec_lidar_ros2/ldlidar_ros2/ldlidar_driver/include/filter) by extension 'ignore_ament_install'
[1.243s] Level 1:colcon.colcon_core.package_identification:_identify(src/wheeltec_lidar_ros2/ldlidar_ros2/ldlidar_driver/include/filter) by extensions ['colcon_pkg']
[1.243s] Level 1:colcon.colcon_core.package_identification:_identify(src/wheeltec_lidar_ros2/ldlidar_ros2/ldlidar_driver/include/filter) by extension 'colcon_pkg'
[1.243s] Level 1:colcon.colcon_core.package_identification:_identify(src/wheeltec_lidar_ros2/ldlidar_ros2/ldlidar_driver/include/filter) by extensions ['colcon_meta']
[1.244s] Level 1:colcon.colcon_core.package_identification:_identify(src/wheeltec_lidar_ros2/ldlidar_ros2/ldlidar_driver/include/filter) by extension 'colcon_meta'
[1.244s] Level 1:colcon.colcon_core.package_identification:_identify(src/wheeltec_lidar_ros2/ldlidar_ros2/ldlidar_driver/include/filter) by extensions ['ros']
[1.244s] Level 1:colcon.colcon_core.package_identification:_identify(src/wheeltec_lidar_ros2/ldlidar_ros2/ldlidar_driver/include/filter) by extension 'ros'
[1.244s] Level 1:colcon.colcon_core.package_identification:_identify(src/wheeltec_lidar_ros2/ldlidar_ros2/ldlidar_driver/include/filter) by extensions ['cmake', 'python']
[1.244s] Level 1:colcon.colcon_core.package_identification:_identify(src/wheeltec_lidar_ros2/ldlidar_ros2/ldlidar_driver/include/filter) by extension 'cmake'
[1.244s] Level 1:colcon.colcon_core.package_identification:_identify(src/wheeltec_lidar_ros2/ldlidar_ros2/ldlidar_driver/include/filter) by extension 'python'
[1.244s] Level 1:colcon.colcon_core.package_identification:_identify(src/wheeltec_lidar_ros2/ldlidar_ros2/ldlidar_driver/include/filter) by extensions ['python_setup_py']
[1.244s] Level 1:colcon.colcon_core.package_identification:_identify(src/wheeltec_lidar_ros2/ldlidar_ros2/ldlidar_driver/include/filter) by extension 'python_setup_py'
[1.244s] Level 1:colcon.colcon_core.package_identification:_identify(src/wheeltec_lidar_ros2/ldlidar_ros2/ldlidar_driver/include/logger) by extensions ['ignore', 'ignore_ament_install']
[1.245s] Level 1:colcon.colcon_core.package_identification:_identify(src/wheeltec_lidar_ros2/ldlidar_ros2/ldlidar_driver/include/logger) by extension 'ignore'
[1.245s] Level 1:colcon.colcon_core.package_identification:_identify(src/wheeltec_lidar_ros2/ldlidar_ros2/ldlidar_driver/include/logger) by extension 'ignore_ament_install'
[1.245s] Level 1:colcon.colcon_core.package_identification:_identify(src/wheeltec_lidar_ros2/ldlidar_ros2/ldlidar_driver/include/logger) by extensions ['colcon_pkg']
[1.245s] Level 1:colcon.colcon_core.package_identification:_identify(src/wheeltec_lidar_ros2/ldlidar_ros2/ldlidar_driver/include/logger) by extension 'colcon_pkg'
[1.245s] Level 1:colcon.colcon_core.package_identification:_identify(src/wheeltec_lidar_ros2/ldlidar_ros2/ldlidar_driver/include/logger) by extensions ['colcon_meta']
[1.245s] Level 1:colcon.colcon_core.package_identification:_identify(src/wheeltec_lidar_ros2/ldlidar_ros2/ldlidar_driver/include/logger) by extension 'colcon_meta'
[1.245s] Level 1:colcon.colcon_core.package_identification:_identify(src/wheeltec_lidar_ros2/ldlidar_ros2/ldlidar_driver/include/logger) by extensions ['ros']
[1.245s] Level 1:colcon.colcon_core.package_identification:_identify(src/wheeltec_lidar_ros2/ldlidar_ros2/ldlidar_driver/include/logger) by extension 'ros'
[1.245s] Level 1:colcon.colcon_core.package_identification:_identify(src/wheeltec_lidar_ros2/ldlidar_ros2/ldlidar_driver/include/logger) by extensions ['cmake', 'python']
[1.245s] Level 1:colcon.colcon_core.package_identification:_identify(src/wheeltec_lidar_ros2/ldlidar_ros2/ldlidar_driver/include/logger) by extension 'cmake'
[1.245s] Level 1:colcon.colcon_core.package_identification:_identify(src/wheeltec_lidar_ros2/ldlidar_ros2/ldlidar_driver/include/logger) by extension 'python'
[1.246s] Level 1:colcon.colcon_core.package_identification:_identify(src/wheeltec_lidar_ros2/ldlidar_ros2/ldlidar_driver/include/logger) by extensions ['python_setup_py']
[1.246s] Level 1:colcon.colcon_core.package_identification:_identify(src/wheeltec_lidar_ros2/ldlidar_ros2/ldlidar_driver/include/logger) by extension 'python_setup_py'
[1.246s] Level 1:colcon.colcon_core.package_identification:_identify(src/wheeltec_lidar_ros2/ldlidar_ros2/ldlidar_driver/include/networkcom) by extensions ['ignore', 'ignore_ament_install']
[1.246s] Level 1:colcon.colcon_core.package_identification:_identify(src/wheeltec_lidar_ros2/ldlidar_ros2/ldlidar_driver/include/networkcom) by extension 'ignore'
[1.246s] Level 1:colcon.colcon_core.package_identification:_identify(src/wheeltec_lidar_ros2/ldlidar_ros2/ldlidar_driver/include/networkcom) by extension 'ignore_ament_install'
[1.246s] Level 1:colcon.colcon_core.package_identification:_identify(src/wheeltec_lidar_ros2/ldlidar_ros2/ldlidar_driver/include/networkcom) by extensions ['colcon_pkg']
[1.246s] Level 1:colcon.colcon_core.package_identification:_identify(src/wheeltec_lidar_ros2/ldlidar_ros2/ldlidar_driver/include/networkcom) by extension 'colcon_pkg'
[1.246s] Level 1:colcon.colcon_core.package_identification:_identify(src/wheeltec_lidar_ros2/ldlidar_ros2/ldlidar_driver/include/networkcom) by extensions ['colcon_meta']
[1.246s] Level 1:colcon.colcon_core.package_identification:_identify(src/wheeltec_lidar_ros2/ldlidar_ros2/ldlidar_driver/include/networkcom) by extension 'colcon_meta'
[1.247s] Level 1:colcon.colcon_core.package_identification:_identify(src/wheeltec_lidar_ros2/ldlidar_ros2/ldlidar_driver/include/networkcom) by extensions ['ros']
[1.247s] Level 1:colcon.colcon_core.package_identification:_identify(src/wheeltec_lidar_ros2/ldlidar_ros2/ldlidar_driver/include/networkcom) by extension 'ros'
[1.247s] Level 1:colcon.colcon_core.package_identification:_identify(src/wheeltec_lidar_ros2/ldlidar_ros2/ldlidar_driver/include/networkcom) by extensions ['cmake', 'python']
[1.247s] Level 1:colcon.colcon_core.package_identification:_identify(src/wheeltec_lidar_ros2/ldlidar_ros2/ldlidar_driver/include/networkcom) by extension 'cmake'
[1.247s] Level 1:colcon.colcon_core.package_identification:_identify(src/wheeltec_lidar_ros2/ldlidar_ros2/ldlidar_driver/include/networkcom) by extension 'python'
[1.247s] Level 1:colcon.colcon_core.package_identification:_identify(src/wheeltec_lidar_ros2/ldlidar_ros2/ldlidar_driver/include/networkcom) by extensions ['python_setup_py']
[1.247s] Level 1:colcon.colcon_core.package_identification:_identify(src/wheeltec_lidar_ros2/ldlidar_ros2/ldlidar_driver/include/networkcom) by extension 'python_setup_py'
[1.247s] Level 1:colcon.colcon_core.package_identification:_identify(src/wheeltec_lidar_ros2/ldlidar_ros2/ldlidar_driver/include/serialcom) by extensions ['ignore', 'ignore_ament_install']
[1.248s] Level 1:colcon.colcon_core.package_identification:_identify(src/wheeltec_lidar_ros2/ldlidar_ros2/ldlidar_driver/include/serialcom) by extension 'ignore'
[1.248s] Level 1:colcon.colcon_core.package_identification:_identify(src/wheeltec_lidar_ros2/ldlidar_ros2/ldlidar_driver/include/serialcom) by extension 'ignore_ament_install'
[1.248s] Level 1:colcon.colcon_core.package_identification:_identify(src/wheeltec_lidar_ros2/ldlidar_ros2/ldlidar_driver/include/serialcom) by extensions ['colcon_pkg']
[1.248s] Level 1:colcon.colcon_core.package_identification:_identify(src/wheeltec_lidar_ros2/ldlidar_ros2/ldlidar_driver/include/serialcom) by extension 'colcon_pkg'
[1.248s] Level 1:colcon.colcon_core.package_identification:_identify(src/wheeltec_lidar_ros2/ldlidar_ros2/ldlidar_driver/include/serialcom) by extensions ['colcon_meta']
[1.248s] Level 1:colcon.colcon_core.package_identification:_identify(src/wheeltec_lidar_ros2/ldlidar_ros2/ldlidar_driver/include/serialcom) by extension 'colcon_meta'
[1.248s] Level 1:colcon.colcon_core.package_identification:_identify(src/wheeltec_lidar_ros2/ldlidar_ros2/ldlidar_driver/include/serialcom) by extensions ['ros']
[1.248s] Level 1:colcon.colcon_core.package_identification:_identify(src/wheeltec_lidar_ros2/ldlidar_ros2/ldlidar_driver/include/serialcom) by extension 'ros'
[1.248s] Level 1:colcon.colcon_core.package_identification:_identify(src/wheeltec_lidar_ros2/ldlidar_ros2/ldlidar_driver/include/serialcom) by extensions ['cmake', 'python']
[1.248s] Level 1:colcon.colcon_core.package_identification:_identify(src/wheeltec_lidar_ros2/ldlidar_ros2/ldlidar_driver/include/serialcom) by extension 'cmake'
[1.248s] Level 1:colcon.colcon_core.package_identification:_identify(src/wheeltec_lidar_ros2/ldlidar_ros2/ldlidar_driver/include/serialcom) by extension 'python'
[1.249s] Level 1:colcon.colcon_core.package_identification:_identify(src/wheeltec_lidar_ros2/ldlidar_ros2/ldlidar_driver/include/serialcom) by extensions ['python_setup_py']
[1.249s] Level 1:colcon.colcon_core.package_identification:_identify(src/wheeltec_lidar_ros2/ldlidar_ros2/ldlidar_driver/include/serialcom) by extension 'python_setup_py'
[1.249s] Level 1:colcon.colcon_core.package_identification:_identify(src/wheeltec_lidar_ros2/ldlidar_ros2/ldlidar_driver/src) by extensions ['ignore', 'ignore_ament_install']
[1.249s] Level 1:colcon.colcon_core.package_identification:_identify(src/wheeltec_lidar_ros2/ldlidar_ros2/ldlidar_driver/src) by extension 'ignore'
[1.249s] Level 1:colcon.colcon_core.package_identification:_identify(src/wheeltec_lidar_ros2/ldlidar_ros2/ldlidar_driver/src) by extension 'ignore_ament_install'
[1.249s] Level 1:colcon.colcon_core.package_identification:_identify(src/wheeltec_lidar_ros2/ldlidar_ros2/ldlidar_driver/src) by extensions ['colcon_pkg']
[1.249s] Level 1:colcon.colcon_core.package_identification:_identify(src/wheeltec_lidar_ros2/ldlidar_ros2/ldlidar_driver/src) by extension 'colcon_pkg'
[1.249s] Level 1:colcon.colcon_core.package_identification:_identify(src/wheeltec_lidar_ros2/ldlidar_ros2/ldlidar_driver/src) by extensions ['colcon_meta']
[1.249s] Level 1:colcon.colcon_core.package_identification:_identify(src/wheeltec_lidar_ros2/ldlidar_ros2/ldlidar_driver/src) by extension 'colcon_meta'
[1.250s] Level 1:colcon.colcon_core.package_identification:_identify(src/wheeltec_lidar_ros2/ldlidar_ros2/ldlidar_driver/src) by extensions ['ros']
[1.250s] Level 1:colcon.colcon_core.package_identification:_identify(src/wheeltec_lidar_ros2/ldlidar_ros2/ldlidar_driver/src) by extension 'ros'
[1.250s] Level 1:colcon.colcon_core.package_identification:_identify(src/wheeltec_lidar_ros2/ldlidar_ros2/ldlidar_driver/src) by extensions ['cmake', 'python']
[1.250s] Level 1:colcon.colcon_core.package_identification:_identify(src/wheeltec_lidar_ros2/ldlidar_ros2/ldlidar_driver/src) by extension 'cmake'
[1.250s] Level 1:colcon.colcon_core.package_identification:_identify(src/wheeltec_lidar_ros2/ldlidar_ros2/ldlidar_driver/src) by extension 'python'
[1.250s] Level 1:colcon.colcon_core.package_identification:_identify(src/wheeltec_lidar_ros2/ldlidar_ros2/ldlidar_driver/src) by extensions ['python_setup_py']
[1.250s] Level 1:colcon.colcon_core.package_identification:_identify(src/wheeltec_lidar_ros2/ldlidar_ros2/ldlidar_driver/src) by extension 'python_setup_py'
[1.250s] Level 1:colcon.colcon_core.package_identification:_identify(src/wheeltec_lidar_ros2/ldlidar_ros2/ldlidar_driver/src/core) by extensions ['ignore', 'ignore_ament_install']
[1.250s] Level 1:colcon.colcon_core.package_identification:_identify(src/wheeltec_lidar_ros2/ldlidar_ros2/ldlidar_driver/src/core) by extension 'ignore'
[1.250s] Level 1:colcon.colcon_core.package_identification:_identify(src/wheeltec_lidar_ros2/ldlidar_ros2/ldlidar_driver/src/core) by extension 'ignore_ament_install'
[1.251s] Level 1:colcon.colcon_core.package_identification:_identify(src/wheeltec_lidar_ros2/ldlidar_ros2/ldlidar_driver/src/core) by extensions ['colcon_pkg']
[1.251s] Level 1:colcon.colcon_core.package_identification:_identify(src/wheeltec_lidar_ros2/ldlidar_ros2/ldlidar_driver/src/core) by extension 'colcon_pkg'
[1.251s] Level 1:colcon.colcon_core.package_identification:_identify(src/wheeltec_lidar_ros2/ldlidar_ros2/ldlidar_driver/src/core) by extensions ['colcon_meta']
[1.251s] Level 1:colcon.colcon_core.package_identification:_identify(src/wheeltec_lidar_ros2/ldlidar_ros2/ldlidar_driver/src/core) by extension 'colcon_meta'
[1.251s] Level 1:colcon.colcon_core.package_identification:_identify(src/wheeltec_lidar_ros2/ldlidar_ros2/ldlidar_driver/src/core) by extensions ['ros']
[1.251s] Level 1:colcon.colcon_core.package_identification:_identify(src/wheeltec_lidar_ros2/ldlidar_ros2/ldlidar_driver/src/core) by extension 'ros'
[1.251s] Level 1:colcon.colcon_core.package_identification:_identify(src/wheeltec_lidar_ros2/ldlidar_ros2/ldlidar_driver/src/core) by extensions ['cmake', 'python']
[1.251s] Level 1:colcon.colcon_core.package_identification:_identify(src/wheeltec_lidar_ros2/ldlidar_ros2/ldlidar_driver/src/core) by extension 'cmake'
[1.251s] Level 1:colcon.colcon_core.package_identification:_identify(src/wheeltec_lidar_ros2/ldlidar_ros2/ldlidar_driver/src/core) by extension 'python'
[1.251s] Level 1:colcon.colcon_core.package_identification:_identify(src/wheeltec_lidar_ros2/ldlidar_ros2/ldlidar_driver/src/core) by extensions ['python_setup_py']
[1.251s] Level 1:colcon.colcon_core.package_identification:_identify(src/wheeltec_lidar_ros2/ldlidar_ros2/ldlidar_driver/src/core) by extension 'python_setup_py'
[1.252s] Level 1:colcon.colcon_core.package_identification:_identify(src/wheeltec_lidar_ros2/ldlidar_ros2/ldlidar_driver/src/dataprocess) by extensions ['ignore', 'ignore_ament_install']
[1.252s] Level 1:colcon.colcon_core.package_identification:_identify(src/wheeltec_lidar_ros2/ldlidar_ros2/ldlidar_driver/src/dataprocess) by extension 'ignore'
[1.252s] Level 1:colcon.colcon_core.package_identification:_identify(src/wheeltec_lidar_ros2/ldlidar_ros2/ldlidar_driver/src/dataprocess) by extension 'ignore_ament_install'
[1.252s] Level 1:colcon.colcon_core.package_identification:_identify(src/wheeltec_lidar_ros2/ldlidar_ros2/ldlidar_driver/src/dataprocess) by extensions ['colcon_pkg']
[1.252s] Level 1:colcon.colcon_core.package_identification:_identify(src/wheeltec_lidar_ros2/ldlidar_ros2/ldlidar_driver/src/dataprocess) by extension 'colcon_pkg'
[1.252s] Level 1:colcon.colcon_core.package_identification:_identify(src/wheeltec_lidar_ros2/ldlidar_ros2/ldlidar_driver/src/dataprocess) by extensions ['colcon_meta']
[1.252s] Level 1:colcon.colcon_core.package_identification:_identify(src/wheeltec_lidar_ros2/ldlidar_ros2/ldlidar_driver/src/dataprocess) by extension 'colcon_meta'
[1.252s] Level 1:colcon.colcon_core.package_identification:_identify(src/wheeltec_lidar_ros2/ldlidar_ros2/ldlidar_driver/src/dataprocess) by extensions ['ros']
[1.252s] Level 1:colcon.colcon_core.package_identification:_identify(src/wheeltec_lidar_ros2/ldlidar_ros2/ldlidar_driver/src/dataprocess) by extension 'ros'
[1.253s] Level 1:colcon.colcon_core.package_identification:_identify(src/wheeltec_lidar_ros2/ldlidar_ros2/ldlidar_driver/src/dataprocess) by extensions ['cmake', 'python']
[1.253s] Level 1:colcon.colcon_core.package_identification:_identify(src/wheeltec_lidar_ros2/ldlidar_ros2/ldlidar_driver/src/dataprocess) by extension 'cmake'
[1.253s] Level 1:colcon.colcon_core.package_identification:_identify(src/wheeltec_lidar_ros2/ldlidar_ros2/ldlidar_driver/src/dataprocess) by extension 'python'
[1.253s] Level 1:colcon.colcon_core.package_identification:_identify(src/wheeltec_lidar_ros2/ldlidar_ros2/ldlidar_driver/src/dataprocess) by extensions ['python_setup_py']
[1.253s] Level 1:colcon.colcon_core.package_identification:_identify(src/wheeltec_lidar_ros2/ldlidar_ros2/ldlidar_driver/src/dataprocess) by extension 'python_setup_py'
[1.253s] Level 1:colcon.colcon_core.package_identification:_identify(src/wheeltec_lidar_ros2/ldlidar_ros2/ldlidar_driver/src/filter) by extensions ['ignore', 'ignore_ament_install']
[1.253s] Level 1:colcon.colcon_core.package_identification:_identify(src/wheeltec_lidar_ros2/ldlidar_ros2/ldlidar_driver/src/filter) by extension 'ignore'
[1.253s] Level 1:colcon.colcon_core.package_identification:_identify(src/wheeltec_lidar_ros2/ldlidar_ros2/ldlidar_driver/src/filter) by extension 'ignore_ament_install'
[1.253s] Level 1:colcon.colcon_core.package_identification:_identify(src/wheeltec_lidar_ros2/ldlidar_ros2/ldlidar_driver/src/filter) by extensions ['colcon_pkg']
[1.253s] Level 1:colcon.colcon_core.package_identification:_identify(src/wheeltec_lidar_ros2/ldlidar_ros2/ldlidar_driver/src/filter) by extension 'colcon_pkg'
[1.254s] Level 1:colcon.colcon_core.package_identification:_identify(src/wheeltec_lidar_ros2/ldlidar_ros2/ldlidar_driver/src/filter) by extensions ['colcon_meta']
[1.254s] Level 1:colcon.colcon_core.package_identification:_identify(src/wheeltec_lidar_ros2/ldlidar_ros2/ldlidar_driver/src/filter) by extension 'colcon_meta'
[1.254s] Level 1:colcon.colcon_core.package_identification:_identify(src/wheeltec_lidar_ros2/ldlidar_ros2/ldlidar_driver/src/filter) by extensions ['ros']
[1.254s] Level 1:colcon.colcon_core.package_identification:_identify(src/wheeltec_lidar_ros2/ldlidar_ros2/ldlidar_driver/src/filter) by extension 'ros'
[1.254s] Level 1:colcon.colcon_core.package_identification:_identify(src/wheeltec_lidar_ros2/ldlidar_ros2/ldlidar_driver/src/filter) by extensions ['cmake', 'python']
[1.254s] Level 1:colcon.colcon_core.package_identification:_identify(src/wheeltec_lidar_ros2/ldlidar_ros2/ldlidar_driver/src/filter) by extension 'cmake'
[1.254s] Level 1:colcon.colcon_core.package_identification:_identify(src/wheeltec_lidar_ros2/ldlidar_ros2/ldlidar_driver/src/filter) by extension 'python'
[1.254s] Level 1:colcon.colcon_core.package_identification:_identify(src/wheeltec_lidar_ros2/ldlidar_ros2/ldlidar_driver/src/filter) by extensions ['python_setup_py']
[1.254s] Level 1:colcon.colcon_core.package_identification:_identify(src/wheeltec_lidar_ros2/ldlidar_ros2/ldlidar_driver/src/filter) by extension 'python_setup_py'
[1.254s] Level 1:colcon.colcon_core.package_identification:_identify(src/wheeltec_lidar_ros2/ldlidar_ros2/ldlidar_driver/src/logger) by extensions ['ignore', 'ignore_ament_install']
[1.255s] Level 1:colcon.colcon_core.package_identification:_identify(src/wheeltec_lidar_ros2/ldlidar_ros2/ldlidar_driver/src/logger) by extension 'ignore'
[1.255s] Level 1:colcon.colcon_core.package_identification:_identify(src/wheeltec_lidar_ros2/ldlidar_ros2/ldlidar_driver/src/logger) by extension 'ignore_ament_install'
[1.255s] Level 1:colcon.colcon_core.package_identification:_identify(src/wheeltec_lidar_ros2/ldlidar_ros2/ldlidar_driver/src/logger) by extensions ['colcon_pkg']
[1.255s] Level 1:colcon.colcon_core.package_identification:_identify(src/wheeltec_lidar_ros2/ldlidar_ros2/ldlidar_driver/src/logger) by extension 'colcon_pkg'
[1.255s] Level 1:colcon.colcon_core.package_identification:_identify(src/wheeltec_lidar_ros2/ldlidar_ros2/ldlidar_driver/src/logger) by extensions ['colcon_meta']
[1.255s] Level 1:colcon.colcon_core.package_identification:_identify(src/wheeltec_lidar_ros2/ldlidar_ros2/ldlidar_driver/src/logger) by extension 'colcon_meta'
[1.255s] Level 1:colcon.colcon_core.package_identification:_identify(src/wheeltec_lidar_ros2/ldlidar_ros2/ldlidar_driver/src/logger) by extensions ['ros']
[1.255s] Level 1:colcon.colcon_core.package_identification:_identify(src/wheeltec_lidar_ros2/ldlidar_ros2/ldlidar_driver/src/logger) by extension 'ros'
[1.255s] Level 1:colcon.colcon_core.package_identification:_identify(src/wheeltec_lidar_ros2/ldlidar_ros2/ldlidar_driver/src/logger) by extensions ['cmake', 'python']
[1.255s] Level 1:colcon.colcon_core.package_identification:_identify(src/wheeltec_lidar_ros2/ldlidar_ros2/ldlidar_driver/src/logger) by extension 'cmake'
[1.256s] Level 1:colcon.colcon_core.package_identification:_identify(src/wheeltec_lidar_ros2/ldlidar_ros2/ldlidar_driver/src/logger) by extension 'python'
[1.256s] Level 1:colcon.colcon_core.package_identification:_identify(src/wheeltec_lidar_ros2/ldlidar_ros2/ldlidar_driver/src/logger) by extensions ['python_setup_py']
[1.256s] Level 1:colcon.colcon_core.package_identification:_identify(src/wheeltec_lidar_ros2/ldlidar_ros2/ldlidar_driver/src/logger) by extension 'python_setup_py'
[1.256s] Level 1:colcon.colcon_core.package_identification:_identify(src/wheeltec_lidar_ros2/ldlidar_ros2/ldlidar_driver/src/networkcom) by extensions ['ignore', 'ignore_ament_install']
[1.256s] Level 1:colcon.colcon_core.package_identification:_identify(src/wheeltec_lidar_ros2/ldlidar_ros2/ldlidar_driver/src/networkcom) by extension 'ignore'
[1.256s] Level 1:colcon.colcon_core.package_identification:_identify(src/wheeltec_lidar_ros2/ldlidar_ros2/ldlidar_driver/src/networkcom) by extension 'ignore_ament_install'
[1.256s] Level 1:colcon.colcon_core.package_identification:_identify(src/wheeltec_lidar_ros2/ldlidar_ros2/ldlidar_driver/src/networkcom) by extensions ['colcon_pkg']
[1.256s] Level 1:colcon.colcon_core.package_identification:_identify(src/wheeltec_lidar_ros2/ldlidar_ros2/ldlidar_driver/src/networkcom) by extension 'colcon_pkg'
[1.256s] Level 1:colcon.colcon_core.package_identification:_identify(src/wheeltec_lidar_ros2/ldlidar_ros2/ldlidar_driver/src/networkcom) by extensions ['colcon_meta']
[1.256s] Level 1:colcon.colcon_core.package_identification:_identify(src/wheeltec_lidar_ros2/ldlidar_ros2/ldlidar_driver/src/networkcom) by extension 'colcon_meta'
[1.257s] Level 1:colcon.colcon_core.package_identification:_identify(src/wheeltec_lidar_ros2/ldlidar_ros2/ldlidar_driver/src/networkcom) by extensions ['ros']
[1.257s] Level 1:colcon.colcon_core.package_identification:_identify(src/wheeltec_lidar_ros2/ldlidar_ros2/ldlidar_driver/src/networkcom) by extension 'ros'
[1.257s] Level 1:colcon.colcon_core.package_identification:_identify(src/wheeltec_lidar_ros2/ldlidar_ros2/ldlidar_driver/src/networkcom) by extensions ['cmake', 'python']
[1.257s] Level 1:colcon.colcon_core.package_identification:_identify(src/wheeltec_lidar_ros2/ldlidar_ros2/ldlidar_driver/src/networkcom) by extension 'cmake'
[1.257s] Level 1:colcon.colcon_core.package_identification:_identify(src/wheeltec_lidar_ros2/ldlidar_ros2/ldlidar_driver/src/networkcom) by extension 'python'
[1.257s] Level 1:colcon.colcon_core.package_identification:_identify(src/wheeltec_lidar_ros2/ldlidar_ros2/ldlidar_driver/src/networkcom) by extensions ['python_setup_py']
[1.257s] Level 1:colcon.colcon_core.package_identification:_identify(src/wheeltec_lidar_ros2/ldlidar_ros2/ldlidar_driver/src/networkcom) by extension 'python_setup_py'
[1.257s] Level 1:colcon.colcon_core.package_identification:_identify(src/wheeltec_lidar_ros2/ldlidar_ros2/ldlidar_driver/src/serialcom) by extensions ['ignore', 'ignore_ament_install']
[1.257s] Level 1:colcon.colcon_core.package_identification:_identify(src/wheeltec_lidar_ros2/ldlidar_ros2/ldlidar_driver/src/serialcom) by extension 'ignore'
[1.258s] Level 1:colcon.colcon_core.package_identification:_identify(src/wheeltec_lidar_ros2/ldlidar_ros2/ldlidar_driver/src/serialcom) by extension 'ignore_ament_install'
[1.258s] Level 1:colcon.colcon_core.package_identification:_identify(src/wheeltec_lidar_ros2/ldlidar_ros2/ldlidar_driver/src/serialcom) by extensions ['colcon_pkg']
[1.258s] Level 1:colcon.colcon_core.package_identification:_identify(src/wheeltec_lidar_ros2/ldlidar_ros2/ldlidar_driver/src/serialcom) by extension 'colcon_pkg'
[1.258s] Level 1:colcon.colcon_core.package_identification:_identify(src/wheeltec_lidar_ros2/ldlidar_ros2/ldlidar_driver/src/serialcom) by extensions ['colcon_meta']
[1.258s] Level 1:colcon.colcon_core.package_identification:_identify(src/wheeltec_lidar_ros2/ldlidar_ros2/ldlidar_driver/src/serialcom) by extension 'colcon_meta'
[1.258s] Level 1:colcon.colcon_core.package_identification:_identify(src/wheeltec_lidar_ros2/ldlidar_ros2/ldlidar_driver/src/serialcom) by extensions ['ros']
[1.258s] Level 1:colcon.colcon_core.package_identification:_identify(src/wheeltec_lidar_ros2/ldlidar_ros2/ldlidar_driver/src/serialcom) by extension 'ros'
[1.258s] Level 1:colcon.colcon_core.package_identification:_identify(src/wheeltec_lidar_ros2/ldlidar_ros2/ldlidar_driver/src/serialcom) by extensions ['cmake', 'python']
[1.258s] Level 1:colcon.colcon_core.package_identification:_identify(src/wheeltec_lidar_ros2/ldlidar_ros2/ldlidar_driver/src/serialcom) by extension 'cmake'
[1.258s] Level 1:colcon.colcon_core.package_identification:_identify(src/wheeltec_lidar_ros2/ldlidar_ros2/ldlidar_driver/src/serialcom) by extension 'python'
[1.258s] Level 1:colcon.colcon_core.package_identification:_identify(src/wheeltec_lidar_ros2/ldlidar_ros2/ldlidar_driver/src/serialcom) by extensions ['python_setup_py']
[1.259s] Level 1:colcon.colcon_core.package_identification:_identify(src/wheeltec_lidar_ros2/ldlidar_ros2/ldlidar_driver/src/serialcom) by extension 'python_setup_py'
[1.259s] Level 1:colcon.colcon_core.package_identification:_identify(src/wheeltec_lidar_ros2/lslidar_ros2) by extensions ['ignore', 'ignore_ament_install']
[1.259s] Level 1:colcon.colcon_core.package_identification:_identify(src/wheeltec_lidar_ros2/lslidar_ros2) by extension 'ignore'
[1.259s] Level 1:colcon.colcon_core.package_identification:_identify(src/wheeltec_lidar_ros2/lslidar_ros2) by extension 'ignore_ament_install'
[1.259s] Level 1:colcon.colcon_core.package_identification:_identify(src/wheeltec_lidar_ros2/lslidar_ros2) by extensions ['colcon_pkg']
[1.259s] Level 1:colcon.colcon_core.package_identification:_identify(src/wheeltec_lidar_ros2/lslidar_ros2) by extension 'colcon_pkg'
[1.259s] Level 1:colcon.colcon_core.package_identification:_identify(src/wheeltec_lidar_ros2/lslidar_ros2) by extensions ['colcon_meta']
[1.259s] Level 1:colcon.colcon_core.package_identification:_identify(src/wheeltec_lidar_ros2/lslidar_ros2) by extension 'colcon_meta'
[1.259s] Level 1:colcon.colcon_core.package_identification:_identify(src/wheeltec_lidar_ros2/lslidar_ros2) by extensions ['ros']
[1.259s] Level 1:colcon.colcon_core.package_identification:_identify(src/wheeltec_lidar_ros2/lslidar_ros2) by extension 'ros'
[1.260s] Level 1:colcon.colcon_core.package_identification:_identify(src/wheeltec_lidar_ros2/lslidar_ros2) by extensions ['cmake', 'python']
[1.260s] Level 1:colcon.colcon_core.package_identification:_identify(src/wheeltec_lidar_ros2/lslidar_ros2) by extension 'cmake'
[1.260s] Level 1:colcon.colcon_core.package_identification:_identify(src/wheeltec_lidar_ros2/lslidar_ros2) by extension 'python'
[1.260s] Level 1:colcon.colcon_core.package_identification:_identify(src/wheeltec_lidar_ros2/lslidar_ros2) by extensions ['python_setup_py']
[1.260s] Level 1:colcon.colcon_core.package_identification:_identify(src/wheeltec_lidar_ros2/lslidar_ros2) by extension 'python_setup_py'
[1.260s] Level 1:colcon.colcon_core.package_identification:_identify(src/wheeltec_lidar_ros2/lslidar_ros2/lslidar_driver) by extensions ['ignore', 'ignore_ament_install']
[1.260s] Level 1:colcon.colcon_core.package_identification:_identify(src/wheeltec_lidar_ros2/lslidar_ros2/lslidar_driver) by extension 'ignore'
[1.260s] Level 1:colcon.colcon_core.package_identification:_identify(src/wheeltec_lidar_ros2/lslidar_ros2/lslidar_driver) by extension 'ignore_ament_install'
[1.260s] Level 1:colcon.colcon_core.package_identification:_identify(src/wheeltec_lidar_ros2/lslidar_ros2/lslidar_driver) by extensions ['colcon_pkg']
[1.261s] Level 1:colcon.colcon_core.package_identification:_identify(src/wheeltec_lidar_ros2/lslidar_ros2/lslidar_driver) by extension 'colcon_pkg'
[1.261s] Level 1:colcon.colcon_core.package_identification:_identify(src/wheeltec_lidar_ros2/lslidar_ros2/lslidar_driver) by extensions ['colcon_meta']
[1.261s] Level 1:colcon.colcon_core.package_identification:_identify(src/wheeltec_lidar_ros2/lslidar_ros2/lslidar_driver) by extension 'colcon_meta'
[1.261s] Level 1:colcon.colcon_core.package_identification:_identify(src/wheeltec_lidar_ros2/lslidar_ros2/lslidar_driver) by extensions ['ros']
[1.261s] Level 1:colcon.colcon_core.package_identification:_identify(src/wheeltec_lidar_ros2/lslidar_ros2/lslidar_driver) by extension 'ros'
[1.262s] DEBUG:colcon.colcon_core.package_identification:Package 'src/wheeltec_lidar_ros2/lslidar_ros2/lslidar_driver' with type 'ros.ament_cmake' and name 'lslidar_driver'
[1.262s] Level 1:colcon.colcon_core.package_identification:_identify(src/wheeltec_lidar_ros2/lslidar_ros2/lslidar_msgs) by extensions ['ignore', 'ignore_ament_install']
[1.263s] Level 1:colcon.colcon_core.package_identification:_identify(src/wheeltec_lidar_ros2/lslidar_ros2/lslidar_msgs) by extension 'ignore'
[1.263s] Level 1:colcon.colcon_core.package_identification:_identify(src/wheeltec_lidar_ros2/lslidar_ros2/lslidar_msgs) by extension 'ignore_ament_install'
[1.263s] Level 1:colcon.colcon_core.package_identification:_identify(src/wheeltec_lidar_ros2/lslidar_ros2/lslidar_msgs) by extensions ['colcon_pkg']
[1.263s] Level 1:colcon.colcon_core.package_identification:_identify(src/wheeltec_lidar_ros2/lslidar_ros2/lslidar_msgs) by extension 'colcon_pkg'
[1.263s] Level 1:colcon.colcon_core.package_identification:_identify(src/wheeltec_lidar_ros2/lslidar_ros2/lslidar_msgs) by extensions ['colcon_meta']
[1.263s] Level 1:colcon.colcon_core.package_identification:_identify(src/wheeltec_lidar_ros2/lslidar_ros2/lslidar_msgs) by extension 'colcon_meta'
[1.263s] Level 1:colcon.colcon_core.package_identification:_identify(src/wheeltec_lidar_ros2/lslidar_ros2/lslidar_msgs) by extensions ['ros']
[1.263s] Level 1:colcon.colcon_core.package_identification:_identify(src/wheeltec_lidar_ros2/lslidar_ros2/lslidar_msgs) by extension 'ros'
[1.264s] DEBUG:colcon.colcon_core.package_identification:Package 'src/wheeltec_lidar_ros2/lslidar_ros2/lslidar_msgs' with type 'ros.ament_cmake' and name 'lslidar_msgs'
[1.265s] Level 1:colcon.colcon_core.package_identification:_identify(src/wheeltec_lidar_ros2/pointcloud_to_laserscan-humble) by extensions ['ignore', 'ignore_ament_install']
[1.265s] Level 1:colcon.colcon_core.package_identification:_identify(src/wheeltec_lidar_ros2/pointcloud_to_laserscan-humble) by extension 'ignore'
[1.265s] Level 1:colcon.colcon_core.package_identification:_identify(src/wheeltec_lidar_ros2/pointcloud_to_laserscan-humble) by extension 'ignore_ament_install'
[1.265s] Level 1:colcon.colcon_core.package_identification:_identify(src/wheeltec_lidar_ros2/pointcloud_to_laserscan-humble) by extensions ['colcon_pkg']
[1.265s] Level 1:colcon.colcon_core.package_identification:_identify(src/wheeltec_lidar_ros2/pointcloud_to_laserscan-humble) by extension 'colcon_pkg'
[1.265s] Level 1:colcon.colcon_core.package_identification:_identify(src/wheeltec_lidar_ros2/pointcloud_to_laserscan-humble) by extensions ['colcon_meta']
[1.265s] Level 1:colcon.colcon_core.package_identification:_identify(src/wheeltec_lidar_ros2/pointcloud_to_laserscan-humble) by extension 'colcon_meta'
[1.265s] Level 1:colcon.colcon_core.package_identification:_identify(src/wheeltec_lidar_ros2/pointcloud_to_laserscan-humble) by extensions ['ros']
[1.265s] Level 1:colcon.colcon_core.package_identification:_identify(src/wheeltec_lidar_ros2/pointcloud_to_laserscan-humble) by extension 'ros'
[1.268s] DEBUG:colcon.colcon_core.package_identification:Package 'src/wheeltec_lidar_ros2/pointcloud_to_laserscan-humble' with type 'ros.ament_cmake' and name 'pointcloud_to_laserscan'
[1.268s] Level 1:colcon.colcon_core.package_identification:_identify(src/wheeltec_lidar_ros2/rplidar_ros) by extensions ['ignore', 'ignore_ament_install']
[1.268s] Level 1:colcon.colcon_core.package_identification:_identify(src/wheeltec_lidar_ros2/rplidar_ros) by extension 'ignore'
[1.268s] Level 1:colcon.colcon_core.package_identification:_identify(src/wheeltec_lidar_ros2/rplidar_ros) by extension 'ignore_ament_install'
[1.269s] Level 1:colcon.colcon_core.package_identification:_identify(src/wheeltec_lidar_ros2/rplidar_ros) by extensions ['colcon_pkg']
[1.269s] Level 1:colcon.colcon_core.package_identification:_identify(src/wheeltec_lidar_ros2/rplidar_ros) by extension 'colcon_pkg'
[1.269s] Level 1:colcon.colcon_core.package_identification:_identify(src/wheeltec_lidar_ros2/rplidar_ros) by extensions ['colcon_meta']
[1.269s] Level 1:colcon.colcon_core.package_identification:_identify(src/wheeltec_lidar_ros2/rplidar_ros) by extension 'colcon_meta'
[1.269s] Level 1:colcon.colcon_core.package_identification:_identify(src/wheeltec_lidar_ros2/rplidar_ros) by extensions ['ros']
[1.269s] Level 1:colcon.colcon_core.package_identification:_identify(src/wheeltec_lidar_ros2/rplidar_ros) by extension 'ros'
[1.270s] DEBUG:colcon.colcon_core.package_identification:Package 'src/wheeltec_lidar_ros2/rplidar_ros' with type 'ros.ament_cmake' and name 'rplidar_ros'
[1.270s] Level 1:colcon.colcon_core.package_identification:_identify(src/wheeltec_mic) by extensions ['ignore', 'ignore_ament_install']
[1.270s] Level 1:colcon.colcon_core.package_identification:_identify(src/wheeltec_mic) by extension 'ignore'
[1.271s] Level 1:colcon.colcon_core.package_identification:_identify(src/wheeltec_mic) by extension 'ignore_ament_install'
[1.271s] Level 1:colcon.colcon_core.package_identification:_identify(src/wheeltec_mic) by extensions ['colcon_pkg']
[1.271s] Level 1:colcon.colcon_core.package_identification:_identify(src/wheeltec_mic) by extension 'colcon_pkg'
[1.271s] Level 1:colcon.colcon_core.package_identification:_identify(src/wheeltec_mic) by extensions ['colcon_meta']
[1.271s] Level 1:colcon.colcon_core.package_identification:_identify(src/wheeltec_mic) by extension 'colcon_meta'
[1.271s] Level 1:colcon.colcon_core.package_identification:_identify(src/wheeltec_mic) by extensions ['ros']
[1.271s] Level 1:colcon.colcon_core.package_identification:_identify(src/wheeltec_mic) by extension 'ros'
[1.271s] Level 1:colcon.colcon_core.package_identification:_identify(src/wheeltec_mic) by extensions ['cmake', 'python']
[1.271s] Level 1:colcon.colcon_core.package_identification:_identify(src/wheeltec_mic) by extension 'cmake'
[1.271s] Level 1:colcon.colcon_core.package_identification:_identify(src/wheeltec_mic) by extension 'python'
[1.272s] Level 1:colcon.colcon_core.package_identification:_identify(src/wheeltec_mic) by extensions ['python_setup_py']
[1.272s] Level 1:colcon.colcon_core.package_identification:_identify(src/wheeltec_mic) by extension 'python_setup_py'
[1.272s] Level 1:colcon.colcon_core.package_identification:_identify(src/wheeltec_mic/wheeltec_mic_msg) by extensions ['ignore', 'ignore_ament_install']
[1.272s] Level 1:colcon.colcon_core.package_identification:_identify(src/wheeltec_mic/wheeltec_mic_msg) by extension 'ignore'
[1.272s] Level 1:colcon.colcon_core.package_identification:_identify(src/wheeltec_mic/wheeltec_mic_msg) by extension 'ignore_ament_install'
[1.272s] Level 1:colcon.colcon_core.package_identification:_identify(src/wheeltec_mic/wheeltec_mic_msg) by extensions ['colcon_pkg']
[1.272s] Level 1:colcon.colcon_core.package_identification:_identify(src/wheeltec_mic/wheeltec_mic_msg) by extension 'colcon_pkg'
[1.272s] Level 1:colcon.colcon_core.package_identification:_identify(src/wheeltec_mic/wheeltec_mic_msg) by extensions ['colcon_meta']
[1.272s] Level 1:colcon.colcon_core.package_identification:_identify(src/wheeltec_mic/wheeltec_mic_msg) by extension 'colcon_meta'
[1.272s] Level 1:colcon.colcon_core.package_identification:_identify(src/wheeltec_mic/wheeltec_mic_msg) by extensions ['ros']
[1.273s] Level 1:colcon.colcon_core.package_identification:_identify(src/wheeltec_mic/wheeltec_mic_msg) by extension 'ros'
[1.274s] DEBUG:colcon.colcon_core.package_identification:Package 'src/wheeltec_mic/wheeltec_mic_msg' with type 'ros.ament_cmake' and name 'wheeltec_mic_msg'
[1.274s] Level 1:colcon.colcon_core.package_identification:_identify(src/wheeltec_mic/wheeltec_mic_ros2) by extensions ['ignore', 'ignore_ament_install']
[1.274s] Level 1:colcon.colcon_core.package_identification:_identify(src/wheeltec_mic/wheeltec_mic_ros2) by extension 'ignore'
[1.274s] Level 1:colcon.colcon_core.package_identification:_identify(src/wheeltec_mic/wheeltec_mic_ros2) by extension 'ignore_ament_install'
[1.275s] Level 1:colcon.colcon_core.package_identification:_identify(src/wheeltec_mic/wheeltec_mic_ros2) by extensions ['colcon_pkg']
[1.275s] Level 1:colcon.colcon_core.package_identification:_identify(src/wheeltec_mic/wheeltec_mic_ros2) by extension 'colcon_pkg'
[1.275s] Level 1:colcon.colcon_core.package_identification:_identify(src/wheeltec_mic/wheeltec_mic_ros2) by extensions ['colcon_meta']
[1.275s] Level 1:colcon.colcon_core.package_identification:_identify(src/wheeltec_mic/wheeltec_mic_ros2) by extension 'colcon_meta'
[1.275s] Level 1:colcon.colcon_core.package_identification:_identify(src/wheeltec_mic/wheeltec_mic_ros2) by extensions ['ros']
[1.275s] Level 1:colcon.colcon_core.package_identification:_identify(src/wheeltec_mic/wheeltec_mic_ros2) by extension 'ros'
[1.277s] DEBUG:colcon.colcon_core.package_identification:Package 'src/wheeltec_mic/wheeltec_mic_ros2' with type 'ros.ament_cmake' and name 'wheeltec_mic_ros2'
[1.277s] Level 1:colcon.colcon_core.package_identification:_identify(src/wheeltec_mic_aiui) by extensions ['ignore', 'ignore_ament_install']
[1.277s] Level 1:colcon.colcon_core.package_identification:_identify(src/wheeltec_mic_aiui) by extension 'ignore'
[1.278s] Level 1:colcon.colcon_core.package_identification:_identify(src/wheeltec_mic_aiui) by extension 'ignore_ament_install'
[1.278s] Level 1:colcon.colcon_core.package_identification:_identify(src/wheeltec_mic_aiui) by extensions ['colcon_pkg']
[1.278s] Level 1:colcon.colcon_core.package_identification:_identify(src/wheeltec_mic_aiui) by extension 'colcon_pkg'
[1.278s] Level 1:colcon.colcon_core.package_identification:_identify(src/wheeltec_mic_aiui) by extensions ['colcon_meta']
[1.278s] Level 1:colcon.colcon_core.package_identification:_identify(src/wheeltec_mic_aiui) by extension 'colcon_meta'
[1.278s] Level 1:colcon.colcon_core.package_identification:_identify(src/wheeltec_mic_aiui) by extensions ['ros']
[1.278s] Level 1:colcon.colcon_core.package_identification:_identify(src/wheeltec_mic_aiui) by extension 'ros'
[1.280s] DEBUG:colcon.colcon_core.package_identification:Package 'src/wheeltec_mic_aiui' with type 'ros.ament_cmake' and name 'wheeltec_mic_aiui'
[1.280s] Level 1:colcon.colcon_core.package_identification:_identify(src/wheeltec_multi) by extensions ['ignore', 'ignore_ament_install']
[1.280s] Level 1:colcon.colcon_core.package_identification:_identify(src/wheeltec_multi) by extension 'ignore'
[1.280s] Level 1:colcon.colcon_core.package_identification:_identify(src/wheeltec_multi) by extension 'ignore_ament_install'
[1.280s] Level 1:colcon.colcon_core.package_identification:_identify(src/wheeltec_multi) by extensions ['colcon_pkg']
[1.280s] Level 1:colcon.colcon_core.package_identification:_identify(src/wheeltec_multi) by extension 'colcon_pkg'
[1.280s] Level 1:colcon.colcon_core.package_identification:_identify(src/wheeltec_multi) by extensions ['colcon_meta']
[1.280s] Level 1:colcon.colcon_core.package_identification:_identify(src/wheeltec_multi) by extension 'colcon_meta'
[1.281s] Level 1:colcon.colcon_core.package_identification:_identify(src/wheeltec_multi) by extensions ['ros']
[1.281s] Level 1:colcon.colcon_core.package_identification:_identify(src/wheeltec_multi) by extension 'ros'
[1.283s] DEBUG:colcon.colcon_core.package_identification:Package 'src/wheeltec_multi' with type 'ros.ament_cmake' and name 'wheeltec_multi'
[1.284s] Level 1:colcon.colcon_core.package_identification:_identify(src/wheeltec_path_follow) by extensions ['ignore', 'ignore_ament_install']
[1.284s] Level 1:colcon.colcon_core.package_identification:_identify(src/wheeltec_path_follow) by extension 'ignore'
[1.284s] Level 1:colcon.colcon_core.package_identification:_identify(src/wheeltec_path_follow) by extension 'ignore_ament_install'
[1.284s] Level 1:colcon.colcon_core.package_identification:_identify(src/wheeltec_path_follow) by extensions ['colcon_pkg']
[1.284s] Level 1:colcon.colcon_core.package_identification:_identify(src/wheeltec_path_follow) by extension 'colcon_pkg'
[1.284s] Level 1:colcon.colcon_core.package_identification:_identify(src/wheeltec_path_follow) by extensions ['colcon_meta']
[1.284s] Level 1:colcon.colcon_core.package_identification:_identify(src/wheeltec_path_follow) by extension 'colcon_meta'
[1.284s] Level 1:colcon.colcon_core.package_identification:_identify(src/wheeltec_path_follow) by extensions ['ros']
[1.284s] Level 1:colcon.colcon_core.package_identification:_identify(src/wheeltec_path_follow) by extension 'ros'
[1.287s] DEBUG:colcon.colcon_core.package_identification:Package 'src/wheeltec_path_follow' with type 'ros.ament_cmake' and name 'wheeltec_path_follow'
[1.287s] Level 1:colcon.colcon_core.package_identification:_identify(src/wheeltec_radar) by extensions ['ignore', 'ignore_ament_install']
[1.287s] Level 1:colcon.colcon_core.package_identification:_identify(src/wheeltec_radar) by extension 'ignore'
[1.288s] Level 1:colcon.colcon_core.package_identification:_identify(src/wheeltec_radar) by extension 'ignore_ament_install'
[1.288s] Level 1:colcon.colcon_core.package_identification:_identify(src/wheeltec_radar) by extensions ['colcon_pkg']
[1.288s] Level 1:colcon.colcon_core.package_identification:_identify(src/wheeltec_radar) by extension 'colcon_pkg'
[1.288s] Level 1:colcon.colcon_core.package_identification:_identify(src/wheeltec_radar) by extensions ['colcon_meta']
[1.288s] Level 1:colcon.colcon_core.package_identification:_identify(src/wheeltec_radar) by extension 'colcon_meta'
[1.288s] Level 1:colcon.colcon_core.package_identification:_identify(src/wheeltec_radar) by extensions ['ros']
[1.288s] Level 1:colcon.colcon_core.package_identification:_identify(src/wheeltec_radar) by extension 'ros'
[1.291s] DEBUG:colcon.colcon_core.package_identification:Package 'src/wheeltec_radar' with type 'ros.ament_cmake' and name 'wheeltec_radar'
[1.291s] Level 1:colcon.colcon_core.package_identification:_identify(src/wheeltec_robot_kcf) by extensions ['ignore', 'ignore_ament_install']
[1.291s] Level 1:colcon.colcon_core.package_identification:_identify(src/wheeltec_robot_kcf) by extension 'ignore'
[1.291s] Level 1:colcon.colcon_core.package_identification:_identify(src/wheeltec_robot_kcf) by extension 'ignore_ament_install'
[1.291s] Level 1:colcon.colcon_core.package_identification:_identify(src/wheeltec_robot_kcf) by extensions ['colcon_pkg']
[1.291s] Level 1:colcon.colcon_core.package_identification:_identify(src/wheeltec_robot_kcf) by extension 'colcon_pkg'
[1.291s] Level 1:colcon.colcon_core.package_identification:_identify(src/wheeltec_robot_kcf) by extensions ['colcon_meta']
[1.291s] Level 1:colcon.colcon_core.package_identification:_identify(src/wheeltec_robot_kcf) by extension 'colcon_meta'
[1.292s] Level 1:colcon.colcon_core.package_identification:_identify(src/wheeltec_robot_kcf) by extensions ['ros']
[1.292s] Level 1:colcon.colcon_core.package_identification:_identify(src/wheeltec_robot_kcf) by extension 'ros'
[1.293s] DEBUG:colcon.colcon_core.package_identification:Package 'src/wheeltec_robot_kcf' with type 'ros.ament_cmake' and name 'wheeltec_robot_kcf'
[1.293s] Level 1:colcon.colcon_core.package_identification:_identify(src/wheeltec_robot_keyboard) by extensions ['ignore', 'ignore_ament_install']
[1.293s] Level 1:colcon.colcon_core.package_identification:_identify(src/wheeltec_robot_keyboard) by extension 'ignore'
[1.293s] Level 1:colcon.colcon_core.package_identification:_identify(src/wheeltec_robot_keyboard) by extension 'ignore_ament_install'
[1.293s] Level 1:colcon.colcon_core.package_identification:_identify(src/wheeltec_robot_keyboard) by extensions ['colcon_pkg']
[1.294s] Level 1:colcon.colcon_core.package_identification:_identify(src/wheeltec_robot_keyboard) by extension 'colcon_pkg'
[1.294s] Level 1:colcon.colcon_core.package_identification:_identify(src/wheeltec_robot_keyboard) by extensions ['colcon_meta']
[1.294s] Level 1:colcon.colcon_core.package_identification:_identify(src/wheeltec_robot_keyboard) by extension 'colcon_meta'
[1.294s] Level 1:colcon.colcon_core.package_identification:_identify(src/wheeltec_robot_keyboard) by extensions ['ros']
[1.294s] Level 1:colcon.colcon_core.package_identification:_identify(src/wheeltec_robot_keyboard) by extension 'ros'
[1.295s] DEBUG:colcon.colcon_core.package_identification:Package 'src/wheeltec_robot_keyboard' with type 'ros.ament_python' and name 'wheeltec_robot_keyboard'
[1.295s] Level 1:colcon.colcon_core.package_identification:_identify(src/wheeltec_robot_msg) by extensions ['ignore', 'ignore_ament_install']
[1.295s] Level 1:colcon.colcon_core.package_identification:_identify(src/wheeltec_robot_msg) by extension 'ignore'
[1.295s] Level 1:colcon.colcon_core.package_identification:_identify(src/wheeltec_robot_msg) by extension 'ignore_ament_install'
[1.295s] Level 1:colcon.colcon_core.package_identification:_identify(src/wheeltec_robot_msg) by extensions ['colcon_pkg']
[1.295s] Level 1:colcon.colcon_core.package_identification:_identify(src/wheeltec_robot_msg) by extension 'colcon_pkg'
[1.296s] Level 1:colcon.colcon_core.package_identification:_identify(src/wheeltec_robot_msg) by extensions ['colcon_meta']
[1.296s] Level 1:colcon.colcon_core.package_identification:_identify(src/wheeltec_robot_msg) by extension 'colcon_meta'
[1.296s] Level 1:colcon.colcon_core.package_identification:_identify(src/wheeltec_robot_msg) by extensions ['ros']
[1.296s] Level 1:colcon.colcon_core.package_identification:_identify(src/wheeltec_robot_msg) by extension 'ros'
[1.297s] DEBUG:colcon.colcon_core.package_identification:Package 'src/wheeltec_robot_msg' with type 'ros.ament_cmake' and name 'wheeltec_robot_msg'
[1.297s] Level 1:colcon.colcon_core.package_identification:_identify(src/wheeltec_robot_nav2) by extensions ['ignore', 'ignore_ament_install']
[1.297s] Level 1:colcon.colcon_core.package_identification:_identify(src/wheeltec_robot_nav2) by extension 'ignore'
[1.297s] Level 1:colcon.colcon_core.package_identification:_identify(src/wheeltec_robot_nav2) by extension 'ignore_ament_install'
[1.297s] Level 1:colcon.colcon_core.package_identification:_identify(src/wheeltec_robot_nav2) by extensions ['colcon_pkg']
[1.297s] Level 1:colcon.colcon_core.package_identification:_identify(src/wheeltec_robot_nav2) by extension 'colcon_pkg'
[1.298s] Level 1:colcon.colcon_core.package_identification:_identify(src/wheeltec_robot_nav2) by extensions ['colcon_meta']
[1.298s] Level 1:colcon.colcon_core.package_identification:_identify(src/wheeltec_robot_nav2) by extension 'colcon_meta'
[1.298s] Level 1:colcon.colcon_core.package_identification:_identify(src/wheeltec_robot_nav2) by extensions ['ros']
[1.298s] Level 1:colcon.colcon_core.package_identification:_identify(src/wheeltec_robot_nav2) by extension 'ros'
[1.299s] DEBUG:colcon.colcon_core.package_identification:Package 'src/wheeltec_robot_nav2' with type 'ros.ament_cmake' and name 'wheeltec_nav2'
[1.299s] Level 1:colcon.colcon_core.package_identification:_identify(src/wheeltec_robot_rrt2) by extensions ['ignore', 'ignore_ament_install']
[1.299s] Level 1:colcon.colcon_core.package_identification:_identify(src/wheeltec_robot_rrt2) by extension 'ignore'
[1.299s] Level 1:colcon.colcon_core.package_identification:_identify(src/wheeltec_robot_rrt2) by extension 'ignore_ament_install'
[1.299s] Level 1:colcon.colcon_core.package_identification:_identify(src/wheeltec_robot_rrt2) by extensions ['colcon_pkg']
[1.300s] Level 1:colcon.colcon_core.package_identification:_identify(src/wheeltec_robot_rrt2) by extension 'colcon_pkg'
[1.300s] Level 1:colcon.colcon_core.package_identification:_identify(src/wheeltec_robot_rrt2) by extensions ['colcon_meta']
[1.300s] Level 1:colcon.colcon_core.package_identification:_identify(src/wheeltec_robot_rrt2) by extension 'colcon_meta'
[1.300s] Level 1:colcon.colcon_core.package_identification:_identify(src/wheeltec_robot_rrt2) by extensions ['ros']
[1.300s] Level 1:colcon.colcon_core.package_identification:_identify(src/wheeltec_robot_rrt2) by extension 'ros'
[1.301s] DEBUG:colcon.colcon_core.package_identification:Package 'src/wheeltec_robot_rrt2' with type 'ros.ament_cmake' and name 'wheeltec_robot_rrt'
[1.301s] Level 1:colcon.colcon_core.package_identification:_identify(src/wheeltec_robot_rtab) by extensions ['ignore', 'ignore_ament_install']
[1.301s] Level 1:colcon.colcon_core.package_identification:_identify(src/wheeltec_robot_rtab) by extension 'ignore'
[1.302s] Level 1:colcon.colcon_core.package_identification:_identify(src/wheeltec_robot_rtab) by extension 'ignore_ament_install'
[1.302s] Level 1:colcon.colcon_core.package_identification:_identify(src/wheeltec_robot_rtab) by extensions ['colcon_pkg']
[1.302s] Level 1:colcon.colcon_core.package_identification:_identify(src/wheeltec_robot_rtab) by extension 'colcon_pkg'
[1.302s] Level 1:colcon.colcon_core.package_identification:_identify(src/wheeltec_robot_rtab) by extensions ['colcon_meta']
[1.302s] Level 1:colcon.colcon_core.package_identification:_identify(src/wheeltec_robot_rtab) by extension 'colcon_meta'
[1.302s] Level 1:colcon.colcon_core.package_identification:_identify(src/wheeltec_robot_rtab) by extensions ['ros']
[1.302s] Level 1:colcon.colcon_core.package_identification:_identify(src/wheeltec_robot_rtab) by extension 'ros'
[1.303s] DEBUG:colcon.colcon_core.package_identification:Package 'src/wheeltec_robot_rtab' with type 'ros.ament_cmake' and name 'wheeltec_robot_rtab'
[1.303s] Level 1:colcon.colcon_core.package_identification:_identify(src/wheeltec_robot_slam) by extensions ['ignore', 'ignore_ament_install']
[1.304s] Level 1:colcon.colcon_core.package_identification:_identify(src/wheeltec_robot_slam) by extension 'ignore'
[1.304s] Level 1:colcon.colcon_core.package_identification:_identify(src/wheeltec_robot_slam) by extension 'ignore_ament_install'
[1.304s] Level 1:colcon.colcon_core.package_identification:_identify(src/wheeltec_robot_slam) by extensions ['colcon_pkg']
[1.304s] Level 1:colcon.colcon_core.package_identification:_identify(src/wheeltec_robot_slam) by extension 'colcon_pkg'
[1.304s] Level 1:colcon.colcon_core.package_identification:_identify(src/wheeltec_robot_slam) by extensions ['colcon_meta']
[1.304s] Level 1:colcon.colcon_core.package_identification:_identify(src/wheeltec_robot_slam) by extension 'colcon_meta'
[1.304s] Level 1:colcon.colcon_core.package_identification:_identify(src/wheeltec_robot_slam) by extensions ['ros']
[1.304s] Level 1:colcon.colcon_core.package_identification:_identify(src/wheeltec_robot_slam) by extension 'ros'
[1.304s] Level 1:colcon.colcon_core.package_identification:_identify(src/wheeltec_robot_slam) by extensions ['cmake', 'python']
[1.305s] Level 1:colcon.colcon_core.package_identification:_identify(src/wheeltec_robot_slam) by extension 'cmake'
[1.305s] Level 1:colcon.colcon_core.package_identification:_identify(src/wheeltec_robot_slam) by extension 'python'
[1.305s] Level 1:colcon.colcon_core.package_identification:_identify(src/wheeltec_robot_slam) by extensions ['python_setup_py']
[1.305s] Level 1:colcon.colcon_core.package_identification:_identify(src/wheeltec_robot_slam) by extension 'python_setup_py'
[1.305s] Level 1:colcon.colcon_core.package_identification:_identify(src/wheeltec_robot_slam/LIO-SAM-ROS2) by extensions ['ignore', 'ignore_ament_install']
[1.305s] Level 1:colcon.colcon_core.package_identification:_identify(src/wheeltec_robot_slam/LIO-SAM-ROS2) by extension 'ignore'
[1.305s] Level 1:colcon.colcon_core.package_identification:_identify(src/wheeltec_robot_slam/LIO-SAM-ROS2) by extension 'ignore_ament_install'
[1.305s] Level 1:colcon.colcon_core.package_identification:_identify(src/wheeltec_robot_slam/LIO-SAM-ROS2) by extensions ['colcon_pkg']
[1.305s] Level 1:colcon.colcon_core.package_identification:_identify(src/wheeltec_robot_slam/LIO-SAM-ROS2) by extension 'colcon_pkg'
[1.306s] Level 1:colcon.colcon_core.package_identification:_identify(src/wheeltec_robot_slam/LIO-SAM-ROS2) by extensions ['colcon_meta']
[1.306s] Level 1:colcon.colcon_core.package_identification:_identify(src/wheeltec_robot_slam/LIO-SAM-ROS2) by extension 'colcon_meta'
[1.306s] Level 1:colcon.colcon_core.package_identification:_identify(src/wheeltec_robot_slam/LIO-SAM-ROS2) by extensions ['ros']
[1.306s] Level 1:colcon.colcon_core.package_identification:_identify(src/wheeltec_robot_slam/LIO-SAM-ROS2) by extension 'ros'
[1.308s] DEBUG:colcon.colcon_core.package_identification:Package 'src/wheeltec_robot_slam/LIO-SAM-ROS2' with type 'ros.ament_cmake' and name 'lio_sam'
[1.308s] Level 1:colcon.colcon_core.package_identification:_identify(src/wheeltec_robot_slam/LeGO-LOAM-SR-master) by extensions ['ignore', 'ignore_ament_install']
[1.308s] Level 1:colcon.colcon_core.package_identification:_identify(src/wheeltec_robot_slam/LeGO-LOAM-SR-master) by extension 'ignore'
[1.308s] Level 1:colcon.colcon_core.package_identification:_identify(src/wheeltec_robot_slam/LeGO-LOAM-SR-master) by extension 'ignore_ament_install'
[1.308s] Level 1:colcon.colcon_core.package_identification:_identify(src/wheeltec_robot_slam/LeGO-LOAM-SR-master) by extensions ['colcon_pkg']
[1.308s] Level 1:colcon.colcon_core.package_identification:_identify(src/wheeltec_robot_slam/LeGO-LOAM-SR-master) by extension 'colcon_pkg'
[1.308s] Level 1:colcon.colcon_core.package_identification:_identify(src/wheeltec_robot_slam/LeGO-LOAM-SR-master) by extensions ['colcon_meta']
[1.308s] Level 1:colcon.colcon_core.package_identification:_identify(src/wheeltec_robot_slam/LeGO-LOAM-SR-master) by extension 'colcon_meta'
[1.309s] Level 1:colcon.colcon_core.package_identification:_identify(src/wheeltec_robot_slam/LeGO-LOAM-SR-master) by extensions ['ros']
[1.309s] Level 1:colcon.colcon_core.package_identification:_identify(src/wheeltec_robot_slam/LeGO-LOAM-SR-master) by extension 'ros'
[1.309s] Level 1:colcon.colcon_core.package_identification:_identify(src/wheeltec_robot_slam/LeGO-LOAM-SR-master) by extensions ['cmake', 'python']
[1.309s] Level 1:colcon.colcon_core.package_identification:_identify(src/wheeltec_robot_slam/LeGO-LOAM-SR-master) by extension 'cmake'
[1.309s] Level 1:colcon.colcon_core.package_identification:_identify(src/wheeltec_robot_slam/LeGO-LOAM-SR-master) by extension 'python'
[1.309s] Level 1:colcon.colcon_core.package_identification:_identify(src/wheeltec_robot_slam/LeGO-LOAM-SR-master) by extensions ['python_setup_py']
[1.309s] Level 1:colcon.colcon_core.package_identification:_identify(src/wheeltec_robot_slam/LeGO-LOAM-SR-master) by extension 'python_setup_py'
[1.309s] Level 1:colcon.colcon_core.package_identification:_identify(src/wheeltec_robot_slam/LeGO-LOAM-SR-master/LeGO-LOAM) by extensions ['ignore', 'ignore_ament_install']
[1.309s] Level 1:colcon.colcon_core.package_identification:_identify(src/wheeltec_robot_slam/LeGO-LOAM-SR-master/LeGO-LOAM) by extension 'ignore'
[1.310s] Level 1:colcon.colcon_core.package_identification:_identify(src/wheeltec_robot_slam/LeGO-LOAM-SR-master/LeGO-LOAM) by extension 'ignore_ament_install'
[1.310s] Level 1:colcon.colcon_core.package_identification:_identify(src/wheeltec_robot_slam/LeGO-LOAM-SR-master/LeGO-LOAM) by extensions ['colcon_pkg']
[1.310s] Level 1:colcon.colcon_core.package_identification:_identify(src/wheeltec_robot_slam/LeGO-LOAM-SR-master/LeGO-LOAM) by extension 'colcon_pkg'
[1.310s] Level 1:colcon.colcon_core.package_identification:_identify(src/wheeltec_robot_slam/LeGO-LOAM-SR-master/LeGO-LOAM) by extensions ['colcon_meta']
[1.310s] Level 1:colcon.colcon_core.package_identification:_identify(src/wheeltec_robot_slam/LeGO-LOAM-SR-master/LeGO-LOAM) by extension 'colcon_meta'
[1.310s] Level 1:colcon.colcon_core.package_identification:_identify(src/wheeltec_robot_slam/LeGO-LOAM-SR-master/LeGO-LOAM) by extensions ['ros']
[1.310s] Level 1:colcon.colcon_core.package_identification:_identify(src/wheeltec_robot_slam/LeGO-LOAM-SR-master/LeGO-LOAM) by extension 'ros'
[1.311s] DEBUG:colcon.colcon_core.package_identification:Package 'src/wheeltec_robot_slam/LeGO-LOAM-SR-master/LeGO-LOAM' with type 'ros.ament_cmake' and name 'lego_loam_sr'
[1.311s] Level 1:colcon.colcon_core.package_identification:_identify(src/wheeltec_robot_slam/LeGO-LOAM-SR-master/cloud_msgs) by extensions ['ignore', 'ignore_ament_install']
[1.312s] Level 1:colcon.colcon_core.package_identification:_identify(src/wheeltec_robot_slam/LeGO-LOAM-SR-master/cloud_msgs) by extension 'ignore'
[1.312s] Level 1:colcon.colcon_core.package_identification:_identify(src/wheeltec_robot_slam/LeGO-LOAM-SR-master/cloud_msgs) by extension 'ignore_ament_install'
[1.312s] Level 1:colcon.colcon_core.package_identification:_identify(src/wheeltec_robot_slam/LeGO-LOAM-SR-master/cloud_msgs) by extensions ['colcon_pkg']
[1.312s] Level 1:colcon.colcon_core.package_identification:_identify(src/wheeltec_robot_slam/LeGO-LOAM-SR-master/cloud_msgs) by extension 'colcon_pkg'
[1.312s] Level 1:colcon.colcon_core.package_identification:_identify(src/wheeltec_robot_slam/LeGO-LOAM-SR-master/cloud_msgs) by extensions ['colcon_meta']
[1.312s] Level 1:colcon.colcon_core.package_identification:_identify(src/wheeltec_robot_slam/LeGO-LOAM-SR-master/cloud_msgs) by extension 'colcon_meta'
[1.312s] Level 1:colcon.colcon_core.package_identification:_identify(src/wheeltec_robot_slam/LeGO-LOAM-SR-master/cloud_msgs) by extensions ['ros']
[1.312s] Level 1:colcon.colcon_core.package_identification:_identify(src/wheeltec_robot_slam/LeGO-LOAM-SR-master/cloud_msgs) by extension 'ros'
[1.313s] DEBUG:colcon.colcon_core.package_identification:Package 'src/wheeltec_robot_slam/LeGO-LOAM-SR-master/cloud_msgs' with type 'ros.ament_cmake' and name 'cloud_msgs'
[1.314s] Level 1:colcon.colcon_core.package_identification:_identify(src/wheeltec_robot_slam/openslam_gmapping) by extensions ['ignore', 'ignore_ament_install']
[1.314s] Level 1:colcon.colcon_core.package_identification:_identify(src/wheeltec_robot_slam/openslam_gmapping) by extension 'ignore'
[1.314s] Level 1:colcon.colcon_core.package_identification:_identify(src/wheeltec_robot_slam/openslam_gmapping) by extension 'ignore_ament_install'
[1.314s] Level 1:colcon.colcon_core.package_identification:_identify(src/wheeltec_robot_slam/openslam_gmapping) by extensions ['colcon_pkg']
[1.314s] Level 1:colcon.colcon_core.package_identification:_identify(src/wheeltec_robot_slam/openslam_gmapping) by extension 'colcon_pkg'
[1.314s] Level 1:colcon.colcon_core.package_identification:_identify(src/wheeltec_robot_slam/openslam_gmapping) by extensions ['colcon_meta']
[1.314s] Level 1:colcon.colcon_core.package_identification:_identify(src/wheeltec_robot_slam/openslam_gmapping) by extension 'colcon_meta'
[1.314s] Level 1:colcon.colcon_core.package_identification:_identify(src/wheeltec_robot_slam/openslam_gmapping) by extensions ['ros']
[1.314s] Level 1:colcon.colcon_core.package_identification:_identify(src/wheeltec_robot_slam/openslam_gmapping) by extension 'ros'
[1.315s] DEBUG:colcon.colcon_core.package_identification:Package 'src/wheeltec_robot_slam/openslam_gmapping' with type 'ros.ament_cmake' and name 'openslam_gmapping'
[1.316s] Level 1:colcon.colcon_core.package_identification:_identify(src/wheeltec_robot_slam/orb_slam_2_ros) by extensions ['ignore', 'ignore_ament_install']
[1.316s] Level 1:colcon.colcon_core.package_identification:_identify(src/wheeltec_robot_slam/orb_slam_2_ros) by extension 'ignore'
[1.316s] Level 1:colcon.colcon_core.package_identification:_identify(src/wheeltec_robot_slam/orb_slam_2_ros) by extension 'ignore_ament_install'
[1.316s] Level 1:colcon.colcon_core.package_identification:_identify(src/wheeltec_robot_slam/orb_slam_2_ros) by extensions ['colcon_pkg']
[1.316s] Level 1:colcon.colcon_core.package_identification:_identify(src/wheeltec_robot_slam/orb_slam_2_ros) by extension 'colcon_pkg'
[1.316s] Level 1:colcon.colcon_core.package_identification:_identify(src/wheeltec_robot_slam/orb_slam_2_ros) by extensions ['colcon_meta']
[1.316s] Level 1:colcon.colcon_core.package_identification:_identify(src/wheeltec_robot_slam/orb_slam_2_ros) by extension 'colcon_meta'
[1.317s] Level 1:colcon.colcon_core.package_identification:_identify(src/wheeltec_robot_slam/orb_slam_2_ros) by extensions ['ros']
[1.317s] Level 1:colcon.colcon_core.package_identification:_identify(src/wheeltec_robot_slam/orb_slam_2_ros) by extension 'ros'
[1.317s] Level 1:colcon.colcon_core.package_identification:_identify(src/wheeltec_robot_slam/orb_slam_2_ros) by extensions ['cmake', 'python']
[1.317s] Level 1:colcon.colcon_core.package_identification:_identify(src/wheeltec_robot_slam/orb_slam_2_ros) by extension 'cmake'
[1.317s] Level 1:colcon.colcon_core.package_identification:_identify(src/wheeltec_robot_slam/orb_slam_2_ros) by extension 'python'
[1.317s] Level 1:colcon.colcon_core.package_identification:_identify(src/wheeltec_robot_slam/orb_slam_2_ros) by extensions ['python_setup_py']
[1.317s] Level 1:colcon.colcon_core.package_identification:_identify(src/wheeltec_robot_slam/orb_slam_2_ros) by extension 'python_setup_py'
[1.317s] Level 1:colcon.colcon_core.package_identification:_identify(src/wheeltec_robot_slam/orb_slam_2_ros/orb_slam_2_ros) by extensions ['ignore', 'ignore_ament_install']
[1.317s] Level 1:colcon.colcon_core.package_identification:_identify(src/wheeltec_robot_slam/orb_slam_2_ros/orb_slam_2_ros) by extension 'ignore'
[1.318s] Level 1:colcon.colcon_core.package_identification:_identify(src/wheeltec_robot_slam/orb_slam_2_ros/orb_slam_2_ros) by extension 'ignore_ament_install'
[1.318s] Level 1:colcon.colcon_core.package_identification:_identify(src/wheeltec_robot_slam/orb_slam_2_ros/orb_slam_2_ros) by extensions ['colcon_pkg']
[1.318s] Level 1:colcon.colcon_core.package_identification:_identify(src/wheeltec_robot_slam/orb_slam_2_ros/orb_slam_2_ros) by extension 'colcon_pkg'
[1.318s] Level 1:colcon.colcon_core.package_identification:_identify(src/wheeltec_robot_slam/orb_slam_2_ros/orb_slam_2_ros) by extensions ['colcon_meta']
[1.318s] Level 1:colcon.colcon_core.package_identification:_identify(src/wheeltec_robot_slam/orb_slam_2_ros/orb_slam_2_ros) by extension 'colcon_meta'
[1.318s] Level 1:colcon.colcon_core.package_identification:_identify(src/wheeltec_robot_slam/orb_slam_2_ros/orb_slam_2_ros) by extensions ['ros']
[1.318s] Level 1:colcon.colcon_core.package_identification:_identify(src/wheeltec_robot_slam/orb_slam_2_ros/orb_slam_2_ros) by extension 'ros'
[1.319s] DEBUG:colcon.colcon_core.package_identification:Package 'src/wheeltec_robot_slam/orb_slam_2_ros/orb_slam_2_ros' with type 'ros.ament_cmake' and name 'orb_slam2_ros'
[1.320s] Level 1:colcon.colcon_core.package_identification:_identify(src/wheeltec_robot_slam/slam_gmapping) by extensions ['ignore', 'ignore_ament_install']
[1.320s] Level 1:colcon.colcon_core.package_identification:_identify(src/wheeltec_robot_slam/slam_gmapping) by extension 'ignore'
[1.320s] Level 1:colcon.colcon_core.package_identification:_identify(src/wheeltec_robot_slam/slam_gmapping) by extension 'ignore_ament_install'
[1.320s] Level 1:colcon.colcon_core.package_identification:_identify(src/wheeltec_robot_slam/slam_gmapping) by extensions ['colcon_pkg']
[1.320s] Level 1:colcon.colcon_core.package_identification:_identify(src/wheeltec_robot_slam/slam_gmapping) by extension 'colcon_pkg'
[1.320s] Level 1:colcon.colcon_core.package_identification:_identify(src/wheeltec_robot_slam/slam_gmapping) by extensions ['colcon_meta']
[1.320s] Level 1:colcon.colcon_core.package_identification:_identify(src/wheeltec_robot_slam/slam_gmapping) by extension 'colcon_meta'
[1.320s] Level 1:colcon.colcon_core.package_identification:_identify(src/wheeltec_robot_slam/slam_gmapping) by extensions ['ros']
[1.320s] Level 1:colcon.colcon_core.package_identification:_identify(src/wheeltec_robot_slam/slam_gmapping) by extension 'ros'
[1.323s] DEBUG:colcon.colcon_core.package_identification:Package 'src/wheeltec_robot_slam/slam_gmapping' with type 'ros.ament_cmake' and name 'slam_gmapping'
[1.323s] Level 1:colcon.colcon_core.package_identification:_identify(src/wheeltec_robot_slam/wheeltec_cartographer) by extensions ['ignore', 'ignore_ament_install']
[1.323s] Level 1:colcon.colcon_core.package_identification:_identify(src/wheeltec_robot_slam/wheeltec_cartographer) by extension 'ignore'
[1.323s] Level 1:colcon.colcon_core.package_identification:_identify(src/wheeltec_robot_slam/wheeltec_cartographer) by extension 'ignore_ament_install'
[1.323s] Level 1:colcon.colcon_core.package_identification:_identify(src/wheeltec_robot_slam/wheeltec_cartographer) by extensions ['colcon_pkg']
[1.323s] Level 1:colcon.colcon_core.package_identification:_identify(src/wheeltec_robot_slam/wheeltec_cartographer) by extension 'colcon_pkg'
[1.323s] Level 1:colcon.colcon_core.package_identification:_identify(src/wheeltec_robot_slam/wheeltec_cartographer) by extensions ['colcon_meta']
[1.323s] Level 1:colcon.colcon_core.package_identification:_identify(src/wheeltec_robot_slam/wheeltec_cartographer) by extension 'colcon_meta'
[1.324s] Level 1:colcon.colcon_core.package_identification:_identify(src/wheeltec_robot_slam/wheeltec_cartographer) by extensions ['ros']
[1.324s] Level 1:colcon.colcon_core.package_identification:_identify(src/wheeltec_robot_slam/wheeltec_cartographer) by extension 'ros'
[1.325s] DEBUG:colcon.colcon_core.package_identification:Package 'src/wheeltec_robot_slam/wheeltec_cartographer' with type 'ros.ament_cmake' and name 'wheeltec_cartographer'
[1.325s] Level 1:colcon.colcon_core.package_identification:_identify(src/wheeltec_robot_slam/wheeltec_slam_toolbox) by extensions ['ignore', 'ignore_ament_install']
[1.325s] Level 1:colcon.colcon_core.package_identification:_identify(src/wheeltec_robot_slam/wheeltec_slam_toolbox) by extension 'ignore'
[1.325s] Level 1:colcon.colcon_core.package_identification:_identify(src/wheeltec_robot_slam/wheeltec_slam_toolbox) by extension 'ignore_ament_install'
[1.325s] Level 1:colcon.colcon_core.package_identification:_identify(src/wheeltec_robot_slam/wheeltec_slam_toolbox) by extensions ['colcon_pkg']
[1.325s] Level 1:colcon.colcon_core.package_identification:_identify(src/wheeltec_robot_slam/wheeltec_slam_toolbox) by extension 'colcon_pkg'
[1.325s] Level 1:colcon.colcon_core.package_identification:_identify(src/wheeltec_robot_slam/wheeltec_slam_toolbox) by extensions ['colcon_meta']
[1.325s] Level 1:colcon.colcon_core.package_identification:_identify(src/wheeltec_robot_slam/wheeltec_slam_toolbox) by extension 'colcon_meta'
[1.325s] Level 1:colcon.colcon_core.package_identification:_identify(src/wheeltec_robot_slam/wheeltec_slam_toolbox) by extensions ['ros']
[1.326s] Level 1:colcon.colcon_core.package_identification:_identify(src/wheeltec_robot_slam/wheeltec_slam_toolbox) by extension 'ros'
[1.327s] DEBUG:colcon.colcon_core.package_identification:Package 'src/wheeltec_robot_slam/wheeltec_slam_toolbox' with type 'ros.ament_cmake' and name 'wheeltec_slam_toolbox'
[1.327s] Level 1:colcon.colcon_core.package_identification:_identify(src/wheeltec_robot_urdf) by extensions ['ignore', 'ignore_ament_install']
[1.327s] Level 1:colcon.colcon_core.package_identification:_identify(src/wheeltec_robot_urdf) by extension 'ignore'
[1.327s] Level 1:colcon.colcon_core.package_identification:_identify(src/wheeltec_robot_urdf) by extension 'ignore_ament_install'
[1.327s] Level 1:colcon.colcon_core.package_identification:_identify(src/wheeltec_robot_urdf) by extensions ['colcon_pkg']
[1.328s] Level 1:colcon.colcon_core.package_identification:_identify(src/wheeltec_robot_urdf) by extension 'colcon_pkg'
[1.328s] Level 1:colcon.colcon_core.package_identification:_identify(src/wheeltec_robot_urdf) by extensions ['colcon_meta']
[1.328s] Level 1:colcon.colcon_core.package_identification:_identify(src/wheeltec_robot_urdf) by extension 'colcon_meta'
[1.328s] Level 1:colcon.colcon_core.package_identification:_identify(src/wheeltec_robot_urdf) by extensions ['ros']
[1.328s] Level 1:colcon.colcon_core.package_identification:_identify(src/wheeltec_robot_urdf) by extension 'ros'
[1.328s] Level 1:colcon.colcon_core.package_identification:_identify(src/wheeltec_robot_urdf) by extensions ['cmake', 'python']
[1.328s] Level 1:colcon.colcon_core.package_identification:_identify(src/wheeltec_robot_urdf) by extension 'cmake'
[1.328s] Level 1:colcon.colcon_core.package_identification:_identify(src/wheeltec_robot_urdf) by extension 'python'
[1.328s] Level 1:colcon.colcon_core.package_identification:_identify(src/wheeltec_robot_urdf) by extensions ['python_setup_py']
[1.328s] Level 1:colcon.colcon_core.package_identification:_identify(src/wheeltec_robot_urdf) by extension 'python_setup_py'
[1.329s] Level 1:colcon.colcon_core.package_identification:_identify(src/wheeltec_robot_urdf/wheeltec_robot_urdf) by extensions ['ignore', 'ignore_ament_install']
[1.329s] Level 1:colcon.colcon_core.package_identification:_identify(src/wheeltec_robot_urdf/wheeltec_robot_urdf) by extension 'ignore'
[1.329s] Level 1:colcon.colcon_core.package_identification:_identify(src/wheeltec_robot_urdf/wheeltec_robot_urdf) by extension 'ignore_ament_install'
[1.329s] Level 1:colcon.colcon_core.package_identification:_identify(src/wheeltec_robot_urdf/wheeltec_robot_urdf) by extensions ['colcon_pkg']
[1.329s] Level 1:colcon.colcon_core.package_identification:_identify(src/wheeltec_robot_urdf/wheeltec_robot_urdf) by extension 'colcon_pkg'
[1.329s] Level 1:colcon.colcon_core.package_identification:_identify(src/wheeltec_robot_urdf/wheeltec_robot_urdf) by extensions ['colcon_meta']
[1.329s] Level 1:colcon.colcon_core.package_identification:_identify(src/wheeltec_robot_urdf/wheeltec_robot_urdf) by extension 'colcon_meta'
[1.329s] Level 1:colcon.colcon_core.package_identification:_identify(src/wheeltec_robot_urdf/wheeltec_robot_urdf) by extensions ['ros']
[1.329s] Level 1:colcon.colcon_core.package_identification:_identify(src/wheeltec_robot_urdf/wheeltec_robot_urdf) by extension 'ros'
[1.330s] DEBUG:colcon.colcon_core.package_identification:Package 'src/wheeltec_robot_urdf/wheeltec_robot_urdf' with type 'ros.ament_cmake' and name 'wheeltec_robot_urdf'
[1.331s] Level 1:colcon.colcon_core.package_identification:_identify(src/wheeltec_rrt_msg) by extensions ['ignore', 'ignore_ament_install']
[1.331s] Level 1:colcon.colcon_core.package_identification:_identify(src/wheeltec_rrt_msg) by extension 'ignore'
[1.331s] Level 1:colcon.colcon_core.package_identification:_identify(src/wheeltec_rrt_msg) by extension 'ignore_ament_install'
[1.331s] Level 1:colcon.colcon_core.package_identification:_identify(src/wheeltec_rrt_msg) by extensions ['colcon_pkg']
[1.331s] Level 1:colcon.colcon_core.package_identification:_identify(src/wheeltec_rrt_msg) by extension 'colcon_pkg'
[1.331s] Level 1:colcon.colcon_core.package_identification:_identify(src/wheeltec_rrt_msg) by extensions ['colcon_meta']
[1.331s] Level 1:colcon.colcon_core.package_identification:_identify(src/wheeltec_rrt_msg) by extension 'colcon_meta'
[1.331s] Level 1:colcon.colcon_core.package_identification:_identify(src/wheeltec_rrt_msg) by extensions ['ros']
[1.332s] Level 1:colcon.colcon_core.package_identification:_identify(src/wheeltec_rrt_msg) by extension 'ros'
[1.333s] DEBUG:colcon.colcon_core.package_identification:Package 'src/wheeltec_rrt_msg' with type 'ros.ament_cmake' and name 'wheeltec_rrt_msg'
[1.333s] Level 1:colcon.colcon_core.package_identification:_identify(src/wheeltec_rviz2) by extensions ['ignore', 'ignore_ament_install']
[1.333s] Level 1:colcon.colcon_core.package_identification:_identify(src/wheeltec_rviz2) by extension 'ignore'
[1.333s] Level 1:colcon.colcon_core.package_identification:_identify(src/wheeltec_rviz2) by extension 'ignore_ament_install'
[1.333s] Level 1:colcon.colcon_core.package_identification:_identify(src/wheeltec_rviz2) by extensions ['colcon_pkg']
[1.333s] Level 1:colcon.colcon_core.package_identification:_identify(src/wheeltec_rviz2) by extension 'colcon_pkg'
[1.334s] Level 1:colcon.colcon_core.package_identification:_identify(src/wheeltec_rviz2) by extensions ['colcon_meta']
[1.334s] Level 1:colcon.colcon_core.package_identification:_identify(src/wheeltec_rviz2) by extension 'colcon_meta'
[1.334s] Level 1:colcon.colcon_core.package_identification:_identify(src/wheeltec_rviz2) by extensions ['ros']
[1.334s] Level 1:colcon.colcon_core.package_identification:_identify(src/wheeltec_rviz2) by extension 'ros'
[1.335s] DEBUG:colcon.colcon_core.package_identification:Package 'src/wheeltec_rviz2' with type 'ros.ament_cmake' and name 'wheeltec_rviz2'
[1.335s] Level 1:colcon.colcon_core.package_discovery:discover_packages(recursive) using defaults
[1.335s] Level 1:colcon.colcon_core.package_discovery:discover_packages(ignore) discover
[1.335s] Level 1:colcon.colcon_core.package_discovery:discover_packages(ignore) using defaults
[1.335s] Level 1:colcon.colcon_core.package_discovery:discover_packages(path) discover
[1.335s] Level 1:colcon.colcon_core.package_discovery:discover_packages(path) using defaults
[1.489s] INFO:colcon.colcon_core.package_selection:Skipping not selected package 'ackermann_msgs' in 'src/depend/ackermann_msgs-ros2'
[1.489s] INFO:colcon.colcon_core.package_selection:Skipping not selected package 'aruco' in 'src/aruco_ros-humble-devel/aruco'
[1.490s] INFO:colcon.colcon_core.package_selection:Skipping not selected package 'aruco_msgs' in 'src/aruco_ros-humble-devel/aruco_msgs'
[1.490s] INFO:colcon.colcon_core.package_selection:Skipping not selected package 'astra_camera_msgs' in 'src/ros2_astra_camera-master/astra_camera_msgs'
[1.490s] INFO:colcon.colcon_core.package_selection:Skipping not selected package 'auto_recharge_ros2' in 'src/auto_recharge_ros2'
[1.490s] INFO:colcon.colcon_core.package_selection:Skipping not selected package 'bodyreader_msg' in 'src/wheeltec_bodyreader/bodyreader_msg'
[1.490s] INFO:colcon.colcon_core.package_selection:Skipping not selected package 'cloud_msgs' in 'src/wheeltec_robot_slam/LeGO-LOAM-SR-master/cloud_msgs'
[1.490s] INFO:colcon.colcon_core.package_selection:Skipping not selected package 'fdilink_ahrs' in 'src/wheeltec_imu/fdilink_ahrs_ros-ros2'
[1.490s] INFO:colcon.colcon_core.package_selection:Skipping not selected package 'hipnuc_imu' in 'src/wheeltec_imu/hipnuc_imu_ros-ros2'
[1.490s] INFO:colcon.colcon_core.package_selection:Skipping not selected package 'interfaces' in 'src/interfaces'
[1.490s] INFO:colcon.colcon_core.package_selection:Skipping not selected package 'largemodel' in 'src/largemodel'
[1.490s] INFO:colcon.colcon_core.package_selection:Skipping not selected package 'ldlidar' in 'src/wheeltec_lidar_ros2/ldlidar_ros2/ldlidar'
[1.490s] INFO:colcon.colcon_core.package_selection:Skipping not selected package 'lio_sam' in 'src/wheeltec_robot_slam/LIO-SAM-ROS2'
[1.490s] INFO:colcon.colcon_core.package_selection:Skipping not selected package 'lslidar_msgs' in 'src/wheeltec_lidar_ros2/lslidar_ros2/lslidar_msgs'
[1.490s] INFO:colcon.colcon_core.package_selection:Skipping not selected package 'nav2_common' in 'src/navigation2-humble/nav2_common'
[1.490s] INFO:colcon.colcon_core.package_selection:Skipping not selected package 'nav2_waypoint_cycle' in 'src/nav2_waypoint_cycle'
[1.490s] INFO:colcon.colcon_core.package_selection:Skipping not selected package 'nav_2d_msgs' in 'src/navigation2-humble/nav2_dwb_controller/nav_2d_msgs'
[1.490s] INFO:colcon.colcon_core.package_selection:Skipping not selected package 'nmea_msgs' in 'src/wheeltec_gps/nmea_msgs'
[1.490s] INFO:colcon.colcon_core.package_selection:Skipping not selected package 'ollama_ros_msgs' in 'src/ollama_ros_chat-ros2/ollama_ros_msgs'
[1.490s] INFO:colcon.colcon_core.package_selection:Skipping not selected package 'openslam_gmapping' in 'src/wheeltec_robot_slam/openslam_gmapping'
[1.491s] INFO:colcon.colcon_core.package_selection:Skipping not selected package 'orb_slam2_ros' in 'src/wheeltec_robot_slam/orb_slam_2_ros/orb_slam_2_ros'
[1.491s] INFO:colcon.colcon_core.package_selection:Skipping not selected package 'pointcloud_to_laserscan' in 'src/wheeltec_lidar_ros2/pointcloud_to_laserscan-humble'
[1.491s] INFO:colcon.colcon_core.package_selection:Skipping not selected package 'qt_ros_test' in 'src/qt_ros_test'
[1.491s] INFO:colcon.colcon_core.package_selection:Skipping not selected package 'rplidar_ros' in 'src/wheeltec_lidar_ros2/rplidar_ros'
[1.491s] INFO:colcon.colcon_core.package_selection:Skipping not selected package 'serial' in 'src/depend/serial_ros2'
[1.491s] INFO:colcon.colcon_core.package_selection:Skipping not selected package 'tf2_tools' in 'src/depend/tf2_tools'
[1.491s] INFO:colcon.colcon_core.package_selection:Skipping not selected package 'tts' in 'src/tts_make_ros2'
[1.491s] INFO:colcon.colcon_core.package_selection:Skipping not selected package 'ublox_serialization' in 'src/wheeltec_gps/ublox-ros2/ublox_serialization'
[1.491s] INFO:colcon.colcon_core.package_selection:Skipping not selected package 'ultralytics_ros2' in 'src/ultralytics_ros2'
[1.491s] INFO:colcon.colcon_core.package_selection:Skipping not selected package 'usb_cam' in 'src/usb_cam-ros2'
[1.491s] INFO:colcon.colcon_core.package_selection:Skipping not selected package 'web_video_server' in 'src/web_video_server-ros2/web_video_server-ros2'
[1.491s] INFO:colcon.colcon_core.package_selection:Skipping not selected package 'wheeltec_cartographer' in 'src/wheeltec_robot_slam/wheeltec_cartographer'
[1.491s] INFO:colcon.colcon_core.package_selection:Skipping not selected package 'wheeltec_dual_rtk_driver' in 'src/wheeltec_gps/wheeltec_dual_rtk_driver'
[1.491s] INFO:colcon.colcon_core.package_selection:Skipping not selected package 'wheeltec_gps_driver' in 'src/wheeltec_gps/wheeltec_gps_driver'
[1.491s] INFO:colcon.colcon_core.package_selection:Skipping not selected package 'wheeltec_joy' in 'src/wheeltec_joy'
[1.491s] INFO:colcon.colcon_core.package_selection:Skipping not selected package 'wheeltec_mic_aiui' in 'src/wheeltec_mic_aiui'
[1.491s] INFO:colcon.colcon_core.package_selection:Skipping not selected package 'wheeltec_mic_msg' in 'src/wheeltec_mic/wheeltec_mic_msg'
[1.491s] INFO:colcon.colcon_core.package_selection:Skipping not selected package 'wheeltec_robot_kcf' in 'src/wheeltec_robot_kcf'
[1.491s] INFO:colcon.colcon_core.package_selection:Skipping not selected package 'wheeltec_robot_keyboard' in 'src/wheeltec_robot_keyboard'
[1.491s] INFO:colcon.colcon_core.package_selection:Skipping not selected package 'wheeltec_robot_msg' in 'src/wheeltec_robot_msg'
[1.491s] INFO:colcon.colcon_core.package_selection:Skipping not selected package 'wheeltec_robot_rrt' in 'src/wheeltec_robot_rrt2'
[1.491s] INFO:colcon.colcon_core.package_selection:Skipping not selected package 'wheeltec_robot_rtab' in 'src/wheeltec_robot_rtab'
[1.492s] INFO:colcon.colcon_core.package_selection:Skipping not selected package 'wheeltec_robot_urdf' in 'src/wheeltec_robot_urdf/wheeltec_robot_urdf'
[1.492s] INFO:colcon.colcon_core.package_selection:Skipping not selected package 'wheeltec_rrt_msg' in 'src/wheeltec_rrt_msg'
[1.492s] INFO:colcon.colcon_core.package_selection:Skipping not selected package 'wheeltec_rviz2' in 'src/wheeltec_rviz2'
[1.492s] INFO:colcon.colcon_core.package_selection:Skipping not selected package 'wheeltec_slam_toolbox' in 'src/wheeltec_robot_slam/wheeltec_slam_toolbox'
[1.492s] INFO:colcon.colcon_core.package_selection:Skipping not selected package 'yesense_interface' in 'src/wheeltec_imu/yesense_ros2/yesense_interface'
[1.492s] INFO:colcon.colcon_core.package_selection:Skipping not selected package 'aruco_ros' in 'src/aruco_ros-humble-devel/aruco_ros'
[1.492s] INFO:colcon.colcon_core.package_selection:Skipping not selected package 'astra_camera' in 'src/ros2_astra_camera-master/astra_camera'
[1.492s] INFO:colcon.colcon_core.package_selection:Skipping not selected package 'dwb_msgs' in 'src/navigation2-humble/nav2_dwb_controller/dwb_msgs'
[1.492s] INFO:colcon.colcon_core.package_selection:Skipping not selected package 'lego_loam_sr' in 'src/wheeltec_robot_slam/LeGO-LOAM-SR-master/LeGO-LOAM'
[1.492s] INFO:colcon.colcon_core.package_selection:Skipping not selected package 'lslidar_driver' in 'src/wheeltec_lidar_ros2/lslidar_ros2/lslidar_driver'
[1.492s] INFO:colcon.colcon_core.package_selection:Skipping not selected package 'nav2_msgs' in 'src/navigation2-humble/nav2_msgs'
[1.492s] INFO:colcon.colcon_core.package_selection:Skipping not selected package 'nav2_voxel_grid' in 'src/navigation2-humble/nav2_voxel_grid'
[1.492s] INFO:colcon.colcon_core.package_selection:Skipping not selected package 'nmea_navsat_driver' in 'src/wheeltec_gps/nmea_navsat_driver'
[1.492s] INFO:colcon.colcon_core.package_selection:Skipping not selected package 'ollama_ros_chat' in 'src/ollama_ros_chat-ros2/ollama_ros_chat'
[1.492s] INFO:colcon.colcon_core.package_selection:Skipping not selected package 'slam_gmapping' in 'src/wheeltec_robot_slam/slam_gmapping'
[1.492s] INFO:colcon.colcon_core.package_selection:Skipping not selected package 'ublox_msgs' in 'src/wheeltec_gps/ublox-ros2/ublox_msgs'
[1.492s] INFO:colcon.colcon_core.package_selection:Skipping not selected package 'wheeltec_radar' in 'src/wheeltec_radar'
[1.492s] INFO:colcon.colcon_core.package_selection:Skipping not selected package 'yesense_std_ros2' in 'src/wheeltec_imu/yesense_ros2/yesense_std_ros2'
[1.492s] INFO:colcon.colcon_core.package_selection:Skipping not selected package 'bodyreader' in 'src/wheeltec_bodyreader/bodyreader'
[1.492s] INFO:colcon.colcon_core.package_selection:Skipping not selected package 'nav2_simple_commander' in 'src/navigation2-humble/nav2_simple_commander'
[1.492s] INFO:colcon.colcon_core.package_selection:Skipping not selected package 'nav2_util' in 'src/navigation2-humble/nav2_util'
[1.492s] INFO:colcon.colcon_core.package_selection:Skipping not selected package 'turn_on_wheeltec_robot' in 'src/turn_on_wheeltec_robot'
[1.493s] INFO:colcon.colcon_core.package_selection:Skipping not selected package 'ublox_gps' in 'src/wheeltec_gps/ublox-ros2/ublox_gps'
[1.493s] INFO:colcon.colcon_core.package_selection:Skipping not selected package 'wheeltec_mic_ros2' in 'src/wheeltec_mic/wheeltec_mic_ros2'
[1.493s] INFO:colcon.colcon_core.package_selection:Skipping not selected package 'wheeltec_path_follow' in 'src/wheeltec_path_follow'
[1.493s] INFO:colcon.colcon_core.package_selection:Skipping not selected package 'nav2_amcl' in 'src/navigation2-humble/nav2_amcl'
[1.493s] INFO:colcon.colcon_core.package_selection:Skipping not selected package 'nav2_behavior_tree' in 'src/navigation2-humble/nav2_behavior_tree'
[1.493s] INFO:colcon.colcon_core.package_selection:Skipping not selected package 'nav2_lifecycle_manager' in 'src/navigation2-humble/nav2_lifecycle_manager'
[1.493s] INFO:colcon.colcon_core.package_selection:Skipping not selected package 'nav2_map_server' in 'src/navigation2-humble/nav2_map_server'
[1.493s] INFO:colcon.colcon_core.package_selection:Skipping not selected package 'nav2_velocity_smoother' in 'src/navigation2-humble/nav2_velocity_smoother'
[1.493s] INFO:colcon.colcon_core.package_selection:Skipping not selected package 'nav_2d_utils' in 'src/navigation2-humble/nav2_dwb_controller/nav_2d_utils'
[1.493s] INFO:colcon.colcon_core.package_selection:Skipping not selected package 'simple_follower_ros2' in 'src/simple_follower_ros2'
[1.493s] INFO:colcon.colcon_core.package_selection:Skipping not selected package 'ublox' in 'src/wheeltec_gps/ublox-ros2/ublox'
[1.493s] INFO:colcon.colcon_core.package_selection:Skipping not selected package 'nav2_costmap_2d' in 'src/navigation2-humble/nav2_costmap_2d'
[1.493s] INFO:colcon.colcon_core.package_selection:Skipping not selected package 'nav2_rviz_plugins' in 'src/navigation2-humble/nav2_rviz_plugins'
[1.493s] INFO:colcon.colcon_core.package_selection:Skipping not selected package 'costmap_queue' in 'src/navigation2-humble/nav2_dwb_controller/costmap_queue'
[1.493s] INFO:colcon.colcon_core.package_selection:Skipping not selected package 'nav2_collision_monitor' in 'src/navigation2-humble/nav2_collision_monitor'
[1.493s] INFO:colcon.colcon_core.package_selection:Skipping not selected package 'nav2_core' in 'src/navigation2-humble/nav2_core'
[1.493s] INFO:colcon.colcon_core.package_selection:Skipping not selected package 'dwb_core' in 'src/navigation2-humble/nav2_dwb_controller/dwb_core'
[1.493s] INFO:colcon.colcon_core.package_selection:Skipping not selected package 'nav2_behaviors' in 'src/navigation2-humble/nav2_behaviors'
[1.493s] INFO:colcon.colcon_core.package_selection:Skipping not selected package 'nav2_bt_navigator' in 'src/navigation2-humble/nav2_bt_navigator'
[1.493s] INFO:colcon.colcon_core.package_selection:Skipping not selected package 'nav2_constrained_smoother' in 'src/navigation2-humble/nav2_constrained_smoother'
[1.493s] INFO:colcon.colcon_core.package_selection:Skipping not selected package 'nav2_controller' in 'src/navigation2-humble/nav2_controller'
[1.493s] INFO:colcon.colcon_core.package_selection:Skipping not selected package 'nav2_mppi_controller' in 'src/navigation2-humble/nav2_mppi_controller'
[1.494s] INFO:colcon.colcon_core.package_selection:Skipping not selected package 'nav2_navfn_planner' in 'src/navigation2-humble/nav2_navfn_planner'
[1.494s] INFO:colcon.colcon_core.package_selection:Skipping not selected package 'nav2_planner' in 'src/navigation2-humble/nav2_planner'
[1.494s] INFO:colcon.colcon_core.package_selection:Skipping not selected package 'nav2_regulated_pure_pursuit_controller' in 'src/navigation2-humble/nav2_regulated_pure_pursuit_controller'
[1.494s] INFO:colcon.colcon_core.package_selection:Skipping not selected package 'nav2_smac_planner' in 'src/navigation2-humble/nav2_smac_planner'
[1.494s] INFO:colcon.colcon_core.package_selection:Skipping not selected package 'nav2_smoother' in 'src/navigation2-humble/nav2_smoother'
[1.494s] INFO:colcon.colcon_core.package_selection:Skipping not selected package 'nav2_theta_star_planner' in 'src/navigation2-humble/nav2_theta_star_planner'
[1.494s] INFO:colcon.colcon_core.package_selection:Skipping not selected package 'nav2_waypoint_follower' in 'src/navigation2-humble/nav2_waypoint_follower'
[1.494s] INFO:colcon.colcon_core.package_selection:Skipping not selected package 'dwb_critics' in 'src/navigation2-humble/nav2_dwb_controller/dwb_critics'
[1.494s] INFO:colcon.colcon_core.package_selection:Skipping not selected package 'dwb_plugins' in 'src/navigation2-humble/nav2_dwb_controller/dwb_plugins'
[1.494s] INFO:colcon.colcon_core.package_selection:Skipping not selected package 'nav2_rotation_shim_controller' in 'src/navigation2-humble/nav2_rotation_shim_controller'
[1.494s] INFO:colcon.colcon_core.package_selection:Skipping not selected package 'nav2_dwb_controller' in 'src/navigation2-humble/nav2_dwb_controller/nav2_dwb_controller'
[1.494s] INFO:colcon.colcon_core.package_selection:Skipping not selected package 'navigation2' in 'src/navigation2-humble/navigation2'
[1.494s] INFO:colcon.colcon_core.package_selection:Skipping not selected package 'nav2_bringup' in 'src/navigation2-humble/nav2_bringup'
[1.494s] INFO:colcon.colcon_core.package_selection:Skipping not selected package 'wheeltec_nav2' in 'src/wheeltec_robot_nav2'
[1.495s] Level 1:colcon.colcon_core.package_discovery:discover_packages(prefix_path) check parameters
[1.495s] Level 1:colcon.colcon_core.package_discovery:discover_packages(prefix_path) discover
[1.562s] DEBUG:colcon.colcon_installed_package_information.package_discovery:Found 377 installed packages in /home/wheeltec/autoware/install
[1.573s] DEBUG:colcon.colcon_installed_package_information.package_discovery:Found 101 installed packages in /home/wheeltec/wheeltec_ros2/install
[1.575s] DEBUG:colcon.colcon_installed_package_information.package_discovery:Found 1 installed packages in /home/wheeltec/wheeltec_stepper_arm/install
[1.578s] DEBUG:colcon.colcon_installed_package_information.package_discovery:Found 385 installed packages in /opt/ros/humble
[1.584s] Level 1:colcon.colcon_core.package_discovery:discover_packages(prefix_path) using defaults
[1.786s] Level 5:colcon.colcon_core.verb:set package 'wheeltec_multi' build argument 'cmake_args' from command line to 'None'
[1.786s] Level 5:colcon.colcon_core.verb:set package 'wheeltec_multi' build argument 'cmake_target' from command line to 'None'
[1.786s] Level 5:colcon.colcon_core.verb:set package 'wheeltec_multi' build argument 'cmake_target_skip_unavailable' from command line to 'False'
[1.786s] Level 5:colcon.colcon_core.verb:set package 'wheeltec_multi' build argument 'cmake_clean_cache' from command line to 'False'
[1.786s] Level 5:colcon.colcon_core.verb:set package 'wheeltec_multi' build argument 'cmake_clean_first' from command line to 'False'
[1.786s] Level 5:colcon.colcon_core.verb:set package 'wheeltec_multi' build argument 'cmake_force_configure' from command line to 'False'
[1.786s] Level 5:colcon.colcon_core.verb:set package 'wheeltec_multi' build argument 'ament_cmake_args' from command line to 'None'
[1.786s] Level 5:colcon.colcon_core.verb:set package 'wheeltec_multi' build argument 'catkin_cmake_args' from command line to 'None'
[1.786s] Level 5:colcon.colcon_core.verb:set package 'wheeltec_multi' build argument 'catkin_skip_building_tests' from command line to 'False'
[1.786s] DEBUG:colcon.colcon_core.verb:Building package 'wheeltec_multi' with the following arguments: {'ament_cmake_args': None, 'build_base': '/home/wheeltec/wheeltec_ros2/build/wheeltec_multi', 'catkin_cmake_args': None, 'catkin_skip_building_tests': False, 'cmake_args': None, 'cmake_clean_cache': False, 'cmake_clean_first': False, 'cmake_force_configure': False, 'cmake_target': None, 'cmake_target_skip_unavailable': False, 'install_base': '/home/wheeltec/wheeltec_ros2/install/wheeltec_multi', 'merge_install': False, 'path': '/home/wheeltec/wheeltec_ros2/src/wheeltec_multi', 'symlink_install': False, 'test_result_base': None}
[1.787s] INFO:colcon.colcon_core.executor:Executing jobs using 'parallel' executor
[1.790s] DEBUG:colcon.colcon_parallel_executor.executor.parallel:run_until_complete
[1.791s] INFO:colcon.colcon_ros.task.ament_cmake.build:Building ROS package in '/home/wheeltec/wheeltec_ros2/src/wheeltec_multi' with build type 'ament_cmake'
[1.791s] INFO:colcon.colcon_cmake.task.cmake.build:Building CMake package in '/home/wheeltec/wheeltec_ros2/src/wheeltec_multi'
[1.807s] INFO:colcon.colcon_core.plugin_system:Skipping extension 'colcon_core.shell.bat': Not used on non-Windows systems
[1.807s] INFO:colcon.colcon_core.shell:Skip shell extension 'powershell' for command environment: Not usable outside of PowerShell
[1.808s] DEBUG:colcon.colcon_core.shell:Skip shell extension 'dsv' for command environment
[2.045s] DEBUG:colcon.colcon_core.event_handler.log_command:Invoking command in '/home/wheeltec/wheeltec_ros2/build/wheeltec_multi': CMAKE_PREFIX_PATH=/home/wheeltec/wheeltec_ros2/install/nav2_msgs:/home/wheeltec/wheeltec_ros2/install/serial:/home/wheeltec/wheeltec_ros2/install/nav2_common:/home/wheeltec/wheeltec_ros2/install/yesense_std_ros2:/home/wheeltec/wheeltec_ros2/install/yesense_interface:/home/wheeltec/wheeltec_ros2/install/wheeltec_slam_toolbox:/home/wheeltec/wheeltec_ros2/install/wheeltec_rviz2:/home/wheeltec/wheeltec_ros2/install/wheeltec_rrt_msg:/home/wheeltec/wheeltec_ros2/install/wheeltec_robot_urdf:/home/wheeltec/wheeltec_ros2/install/wheeltec_robot_rtab:/home/wheeltec/wheeltec_ros2/install/wheeltec_robot_rrt:/home/wheeltec/wheeltec_ros2/install/turn_on_wheeltec_robot:/home/wheeltec/wheeltec_ros2/install/wheeltec_robot_msg:/home/wheeltec/wheeltec_ros2/install/wheeltec_robot_kcf:/home/wheeltec/wheeltec_ros2/install/wheeltec_radar:/home/wheeltec/wheeltec_ros2/install/wheeltec_path_follow:/home/wheeltec/wheeltec_ros2/install/wheeltec_nav2:/home/wheeltec/wheeltec_ros2/install/wheeltec_multi:/home/wheeltec/wheeltec_ros2/install/wheeltec_mic_ros2:/home/wheeltec/wheeltec_ros2/install/wheeltec_mic_msg:/home/wheeltec/wheeltec_ros2/install/wheeltec_mic_aiui:/home/wheeltec/wheeltec_ros2/install/wheeltec_joy:/home/wheeltec/wheeltec_ros2/install/wheeltec_gps_driver:/home/wheeltec/wheeltec_ros2/install/wheeltec_cartographer:/home/wheeltec/wheeltec_ros2/install/web_video_server:/home/wheeltec/wheeltec_ros2/install/usb_cam:/home/wheeltec/wheeltec_ros2/install/ublox:/home/wheeltec/wheeltec_ros2/install/ublox_gps:/home/wheeltec/wheeltec_ros2/install/ublox_msgs:/home/wheeltec/wheeltec_ros2/install/ublox_serialization:/home/wheeltec/wheeltec_ros2/install/tts:/home/wheeltec/wheeltec_ros2/install/slam_gmapping:/home/wheeltec/wheeltec_ros2/install/bodyreader:/home/wheeltec/wheeltec_ros2/install/rplidar_ros:/home/wheeltec/wheeltec_ros2/install/qt_ros_test:/home/wheeltec/wheeltec_ros2/install/pointcloud_to_laserscan:/home/wheeltec/wheeltec_ros2/install/orb_slam2_ros:/home/wheeltec/wheeltec_ros2/install/openslam_gmapping:/home/wheeltec/wheeltec_ros2/install/ollama_ros_msgs:/home/wheeltec/wheeltec_ros2/install/nmea_msgs:/home/wheeltec/wheeltec_ros2/install/nav2_bringup:/home/wheeltec/wheeltec_ros2/install/navigation2:/home/wheeltec/wheeltec_ros2/install/nav2_smoother:/home/wheeltec/wheeltec_ros2/install/nav2_dwb_controller:/home/wheeltec/wheeltec_ros2/install/nav2_controller:/home/wheeltec/wheeltec_ros2/install/dwb_plugins:/home/wheeltec/wheeltec_ros2/install/dwb_critics:/home/wheeltec/wheeltec_ros2/install/dwb_core:/home/wheeltec/wheeltec_ros2/install/nav_2d_utils:/home/wheeltec/wheeltec_ros2/install/dwb_msgs:/home/wheeltec/wheeltec_ros2/install/nav_2d_msgs:/home/wheeltec/wheeltec_ros2/install/nav2_waypoint_follower:/home/wheeltec/wheeltec_ros2/install/nav2_theta_star_planner:/home/wheeltec/wheeltec_ros2/install/nav2_smac_planner:/home/wheeltec/wheeltec_ros2/install/nav2_rotation_shim_controller:/home/wheeltec/wheeltec_ros2/install/nav2_regulated_pure_pursuit_controller:/home/wheeltec/wheeltec_ros2/install/nav2_planner:/home/wheeltec/wheeltec_ros2/install/nav2_navfn_planner:/home/wheeltec/wheeltec_ros2/install/nav2_mppi_controller:/home/wheeltec/wheeltec_ros2/install/nav2_constrained_smoother:/home/wheeltec/wheeltec_ros2/install/nav2_bt_navigator:/home/wheeltec/wheeltec_ros2/install/nav2_behaviors:/home/wheeltec/wheeltec_ros2/install/nav2_core:/home/wheeltec/wheeltec_ros2/install/nav2_collision_monitor:/home/wheeltec/wheeltec_ros2/install/costmap_queue:/home/wheeltec/wheeltec_ros2/install/nav2_costmap_2d:/home/wheeltec/wheeltec_ros2/install/nav2_voxel_grid:/home/wheeltec/wheeltec_ros2/install/nav2_velocity_smoother:/home/wheeltec/wheeltec_ros2/install/nav2_rviz_plugins:/home/wheeltec/wheeltec_ros2/install/nav2_map_server:/home/wheeltec/wheeltec_ros2/install/nav2_lifecycle_manager:/home/wheeltec/wheeltec_ros2/install/nav2_behavior_tree:/home/wheeltec/wheeltec_ros2/install/nav2_amcl:/home/wheeltec/wheeltec_ros2/install/nav2_util:/home/wheeltec/wheeltec_ros2/install/lslidar_driver:/home/wheeltec/wheeltec_ros2/install/lslidar_msgs:/home/wheeltec/wheeltec_ros2/install/lio_sam:/home/wheeltec/wheeltec_ros2/install/lego_loam_sr:/home/wheeltec/wheeltec_ros2/install/ldlidar:/home/wheeltec/wheeltec_ros2/install/interfaces:/home/wheeltec/wheeltec_ros2/install/hipnuc_imu:/home/wheeltec/wheeltec_ros2/install/fdilink_ahrs:/home/wheeltec/wheeltec_ros2/install/cloud_msgs:/home/wheeltec/wheeltec_ros2/install/bodyreader_msg:/home/wheeltec/wheeltec_ros2/install/astra_camera:/home/wheeltec/wheeltec_ros2/install/astra_camera_msgs:/home/wheeltec/wheeltec_ros2/install/aruco_ros:/home/wheeltec/wheeltec_ros2/install/aruco_msgs:/home/wheeltec/wheeltec_ros2/install/aruco:/home/wheeltec/wheeltec_ros2/install/ackermann_msgs:/home/wheeltec/autoware/install/autoware_launch:/home/wheeltec/autoware/install/tier4_localization_launch:/home/wheeltec/autoware/install/yabloc_pose_initializer:/home/wheeltec/autoware/install/pose_estimator_arbiter:/home/wheeltec/autoware/install/yabloc_particle_filter:/home/wheeltec/autoware/install/yabloc_monitor:/home/wheeltec/autoware/install/yabloc_image_processing:/home/wheeltec/autoware/install/yabloc_common:/home/wheeltec/autoware/install/wheeltec_vehicle_launch:/home/wheeltec/autoware/install/wheeltec_vehicle_description:/home/wheeltec/autoware/install/wheeltec_sensor_kit_launch:/home/wheeltec/autoware/install/wheeltec_sensor_kit_description:/home/wheeltec/autoware/install/vls_description:/home/wheeltec/autoware/install/sample_sensor_kit_launch:/home/wheeltec/autoware/install/common_wheeltec_sensor_launch:/home/wheeltec/autoware/install/awsim_sensor_kit_launch:/home/wheeltec/autoware/install/common_sensor_launch:/home/wheeltec/autoware/install/common_awsim_sensor_launch:/home/wheeltec/autoware/install/velodyne_monitor:/home/wheeltec/autoware/install/sample_sensor_kit_description:/home/wheeltec/autoware/install/awsim_sensor_kit_description:/home/wheeltec/autoware/install/velodyne_description:/home/wheeltec/autoware/install/vehicle_velocity_converter:/home/wheeltec/autoware/install/tier4_control_launch:/home/wheeltec/autoware/install/vehicle_cmd_gate:/home/wheeltec/autoware/install/trajectory_follower_node:/home/wheeltec/autoware/install/pure_pursuit:/home/wheeltec/autoware/install/pid_longitudinal_controller:/home/wheeltec/autoware/install/mpc_lateral_controller:/home/wheeltec/autoware/install/trajectory_follower_base:/home/wheeltec/autoware/install/tier4_simulator_launch:/home/wheeltec/autoware/install/tier4_sensing_launch:/home/wheeltec/autoware/install/tier4_planning_rviz_plugin:/home/wheeltec/autoware/install/tier4_planning_launch:/home/wheeltec/autoware/install/tier4_perception_launch:/home/wheeltec/autoware/install/tier4_localization_rviz_plugin:/home/wheeltec/autoware/install/tier4_autoware_api_launch:/home/wheeltec/autoware/install/surround_obstacle_checker:/home/wheeltec/autoware/install/steer_offset_estimator:/home/wheeltec/autoware/install/static_centerline_optimizer:/home/wheeltec/autoware/install/simple_planning_simulator:/home/wheeltec/autoware/install/predicted_path_checker:/home/wheeltec/autoware/install/planning_validator:/home/wheeltec/autoware/install/perception_online_evaluator:/home/wheeltec/autoware/install/behavior_path_start_planner_module:/home/wheeltec/autoware/install/behavior_path_side_shift_module:/home/wheeltec/autoware/install/behavior_path_sampling_planner_module:/home/wheeltec/autoware/install/behavior_path_external_request_lane_change_module:/home/wheeltec/autoware/install/behavior_path_avoidance_by_lane_change_module:/home/wheeltec/autoware/install/behavior_path_lane_change_module:/home/wheeltec/autoware/install/behavior_path_goal_planner_module:/home/wheeltec/autoware/install/behavior_path_dynamic_avoidance_module:/home/wheeltec/autoware/install/behavior_path_avoidance_module:/home/wheeltec/autoware/install/behavior_path_planner:/home/wheeltec/autoware/install/path_sampler:/home/wheeltec/autoware/install/pacmod_interface:/home/wheeltec/autoware/install/operation_mode_transition_manager:/home/wheeltec/autoware/install/obstacle_velocity_limiter:/home/wheeltec/autoware/install/obstacle_stop_planner:/home/wheeltec/autoware/install/obstacle_cruise_planner:/home/wheeltec/autoware/install/obstacle_collision_checker:/home/wheeltec/autoware/install/obstacle_avoidance_planner:/home/wheeltec/autoware/install/behavior_velocity_walkway_module:/home/wheeltec/autoware/install/behavior_velocity_virtual_traffic_light_module:/home/wheeltec/autoware/install/behavior_velocity_traffic_light_module:/home/wheeltec/autoware/install/behavior_velocity_template_module:/home/wheeltec/autoware/install/behavior_velocity_stop_line_module:/home/wheeltec/autoware/install/behavior_velocity_speed_bump_module:/home/wheeltec/autoware/install/behavior_velocity_run_out_module:/home/wheeltec/autoware/install/behavior_velocity_planner:/home/wheeltec/autoware/install/behavior_velocity_out_of_lane_module:/home/wheeltec/autoware/install/behavior_velocity_occlusion_spot_module:/home/wheeltec/autoware/install/behavior_velocity_no_stopping_area_module:/home/wheeltec/autoware/install/behavior_velocity_no_drivable_lane_module:/home/wheeltec/autoware/install/behavior_velocity_intersection_module:/home/wheeltec/autoware/install/behavior_velocity_dynamic_obstacle_stop_module:/home/wheeltec/autoware/install/behavior_velocity_detection_area_module:/home/wheeltec/autoware/install/behavior_velocity_crosswalk_module:/home/wheeltec/autoware/install/behavior_velocity_blind_spot_module:/home/wheeltec/autoware/install/behavior_velocity_planner_common:/home/wheeltec/autoware/install/motion_velocity_smoother:/home/wheeltec/autoware/install/mission_planner:/home/wheeltec/autoware/install/behavior_path_planner_common:/home/wheeltec/autoware/install/lane_departure_checker:/home/wheeltec/autoware/install/ground_segmentation:/home/wheeltec/autoware/install/control_performance_analysis:/home/wheeltec/autoware/install/global_parameter_loader:/home/wheeltec/autoware/install/freespace_planner:/home/wheeltec/autoware/install/freespace_planning_algorithms:/home/wheeltec/autoware/install/default_ad_api:/home/wheeltec/autoware/install/control_validator:/home/wheeltec/autoware/install/autonomous_emergency_braking:/home/wheeltec/autoware/install/vehicle_info_util:/home/wheeltec/autoware/install/vehicle_door_simulator:/home/wheeltec/autoware/install/twist2accel:/home/wheeltec/autoware/install/lidar_centerpoint_tvm:/home/wheeltec/autoware/install/lidar_apollo_segmentation_tvm_nodes:/home/wheeltec/autoware/install/lidar_apollo_segmentation_tvm:/home/wheeltec/autoware/install/tvm_utility:/home/wheeltec/autoware/install/ndt_scan_matcher:/home/wheeltec/autoware/install/tree_structured_parzen_estimator:/home/wheeltec/autoware/install/traffic_light_visualization:/home/wheeltec/autoware/install/traffic_light_occlusion_predictor:/home/wheeltec/autoware/install/traffic_light_utils:/home/wheeltec/autoware/install/traffic_light_recognition_marker_publisher:/home/wheeltec/autoware/install/traffic_light_multi_camera_fusion:/home/wheeltec/autoware/install/traffic_light_map_based_detector:/home/wheeltec/autoware/install/traffic_light_fine_detector:/home/wheeltec/autoware/install/traffic_light_classifier:/home/wheeltec/autoware/install/traffic_light_arbiter:/home/wheeltec/autoware/install/tracking_object_merger:/home/wheeltec/autoware/install/tier4_system_launch:/home/wheeltec/autoware/install/component_state_monitor:/home/wheeltec/autoware/install/topic_state_monitor:/home/wheeltec/autoware/install/time_utils:/home/wheeltec/autoware/install/tier4_vehicle_rviz_plugin:/home/wheeltec/autoware/install/tier4_map_launch:/home/wheeltec/autoware/install/tier4_calibration_rviz_plugin:/home/wheeltec/autoware/install/external_cmd_selector:/home/wheeltec/autoware/install/awapi_awiv_adapter:/home/wheeltec/autoware/install/autoware_iv_internal_api_adaptor:/home/wheeltec/autoware/install/autoware_iv_external_api_adaptor:/home/wheeltec/autoware/install/tier4_auto_msgs_converter:/home/wheeltec/autoware/install/scenario_selector:/home/wheeltec/autoware/install/external_cmd_converter:/home/wheeltec/autoware/install/accel_brake_map_calibrator:/home/wheeltec/autoware/install/raw_vehicle_cmd_converter:/home/wheeltec/autoware/install/pose_initializer:/home/wheeltec/autoware/install/path_smoother:/home/wheeltec/autoware/install/planning_test_utils:/home/wheeltec/autoware/install/map_projection_loader:/home/wheeltec/autoware/install/map_loader:/home/wheeltec/autoware/install/gnss_poser:/home/wheeltec/autoware/install/geo_pose_projector:/home/wheeltec/autoware/install/component_interface_specs:/home/wheeltec/autoware/install/tier4_vehicle_msgs:/home/wheeltec/autoware/install/tier4_vehicle_launch:/home/wheeltec/autoware/install/dummy_infrastructure:/home/wheeltec/autoware/install/tier4_v2x_msgs:/home/wheeltec/autoware/install/tier4_traffic_light_rviz_plugin:/home/wheeltec/autoware/install/tier4_target_object_type_rviz_plugin:/home/wheeltec/autoware/install/tier4_system_rviz_plugin:/home/wheeltec/autoware/install/tier4_camera_view_rviz_plugin:/home/wheeltec/autoware/install/tier4_api_msgs:/home/wheeltec/autoware/install/tier4_adapi_rviz_plugin:/home/wheeltec/autoware/install/mrm_handler:/home/wheeltec/autoware/install/mrm_emergency_stop_operator:/home/wheeltec/autoware/install/mrm_comfortable_stop_operator:/home/wheeltec/autoware/install/hazard_status_converter:/home/wheeltec/autoware/install/emergency_handler:/home/wheeltec/autoware/install/diagnostic_graph_aggregator:/home/wheeltec/autoware/install/automatic_pose_initializer:/home/wheeltec/autoware/install/ad_api_adaptors:/home/wheeltec/autoware/install/component_interface_utils:/home/wheeltec/autoware/install/component_interface_tools:/home/wheeltec/autoware/install/tier4_system_msgs:/home/wheeltec/autoware/install/tier4_state_rviz_plugin:/home/wheeltec/autoware/install/fault_injection:/home/wheeltec/autoware/install/diagnostic_converter:/home/wheeltec/autoware/install/tier4_simulation_msgs:/home/wheeltec/autoware/install/tier4_simulated_clock_rviz_plugin:/home/wheeltec/autoware/install/tier4_screen_capture_rviz_plugin:/home/wheeltec/autoware/install/rtc_replayer:/home/wheeltec/autoware/install/rtc_manager_rviz_plugin:/home/wheeltec/autoware/install/rtc_interface:/home/wheeltec/autoware/install/tier4_rtc_msgs:/home/wheeltec/autoware/install/mission_planner_rviz_plugin:/home/wheeltec/autoware/install/external_velocity_limit_selector:/home/wheeltec/autoware/install/costmap_generator:/home/wheeltec/autoware/install/autoware_overlay_rviz_plugin:/home/wheeltec/autoware/install/tier4_planning_msgs:/home/wheeltec/autoware/install/tier4_perception_rviz_plugin:/home/wheeltec/autoware/install/tensorrt_yolox:/home/wheeltec/autoware/install/point_cloud_transformer:/home/wheeltec/autoware/install/detection_by_tracker:/home/wheeltec/autoware/install/shape_estimation:/home/wheeltec/autoware/install/radar_object_tracker:/home/wheeltec/autoware/install/object_merger:/home/wheeltec/autoware/install/multi_object_tracker:/home/wheeltec/autoware/install/lidar_apollo_instance_segmentation:/home/wheeltec/autoware/install/image_projection_based_fusion:/home/wheeltec/autoware/install/euclidean_cluster:/home/wheeltec/autoware/install/dummy_perception_publisher:/home/wheeltec/autoware/install/detected_object_validation:/home/wheeltec/autoware/install/detected_object_feature_remover:/home/wheeltec/autoware/install/crosswalk_traffic_light_estimator:/home/wheeltec/autoware/install/cluster_merger:/home/wheeltec/autoware/install/bytetrack:/home/wheeltec/autoware/install/tier4_perception_msgs:/home/wheeltec/autoware/install/occupancy_grid_map_outlier_filter:/home/wheeltec/autoware/install/compare_map_segmentation:/home/wheeltec/autoware/install/pointcloud_preprocessor:/home/wheeltec/autoware/install/tier4_pcl_extensions:/home/wheeltec/autoware/install/tier4_metrics_rviz_plugin:/home/wheeltec/autoware/install/geography_utils:/home/wheeltec/autoware/install/tier4_map_msgs:/home/wheeltec/autoware/install/tier4_logging_level_configure_rviz_plugin:/home/wheeltec/autoware/install/map_height_fitter:/home/wheeltec/autoware/install/ar_tag_based_localizer:/home/wheeltec/autoware/install/landmark_manager:/home/wheeltec/autoware/install/localization_util:/home/wheeltec/autoware/install/tier4_localization_msgs:/home/wheeltec/autoware/install/tier4_hmi_msgs:/home/wheeltec/autoware/install/tier4_control_rviz_plugin:/home/wheeltec/autoware/install/joy_controller:/home/wheeltec/autoware/install/tier4_api_utils:/home/wheeltec/autoware/install/system_monitor:/home/wheeltec/autoware/install/elevation_map_loader:/home/wheeltec/autoware/install/autoware_external_api_msgs:/home/wheeltec/autoware/install/tier4_external_api_msgs:/home/wheeltec/autoware/install/tier4_debug_rviz_plugin:/home/wheeltec/autoware/install/tier4_automatic_goal_rviz_plugin:/home/wheeltec/autoware/install/system_error_monitor:/home/wheeltec/autoware/install/simple_object_merger:/home/wheeltec/autoware/install/frenet_planner:/home/wheeltec/autoware/install/bezier_sampler:/home/wheeltec/autoware/install/sampler_common:/home/wheeltec/autoware/install/route_handler:/home/wheeltec/autoware/install/radar_tracks_msgs_converter:/home/wheeltec/autoware/install/radar_static_pointcloud_filter:/home/wheeltec/autoware/install/radar_object_clustering:/home/wheeltec/autoware/install/radar_fusion_to_detected_object:/home/wheeltec/autoware/install/radar_crossing_objects_noise_filter:/home/wheeltec/autoware/install/probabilistic_occupancy_grid_map:/home/wheeltec/autoware/install/pose_instability_detector:/home/wheeltec/autoware/install/planning_topic_converter:/home/wheeltec/autoware/install/planning_evaluator:/home/wheeltec/autoware/install/path_distance_calculator:/home/wheeltec/autoware/install/objects_of_interest_marker_interface:/home/wheeltec/autoware/install/object_velocity_splitter:/home/wheeltec/autoware/install/lidar_centerpoint:/home/wheeltec/autoware/install/object_recognition_utils:/home/wheeltec/autoware/install/map_based_prediction:/home/wheeltec/autoware/install/motion_utils:/home/wheeltec/autoware/install/localization_evaluator:/home/wheeltec/autoware/install/localization_error_monitor:/home/wheeltec/autoware/install/kinematic_evaluator:/home/wheeltec/autoware/install/interpolation:/home/wheeltec/autoware/install/imu_corrector:/home/wheeltec/autoware/install/image_diagnostics:/home/wheeltec/autoware/install/gyro_odometer:/home/wheeltec/autoware/install/grid_map_utils:/home/wheeltec/autoware/install/goal_distance_calculator:/home/wheeltec/autoware/install/ekf_localizer:/home/wheeltec/autoware/install/dummy_diag_publisher:/home/wheeltec/autoware/install/tier4_autoware_utils:/home/wheeltec/autoware/install/stop_filter:/home/wheeltec/autoware/install/pose2twist:/home/wheeltec/autoware/install/tier4_debug_msgs:/home/wheeltec/autoware/install/tier4_datetime_rviz_plugin:/home/wheeltec/autoware/install/tier4_control_msgs:/home/wheeltec/autoware/install/tensorrt_classifier:/home/wheeltec/autoware/install/tensorrt_common:/home/wheeltec/autoware/install/tamagawa_imu_driver:/home/wheeltec/autoware/install/signal_processing:/home/wheeltec/autoware/install/shift_decider:/home/wheeltec/autoware/install/sample_vehicle_launch:/home/wheeltec/autoware/install/sample_vehicle_description:/home/wheeltec/autoware/install/rtklib_bridge:/home/wheeltec/autoware/install/eagleye_rt:/home/wheeltec/autoware/install/eagleye_gnss_converter:/home/wheeltec/autoware/install/eagleye_geo_pose_converter:/home/wheeltec/autoware/install/eagleye_navigation:/home/wheeltec/autoware/install/eagleye_geo_pose_fusion:/home/wheeltec/autoware/install/eagleye_fix2kml:/home/wheeltec/autoware/install/eagleye_msgs:/home/wheeltec/autoware/install/rtklib_msgs:/home/wheeltec/autoware/install/nebula_sensor_driver:/home/wheeltec/autoware/install/nebula_tests:/home/wheeltec/autoware/install/nebula_examples:/home/wheeltec/autoware/install/nebula_ros:/home/wheeltec/autoware/install/nebula_hw_interfaces:/home/wheeltec/autoware/install/nebula_decoders:/home/wheeltec/autoware/install/robosense_msgs:/home/wheeltec/autoware/install/radar_tracks_noise_filter:/home/wheeltec/autoware/install/radar_threshold_filter:/home/wheeltec/autoware/install/radar_scan_to_pointcloud2:/home/wheeltec/autoware/install/radar_description:/home/wheeltec/autoware/install/qp_interface:/home/wheeltec/autoware/install/polar_grid:/home/wheeltec/autoware/install/pointcloud_to_laserscan:/home/wheeltec/autoware/install/perception_utils:/home/wheeltec/autoware/install/pandar_msgs:/home/wheeltec/autoware/install/pandar_description:/home/wheeltec/autoware/install/osqp_interface:/home/wheeltec/autoware/install/object_range_splitter:/home/wheeltec/autoware/install/nebula_msgs:/home/wheeltec/autoware/install/nebula_common:/home/wheeltec/autoware/install/ndt_omp:/home/wheeltec/autoware/install/mussp:/home/wheeltec/autoware/install/morai_msgs:/home/wheeltec/autoware/install/map_tf_generator:/home/wheeltec/autoware/install/llh_converter:/home/wheeltec/autoware/install/livox_tag_filter:/home/wheeltec/autoware/install/livox_description:/home/wheeltec/autoware/install/lanelet2_map_preprocessor:/home/wheeltec/autoware/install/lanelet2_extension_python:/home/wheeltec/autoware/install/lanelet2_extension:/home/wheeltec/autoware/install/kalman_filter:/home/wheeltec/autoware/install/individual_params:/home/wheeltec/autoware/install/imu_description:/home/wheeltec/autoware/install/image_transport_decompressor:/home/wheeltec/autoware/install/glog_component:/home/wheeltec/autoware/install/fake_test_node:/home/wheeltec/autoware/install/eagleye_tf:/home/wheeltec/autoware/install/eagleye_coordinate:/home/wheeltec/autoware/install/eagleye_can_velocity_converter:/home/wheeltec/autoware/install/duplicated_node_checker:/home/wheeltec/autoware/install/cuda_utils:/home/wheeltec/autoware/install/continental_srvs:/home/wheeltec/autoware/install/continental_msgs:/home/wheeltec/autoware/install/camera_description:/home/wheeltec/autoware/install/boost_udp_driver:/home/wheeltec/autoware/install/boost_tcp_driver:/home/wheeltec/autoware/install/boost_serial_driver:/home/wheeltec/autoware/install/boost_io_context:/home/wheeltec/autoware/install/bluetooth_monitor:/home/wheeltec/autoware/install/bag_time_manager_rviz_plugin:/home/wheeltec/autoware/install/autoware_vehicle_msgs:/home/wheeltec/autoware/install/autoware_utils:/home/wheeltec/autoware/install/autoware_testing:/home/wheeltec/autoware/install/autoware_system_msgs:/home/wheeltec/autoware/install/autoware_sensing_msgs:/home/wheeltec/autoware/install/autoware_point_types:/home/wheeltec/autoware/install/autoware_auto_msgs_adapter:/home/wheeltec/autoware/install/autoware_planning_msgs:/home/wheeltec/autoware/install/autoware_overlay_msgs:/home/wheeltec/autoware/install/autoware_perception_msgs:/home/wheeltec/autoware/install/autoware_map_msgs:/home/wheeltec/autoware/install/autoware_localization_msgs:/home/wheeltec/autoware/install/autoware_lint_common:/home/wheeltec/autoware/install/autoware_internal_msgs:/home/wheeltec/autoware/install/autoware_control_msgs:/home/wheeltec/autoware/install/autoware_common_msgs:/home/wheeltec/autoware/install/autoware_cmake:/home/wheeltec/autoware/install/autoware_auto_msgs:/home/wheeltec/autoware/install/autoware_auto_geometry:/home/wheeltec/autoware/install/autoware_auto_vehicle_msgs:/home/wheeltec/autoware/install/autoware_auto_tf2:/home/wheeltec/autoware/install/autoware_auto_system_msgs:/home/wheeltec/autoware/install/autoware_auto_planning_msgs:/home/wheeltec/autoware/install/autoware_auto_perception_rviz_plugin:/home/wheeltec/autoware/install/autoware_auto_perception_msgs:/home/wheeltec/autoware/install/autoware_auto_mapping_msgs:/home/wheeltec/autoware/install/autoware_auto_geometry_msgs:/home/wheeltec/autoware/install/autoware_auto_control_msgs:/home/wheeltec/autoware/install/autoware_auto_common:/home/wheeltec/autoware/install/autoware_adapi_version_msgs:/home/wheeltec/autoware/install/autoware_adapi_v1_msgs:/home/wheeltec/autoware/install/autoware_ad_api_specs:/home/wheeltec/autoware/install/ament_cmake_auto:/home/wheeltec/autoware/install/ament_cmake:/home/wheeltec/autoware/install/ament_cmake_version:/home/wheeltec/autoware/install/ament_cmake_vendor_package:/home/wheeltec/autoware/install/ament_cmake_pytest:/home/wheeltec/autoware/install/ament_cmake_nose:/home/wheeltec/autoware/install/ament_cmake_gmock:/home/wheeltec/autoware/install/ament_cmake_gtest:/home/wheeltec/autoware/install/ament_cmake_google_benchmark:/home/wheeltec/autoware/install/ament_cmake_test:/home/wheeltec/autoware/install/ament_cmake_target_dependencies:/home/wheeltec/autoware/install/ament_cmake_python:/home/wheeltec/autoware/install/ament_cmake_export_dependencies:/home/wheeltec/autoware/install/ament_cmake_libraries:/home/wheeltec/autoware/install/ament_cmake_include_directories:/home/wheeltec/autoware/install/ament_cmake_gen_version_h:/home/wheeltec/autoware/install/ament_cmake_export_targets:/home/wheeltec/autoware/install/ament_cmake_export_link_flags:/home/wheeltec/autoware/install/ament_cmake_export_interfaces:/home/wheeltec/autoware/install/ament_cmake_export_libraries:/home/wheeltec/autoware/install/ament_cmake_export_include_directories:/home/wheeltec/autoware/install/ament_cmake_export_definitions:/home/wheeltec/autoware/install/ament_cmake_core:/home/wheeltec/wheeltec_stepper_arm/install/stepper_arm:/home/wheeltec/wheeltec_ros2/install/simple_follower_ros2:/home/wheeltec/wheeltec_ros2/install/wheeltec_robot_keyboard:/home/wheeltec/wheeltec_ros2/install/wheeltec_dual_rtk_driver:/home/wheeltec/wheeltec_ros2/install/ultralytics_ros2:/home/wheeltec/wheeltec_ros2/install/tf2_tools:/home/wheeltec/wheeltec_ros2/install/ollama_ros_chat:/home/wheeltec/wheeltec_ros2/install/nmea_navsat_driver:/home/wheeltec/wheeltec_ros2/install/nav2_waypoint_cycle:/home/wheeltec/wheeltec_ros2/install/nav2_simple_commander:/home/wheeltec/wheeltec_ros2/install/largemodel:/home/wheeltec/wheeltec_ros2/install/auto_recharge_ros2:/home/wheeltec/autoware/install/autoware_wheeltec_interface:/home/wheeltec/autoware/install/autoware_multi_point:/home/wheeltec/autoware/install/ad_api_visualizers:/opt/ros/humble LD_LIBRARY_PATH=/home/wheeltec/wheeltec_ros2/install/nav2_msgs/lib:/home/wheeltec/wheeltec_ros2/install/yesense_interface/lib:/home/wheeltec/wheeltec_ros2/install/wheeltec_rrt_msg/lib:/home/wheeltec/wheeltec_ros2/install/wheeltec_robot_rrt/lib:/home/wheeltec/wheeltec_ros2/install/turn_on_wheeltec_robot/lib:/home/wheeltec/wheeltec_ros2/install/wheeltec_robot_msg/lib:/home/wheeltec/wheeltec_ros2/install/wheeltec_mic_msg/lib:/home/wheeltec/wheeltec_ros2/install/usb_cam/lib:/home/wheeltec/wheeltec_ros2/install/ublox_gps/lib:/home/wheeltec/wheeltec_ros2/install/ublox_msgs/lib:/home/wheeltec/wheeltec_ros2/install/serial/lib:/home/wheeltec/wheeltec_ros2/install/pointcloud_to_laserscan/lib:/home/wheeltec/wheeltec_ros2/install/orb_slam2_ros/lib:/home/wheeltec/wheeltec_ros2/install/openslam_gmapping/lib:/home/wheeltec/wheeltec_ros2/install/ollama_ros_msgs/lib:/home/wheeltec/wheeltec_ros2/install/nmea_msgs/lib:/home/wheeltec/wheeltec_ros2/install/nav2_smoother/lib:/home/wheeltec/wheeltec_ros2/install/nav2_controller/lib:/home/wheeltec/wheeltec_ros2/install/dwb_plugins/lib:/home/wheeltec/wheeltec_ros2/install/dwb_critics/lib:/home/wheeltec/wheeltec_ros2/install/dwb_core/lib:/home/wheeltec/wheeltec_ros2/install/nav_2d_utils/lib:/home/wheeltec/wheeltec_ros2/install/dwb_msgs/lib:/home/wheeltec/wheeltec_ros2/install/nav_2d_msgs/lib:/home/wheeltec/wheeltec_ros2/install/nav2_waypoint_follower/lib:/home/wheeltec/wheeltec_ros2/install/nav2_theta_star_planner/lib:/home/wheeltec/wheeltec_ros2/install/nav2_smac_planner/lib:/home/wheeltec/wheeltec_ros2/install/nav2_rotation_shim_controller/lib:/home/wheeltec/wheeltec_ros2/install/nav2_regulated_pure_pursuit_controller/lib:/home/wheeltec/wheeltec_ros2/install/nav2_planner/lib:/home/wheeltec/wheeltec_ros2/install/nav2_navfn_planner/lib:/home/wheeltec/wheeltec_ros2/install/nav2_mppi_controller/lib:/home/wheeltec/wheeltec_ros2/install/nav2_constrained_smoother/lib:/home/wheeltec/wheeltec_ros2/install/nav2_bt_navigator/lib:/home/wheeltec/wheeltec_ros2/install/nav2_behaviors/lib:/home/wheeltec/wheeltec_ros2/install/nav2_collision_monitor/lib:/home/wheeltec/wheeltec_ros2/install/costmap_queue/lib:/home/wheeltec/wheeltec_ros2/install/nav2_costmap_2d/lib:/home/wheeltec/wheeltec_ros2/install/nav2_voxel_grid/lib:/home/wheeltec/wheeltec_ros2/install/nav2_velocity_smoother/lib:/home/wheeltec/wheeltec_ros2/install/nav2_rviz_plugins/lib:/home/wheeltec/wheeltec_ros2/install/nav2_map_server/lib:/home/wheeltec/wheeltec_ros2/install/nav2_lifecycle_manager/lib:/home/wheeltec/wheeltec_ros2/install/nav2_behavior_tree/lib:/home/wheeltec/wheeltec_ros2/install/nav2_amcl/lib:/home/wheeltec/wheeltec_ros2/install/nav2_util/lib:/home/wheeltec/wheeltec_ros2/install/lslidar_driver/lib:/home/wheeltec/wheeltec_ros2/install/lslidar_msgs/lib:/home/wheeltec/wheeltec_ros2/install/lio_sam/lib:/home/wheeltec/wheeltec_ros2/install/interfaces/lib:/home/wheeltec/wheeltec_ros2/install/cloud_msgs/lib:/home/wheeltec/wheeltec_ros2/install/bodyreader_msg/lib:/home/wheeltec/wheeltec_ros2/install/astra_camera/lib:/home/wheeltec/wheeltec_ros2/install/astra_camera_msgs/lib:/home/wheeltec/wheeltec_ros2/install/aruco_ros/lib:/home/wheeltec/wheeltec_ros2/install/aruco_msgs/lib:/home/wheeltec/wheeltec_ros2/install/aruco/lib:/home/wheeltec/wheeltec_ros2/install/ackermann_msgs/lib:/home/wheeltec/autoware/install/pose_estimator_arbiter/lib:/home/wheeltec/autoware/install/yabloc_particle_filter/lib:/home/wheeltec/autoware/install/yabloc_common/lib:/home/wheeltec/autoware/install/vehicle_cmd_gate/lib:/home/wheeltec/autoware/install/trajectory_follower_node/lib:/home/wheeltec/autoware/install/pure_pursuit/lib:/home/wheeltec/autoware/install/pid_longitudinal_controller/lib:/home/wheeltec/autoware/install/mpc_lateral_controller/lib:/home/wheeltec/autoware/install/trajectory_follower_base/lib:/home/wheeltec/autoware/install/tier4_planning_rviz_plugin/lib:/home/wheeltec/autoware/install/tier4_localization_rviz_plugin/lib:/home/wheeltec/autoware/install/surround_obstacle_checker/lib:/home/wheeltec/autoware/install/steer_offset_estimator/lib:/home/wheeltec/autoware/install/static_centerline_optimizer/lib:/home/wheeltec/autoware/install/simple_planning_simulator/lib:/home/wheeltec/autoware/install/predicted_path_checker/lib:/home/wheeltec/autoware/install/planning_validator/lib:/home/wheeltec/autoware/install/perception_online_evaluator/lib:/home/wheeltec/autoware/install/behavior_path_start_planner_module/lib:/home/wheeltec/autoware/install/behavior_path_side_shift_module/lib:/home/wheeltec/autoware/install/behavior_path_sampling_planner_module/lib:/home/wheeltec/autoware/install/behavior_path_external_request_lane_change_module/lib:/home/wheeltec/autoware/install/behavior_path_avoidance_by_lane_change_module/lib:/home/wheeltec/autoware/install/behavior_path_lane_change_module/lib:/home/wheeltec/autoware/install/behavior_path_goal_planner_module/lib:/home/wheeltec/autoware/install/behavior_path_dynamic_avoidance_module/lib:/home/wheeltec/autoware/install/behavior_path_avoidance_module/lib:/home/wheeltec/autoware/install/behavior_path_planner/lib:/home/wheeltec/autoware/install/path_sampler/lib:/home/wheeltec/autoware/install/operation_mode_transition_manager/lib:/home/wheeltec/autoware/install/obstacle_velocity_limiter/lib:/home/wheeltec/autoware/install/obstacle_stop_planner/lib:/home/wheeltec/autoware/install/obstacle_cruise_planner/lib:/home/wheeltec/autoware/install/obstacle_collision_checker/lib:/home/wheeltec/autoware/install/obstacle_avoidance_planner/lib:/home/wheeltec/autoware/install/behavior_velocity_walkway_module/lib:/home/wheeltec/autoware/install/behavior_velocity_virtual_traffic_light_module/lib:/home/wheeltec/autoware/install/behavior_velocity_traffic_light_module/lib:/home/wheeltec/autoware/install/behavior_velocity_template_module/lib:/home/wheeltec/autoware/install/behavior_velocity_stop_line_module/lib:/home/wheeltec/autoware/install/behavior_velocity_speed_bump_module/lib:/home/wheeltec/autoware/install/behavior_velocity_run_out_module/lib:/home/wheeltec/autoware/install/behavior_velocity_planner/lib:/home/wheeltec/autoware/install/behavior_velocity_out_of_lane_module/lib:/home/wheeltec/autoware/install/behavior_velocity_occlusion_spot_module/lib:/home/wheeltec/autoware/install/behavior_velocity_no_stopping_area_module/lib:/home/wheeltec/autoware/install/behavior_velocity_no_drivable_lane_module/lib:/home/wheeltec/autoware/install/behavior_velocity_intersection_module/lib:/home/wheeltec/autoware/install/behavior_velocity_dynamic_obstacle_stop_module/lib:/home/wheeltec/autoware/install/behavior_velocity_detection_area_module/lib:/home/wheeltec/autoware/install/behavior_velocity_crosswalk_module/lib:/home/wheeltec/autoware/install/behavior_velocity_blind_spot_module/lib:/home/wheeltec/autoware/install/behavior_velocity_planner_common/lib:/home/wheeltec/autoware/install/motion_velocity_smoother/lib:/home/wheeltec/autoware/install/mission_planner/lib:/home/wheeltec/autoware/install/behavior_path_planner_common/lib:/home/wheeltec/autoware/install/lane_departure_checker/lib:/home/wheeltec/autoware/install/ground_segmentation/lib:/home/wheeltec/autoware/install/control_performance_analysis/lib:/home/wheeltec/autoware/install/freespace_planner/lib:/home/wheeltec/autoware/install/freespace_planning_algorithms/lib:/home/wheeltec/autoware/install/default_ad_api/lib:/home/wheeltec/autoware/install/control_validator/lib:/home/wheeltec/autoware/install/autonomous_emergency_braking/lib:/home/wheeltec/autoware/install/vehicle_info_util/lib:/home/wheeltec/autoware/install/lidar_centerpoint_tvm/lib:/home/wheeltec/autoware/install/lidar_apollo_segmentation_tvm_nodes/lib:/home/wheeltec/autoware/install/lidar_apollo_segmentation_tvm/lib:/home/wheeltec/autoware/install/tvm_utility/lib:/home/wheeltec/autoware/install/tree_structured_parzen_estimator/lib:/home/wheeltec/autoware/install/traffic_light_visualization/lib:/home/wheeltec/autoware/install/traffic_light_occlusion_predictor/lib:/home/wheeltec/autoware/install/traffic_light_utils/lib:/home/wheeltec/autoware/install/traffic_light_recognition_marker_publisher/lib:/home/wheeltec/autoware/install/traffic_light_multi_camera_fusion/lib:/home/wheeltec/autoware/install/traffic_light_map_based_detector/lib:/home/wheeltec/autoware/install/traffic_light_fine_detector/lib:/home/wheeltec/autoware/install/traffic_light_classifier/lib:/home/wheeltec/autoware/install/traffic_light_arbiter/lib:/home/wheeltec/autoware/install/tracking_object_merger/lib:/home/wheeltec/autoware/install/component_state_monitor/lib:/home/wheeltec/autoware/install/topic_state_monitor/lib:/home/wheeltec/autoware/install/time_utils/lib:/home/wheeltec/autoware/install/tier4_vehicle_rviz_plugin/lib:/home/wheeltec/autoware/install/tier4_calibration_rviz_plugin/lib:/home/wheeltec/autoware/install/external_cmd_selector/lib:/home/wheeltec/autoware/install/autoware_iv_internal_api_adaptor/lib:/home/wheeltec/autoware/install/autoware_iv_external_api_adaptor/lib:/home/wheeltec/autoware/install/scenario_selector/lib:/home/wheeltec/autoware/install/external_cmd_converter/lib:/home/wheeltec/autoware/install/raw_vehicle_cmd_converter/lib:/home/wheeltec/autoware/install/path_smoother/lib:/home/wheeltec/autoware/install/planning_test_utils/lib:/home/wheeltec/autoware/install/map_projection_loader/lib:/home/wheeltec/autoware/install/map_loader/lib:/home/wheeltec/autoware/install/gnss_poser/lib:/home/wheeltec/autoware/install/tier4_vehicle_msgs/lib:/home/wheeltec/autoware/install/dummy_infrastructure/lib:/home/wheeltec/autoware/install/tier4_v2x_msgs/lib:/home/wheeltec/autoware/install/tier4_traffic_light_rviz_plugin/lib:/home/wheeltec/autoware/install/tier4_target_object_type_rviz_plugin/lib:/home/wheeltec/autoware/install/tier4_system_rviz_plugin/lib:/home/wheeltec/autoware/install/tier4_camera_view_rviz_plugin/lib:/home/wheeltec/autoware/install/tier4_api_msgs/lib:/home/wheeltec/autoware/install/tier4_adapi_rviz_plugin/lib:/home/wheeltec/autoware/install/mrm_emergency_stop_operator/lib:/home/wheeltec/autoware/install/mrm_comfortable_stop_operator/lib:/home/wheeltec/autoware/install/hazard_status_converter/lib:/home/wheeltec/autoware/install/diagnostic_graph_aggregator/lib:/home/wheeltec/autoware/install/tier4_system_msgs/lib:/home/wheeltec/autoware/install/tier4_state_rviz_plugin/lib:/home/wheeltec/autoware/install/fault_injection/lib:/home/wheeltec/autoware/install/diagnostic_converter/lib:/home/wheeltec/autoware/install/tier4_simulation_msgs/lib:/home/wheeltec/autoware/install/tier4_simulated_clock_rviz_plugin/lib:/home/wheeltec/autoware/install/tier4_screen_capture_rviz_plugin/lib:/home/wheeltec/autoware/install/rtc_replayer/lib:/home/wheeltec/autoware/install/rtc_manager_rviz_plugin/lib:/home/wheeltec/autoware/install/rtc_interface/lib:/home/wheeltec/autoware/install/tier4_rtc_msgs/lib:/home/wheeltec/autoware/install/mission_planner_rviz_plugin/lib:/home/wheeltec/autoware/install/external_velocity_limit_selector/lib:/home/wheeltec/autoware/install/costmap_generator/lib:/home/wheeltec/autoware/install/autoware_overlay_rviz_plugin/lib:/home/wheeltec/autoware/install/tier4_planning_msgs/lib:/home/wheeltec/autoware/install/tier4_perception_rviz_plugin/lib:/home/wheeltec/autoware/install/tensorrt_yolox/lib:/home/wheeltec/autoware/install/point_cloud_transformer/lib:/home/wheeltec/autoware/install/detection_by_tracker/lib:/home/wheeltec/autoware/install/shape_estimation/lib:/home/wheeltec/autoware/install/radar_object_tracker/lib:/home/wheeltec/autoware/install/object_merger/lib:/home/wheeltec/autoware/install/multi_object_tracker/lib:/home/wheeltec/autoware/install/lidar_apollo_instance_segmentation/lib:/home/wheeltec/autoware/install/image_projection_based_fusion/lib:/home/wheeltec/autoware/install/euclidean_cluster/lib:/home/wheeltec/autoware/install/dummy_perception_publisher/lib:/home/wheeltec/autoware/install/detected_object_validation/lib:/home/wheeltec/autoware/install/detected_object_feature_remover/lib:/home/wheeltec/autoware/install/crosswalk_traffic_light_estimator/lib:/home/wheeltec/autoware/install/cluster_merger/lib:/home/wheeltec/autoware/install/bytetrack/lib:/home/wheeltec/autoware/install/tier4_perception_msgs/lib:/home/wheeltec/autoware/install/occupancy_grid_map_outlier_filter/lib:/home/wheeltec/autoware/install/compare_map_segmentation/lib:/home/wheeltec/autoware/install/pointcloud_preprocessor/lib:/home/wheeltec/autoware/install/tier4_pcl_extensions/lib:/home/wheeltec/autoware/install/tier4_metrics_rviz_plugin/lib:/home/wheeltec/autoware/install/geography_utils/lib:/home/wheeltec/autoware/install/tier4_map_msgs/lib:/home/wheeltec/autoware/install/tier4_logging_level_configure_rviz_plugin/lib:/home/wheeltec/autoware/install/map_height_fitter/lib:/home/wheeltec/autoware/install/landmark_manager/lib:/home/wheeltec/autoware/install/localization_util/lib:/home/wheeltec/autoware/install/tier4_localization_msgs/lib:/home/wheeltec/autoware/install/tier4_hmi_msgs/lib:/home/wheeltec/autoware/install/tier4_control_rviz_plugin/lib:/home/wheeltec/autoware/install/joy_controller/lib:/home/wheeltec/autoware/install/system_monitor/lib:/home/wheeltec/autoware/install/elevation_map_loader/lib:/home/wheeltec/autoware/install/autoware_external_api_msgs/lib:/home/wheeltec/autoware/install/tier4_external_api_msgs/lib:/home/wheeltec/autoware/install/tier4_debug_rviz_plugin/lib:/home/wheeltec/autoware/install/tier4_automatic_goal_rviz_plugin/lib:/home/wheeltec/autoware/install/simple_object_merger/lib:/home/wheeltec/autoware/install/frenet_planner/lib:/home/wheeltec/autoware/install/bezier_sampler/lib:/home/wheeltec/autoware/install/sampler_common/lib:/home/wheeltec/autoware/install/route_handler/lib:/home/wheeltec/autoware/install/radar_tracks_msgs_converter/lib:/home/wheeltec/autoware/install/radar_static_pointcloud_filter/lib:/home/wheeltec/autoware/install/radar_object_clustering/lib:/home/wheeltec/autoware/install/radar_fusion_to_detected_object/lib:/home/wheeltec/autoware/install/radar_crossing_objects_noise_filter/lib:/home/wheeltec/autoware/install/probabilistic_occupancy_grid_map/lib:/home/wheeltec/autoware/install/planning_topic_converter/lib:/home/wheeltec/autoware/install/planning_evaluator/lib:/home/wheeltec/autoware/install/path_distance_calculator/lib:/home/wheeltec/autoware/install/objects_of_interest_marker_interface/lib:/home/wheeltec/autoware/install/object_velocity_splitter/lib:/home/wheeltec/autoware/install/lidar_centerpoint/lib:/home/wheeltec/autoware/install/object_recognition_utils/lib:/home/wheeltec/autoware/install/map_based_prediction/lib:/home/wheeltec/autoware/install/motion_utils/lib:/home/wheeltec/autoware/install/localization_evaluator/lib:/home/wheeltec/autoware/install/localization_error_monitor/lib:/home/wheeltec/autoware/install/kinematic_evaluator/lib:/home/wheeltec/autoware/install/interpolation/lib:/home/wheeltec/autoware/install/imu_corrector/lib:/home/wheeltec/autoware/install/image_diagnostics/lib:/home/wheeltec/autoware/install/gyro_odometer/lib:/home/wheeltec/autoware/install/grid_map_utils/lib:/home/wheeltec/autoware/install/goal_distance_calculator/lib:/home/wheeltec/autoware/install/ekf_localizer/lib:/home/wheeltec/autoware/install/tier4_autoware_utils/lib:/home/wheeltec/autoware/install/tier4_debug_msgs/lib:/home/wheeltec/autoware/install/tier4_datetime_rviz_plugin/lib:/home/wheeltec/autoware/install/tier4_control_msgs/lib:/home/wheeltec/autoware/install/tensorrt_classifier/lib:/home/wheeltec/autoware/install/tensorrt_common/lib:/home/wheeltec/autoware/install/signal_processing/lib:/home/wheeltec/autoware/install/shift_decider/lib:/home/wheeltec/autoware/install/eagleye_navigation/lib:/home/wheeltec/autoware/install/eagleye_msgs/lib:/home/wheeltec/autoware/install/rtklib_msgs/lib:/home/wheeltec/autoware/install/nebula_examples/lib:/home/wheeltec/autoware/install/nebula_ros/lib:/home/wheeltec/autoware/install/nebula_hw_interfaces/lib:/home/wheeltec/autoware/install/nebula_decoders/lib:/home/wheeltec/autoware/install/robosense_msgs/lib:/home/wheeltec/autoware/install/radar_tracks_noise_filter/lib:/home/wheeltec/autoware/install/radar_threshold_filter/lib:/home/wheeltec/autoware/install/radar_scan_to_pointcloud2/lib:/home/wheeltec/autoware/install/qp_interface/lib:/home/wheeltec/autoware/install/polar_grid/lib:/home/wheeltec/autoware/install/pointcloud_to_laserscan/lib:/home/wheeltec/autoware/install/pandar_msgs/lib:/home/wheeltec/autoware/install/osqp_interface/lib:/home/wheeltec/autoware/install/object_range_splitter/lib:/home/wheeltec/autoware/install/nebula_msgs/lib:/home/wheeltec/autoware/install/nebula_common/lib:/home/wheeltec/autoware/install/ndt_omp/lib:/home/wheeltec/autoware/install/mussp/lib:/home/wheeltec/autoware/install/morai_msgs/lib:/home/wheeltec/autoware/install/map_tf_generator/lib:/home/wheeltec/autoware/install/llh_converter/lib:/home/wheeltec/autoware/install/livox_tag_filter/lib:/home/wheeltec/autoware/install/lanelet2_extension/lib:/home/wheeltec/autoware/install/kalman_filter/lib:/home/wheeltec/autoware/install/image_transport_decompressor/lib:/home/wheeltec/autoware/install/glog_component/lib:/home/wheeltec/autoware/install/fake_test_node/lib:/home/wheeltec/autoware/install/eagleye_coordinate/lib:/home/wheeltec/autoware/install/duplicated_node_checker/lib:/home/wheeltec/autoware/install/continental_srvs/lib:/home/wheeltec/autoware/install/continental_msgs/lib:/home/wheeltec/autoware/install/boost_udp_driver/lib:/home/wheeltec/autoware/install/boost_tcp_driver/lib:/home/wheeltec/autoware/install/boost_serial_driver/lib:/home/wheeltec/autoware/install/boost_io_context/lib:/home/wheeltec/autoware/install/bluetooth_monitor/lib:/home/wheeltec/autoware/install/bag_time_manager_rviz_plugin/lib:/home/wheeltec/autoware/install/autoware_vehicle_msgs/lib:/home/wheeltec/autoware/install/autoware_utils/lib:/home/wheeltec/autoware/install/autoware_system_msgs/lib:/home/wheeltec/autoware/install/autoware_sensing_msgs/lib:/home/wheeltec/autoware/install/autoware_auto_msgs_adapter/lib:/home/wheeltec/autoware/install/autoware_planning_msgs/lib:/home/wheeltec/autoware/install/autoware_overlay_msgs/lib:/home/wheeltec/autoware/install/autoware_perception_msgs/lib:/home/wheeltec/autoware/install/autoware_map_msgs/lib:/home/wheeltec/autoware/install/autoware_localization_msgs/lib:/home/wheeltec/autoware/install/autoware_internal_msgs/lib:/home/wheeltec/autoware/install/autoware_control_msgs/lib:/home/wheeltec/autoware/install/autoware_common_msgs/lib:/home/wheeltec/autoware/install/autoware_auto_geometry/lib:/home/wheeltec/autoware/install/autoware_auto_vehicle_msgs/lib:/home/wheeltec/autoware/install/autoware_auto_system_msgs/lib:/home/wheeltec/autoware/install/autoware_auto_planning_msgs/lib:/home/wheeltec/autoware/install/autoware_auto_perception_rviz_plugin/lib:/home/wheeltec/autoware/install/autoware_auto_perception_msgs/lib:/home/wheeltec/autoware/install/autoware_auto_mapping_msgs/lib:/home/wheeltec/autoware/install/autoware_auto_geometry_msgs/lib:/home/wheeltec/autoware/install/autoware_auto_control_msgs/lib:/home/wheeltec/autoware/install/autoware_adapi_version_msgs/lib:/home/wheeltec/autoware/install/autoware_adapi_v1_msgs/lib:/home/wheeltec/wheeltec_stepper_arm/install/stepper_arm/lib:/opt/ros/humble/opt/rviz_ogre_vendor/lib:/opt/ros/humble/lib/aarch64-linux-gnu:/opt/ros/humble/lib:/usr/lib/aarch64-linux-gnu /usr/bin/cmake --build /home/wheeltec/wheeltec_ros2/build/wheeltec_multi -- -j6 -l6
[41.648s] DEBUG:colcon.colcon_core.event_handler.log_command:Invoked command in '/home/wheeltec/wheeltec_ros2/build/wheeltec_multi' returned '0': CMAKE_PREFIX_PATH=/home/wheeltec/wheeltec_ros2/install/nav2_msgs:/home/wheeltec/wheeltec_ros2/install/serial:/home/wheeltec/wheeltec_ros2/install/nav2_common:/home/wheeltec/wheeltec_ros2/install/yesense_std_ros2:/home/wheeltec/wheeltec_ros2/install/yesense_interface:/home/wheeltec/wheeltec_ros2/install/wheeltec_slam_toolbox:/home/wheeltec/wheeltec_ros2/install/wheeltec_rviz2:/home/wheeltec/wheeltec_ros2/install/wheeltec_rrt_msg:/home/wheeltec/wheeltec_ros2/install/wheeltec_robot_urdf:/home/wheeltec/wheeltec_ros2/install/wheeltec_robot_rtab:/home/wheeltec/wheeltec_ros2/install/wheeltec_robot_rrt:/home/wheeltec/wheeltec_ros2/install/turn_on_wheeltec_robot:/home/wheeltec/wheeltec_ros2/install/wheeltec_robot_msg:/home/wheeltec/wheeltec_ros2/install/wheeltec_robot_kcf:/home/wheeltec/wheeltec_ros2/install/wheeltec_radar:/home/wheeltec/wheeltec_ros2/install/wheeltec_path_follow:/home/wheeltec/wheeltec_ros2/install/wheeltec_nav2:/home/wheeltec/wheeltec_ros2/install/wheeltec_multi:/home/wheeltec/wheeltec_ros2/install/wheeltec_mic_ros2:/home/wheeltec/wheeltec_ros2/install/wheeltec_mic_msg:/home/wheeltec/wheeltec_ros2/install/wheeltec_mic_aiui:/home/wheeltec/wheeltec_ros2/install/wheeltec_joy:/home/wheeltec/wheeltec_ros2/install/wheeltec_gps_driver:/home/wheeltec/wheeltec_ros2/install/wheeltec_cartographer:/home/wheeltec/wheeltec_ros2/install/web_video_server:/home/wheeltec/wheeltec_ros2/install/usb_cam:/home/wheeltec/wheeltec_ros2/install/ublox:/home/wheeltec/wheeltec_ros2/install/ublox_gps:/home/wheeltec/wheeltec_ros2/install/ublox_msgs:/home/wheeltec/wheeltec_ros2/install/ublox_serialization:/home/wheeltec/wheeltec_ros2/install/tts:/home/wheeltec/wheeltec_ros2/install/slam_gmapping:/home/wheeltec/wheeltec_ros2/install/bodyreader:/home/wheeltec/wheeltec_ros2/install/rplidar_ros:/home/wheeltec/wheeltec_ros2/install/qt_ros_test:/home/wheeltec/wheeltec_ros2/install/pointcloud_to_laserscan:/home/wheeltec/wheeltec_ros2/install/orb_slam2_ros:/home/wheeltec/wheeltec_ros2/install/openslam_gmapping:/home/wheeltec/wheeltec_ros2/install/ollama_ros_msgs:/home/wheeltec/wheeltec_ros2/install/nmea_msgs:/home/wheeltec/wheeltec_ros2/install/nav2_bringup:/home/wheeltec/wheeltec_ros2/install/navigation2:/home/wheeltec/wheeltec_ros2/install/nav2_smoother:/home/wheeltec/wheeltec_ros2/install/nav2_dwb_controller:/home/wheeltec/wheeltec_ros2/install/nav2_controller:/home/wheeltec/wheeltec_ros2/install/dwb_plugins:/home/wheeltec/wheeltec_ros2/install/dwb_critics:/home/wheeltec/wheeltec_ros2/install/dwb_core:/home/wheeltec/wheeltec_ros2/install/nav_2d_utils:/home/wheeltec/wheeltec_ros2/install/dwb_msgs:/home/wheeltec/wheeltec_ros2/install/nav_2d_msgs:/home/wheeltec/wheeltec_ros2/install/nav2_waypoint_follower:/home/wheeltec/wheeltec_ros2/install/nav2_theta_star_planner:/home/wheeltec/wheeltec_ros2/install/nav2_smac_planner:/home/wheeltec/wheeltec_ros2/install/nav2_rotation_shim_controller:/home/wheeltec/wheeltec_ros2/install/nav2_regulated_pure_pursuit_controller:/home/wheeltec/wheeltec_ros2/install/nav2_planner:/home/wheeltec/wheeltec_ros2/install/nav2_navfn_planner:/home/wheeltec/wheeltec_ros2/install/nav2_mppi_controller:/home/wheeltec/wheeltec_ros2/install/nav2_constrained_smoother:/home/wheeltec/wheeltec_ros2/install/nav2_bt_navigator:/home/wheeltec/wheeltec_ros2/install/nav2_behaviors:/home/wheeltec/wheeltec_ros2/install/nav2_core:/home/wheeltec/wheeltec_ros2/install/nav2_collision_monitor:/home/wheeltec/wheeltec_ros2/install/costmap_queue:/home/wheeltec/wheeltec_ros2/install/nav2_costmap_2d:/home/wheeltec/wheeltec_ros2/install/nav2_voxel_grid:/home/wheeltec/wheeltec_ros2/install/nav2_velocity_smoother:/home/wheeltec/wheeltec_ros2/install/nav2_rviz_plugins:/home/wheeltec/wheeltec_ros2/install/nav2_map_server:/home/wheeltec/wheeltec_ros2/install/nav2_lifecycle_manager:/home/wheeltec/wheeltec_ros2/install/nav2_behavior_tree:/home/wheeltec/wheeltec_ros2/install/nav2_amcl:/home/wheeltec/wheeltec_ros2/install/nav2_util:/home/wheeltec/wheeltec_ros2/install/lslidar_driver:/home/wheeltec/wheeltec_ros2/install/lslidar_msgs:/home/wheeltec/wheeltec_ros2/install/lio_sam:/home/wheeltec/wheeltec_ros2/install/lego_loam_sr:/home/wheeltec/wheeltec_ros2/install/ldlidar:/home/wheeltec/wheeltec_ros2/install/interfaces:/home/wheeltec/wheeltec_ros2/install/hipnuc_imu:/home/wheeltec/wheeltec_ros2/install/fdilink_ahrs:/home/wheeltec/wheeltec_ros2/install/cloud_msgs:/home/wheeltec/wheeltec_ros2/install/bodyreader_msg:/home/wheeltec/wheeltec_ros2/install/astra_camera:/home/wheeltec/wheeltec_ros2/install/astra_camera_msgs:/home/wheeltec/wheeltec_ros2/install/aruco_ros:/home/wheeltec/wheeltec_ros2/install/aruco_msgs:/home/wheeltec/wheeltec_ros2/install/aruco:/home/wheeltec/wheeltec_ros2/install/ackermann_msgs:/home/wheeltec/autoware/install/autoware_launch:/home/wheeltec/autoware/install/tier4_localization_launch:/home/wheeltec/autoware/install/yabloc_pose_initializer:/home/wheeltec/autoware/install/pose_estimator_arbiter:/home/wheeltec/autoware/install/yabloc_particle_filter:/home/wheeltec/autoware/install/yabloc_monitor:/home/wheeltec/autoware/install/yabloc_image_processing:/home/wheeltec/autoware/install/yabloc_common:/home/wheeltec/autoware/install/wheeltec_vehicle_launch:/home/wheeltec/autoware/install/wheeltec_vehicle_description:/home/wheeltec/autoware/install/wheeltec_sensor_kit_launch:/home/wheeltec/autoware/install/wheeltec_sensor_kit_description:/home/wheeltec/autoware/install/vls_description:/home/wheeltec/autoware/install/sample_sensor_kit_launch:/home/wheeltec/autoware/install/common_wheeltec_sensor_launch:/home/wheeltec/autoware/install/awsim_sensor_kit_launch:/home/wheeltec/autoware/install/common_sensor_launch:/home/wheeltec/autoware/install/common_awsim_sensor_launch:/home/wheeltec/autoware/install/velodyne_monitor:/home/wheeltec/autoware/install/sample_sensor_kit_description:/home/wheeltec/autoware/install/awsim_sensor_kit_description:/home/wheeltec/autoware/install/velodyne_description:/home/wheeltec/autoware/install/vehicle_velocity_converter:/home/wheeltec/autoware/install/tier4_control_launch:/home/wheeltec/autoware/install/vehicle_cmd_gate:/home/wheeltec/autoware/install/trajectory_follower_node:/home/wheeltec/autoware/install/pure_pursuit:/home/wheeltec/autoware/install/pid_longitudinal_controller:/home/wheeltec/autoware/install/mpc_lateral_controller:/home/wheeltec/autoware/install/trajectory_follower_base:/home/wheeltec/autoware/install/tier4_simulator_launch:/home/wheeltec/autoware/install/tier4_sensing_launch:/home/wheeltec/autoware/install/tier4_planning_rviz_plugin:/home/wheeltec/autoware/install/tier4_planning_launch:/home/wheeltec/autoware/install/tier4_perception_launch:/home/wheeltec/autoware/install/tier4_localization_rviz_plugin:/home/wheeltec/autoware/install/tier4_autoware_api_launch:/home/wheeltec/autoware/install/surround_obstacle_checker:/home/wheeltec/autoware/install/steer_offset_estimator:/home/wheeltec/autoware/install/static_centerline_optimizer:/home/wheeltec/autoware/install/simple_planning_simulator:/home/wheeltec/autoware/install/predicted_path_checker:/home/wheeltec/autoware/install/planning_validator:/home/wheeltec/autoware/install/perception_online_evaluator:/home/wheeltec/autoware/install/behavior_path_start_planner_module:/home/wheeltec/autoware/install/behavior_path_side_shift_module:/home/wheeltec/autoware/install/behavior_path_sampling_planner_module:/home/wheeltec/autoware/install/behavior_path_external_request_lane_change_module:/home/wheeltec/autoware/install/behavior_path_avoidance_by_lane_change_module:/home/wheeltec/autoware/install/behavior_path_lane_change_module:/home/wheeltec/autoware/install/behavior_path_goal_planner_module:/home/wheeltec/autoware/install/behavior_path_dynamic_avoidance_module:/home/wheeltec/autoware/install/behavior_path_avoidance_module:/home/wheeltec/autoware/install/behavior_path_planner:/home/wheeltec/autoware/install/path_sampler:/home/wheeltec/autoware/install/pacmod_interface:/home/wheeltec/autoware/install/operation_mode_transition_manager:/home/wheeltec/autoware/install/obstacle_velocity_limiter:/home/wheeltec/autoware/install/obstacle_stop_planner:/home/wheeltec/autoware/install/obstacle_cruise_planner:/home/wheeltec/autoware/install/obstacle_collision_checker:/home/wheeltec/autoware/install/obstacle_avoidance_planner:/home/wheeltec/autoware/install/behavior_velocity_walkway_module:/home/wheeltec/autoware/install/behavior_velocity_virtual_traffic_light_module:/home/wheeltec/autoware/install/behavior_velocity_traffic_light_module:/home/wheeltec/autoware/install/behavior_velocity_template_module:/home/wheeltec/autoware/install/behavior_velocity_stop_line_module:/home/wheeltec/autoware/install/behavior_velocity_speed_bump_module:/home/wheeltec/autoware/install/behavior_velocity_run_out_module:/home/wheeltec/autoware/install/behavior_velocity_planner:/home/wheeltec/autoware/install/behavior_velocity_out_of_lane_module:/home/wheeltec/autoware/install/behavior_velocity_occlusion_spot_module:/home/wheeltec/autoware/install/behavior_velocity_no_stopping_area_module:/home/wheeltec/autoware/install/behavior_velocity_no_drivable_lane_module:/home/wheeltec/autoware/install/behavior_velocity_intersection_module:/home/wheeltec/autoware/install/behavior_velocity_dynamic_obstacle_stop_module:/home/wheeltec/autoware/install/behavior_velocity_detection_area_module:/home/wheeltec/autoware/install/behavior_velocity_crosswalk_module:/home/wheeltec/autoware/install/behavior_velocity_blind_spot_module:/home/wheeltec/autoware/install/behavior_velocity_planner_common:/home/wheeltec/autoware/install/motion_velocity_smoother:/home/wheeltec/autoware/install/mission_planner:/home/wheeltec/autoware/install/behavior_path_planner_common:/home/wheeltec/autoware/install/lane_departure_checker:/home/wheeltec/autoware/install/ground_segmentation:/home/wheeltec/autoware/install/control_performance_analysis:/home/wheeltec/autoware/install/global_parameter_loader:/home/wheeltec/autoware/install/freespace_planner:/home/wheeltec/autoware/install/freespace_planning_algorithms:/home/wheeltec/autoware/install/default_ad_api:/home/wheeltec/autoware/install/control_validator:/home/wheeltec/autoware/install/autonomous_emergency_braking:/home/wheeltec/autoware/install/vehicle_info_util:/home/wheeltec/autoware/install/vehicle_door_simulator:/home/wheeltec/autoware/install/twist2accel:/home/wheeltec/autoware/install/lidar_centerpoint_tvm:/home/wheeltec/autoware/install/lidar_apollo_segmentation_tvm_nodes:/home/wheeltec/autoware/install/lidar_apollo_segmentation_tvm:/home/wheeltec/autoware/install/tvm_utility:/home/wheeltec/autoware/install/ndt_scan_matcher:/home/wheeltec/autoware/install/tree_structured_parzen_estimator:/home/wheeltec/autoware/install/traffic_light_visualization:/home/wheeltec/autoware/install/traffic_light_occlusion_predictor:/home/wheeltec/autoware/install/traffic_light_utils:/home/wheeltec/autoware/install/traffic_light_recognition_marker_publisher:/home/wheeltec/autoware/install/traffic_light_multi_camera_fusion:/home/wheeltec/autoware/install/traffic_light_map_based_detector:/home/wheeltec/autoware/install/traffic_light_fine_detector:/home/wheeltec/autoware/install/traffic_light_classifier:/home/wheeltec/autoware/install/traffic_light_arbiter:/home/wheeltec/autoware/install/tracking_object_merger:/home/wheeltec/autoware/install/tier4_system_launch:/home/wheeltec/autoware/install/component_state_monitor:/home/wheeltec/autoware/install/topic_state_monitor:/home/wheeltec/autoware/install/time_utils:/home/wheeltec/autoware/install/tier4_vehicle_rviz_plugin:/home/wheeltec/autoware/install/tier4_map_launch:/home/wheeltec/autoware/install/tier4_calibration_rviz_plugin:/home/wheeltec/autoware/install/external_cmd_selector:/home/wheeltec/autoware/install/awapi_awiv_adapter:/home/wheeltec/autoware/install/autoware_iv_internal_api_adaptor:/home/wheeltec/autoware/install/autoware_iv_external_api_adaptor:/home/wheeltec/autoware/install/tier4_auto_msgs_converter:/home/wheeltec/autoware/install/scenario_selector:/home/wheeltec/autoware/install/external_cmd_converter:/home/wheeltec/autoware/install/accel_brake_map_calibrator:/home/wheeltec/autoware/install/raw_vehicle_cmd_converter:/home/wheeltec/autoware/install/pose_initializer:/home/wheeltec/autoware/install/path_smoother:/home/wheeltec/autoware/install/planning_test_utils:/home/wheeltec/autoware/install/map_projection_loader:/home/wheeltec/autoware/install/map_loader:/home/wheeltec/autoware/install/gnss_poser:/home/wheeltec/autoware/install/geo_pose_projector:/home/wheeltec/autoware/install/component_interface_specs:/home/wheeltec/autoware/install/tier4_vehicle_msgs:/home/wheeltec/autoware/install/tier4_vehicle_launch:/home/wheeltec/autoware/install/dummy_infrastructure:/home/wheeltec/autoware/install/tier4_v2x_msgs:/home/wheeltec/autoware/install/tier4_traffic_light_rviz_plugin:/home/wheeltec/autoware/install/tier4_target_object_type_rviz_plugin:/home/wheeltec/autoware/install/tier4_system_rviz_plugin:/home/wheeltec/autoware/install/tier4_camera_view_rviz_plugin:/home/wheeltec/autoware/install/tier4_api_msgs:/home/wheeltec/autoware/install/tier4_adapi_rviz_plugin:/home/wheeltec/autoware/install/mrm_handler:/home/wheeltec/autoware/install/mrm_emergency_stop_operator:/home/wheeltec/autoware/install/mrm_comfortable_stop_operator:/home/wheeltec/autoware/install/hazard_status_converter:/home/wheeltec/autoware/install/emergency_handler:/home/wheeltec/autoware/install/diagnostic_graph_aggregator:/home/wheeltec/autoware/install/automatic_pose_initializer:/home/wheeltec/autoware/install/ad_api_adaptors:/home/wheeltec/autoware/install/component_interface_utils:/home/wheeltec/autoware/install/component_interface_tools:/home/wheeltec/autoware/install/tier4_system_msgs:/home/wheeltec/autoware/install/tier4_state_rviz_plugin:/home/wheeltec/autoware/install/fault_injection:/home/wheeltec/autoware/install/diagnostic_converter:/home/wheeltec/autoware/install/tier4_simulation_msgs:/home/wheeltec/autoware/install/tier4_simulated_clock_rviz_plugin:/home/wheeltec/autoware/install/tier4_screen_capture_rviz_plugin:/home/wheeltec/autoware/install/rtc_replayer:/home/wheeltec/autoware/install/rtc_manager_rviz_plugin:/home/wheeltec/autoware/install/rtc_interface:/home/wheeltec/autoware/install/tier4_rtc_msgs:/home/wheeltec/autoware/install/mission_planner_rviz_plugin:/home/wheeltec/autoware/install/external_velocity_limit_selector:/home/wheeltec/autoware/install/costmap_generator:/home/wheeltec/autoware/install/autoware_overlay_rviz_plugin:/home/wheeltec/autoware/install/tier4_planning_msgs:/home/wheeltec/autoware/install/tier4_perception_rviz_plugin:/home/wheeltec/autoware/install/tensorrt_yolox:/home/wheeltec/autoware/install/point_cloud_transformer:/home/wheeltec/autoware/install/detection_by_tracker:/home/wheeltec/autoware/install/shape_estimation:/home/wheeltec/autoware/install/radar_object_tracker:/home/wheeltec/autoware/install/object_merger:/home/wheeltec/autoware/install/multi_object_tracker:/home/wheeltec/autoware/install/lidar_apollo_instance_segmentation:/home/wheeltec/autoware/install/image_projection_based_fusion:/home/wheeltec/autoware/install/euclidean_cluster:/home/wheeltec/autoware/install/dummy_perception_publisher:/home/wheeltec/autoware/install/detected_object_validation:/home/wheeltec/autoware/install/detected_object_feature_remover:/home/wheeltec/autoware/install/crosswalk_traffic_light_estimator:/home/wheeltec/autoware/install/cluster_merger:/home/wheeltec/autoware/install/bytetrack:/home/wheeltec/autoware/install/tier4_perception_msgs:/home/wheeltec/autoware/install/occupancy_grid_map_outlier_filter:/home/wheeltec/autoware/install/compare_map_segmentation:/home/wheeltec/autoware/install/pointcloud_preprocessor:/home/wheeltec/autoware/install/tier4_pcl_extensions:/home/wheeltec/autoware/install/tier4_metrics_rviz_plugin:/home/wheeltec/autoware/install/geography_utils:/home/wheeltec/autoware/install/tier4_map_msgs:/home/wheeltec/autoware/install/tier4_logging_level_configure_rviz_plugin:/home/wheeltec/autoware/install/map_height_fitter:/home/wheeltec/autoware/install/ar_tag_based_localizer:/home/wheeltec/autoware/install/landmark_manager:/home/wheeltec/autoware/install/localization_util:/home/wheeltec/autoware/install/tier4_localization_msgs:/home/wheeltec/autoware/install/tier4_hmi_msgs:/home/wheeltec/autoware/install/tier4_control_rviz_plugin:/home/wheeltec/autoware/install/joy_controller:/home/wheeltec/autoware/install/tier4_api_utils:/home/wheeltec/autoware/install/system_monitor:/home/wheeltec/autoware/install/elevation_map_loader:/home/wheeltec/autoware/install/autoware_external_api_msgs:/home/wheeltec/autoware/install/tier4_external_api_msgs:/home/wheeltec/autoware/install/tier4_debug_rviz_plugin:/home/wheeltec/autoware/install/tier4_automatic_goal_rviz_plugin:/home/wheeltec/autoware/install/system_error_monitor:/home/wheeltec/autoware/install/simple_object_merger:/home/wheeltec/autoware/install/frenet_planner:/home/wheeltec/autoware/install/bezier_sampler:/home/wheeltec/autoware/install/sampler_common:/home/wheeltec/autoware/install/route_handler:/home/wheeltec/autoware/install/radar_tracks_msgs_converter:/home/wheeltec/autoware/install/radar_static_pointcloud_filter:/home/wheeltec/autoware/install/radar_object_clustering:/home/wheeltec/autoware/install/radar_fusion_to_detected_object:/home/wheeltec/autoware/install/radar_crossing_objects_noise_filter:/home/wheeltec/autoware/install/probabilistic_occupancy_grid_map:/home/wheeltec/autoware/install/pose_instability_detector:/home/wheeltec/autoware/install/planning_topic_converter:/home/wheeltec/autoware/install/planning_evaluator:/home/wheeltec/autoware/install/path_distance_calculator:/home/wheeltec/autoware/install/objects_of_interest_marker_interface:/home/wheeltec/autoware/install/object_velocity_splitter:/home/wheeltec/autoware/install/lidar_centerpoint:/home/wheeltec/autoware/install/object_recognition_utils:/home/wheeltec/autoware/install/map_based_prediction:/home/wheeltec/autoware/install/motion_utils:/home/wheeltec/autoware/install/localization_evaluator:/home/wheeltec/autoware/install/localization_error_monitor:/home/wheeltec/autoware/install/kinematic_evaluator:/home/wheeltec/autoware/install/interpolation:/home/wheeltec/autoware/install/imu_corrector:/home/wheeltec/autoware/install/image_diagnostics:/home/wheeltec/autoware/install/gyro_odometer:/home/wheeltec/autoware/install/grid_map_utils:/home/wheeltec/autoware/install/goal_distance_calculator:/home/wheeltec/autoware/install/ekf_localizer:/home/wheeltec/autoware/install/dummy_diag_publisher:/home/wheeltec/autoware/install/tier4_autoware_utils:/home/wheeltec/autoware/install/stop_filter:/home/wheeltec/autoware/install/pose2twist:/home/wheeltec/autoware/install/tier4_debug_msgs:/home/wheeltec/autoware/install/tier4_datetime_rviz_plugin:/home/wheeltec/autoware/install/tier4_control_msgs:/home/wheeltec/autoware/install/tensorrt_classifier:/home/wheeltec/autoware/install/tensorrt_common:/home/wheeltec/autoware/install/tamagawa_imu_driver:/home/wheeltec/autoware/install/signal_processing:/home/wheeltec/autoware/install/shift_decider:/home/wheeltec/autoware/install/sample_vehicle_launch:/home/wheeltec/autoware/install/sample_vehicle_description:/home/wheeltec/autoware/install/rtklib_bridge:/home/wheeltec/autoware/install/eagleye_rt:/home/wheeltec/autoware/install/eagleye_gnss_converter:/home/wheeltec/autoware/install/eagleye_geo_pose_converter:/home/wheeltec/autoware/install/eagleye_navigation:/home/wheeltec/autoware/install/eagleye_geo_pose_fusion:/home/wheeltec/autoware/install/eagleye_fix2kml:/home/wheeltec/autoware/install/eagleye_msgs:/home/wheeltec/autoware/install/rtklib_msgs:/home/wheeltec/autoware/install/nebula_sensor_driver:/home/wheeltec/autoware/install/nebula_tests:/home/wheeltec/autoware/install/nebula_examples:/home/wheeltec/autoware/install/nebula_ros:/home/wheeltec/autoware/install/nebula_hw_interfaces:/home/wheeltec/autoware/install/nebula_decoders:/home/wheeltec/autoware/install/robosense_msgs:/home/wheeltec/autoware/install/radar_tracks_noise_filter:/home/wheeltec/autoware/install/radar_threshold_filter:/home/wheeltec/autoware/install/radar_scan_to_pointcloud2:/home/wheeltec/autoware/install/radar_description:/home/wheeltec/autoware/install/qp_interface:/home/wheeltec/autoware/install/polar_grid:/home/wheeltec/autoware/install/pointcloud_to_laserscan:/home/wheeltec/autoware/install/perception_utils:/home/wheeltec/autoware/install/pandar_msgs:/home/wheeltec/autoware/install/pandar_description:/home/wheeltec/autoware/install/osqp_interface:/home/wheeltec/autoware/install/object_range_splitter:/home/wheeltec/autoware/install/nebula_msgs:/home/wheeltec/autoware/install/nebula_common:/home/wheeltec/autoware/install/ndt_omp:/home/wheeltec/autoware/install/mussp:/home/wheeltec/autoware/install/morai_msgs:/home/wheeltec/autoware/install/map_tf_generator:/home/wheeltec/autoware/install/llh_converter:/home/wheeltec/autoware/install/livox_tag_filter:/home/wheeltec/autoware/install/livox_description:/home/wheeltec/autoware/install/lanelet2_map_preprocessor:/home/wheeltec/autoware/install/lanelet2_extension_python:/home/wheeltec/autoware/install/lanelet2_extension:/home/wheeltec/autoware/install/kalman_filter:/home/wheeltec/autoware/install/individual_params:/home/wheeltec/autoware/install/imu_description:/home/wheeltec/autoware/install/image_transport_decompressor:/home/wheeltec/autoware/install/glog_component:/home/wheeltec/autoware/install/fake_test_node:/home/wheeltec/autoware/install/eagleye_tf:/home/wheeltec/autoware/install/eagleye_coordinate:/home/wheeltec/autoware/install/eagleye_can_velocity_converter:/home/wheeltec/autoware/install/duplicated_node_checker:/home/wheeltec/autoware/install/cuda_utils:/home/wheeltec/autoware/install/continental_srvs:/home/wheeltec/autoware/install/continental_msgs:/home/wheeltec/autoware/install/camera_description:/home/wheeltec/autoware/install/boost_udp_driver:/home/wheeltec/autoware/install/boost_tcp_driver:/home/wheeltec/autoware/install/boost_serial_driver:/home/wheeltec/autoware/install/boost_io_context:/home/wheeltec/autoware/install/bluetooth_monitor:/home/wheeltec/autoware/install/bag_time_manager_rviz_plugin:/home/wheeltec/autoware/install/autoware_vehicle_msgs:/home/wheeltec/autoware/install/autoware_utils:/home/wheeltec/autoware/install/autoware_testing:/home/wheeltec/autoware/install/autoware_system_msgs:/home/wheeltec/autoware/install/autoware_sensing_msgs:/home/wheeltec/autoware/install/autoware_point_types:/home/wheeltec/autoware/install/autoware_auto_msgs_adapter:/home/wheeltec/autoware/install/autoware_planning_msgs:/home/wheeltec/autoware/install/autoware_overlay_msgs:/home/wheeltec/autoware/install/autoware_perception_msgs:/home/wheeltec/autoware/install/autoware_map_msgs:/home/wheeltec/autoware/install/autoware_localization_msgs:/home/wheeltec/autoware/install/autoware_lint_common:/home/wheeltec/autoware/install/autoware_internal_msgs:/home/wheeltec/autoware/install/autoware_control_msgs:/home/wheeltec/autoware/install/autoware_common_msgs:/home/wheeltec/autoware/install/autoware_cmake:/home/wheeltec/autoware/install/autoware_auto_msgs:/home/wheeltec/autoware/install/autoware_auto_geometry:/home/wheeltec/autoware/install/autoware_auto_vehicle_msgs:/home/wheeltec/autoware/install/autoware_auto_tf2:/home/wheeltec/autoware/install/autoware_auto_system_msgs:/home/wheeltec/autoware/install/autoware_auto_planning_msgs:/home/wheeltec/autoware/install/autoware_auto_perception_rviz_plugin:/home/wheeltec/autoware/install/autoware_auto_perception_msgs:/home/wheeltec/autoware/install/autoware_auto_mapping_msgs:/home/wheeltec/autoware/install/autoware_auto_geometry_msgs:/home/wheeltec/autoware/install/autoware_auto_control_msgs:/home/wheeltec/autoware/install/autoware_auto_common:/home/wheeltec/autoware/install/autoware_adapi_version_msgs:/home/wheeltec/autoware/install/autoware_adapi_v1_msgs:/home/wheeltec/autoware/install/autoware_ad_api_specs:/home/wheeltec/autoware/install/ament_cmake_auto:/home/wheeltec/autoware/install/ament_cmake:/home/wheeltec/autoware/install/ament_cmake_version:/home/wheeltec/autoware/install/ament_cmake_vendor_package:/home/wheeltec/autoware/install/ament_cmake_pytest:/home/wheeltec/autoware/install/ament_cmake_nose:/home/wheeltec/autoware/install/ament_cmake_gmock:/home/wheeltec/autoware/install/ament_cmake_gtest:/home/wheeltec/autoware/install/ament_cmake_google_benchmark:/home/wheeltec/autoware/install/ament_cmake_test:/home/wheeltec/autoware/install/ament_cmake_target_dependencies:/home/wheeltec/autoware/install/ament_cmake_python:/home/wheeltec/autoware/install/ament_cmake_export_dependencies:/home/wheeltec/autoware/install/ament_cmake_libraries:/home/wheeltec/autoware/install/ament_cmake_include_directories:/home/wheeltec/autoware/install/ament_cmake_gen_version_h:/home/wheeltec/autoware/install/ament_cmake_export_targets:/home/wheeltec/autoware/install/ament_cmake_export_link_flags:/home/wheeltec/autoware/install/ament_cmake_export_interfaces:/home/wheeltec/autoware/install/ament_cmake_export_libraries:/home/wheeltec/autoware/install/ament_cmake_export_include_directories:/home/wheeltec/autoware/install/ament_cmake_export_definitions:/home/wheeltec/autoware/install/ament_cmake_core:/home/wheeltec/wheeltec_stepper_arm/install/stepper_arm:/home/wheeltec/wheeltec_ros2/install/simple_follower_ros2:/home/wheeltec/wheeltec_ros2/install/wheeltec_robot_keyboard:/home/wheeltec/wheeltec_ros2/install/wheeltec_dual_rtk_driver:/home/wheeltec/wheeltec_ros2/install/ultralytics_ros2:/home/wheeltec/wheeltec_ros2/install/tf2_tools:/home/wheeltec/wheeltec_ros2/install/ollama_ros_chat:/home/wheeltec/wheeltec_ros2/install/nmea_navsat_driver:/home/wheeltec/wheeltec_ros2/install/nav2_waypoint_cycle:/home/wheeltec/wheeltec_ros2/install/nav2_simple_commander:/home/wheeltec/wheeltec_ros2/install/largemodel:/home/wheeltec/wheeltec_ros2/install/auto_recharge_ros2:/home/wheeltec/autoware/install/autoware_wheeltec_interface:/home/wheeltec/autoware/install/autoware_multi_point:/home/wheeltec/autoware/install/ad_api_visualizers:/opt/ros/humble LD_LIBRARY_PATH=/home/wheeltec/wheeltec_ros2/install/nav2_msgs/lib:/home/wheeltec/wheeltec_ros2/install/yesense_interface/lib:/home/wheeltec/wheeltec_ros2/install/wheeltec_rrt_msg/lib:/home/wheeltec/wheeltec_ros2/install/wheeltec_robot_rrt/lib:/home/wheeltec/wheeltec_ros2/install/turn_on_wheeltec_robot/lib:/home/wheeltec/wheeltec_ros2/install/wheeltec_robot_msg/lib:/home/wheeltec/wheeltec_ros2/install/wheeltec_mic_msg/lib:/home/wheeltec/wheeltec_ros2/install/usb_cam/lib:/home/wheeltec/wheeltec_ros2/install/ublox_gps/lib:/home/wheeltec/wheeltec_ros2/install/ublox_msgs/lib:/home/wheeltec/wheeltec_ros2/install/serial/lib:/home/wheeltec/wheeltec_ros2/install/pointcloud_to_laserscan/lib:/home/wheeltec/wheeltec_ros2/install/orb_slam2_ros/lib:/home/wheeltec/wheeltec_ros2/install/openslam_gmapping/lib:/home/wheeltec/wheeltec_ros2/install/ollama_ros_msgs/lib:/home/wheeltec/wheeltec_ros2/install/nmea_msgs/lib:/home/wheeltec/wheeltec_ros2/install/nav2_smoother/lib:/home/wheeltec/wheeltec_ros2/install/nav2_controller/lib:/home/wheeltec/wheeltec_ros2/install/dwb_plugins/lib:/home/wheeltec/wheeltec_ros2/install/dwb_critics/lib:/home/wheeltec/wheeltec_ros2/install/dwb_core/lib:/home/wheeltec/wheeltec_ros2/install/nav_2d_utils/lib:/home/wheeltec/wheeltec_ros2/install/dwb_msgs/lib:/home/wheeltec/wheeltec_ros2/install/nav_2d_msgs/lib:/home/wheeltec/wheeltec_ros2/install/nav2_waypoint_follower/lib:/home/wheeltec/wheeltec_ros2/install/nav2_theta_star_planner/lib:/home/wheeltec/wheeltec_ros2/install/nav2_smac_planner/lib:/home/wheeltec/wheeltec_ros2/install/nav2_rotation_shim_controller/lib:/home/wheeltec/wheeltec_ros2/install/nav2_regulated_pure_pursuit_controller/lib:/home/wheeltec/wheeltec_ros2/install/nav2_planner/lib:/home/wheeltec/wheeltec_ros2/install/nav2_navfn_planner/lib:/home/wheeltec/wheeltec_ros2/install/nav2_mppi_controller/lib:/home/wheeltec/wheeltec_ros2/install/nav2_constrained_smoother/lib:/home/wheeltec/wheeltec_ros2/install/nav2_bt_navigator/lib:/home/wheeltec/wheeltec_ros2/install/nav2_behaviors/lib:/home/wheeltec/wheeltec_ros2/install/nav2_collision_monitor/lib:/home/wheeltec/wheeltec_ros2/install/costmap_queue/lib:/home/wheeltec/wheeltec_ros2/install/nav2_costmap_2d/lib:/home/wheeltec/wheeltec_ros2/install/nav2_voxel_grid/lib:/home/wheeltec/wheeltec_ros2/install/nav2_velocity_smoother/lib:/home/wheeltec/wheeltec_ros2/install/nav2_rviz_plugins/lib:/home/wheeltec/wheeltec_ros2/install/nav2_map_server/lib:/home/wheeltec/wheeltec_ros2/install/nav2_lifecycle_manager/lib:/home/wheeltec/wheeltec_ros2/install/nav2_behavior_tree/lib:/home/wheeltec/wheeltec_ros2/install/nav2_amcl/lib:/home/wheeltec/wheeltec_ros2/install/nav2_util/lib:/home/wheeltec/wheeltec_ros2/install/lslidar_driver/lib:/home/wheeltec/wheeltec_ros2/install/lslidar_msgs/lib:/home/wheeltec/wheeltec_ros2/install/lio_sam/lib:/home/wheeltec/wheeltec_ros2/install/interfaces/lib:/home/wheeltec/wheeltec_ros2/install/cloud_msgs/lib:/home/wheeltec/wheeltec_ros2/install/bodyreader_msg/lib:/home/wheeltec/wheeltec_ros2/install/astra_camera/lib:/home/wheeltec/wheeltec_ros2/install/astra_camera_msgs/lib:/home/wheeltec/wheeltec_ros2/install/aruco_ros/lib:/home/wheeltec/wheeltec_ros2/install/aruco_msgs/lib:/home/wheeltec/wheeltec_ros2/install/aruco/lib:/home/wheeltec/wheeltec_ros2/install/ackermann_msgs/lib:/home/wheeltec/autoware/install/pose_estimator_arbiter/lib:/home/wheeltec/autoware/install/yabloc_particle_filter/lib:/home/wheeltec/autoware/install/yabloc_common/lib:/home/wheeltec/autoware/install/vehicle_cmd_gate/lib:/home/wheeltec/autoware/install/trajectory_follower_node/lib:/home/wheeltec/autoware/install/pure_pursuit/lib:/home/wheeltec/autoware/install/pid_longitudinal_controller/lib:/home/wheeltec/autoware/install/mpc_lateral_controller/lib:/home/wheeltec/autoware/install/trajectory_follower_base/lib:/home/wheeltec/autoware/install/tier4_planning_rviz_plugin/lib:/home/wheeltec/autoware/install/tier4_localization_rviz_plugin/lib:/home/wheeltec/autoware/install/surround_obstacle_checker/lib:/home/wheeltec/autoware/install/steer_offset_estimator/lib:/home/wheeltec/autoware/install/static_centerline_optimizer/lib:/home/wheeltec/autoware/install/simple_planning_simulator/lib:/home/wheeltec/autoware/install/predicted_path_checker/lib:/home/wheeltec/autoware/install/planning_validator/lib:/home/wheeltec/autoware/install/perception_online_evaluator/lib:/home/wheeltec/autoware/install/behavior_path_start_planner_module/lib:/home/wheeltec/autoware/install/behavior_path_side_shift_module/lib:/home/wheeltec/autoware/install/behavior_path_sampling_planner_module/lib:/home/wheeltec/autoware/install/behavior_path_external_request_lane_change_module/lib:/home/wheeltec/autoware/install/behavior_path_avoidance_by_lane_change_module/lib:/home/wheeltec/autoware/install/behavior_path_lane_change_module/lib:/home/wheeltec/autoware/install/behavior_path_goal_planner_module/lib:/home/wheeltec/autoware/install/behavior_path_dynamic_avoidance_module/lib:/home/wheeltec/autoware/install/behavior_path_avoidance_module/lib:/home/wheeltec/autoware/install/behavior_path_planner/lib:/home/wheeltec/autoware/install/path_sampler/lib:/home/wheeltec/autoware/install/operation_mode_transition_manager/lib:/home/wheeltec/autoware/install/obstacle_velocity_limiter/lib:/home/wheeltec/autoware/install/obstacle_stop_planner/lib:/home/wheeltec/autoware/install/obstacle_cruise_planner/lib:/home/wheeltec/autoware/install/obstacle_collision_checker/lib:/home/wheeltec/autoware/install/obstacle_avoidance_planner/lib:/home/wheeltec/autoware/install/behavior_velocity_walkway_module/lib:/home/wheeltec/autoware/install/behavior_velocity_virtual_traffic_light_module/lib:/home/wheeltec/autoware/install/behavior_velocity_traffic_light_module/lib:/home/wheeltec/autoware/install/behavior_velocity_template_module/lib:/home/wheeltec/autoware/install/behavior_velocity_stop_line_module/lib:/home/wheeltec/autoware/install/behavior_velocity_speed_bump_module/lib:/home/wheeltec/autoware/install/behavior_velocity_run_out_module/lib:/home/wheeltec/autoware/install/behavior_velocity_planner/lib:/home/wheeltec/autoware/install/behavior_velocity_out_of_lane_module/lib:/home/wheeltec/autoware/install/behavior_velocity_occlusion_spot_module/lib:/home/wheeltec/autoware/install/behavior_velocity_no_stopping_area_module/lib:/home/wheeltec/autoware/install/behavior_velocity_no_drivable_lane_module/lib:/home/wheeltec/autoware/install/behavior_velocity_intersection_module/lib:/home/wheeltec/autoware/install/behavior_velocity_dynamic_obstacle_stop_module/lib:/home/wheeltec/autoware/install/behavior_velocity_detection_area_module/lib:/home/wheeltec/autoware/install/behavior_velocity_crosswalk_module/lib:/home/wheeltec/autoware/install/behavior_velocity_blind_spot_module/lib:/home/wheeltec/autoware/install/behavior_velocity_planner_common/lib:/home/wheeltec/autoware/install/motion_velocity_smoother/lib:/home/wheeltec/autoware/install/mission_planner/lib:/home/wheeltec/autoware/install/behavior_path_planner_common/lib:/home/wheeltec/autoware/install/lane_departure_checker/lib:/home/wheeltec/autoware/install/ground_segmentation/lib:/home/wheeltec/autoware/install/control_performance_analysis/lib:/home/wheeltec/autoware/install/freespace_planner/lib:/home/wheeltec/autoware/install/freespace_planning_algorithms/lib:/home/wheeltec/autoware/install/default_ad_api/lib:/home/wheeltec/autoware/install/control_validator/lib:/home/wheeltec/autoware/install/autonomous_emergency_braking/lib:/home/wheeltec/autoware/install/vehicle_info_util/lib:/home/wheeltec/autoware/install/lidar_centerpoint_tvm/lib:/home/wheeltec/autoware/install/lidar_apollo_segmentation_tvm_nodes/lib:/home/wheeltec/autoware/install/lidar_apollo_segmentation_tvm/lib:/home/wheeltec/autoware/install/tvm_utility/lib:/home/wheeltec/autoware/install/tree_structured_parzen_estimator/lib:/home/wheeltec/autoware/install/traffic_light_visualization/lib:/home/wheeltec/autoware/install/traffic_light_occlusion_predictor/lib:/home/wheeltec/autoware/install/traffic_light_utils/lib:/home/wheeltec/autoware/install/traffic_light_recognition_marker_publisher/lib:/home/wheeltec/autoware/install/traffic_light_multi_camera_fusion/lib:/home/wheeltec/autoware/install/traffic_light_map_based_detector/lib:/home/wheeltec/autoware/install/traffic_light_fine_detector/lib:/home/wheeltec/autoware/install/traffic_light_classifier/lib:/home/wheeltec/autoware/install/traffic_light_arbiter/lib:/home/wheeltec/autoware/install/tracking_object_merger/lib:/home/wheeltec/autoware/install/component_state_monitor/lib:/home/wheeltec/autoware/install/topic_state_monitor/lib:/home/wheeltec/autoware/install/time_utils/lib:/home/wheeltec/autoware/install/tier4_vehicle_rviz_plugin/lib:/home/wheeltec/autoware/install/tier4_calibration_rviz_plugin/lib:/home/wheeltec/autoware/install/external_cmd_selector/lib:/home/wheeltec/autoware/install/autoware_iv_internal_api_adaptor/lib:/home/wheeltec/autoware/install/autoware_iv_external_api_adaptor/lib:/home/wheeltec/autoware/install/scenario_selector/lib:/home/wheeltec/autoware/install/external_cmd_converter/lib:/home/wheeltec/autoware/install/raw_vehicle_cmd_converter/lib:/home/wheeltec/autoware/install/path_smoother/lib:/home/wheeltec/autoware/install/planning_test_utils/lib:/home/wheeltec/autoware/install/map_projection_loader/lib:/home/wheeltec/autoware/install/map_loader/lib:/home/wheeltec/autoware/install/gnss_poser/lib:/home/wheeltec/autoware/install/tier4_vehicle_msgs/lib:/home/wheeltec/autoware/install/dummy_infrastructure/lib:/home/wheeltec/autoware/install/tier4_v2x_msgs/lib:/home/wheeltec/autoware/install/tier4_traffic_light_rviz_plugin/lib:/home/wheeltec/autoware/install/tier4_target_object_type_rviz_plugin/lib:/home/wheeltec/autoware/install/tier4_system_rviz_plugin/lib:/home/wheeltec/autoware/install/tier4_camera_view_rviz_plugin/lib:/home/wheeltec/autoware/install/tier4_api_msgs/lib:/home/wheeltec/autoware/install/tier4_adapi_rviz_plugin/lib:/home/wheeltec/autoware/install/mrm_emergency_stop_operator/lib:/home/wheeltec/autoware/install/mrm_comfortable_stop_operator/lib:/home/wheeltec/autoware/install/hazard_status_converter/lib:/home/wheeltec/autoware/install/diagnostic_graph_aggregator/lib:/home/wheeltec/autoware/install/tier4_system_msgs/lib:/home/wheeltec/autoware/install/tier4_state_rviz_plugin/lib:/home/wheeltec/autoware/install/fault_injection/lib:/home/wheeltec/autoware/install/diagnostic_converter/lib:/home/wheeltec/autoware/install/tier4_simulation_msgs/lib:/home/wheeltec/autoware/install/tier4_simulated_clock_rviz_plugin/lib:/home/wheeltec/autoware/install/tier4_screen_capture_rviz_plugin/lib:/home/wheeltec/autoware/install/rtc_replayer/lib:/home/wheeltec/autoware/install/rtc_manager_rviz_plugin/lib:/home/wheeltec/autoware/install/rtc_interface/lib:/home/wheeltec/autoware/install/tier4_rtc_msgs/lib:/home/wheeltec/autoware/install/mission_planner_rviz_plugin/lib:/home/wheeltec/autoware/install/external_velocity_limit_selector/lib:/home/wheeltec/autoware/install/costmap_generator/lib:/home/wheeltec/autoware/install/autoware_overlay_rviz_plugin/lib:/home/wheeltec/autoware/install/tier4_planning_msgs/lib:/home/wheeltec/autoware/install/tier4_perception_rviz_plugin/lib:/home/wheeltec/autoware/install/tensorrt_yolox/lib:/home/wheeltec/autoware/install/point_cloud_transformer/lib:/home/wheeltec/autoware/install/detection_by_tracker/lib:/home/wheeltec/autoware/install/shape_estimation/lib:/home/wheeltec/autoware/install/radar_object_tracker/lib:/home/wheeltec/autoware/install/object_merger/lib:/home/wheeltec/autoware/install/multi_object_tracker/lib:/home/wheeltec/autoware/install/lidar_apollo_instance_segmentation/lib:/home/wheeltec/autoware/install/image_projection_based_fusion/lib:/home/wheeltec/autoware/install/euclidean_cluster/lib:/home/wheeltec/autoware/install/dummy_perception_publisher/lib:/home/wheeltec/autoware/install/detected_object_validation/lib:/home/wheeltec/autoware/install/detected_object_feature_remover/lib:/home/wheeltec/autoware/install/crosswalk_traffic_light_estimator/lib:/home/wheeltec/autoware/install/cluster_merger/lib:/home/wheeltec/autoware/install/bytetrack/lib:/home/wheeltec/autoware/install/tier4_perception_msgs/lib:/home/wheeltec/autoware/install/occupancy_grid_map_outlier_filter/lib:/home/wheeltec/autoware/install/compare_map_segmentation/lib:/home/wheeltec/autoware/install/pointcloud_preprocessor/lib:/home/wheeltec/autoware/install/tier4_pcl_extensions/lib:/home/wheeltec/autoware/install/tier4_metrics_rviz_plugin/lib:/home/wheeltec/autoware/install/geography_utils/lib:/home/wheeltec/autoware/install/tier4_map_msgs/lib:/home/wheeltec/autoware/install/tier4_logging_level_configure_rviz_plugin/lib:/home/wheeltec/autoware/install/map_height_fitter/lib:/home/wheeltec/autoware/install/landmark_manager/lib:/home/wheeltec/autoware/install/localization_util/lib:/home/wheeltec/autoware/install/tier4_localization_msgs/lib:/home/wheeltec/autoware/install/tier4_hmi_msgs/lib:/home/wheeltec/autoware/install/tier4_control_rviz_plugin/lib:/home/wheeltec/autoware/install/joy_controller/lib:/home/wheeltec/autoware/install/system_monitor/lib:/home/wheeltec/autoware/install/elevation_map_loader/lib:/home/wheeltec/autoware/install/autoware_external_api_msgs/lib:/home/wheeltec/autoware/install/tier4_external_api_msgs/lib:/home/wheeltec/autoware/install/tier4_debug_rviz_plugin/lib:/home/wheeltec/autoware/install/tier4_automatic_goal_rviz_plugin/lib:/home/wheeltec/autoware/install/simple_object_merger/lib:/home/wheeltec/autoware/install/frenet_planner/lib:/home/wheeltec/autoware/install/bezier_sampler/lib:/home/wheeltec/autoware/install/sampler_common/lib:/home/wheeltec/autoware/install/route_handler/lib:/home/wheeltec/autoware/install/radar_tracks_msgs_converter/lib:/home/wheeltec/autoware/install/radar_static_pointcloud_filter/lib:/home/wheeltec/autoware/install/radar_object_clustering/lib:/home/wheeltec/autoware/install/radar_fusion_to_detected_object/lib:/home/wheeltec/autoware/install/radar_crossing_objects_noise_filter/lib:/home/wheeltec/autoware/install/probabilistic_occupancy_grid_map/lib:/home/wheeltec/autoware/install/planning_topic_converter/lib:/home/wheeltec/autoware/install/planning_evaluator/lib:/home/wheeltec/autoware/install/path_distance_calculator/lib:/home/wheeltec/autoware/install/objects_of_interest_marker_interface/lib:/home/wheeltec/autoware/install/object_velocity_splitter/lib:/home/wheeltec/autoware/install/lidar_centerpoint/lib:/home/wheeltec/autoware/install/object_recognition_utils/lib:/home/wheeltec/autoware/install/map_based_prediction/lib:/home/wheeltec/autoware/install/motion_utils/lib:/home/wheeltec/autoware/install/localization_evaluator/lib:/home/wheeltec/autoware/install/localization_error_monitor/lib:/home/wheeltec/autoware/install/kinematic_evaluator/lib:/home/wheeltec/autoware/install/interpolation/lib:/home/wheeltec/autoware/install/imu_corrector/lib:/home/wheeltec/autoware/install/image_diagnostics/lib:/home/wheeltec/autoware/install/gyro_odometer/lib:/home/wheeltec/autoware/install/grid_map_utils/lib:/home/wheeltec/autoware/install/goal_distance_calculator/lib:/home/wheeltec/autoware/install/ekf_localizer/lib:/home/wheeltec/autoware/install/tier4_autoware_utils/lib:/home/wheeltec/autoware/install/tier4_debug_msgs/lib:/home/wheeltec/autoware/install/tier4_datetime_rviz_plugin/lib:/home/wheeltec/autoware/install/tier4_control_msgs/lib:/home/wheeltec/autoware/install/tensorrt_classifier/lib:/home/wheeltec/autoware/install/tensorrt_common/lib:/home/wheeltec/autoware/install/signal_processing/lib:/home/wheeltec/autoware/install/shift_decider/lib:/home/wheeltec/autoware/install/eagleye_navigation/lib:/home/wheeltec/autoware/install/eagleye_msgs/lib:/home/wheeltec/autoware/install/rtklib_msgs/lib:/home/wheeltec/autoware/install/nebula_examples/lib:/home/wheeltec/autoware/install/nebula_ros/lib:/home/wheeltec/autoware/install/nebula_hw_interfaces/lib:/home/wheeltec/autoware/install/nebula_decoders/lib:/home/wheeltec/autoware/install/robosense_msgs/lib:/home/wheeltec/autoware/install/radar_tracks_noise_filter/lib:/home/wheeltec/autoware/install/radar_threshold_filter/lib:/home/wheeltec/autoware/install/radar_scan_to_pointcloud2/lib:/home/wheeltec/autoware/install/qp_interface/lib:/home/wheeltec/autoware/install/polar_grid/lib:/home/wheeltec/autoware/install/pointcloud_to_laserscan/lib:/home/wheeltec/autoware/install/pandar_msgs/lib:/home/wheeltec/autoware/install/osqp_interface/lib:/home/wheeltec/autoware/install/object_range_splitter/lib:/home/wheeltec/autoware/install/nebula_msgs/lib:/home/wheeltec/autoware/install/nebula_common/lib:/home/wheeltec/autoware/install/ndt_omp/lib:/home/wheeltec/autoware/install/mussp/lib:/home/wheeltec/autoware/install/morai_msgs/lib:/home/wheeltec/autoware/install/map_tf_generator/lib:/home/wheeltec/autoware/install/llh_converter/lib:/home/wheeltec/autoware/install/livox_tag_filter/lib:/home/wheeltec/autoware/install/lanelet2_extension/lib:/home/wheeltec/autoware/install/kalman_filter/lib:/home/wheeltec/autoware/install/image_transport_decompressor/lib:/home/wheeltec/autoware/install/glog_component/lib:/home/wheeltec/autoware/install/fake_test_node/lib:/home/wheeltec/autoware/install/eagleye_coordinate/lib:/home/wheeltec/autoware/install/duplicated_node_checker/lib:/home/wheeltec/autoware/install/continental_srvs/lib:/home/wheeltec/autoware/install/continental_msgs/lib:/home/wheeltec/autoware/install/boost_udp_driver/lib:/home/wheeltec/autoware/install/boost_tcp_driver/lib:/home/wheeltec/autoware/install/boost_serial_driver/lib:/home/wheeltec/autoware/install/boost_io_context/lib:/home/wheeltec/autoware/install/bluetooth_monitor/lib:/home/wheeltec/autoware/install/bag_time_manager_rviz_plugin/lib:/home/wheeltec/autoware/install/autoware_vehicle_msgs/lib:/home/wheeltec/autoware/install/autoware_utils/lib:/home/wheeltec/autoware/install/autoware_system_msgs/lib:/home/wheeltec/autoware/install/autoware_sensing_msgs/lib:/home/wheeltec/autoware/install/autoware_auto_msgs_adapter/lib:/home/wheeltec/autoware/install/autoware_planning_msgs/lib:/home/wheeltec/autoware/install/autoware_overlay_msgs/lib:/home/wheeltec/autoware/install/autoware_perception_msgs/lib:/home/wheeltec/autoware/install/autoware_map_msgs/lib:/home/wheeltec/autoware/install/autoware_localization_msgs/lib:/home/wheeltec/autoware/install/autoware_internal_msgs/lib:/home/wheeltec/autoware/install/autoware_control_msgs/lib:/home/wheeltec/autoware/install/autoware_common_msgs/lib:/home/wheeltec/autoware/install/autoware_auto_geometry/lib:/home/wheeltec/autoware/install/autoware_auto_vehicle_msgs/lib:/home/wheeltec/autoware/install/autoware_auto_system_msgs/lib:/home/wheeltec/autoware/install/autoware_auto_planning_msgs/lib:/home/wheeltec/autoware/install/autoware_auto_perception_rviz_plugin/lib:/home/wheeltec/autoware/install/autoware_auto_perception_msgs/lib:/home/wheeltec/autoware/install/autoware_auto_mapping_msgs/lib:/home/wheeltec/autoware/install/autoware_auto_geometry_msgs/lib:/home/wheeltec/autoware/install/autoware_auto_control_msgs/lib:/home/wheeltec/autoware/install/autoware_adapi_version_msgs/lib:/home/wheeltec/autoware/install/autoware_adapi_v1_msgs/lib:/home/wheeltec/wheeltec_stepper_arm/install/stepper_arm/lib:/opt/ros/humble/opt/rviz_ogre_vendor/lib:/opt/ros/humble/lib/aarch64-linux-gnu:/opt/ros/humble/lib:/usr/lib/aarch64-linux-gnu /usr/bin/cmake --build /home/wheeltec/wheeltec_ros2/build/wheeltec_multi -- -j6 -l6
[41.749s] DEBUG:colcon.colcon_core.event_handler.log_command:Invoking command in '/home/wheeltec/wheeltec_ros2/build/wheeltec_multi': CMAKE_PREFIX_PATH=/home/wheeltec/wheeltec_ros2/install/nav2_msgs:/home/wheeltec/wheeltec_ros2/install/serial:/home/wheeltec/wheeltec_ros2/install/nav2_common:/home/wheeltec/wheeltec_ros2/install/yesense_std_ros2:/home/wheeltec/wheeltec_ros2/install/yesense_interface:/home/wheeltec/wheeltec_ros2/install/wheeltec_slam_toolbox:/home/wheeltec/wheeltec_ros2/install/wheeltec_rviz2:/home/wheeltec/wheeltec_ros2/install/wheeltec_rrt_msg:/home/wheeltec/wheeltec_ros2/install/wheeltec_robot_urdf:/home/wheeltec/wheeltec_ros2/install/wheeltec_robot_rtab:/home/wheeltec/wheeltec_ros2/install/wheeltec_robot_rrt:/home/wheeltec/wheeltec_ros2/install/turn_on_wheeltec_robot:/home/wheeltec/wheeltec_ros2/install/wheeltec_robot_msg:/home/wheeltec/wheeltec_ros2/install/wheeltec_robot_kcf:/home/wheeltec/wheeltec_ros2/install/wheeltec_radar:/home/wheeltec/wheeltec_ros2/install/wheeltec_path_follow:/home/wheeltec/wheeltec_ros2/install/wheeltec_nav2:/home/wheeltec/wheeltec_ros2/install/wheeltec_multi:/home/wheeltec/wheeltec_ros2/install/wheeltec_mic_ros2:/home/wheeltec/wheeltec_ros2/install/wheeltec_mic_msg:/home/wheeltec/wheeltec_ros2/install/wheeltec_mic_aiui:/home/wheeltec/wheeltec_ros2/install/wheeltec_joy:/home/wheeltec/wheeltec_ros2/install/wheeltec_gps_driver:/home/wheeltec/wheeltec_ros2/install/wheeltec_cartographer:/home/wheeltec/wheeltec_ros2/install/web_video_server:/home/wheeltec/wheeltec_ros2/install/usb_cam:/home/wheeltec/wheeltec_ros2/install/ublox:/home/wheeltec/wheeltec_ros2/install/ublox_gps:/home/wheeltec/wheeltec_ros2/install/ublox_msgs:/home/wheeltec/wheeltec_ros2/install/ublox_serialization:/home/wheeltec/wheeltec_ros2/install/tts:/home/wheeltec/wheeltec_ros2/install/slam_gmapping:/home/wheeltec/wheeltec_ros2/install/bodyreader:/home/wheeltec/wheeltec_ros2/install/rplidar_ros:/home/wheeltec/wheeltec_ros2/install/qt_ros_test:/home/wheeltec/wheeltec_ros2/install/pointcloud_to_laserscan:/home/wheeltec/wheeltec_ros2/install/orb_slam2_ros:/home/wheeltec/wheeltec_ros2/install/openslam_gmapping:/home/wheeltec/wheeltec_ros2/install/ollama_ros_msgs:/home/wheeltec/wheeltec_ros2/install/nmea_msgs:/home/wheeltec/wheeltec_ros2/install/nav2_bringup:/home/wheeltec/wheeltec_ros2/install/navigation2:/home/wheeltec/wheeltec_ros2/install/nav2_smoother:/home/wheeltec/wheeltec_ros2/install/nav2_dwb_controller:/home/wheeltec/wheeltec_ros2/install/nav2_controller:/home/wheeltec/wheeltec_ros2/install/dwb_plugins:/home/wheeltec/wheeltec_ros2/install/dwb_critics:/home/wheeltec/wheeltec_ros2/install/dwb_core:/home/wheeltec/wheeltec_ros2/install/nav_2d_utils:/home/wheeltec/wheeltec_ros2/install/dwb_msgs:/home/wheeltec/wheeltec_ros2/install/nav_2d_msgs:/home/wheeltec/wheeltec_ros2/install/nav2_waypoint_follower:/home/wheeltec/wheeltec_ros2/install/nav2_theta_star_planner:/home/wheeltec/wheeltec_ros2/install/nav2_smac_planner:/home/wheeltec/wheeltec_ros2/install/nav2_rotation_shim_controller:/home/wheeltec/wheeltec_ros2/install/nav2_regulated_pure_pursuit_controller:/home/wheeltec/wheeltec_ros2/install/nav2_planner:/home/wheeltec/wheeltec_ros2/install/nav2_navfn_planner:/home/wheeltec/wheeltec_ros2/install/nav2_mppi_controller:/home/wheeltec/wheeltec_ros2/install/nav2_constrained_smoother:/home/wheeltec/wheeltec_ros2/install/nav2_bt_navigator:/home/wheeltec/wheeltec_ros2/install/nav2_behaviors:/home/wheeltec/wheeltec_ros2/install/nav2_core:/home/wheeltec/wheeltec_ros2/install/nav2_collision_monitor:/home/wheeltec/wheeltec_ros2/install/costmap_queue:/home/wheeltec/wheeltec_ros2/install/nav2_costmap_2d:/home/wheeltec/wheeltec_ros2/install/nav2_voxel_grid:/home/wheeltec/wheeltec_ros2/install/nav2_velocity_smoother:/home/wheeltec/wheeltec_ros2/install/nav2_rviz_plugins:/home/wheeltec/wheeltec_ros2/install/nav2_map_server:/home/wheeltec/wheeltec_ros2/install/nav2_lifecycle_manager:/home/wheeltec/wheeltec_ros2/install/nav2_behavior_tree:/home/wheeltec/wheeltec_ros2/install/nav2_amcl:/home/wheeltec/wheeltec_ros2/install/nav2_util:/home/wheeltec/wheeltec_ros2/install/lslidar_driver:/home/wheeltec/wheeltec_ros2/install/lslidar_msgs:/home/wheeltec/wheeltec_ros2/install/lio_sam:/home/wheeltec/wheeltec_ros2/install/lego_loam_sr:/home/wheeltec/wheeltec_ros2/install/ldlidar:/home/wheeltec/wheeltec_ros2/install/interfaces:/home/wheeltec/wheeltec_ros2/install/hipnuc_imu:/home/wheeltec/wheeltec_ros2/install/fdilink_ahrs:/home/wheeltec/wheeltec_ros2/install/cloud_msgs:/home/wheeltec/wheeltec_ros2/install/bodyreader_msg:/home/wheeltec/wheeltec_ros2/install/astra_camera:/home/wheeltec/wheeltec_ros2/install/astra_camera_msgs:/home/wheeltec/wheeltec_ros2/install/aruco_ros:/home/wheeltec/wheeltec_ros2/install/aruco_msgs:/home/wheeltec/wheeltec_ros2/install/aruco:/home/wheeltec/wheeltec_ros2/install/ackermann_msgs:/home/wheeltec/autoware/install/autoware_launch:/home/wheeltec/autoware/install/tier4_localization_launch:/home/wheeltec/autoware/install/yabloc_pose_initializer:/home/wheeltec/autoware/install/pose_estimator_arbiter:/home/wheeltec/autoware/install/yabloc_particle_filter:/home/wheeltec/autoware/install/yabloc_monitor:/home/wheeltec/autoware/install/yabloc_image_processing:/home/wheeltec/autoware/install/yabloc_common:/home/wheeltec/autoware/install/wheeltec_vehicle_launch:/home/wheeltec/autoware/install/wheeltec_vehicle_description:/home/wheeltec/autoware/install/wheeltec_sensor_kit_launch:/home/wheeltec/autoware/install/wheeltec_sensor_kit_description:/home/wheeltec/autoware/install/vls_description:/home/wheeltec/autoware/install/sample_sensor_kit_launch:/home/wheeltec/autoware/install/common_wheeltec_sensor_launch:/home/wheeltec/autoware/install/awsim_sensor_kit_launch:/home/wheeltec/autoware/install/common_sensor_launch:/home/wheeltec/autoware/install/common_awsim_sensor_launch:/home/wheeltec/autoware/install/velodyne_monitor:/home/wheeltec/autoware/install/sample_sensor_kit_description:/home/wheeltec/autoware/install/awsim_sensor_kit_description:/home/wheeltec/autoware/install/velodyne_description:/home/wheeltec/autoware/install/vehicle_velocity_converter:/home/wheeltec/autoware/install/tier4_control_launch:/home/wheeltec/autoware/install/vehicle_cmd_gate:/home/wheeltec/autoware/install/trajectory_follower_node:/home/wheeltec/autoware/install/pure_pursuit:/home/wheeltec/autoware/install/pid_longitudinal_controller:/home/wheeltec/autoware/install/mpc_lateral_controller:/home/wheeltec/autoware/install/trajectory_follower_base:/home/wheeltec/autoware/install/tier4_simulator_launch:/home/wheeltec/autoware/install/tier4_sensing_launch:/home/wheeltec/autoware/install/tier4_planning_rviz_plugin:/home/wheeltec/autoware/install/tier4_planning_launch:/home/wheeltec/autoware/install/tier4_perception_launch:/home/wheeltec/autoware/install/tier4_localization_rviz_plugin:/home/wheeltec/autoware/install/tier4_autoware_api_launch:/home/wheeltec/autoware/install/surround_obstacle_checker:/home/wheeltec/autoware/install/steer_offset_estimator:/home/wheeltec/autoware/install/static_centerline_optimizer:/home/wheeltec/autoware/install/simple_planning_simulator:/home/wheeltec/autoware/install/predicted_path_checker:/home/wheeltec/autoware/install/planning_validator:/home/wheeltec/autoware/install/perception_online_evaluator:/home/wheeltec/autoware/install/behavior_path_start_planner_module:/home/wheeltec/autoware/install/behavior_path_side_shift_module:/home/wheeltec/autoware/install/behavior_path_sampling_planner_module:/home/wheeltec/autoware/install/behavior_path_external_request_lane_change_module:/home/wheeltec/autoware/install/behavior_path_avoidance_by_lane_change_module:/home/wheeltec/autoware/install/behavior_path_lane_change_module:/home/wheeltec/autoware/install/behavior_path_goal_planner_module:/home/wheeltec/autoware/install/behavior_path_dynamic_avoidance_module:/home/wheeltec/autoware/install/behavior_path_avoidance_module:/home/wheeltec/autoware/install/behavior_path_planner:/home/wheeltec/autoware/install/path_sampler:/home/wheeltec/autoware/install/pacmod_interface:/home/wheeltec/autoware/install/operation_mode_transition_manager:/home/wheeltec/autoware/install/obstacle_velocity_limiter:/home/wheeltec/autoware/install/obstacle_stop_planner:/home/wheeltec/autoware/install/obstacle_cruise_planner:/home/wheeltec/autoware/install/obstacle_collision_checker:/home/wheeltec/autoware/install/obstacle_avoidance_planner:/home/wheeltec/autoware/install/behavior_velocity_walkway_module:/home/wheeltec/autoware/install/behavior_velocity_virtual_traffic_light_module:/home/wheeltec/autoware/install/behavior_velocity_traffic_light_module:/home/wheeltec/autoware/install/behavior_velocity_template_module:/home/wheeltec/autoware/install/behavior_velocity_stop_line_module:/home/wheeltec/autoware/install/behavior_velocity_speed_bump_module:/home/wheeltec/autoware/install/behavior_velocity_run_out_module:/home/wheeltec/autoware/install/behavior_velocity_planner:/home/wheeltec/autoware/install/behavior_velocity_out_of_lane_module:/home/wheeltec/autoware/install/behavior_velocity_occlusion_spot_module:/home/wheeltec/autoware/install/behavior_velocity_no_stopping_area_module:/home/wheeltec/autoware/install/behavior_velocity_no_drivable_lane_module:/home/wheeltec/autoware/install/behavior_velocity_intersection_module:/home/wheeltec/autoware/install/behavior_velocity_dynamic_obstacle_stop_module:/home/wheeltec/autoware/install/behavior_velocity_detection_area_module:/home/wheeltec/autoware/install/behavior_velocity_crosswalk_module:/home/wheeltec/autoware/install/behavior_velocity_blind_spot_module:/home/wheeltec/autoware/install/behavior_velocity_planner_common:/home/wheeltec/autoware/install/motion_velocity_smoother:/home/wheeltec/autoware/install/mission_planner:/home/wheeltec/autoware/install/behavior_path_planner_common:/home/wheeltec/autoware/install/lane_departure_checker:/home/wheeltec/autoware/install/ground_segmentation:/home/wheeltec/autoware/install/control_performance_analysis:/home/wheeltec/autoware/install/global_parameter_loader:/home/wheeltec/autoware/install/freespace_planner:/home/wheeltec/autoware/install/freespace_planning_algorithms:/home/wheeltec/autoware/install/default_ad_api:/home/wheeltec/autoware/install/control_validator:/home/wheeltec/autoware/install/autonomous_emergency_braking:/home/wheeltec/autoware/install/vehicle_info_util:/home/wheeltec/autoware/install/vehicle_door_simulator:/home/wheeltec/autoware/install/twist2accel:/home/wheeltec/autoware/install/lidar_centerpoint_tvm:/home/wheeltec/autoware/install/lidar_apollo_segmentation_tvm_nodes:/home/wheeltec/autoware/install/lidar_apollo_segmentation_tvm:/home/wheeltec/autoware/install/tvm_utility:/home/wheeltec/autoware/install/ndt_scan_matcher:/home/wheeltec/autoware/install/tree_structured_parzen_estimator:/home/wheeltec/autoware/install/traffic_light_visualization:/home/wheeltec/autoware/install/traffic_light_occlusion_predictor:/home/wheeltec/autoware/install/traffic_light_utils:/home/wheeltec/autoware/install/traffic_light_recognition_marker_publisher:/home/wheeltec/autoware/install/traffic_light_multi_camera_fusion:/home/wheeltec/autoware/install/traffic_light_map_based_detector:/home/wheeltec/autoware/install/traffic_light_fine_detector:/home/wheeltec/autoware/install/traffic_light_classifier:/home/wheeltec/autoware/install/traffic_light_arbiter:/home/wheeltec/autoware/install/tracking_object_merger:/home/wheeltec/autoware/install/tier4_system_launch:/home/wheeltec/autoware/install/component_state_monitor:/home/wheeltec/autoware/install/topic_state_monitor:/home/wheeltec/autoware/install/time_utils:/home/wheeltec/autoware/install/tier4_vehicle_rviz_plugin:/home/wheeltec/autoware/install/tier4_map_launch:/home/wheeltec/autoware/install/tier4_calibration_rviz_plugin:/home/wheeltec/autoware/install/external_cmd_selector:/home/wheeltec/autoware/install/awapi_awiv_adapter:/home/wheeltec/autoware/install/autoware_iv_internal_api_adaptor:/home/wheeltec/autoware/install/autoware_iv_external_api_adaptor:/home/wheeltec/autoware/install/tier4_auto_msgs_converter:/home/wheeltec/autoware/install/scenario_selector:/home/wheeltec/autoware/install/external_cmd_converter:/home/wheeltec/autoware/install/accel_brake_map_calibrator:/home/wheeltec/autoware/install/raw_vehicle_cmd_converter:/home/wheeltec/autoware/install/pose_initializer:/home/wheeltec/autoware/install/path_smoother:/home/wheeltec/autoware/install/planning_test_utils:/home/wheeltec/autoware/install/map_projection_loader:/home/wheeltec/autoware/install/map_loader:/home/wheeltec/autoware/install/gnss_poser:/home/wheeltec/autoware/install/geo_pose_projector:/home/wheeltec/autoware/install/component_interface_specs:/home/wheeltec/autoware/install/tier4_vehicle_msgs:/home/wheeltec/autoware/install/tier4_vehicle_launch:/home/wheeltec/autoware/install/dummy_infrastructure:/home/wheeltec/autoware/install/tier4_v2x_msgs:/home/wheeltec/autoware/install/tier4_traffic_light_rviz_plugin:/home/wheeltec/autoware/install/tier4_target_object_type_rviz_plugin:/home/wheeltec/autoware/install/tier4_system_rviz_plugin:/home/wheeltec/autoware/install/tier4_camera_view_rviz_plugin:/home/wheeltec/autoware/install/tier4_api_msgs:/home/wheeltec/autoware/install/tier4_adapi_rviz_plugin:/home/wheeltec/autoware/install/mrm_handler:/home/wheeltec/autoware/install/mrm_emergency_stop_operator:/home/wheeltec/autoware/install/mrm_comfortable_stop_operator:/home/wheeltec/autoware/install/hazard_status_converter:/home/wheeltec/autoware/install/emergency_handler:/home/wheeltec/autoware/install/diagnostic_graph_aggregator:/home/wheeltec/autoware/install/automatic_pose_initializer:/home/wheeltec/autoware/install/ad_api_adaptors:/home/wheeltec/autoware/install/component_interface_utils:/home/wheeltec/autoware/install/component_interface_tools:/home/wheeltec/autoware/install/tier4_system_msgs:/home/wheeltec/autoware/install/tier4_state_rviz_plugin:/home/wheeltec/autoware/install/fault_injection:/home/wheeltec/autoware/install/diagnostic_converter:/home/wheeltec/autoware/install/tier4_simulation_msgs:/home/wheeltec/autoware/install/tier4_simulated_clock_rviz_plugin:/home/wheeltec/autoware/install/tier4_screen_capture_rviz_plugin:/home/wheeltec/autoware/install/rtc_replayer:/home/wheeltec/autoware/install/rtc_manager_rviz_plugin:/home/wheeltec/autoware/install/rtc_interface:/home/wheeltec/autoware/install/tier4_rtc_msgs:/home/wheeltec/autoware/install/mission_planner_rviz_plugin:/home/wheeltec/autoware/install/external_velocity_limit_selector:/home/wheeltec/autoware/install/costmap_generator:/home/wheeltec/autoware/install/autoware_overlay_rviz_plugin:/home/wheeltec/autoware/install/tier4_planning_msgs:/home/wheeltec/autoware/install/tier4_perception_rviz_plugin:/home/wheeltec/autoware/install/tensorrt_yolox:/home/wheeltec/autoware/install/point_cloud_transformer:/home/wheeltec/autoware/install/detection_by_tracker:/home/wheeltec/autoware/install/shape_estimation:/home/wheeltec/autoware/install/radar_object_tracker:/home/wheeltec/autoware/install/object_merger:/home/wheeltec/autoware/install/multi_object_tracker:/home/wheeltec/autoware/install/lidar_apollo_instance_segmentation:/home/wheeltec/autoware/install/image_projection_based_fusion:/home/wheeltec/autoware/install/euclidean_cluster:/home/wheeltec/autoware/install/dummy_perception_publisher:/home/wheeltec/autoware/install/detected_object_validation:/home/wheeltec/autoware/install/detected_object_feature_remover:/home/wheeltec/autoware/install/crosswalk_traffic_light_estimator:/home/wheeltec/autoware/install/cluster_merger:/home/wheeltec/autoware/install/bytetrack:/home/wheeltec/autoware/install/tier4_perception_msgs:/home/wheeltec/autoware/install/occupancy_grid_map_outlier_filter:/home/wheeltec/autoware/install/compare_map_segmentation:/home/wheeltec/autoware/install/pointcloud_preprocessor:/home/wheeltec/autoware/install/tier4_pcl_extensions:/home/wheeltec/autoware/install/tier4_metrics_rviz_plugin:/home/wheeltec/autoware/install/geography_utils:/home/wheeltec/autoware/install/tier4_map_msgs:/home/wheeltec/autoware/install/tier4_logging_level_configure_rviz_plugin:/home/wheeltec/autoware/install/map_height_fitter:/home/wheeltec/autoware/install/ar_tag_based_localizer:/home/wheeltec/autoware/install/landmark_manager:/home/wheeltec/autoware/install/localization_util:/home/wheeltec/autoware/install/tier4_localization_msgs:/home/wheeltec/autoware/install/tier4_hmi_msgs:/home/wheeltec/autoware/install/tier4_control_rviz_plugin:/home/wheeltec/autoware/install/joy_controller:/home/wheeltec/autoware/install/tier4_api_utils:/home/wheeltec/autoware/install/system_monitor:/home/wheeltec/autoware/install/elevation_map_loader:/home/wheeltec/autoware/install/autoware_external_api_msgs:/home/wheeltec/autoware/install/tier4_external_api_msgs:/home/wheeltec/autoware/install/tier4_debug_rviz_plugin:/home/wheeltec/autoware/install/tier4_automatic_goal_rviz_plugin:/home/wheeltec/autoware/install/system_error_monitor:/home/wheeltec/autoware/install/simple_object_merger:/home/wheeltec/autoware/install/frenet_planner:/home/wheeltec/autoware/install/bezier_sampler:/home/wheeltec/autoware/install/sampler_common:/home/wheeltec/autoware/install/route_handler:/home/wheeltec/autoware/install/radar_tracks_msgs_converter:/home/wheeltec/autoware/install/radar_static_pointcloud_filter:/home/wheeltec/autoware/install/radar_object_clustering:/home/wheeltec/autoware/install/radar_fusion_to_detected_object:/home/wheeltec/autoware/install/radar_crossing_objects_noise_filter:/home/wheeltec/autoware/install/probabilistic_occupancy_grid_map:/home/wheeltec/autoware/install/pose_instability_detector:/home/wheeltec/autoware/install/planning_topic_converter:/home/wheeltec/autoware/install/planning_evaluator:/home/wheeltec/autoware/install/path_distance_calculator:/home/wheeltec/autoware/install/objects_of_interest_marker_interface:/home/wheeltec/autoware/install/object_velocity_splitter:/home/wheeltec/autoware/install/lidar_centerpoint:/home/wheeltec/autoware/install/object_recognition_utils:/home/wheeltec/autoware/install/map_based_prediction:/home/wheeltec/autoware/install/motion_utils:/home/wheeltec/autoware/install/localization_evaluator:/home/wheeltec/autoware/install/localization_error_monitor:/home/wheeltec/autoware/install/kinematic_evaluator:/home/wheeltec/autoware/install/interpolation:/home/wheeltec/autoware/install/imu_corrector:/home/wheeltec/autoware/install/image_diagnostics:/home/wheeltec/autoware/install/gyro_odometer:/home/wheeltec/autoware/install/grid_map_utils:/home/wheeltec/autoware/install/goal_distance_calculator:/home/wheeltec/autoware/install/ekf_localizer:/home/wheeltec/autoware/install/dummy_diag_publisher:/home/wheeltec/autoware/install/tier4_autoware_utils:/home/wheeltec/autoware/install/stop_filter:/home/wheeltec/autoware/install/pose2twist:/home/wheeltec/autoware/install/tier4_debug_msgs:/home/wheeltec/autoware/install/tier4_datetime_rviz_plugin:/home/wheeltec/autoware/install/tier4_control_msgs:/home/wheeltec/autoware/install/tensorrt_classifier:/home/wheeltec/autoware/install/tensorrt_common:/home/wheeltec/autoware/install/tamagawa_imu_driver:/home/wheeltec/autoware/install/signal_processing:/home/wheeltec/autoware/install/shift_decider:/home/wheeltec/autoware/install/sample_vehicle_launch:/home/wheeltec/autoware/install/sample_vehicle_description:/home/wheeltec/autoware/install/rtklib_bridge:/home/wheeltec/autoware/install/eagleye_rt:/home/wheeltec/autoware/install/eagleye_gnss_converter:/home/wheeltec/autoware/install/eagleye_geo_pose_converter:/home/wheeltec/autoware/install/eagleye_navigation:/home/wheeltec/autoware/install/eagleye_geo_pose_fusion:/home/wheeltec/autoware/install/eagleye_fix2kml:/home/wheeltec/autoware/install/eagleye_msgs:/home/wheeltec/autoware/install/rtklib_msgs:/home/wheeltec/autoware/install/nebula_sensor_driver:/home/wheeltec/autoware/install/nebula_tests:/home/wheeltec/autoware/install/nebula_examples:/home/wheeltec/autoware/install/nebula_ros:/home/wheeltec/autoware/install/nebula_hw_interfaces:/home/wheeltec/autoware/install/nebula_decoders:/home/wheeltec/autoware/install/robosense_msgs:/home/wheeltec/autoware/install/radar_tracks_noise_filter:/home/wheeltec/autoware/install/radar_threshold_filter:/home/wheeltec/autoware/install/radar_scan_to_pointcloud2:/home/wheeltec/autoware/install/radar_description:/home/wheeltec/autoware/install/qp_interface:/home/wheeltec/autoware/install/polar_grid:/home/wheeltec/autoware/install/pointcloud_to_laserscan:/home/wheeltec/autoware/install/perception_utils:/home/wheeltec/autoware/install/pandar_msgs:/home/wheeltec/autoware/install/pandar_description:/home/wheeltec/autoware/install/osqp_interface:/home/wheeltec/autoware/install/object_range_splitter:/home/wheeltec/autoware/install/nebula_msgs:/home/wheeltec/autoware/install/nebula_common:/home/wheeltec/autoware/install/ndt_omp:/home/wheeltec/autoware/install/mussp:/home/wheeltec/autoware/install/morai_msgs:/home/wheeltec/autoware/install/map_tf_generator:/home/wheeltec/autoware/install/llh_converter:/home/wheeltec/autoware/install/livox_tag_filter:/home/wheeltec/autoware/install/livox_description:/home/wheeltec/autoware/install/lanelet2_map_preprocessor:/home/wheeltec/autoware/install/lanelet2_extension_python:/home/wheeltec/autoware/install/lanelet2_extension:/home/wheeltec/autoware/install/kalman_filter:/home/wheeltec/autoware/install/individual_params:/home/wheeltec/autoware/install/imu_description:/home/wheeltec/autoware/install/image_transport_decompressor:/home/wheeltec/autoware/install/glog_component:/home/wheeltec/autoware/install/fake_test_node:/home/wheeltec/autoware/install/eagleye_tf:/home/wheeltec/autoware/install/eagleye_coordinate:/home/wheeltec/autoware/install/eagleye_can_velocity_converter:/home/wheeltec/autoware/install/duplicated_node_checker:/home/wheeltec/autoware/install/cuda_utils:/home/wheeltec/autoware/install/continental_srvs:/home/wheeltec/autoware/install/continental_msgs:/home/wheeltec/autoware/install/camera_description:/home/wheeltec/autoware/install/boost_udp_driver:/home/wheeltec/autoware/install/boost_tcp_driver:/home/wheeltec/autoware/install/boost_serial_driver:/home/wheeltec/autoware/install/boost_io_context:/home/wheeltec/autoware/install/bluetooth_monitor:/home/wheeltec/autoware/install/bag_time_manager_rviz_plugin:/home/wheeltec/autoware/install/autoware_vehicle_msgs:/home/wheeltec/autoware/install/autoware_utils:/home/wheeltec/autoware/install/autoware_testing:/home/wheeltec/autoware/install/autoware_system_msgs:/home/wheeltec/autoware/install/autoware_sensing_msgs:/home/wheeltec/autoware/install/autoware_point_types:/home/wheeltec/autoware/install/autoware_auto_msgs_adapter:/home/wheeltec/autoware/install/autoware_planning_msgs:/home/wheeltec/autoware/install/autoware_overlay_msgs:/home/wheeltec/autoware/install/autoware_perception_msgs:/home/wheeltec/autoware/install/autoware_map_msgs:/home/wheeltec/autoware/install/autoware_localization_msgs:/home/wheeltec/autoware/install/autoware_lint_common:/home/wheeltec/autoware/install/autoware_internal_msgs:/home/wheeltec/autoware/install/autoware_control_msgs:/home/wheeltec/autoware/install/autoware_common_msgs:/home/wheeltec/autoware/install/autoware_cmake:/home/wheeltec/autoware/install/autoware_auto_msgs:/home/wheeltec/autoware/install/autoware_auto_geometry:/home/wheeltec/autoware/install/autoware_auto_vehicle_msgs:/home/wheeltec/autoware/install/autoware_auto_tf2:/home/wheeltec/autoware/install/autoware_auto_system_msgs:/home/wheeltec/autoware/install/autoware_auto_planning_msgs:/home/wheeltec/autoware/install/autoware_auto_perception_rviz_plugin:/home/wheeltec/autoware/install/autoware_auto_perception_msgs:/home/wheeltec/autoware/install/autoware_auto_mapping_msgs:/home/wheeltec/autoware/install/autoware_auto_geometry_msgs:/home/wheeltec/autoware/install/autoware_auto_control_msgs:/home/wheeltec/autoware/install/autoware_auto_common:/home/wheeltec/autoware/install/autoware_adapi_version_msgs:/home/wheeltec/autoware/install/autoware_adapi_v1_msgs:/home/wheeltec/autoware/install/autoware_ad_api_specs:/home/wheeltec/autoware/install/ament_cmake_auto:/home/wheeltec/autoware/install/ament_cmake:/home/wheeltec/autoware/install/ament_cmake_version:/home/wheeltec/autoware/install/ament_cmake_vendor_package:/home/wheeltec/autoware/install/ament_cmake_pytest:/home/wheeltec/autoware/install/ament_cmake_nose:/home/wheeltec/autoware/install/ament_cmake_gmock:/home/wheeltec/autoware/install/ament_cmake_gtest:/home/wheeltec/autoware/install/ament_cmake_google_benchmark:/home/wheeltec/autoware/install/ament_cmake_test:/home/wheeltec/autoware/install/ament_cmake_target_dependencies:/home/wheeltec/autoware/install/ament_cmake_python:/home/wheeltec/autoware/install/ament_cmake_export_dependencies:/home/wheeltec/autoware/install/ament_cmake_libraries:/home/wheeltec/autoware/install/ament_cmake_include_directories:/home/wheeltec/autoware/install/ament_cmake_gen_version_h:/home/wheeltec/autoware/install/ament_cmake_export_targets:/home/wheeltec/autoware/install/ament_cmake_export_link_flags:/home/wheeltec/autoware/install/ament_cmake_export_interfaces:/home/wheeltec/autoware/install/ament_cmake_export_libraries:/home/wheeltec/autoware/install/ament_cmake_export_include_directories:/home/wheeltec/autoware/install/ament_cmake_export_definitions:/home/wheeltec/autoware/install/ament_cmake_core:/home/wheeltec/wheeltec_stepper_arm/install/stepper_arm:/home/wheeltec/wheeltec_ros2/install/simple_follower_ros2:/home/wheeltec/wheeltec_ros2/install/wheeltec_robot_keyboard:/home/wheeltec/wheeltec_ros2/install/wheeltec_dual_rtk_driver:/home/wheeltec/wheeltec_ros2/install/ultralytics_ros2:/home/wheeltec/wheeltec_ros2/install/tf2_tools:/home/wheeltec/wheeltec_ros2/install/ollama_ros_chat:/home/wheeltec/wheeltec_ros2/install/nmea_navsat_driver:/home/wheeltec/wheeltec_ros2/install/nav2_waypoint_cycle:/home/wheeltec/wheeltec_ros2/install/nav2_simple_commander:/home/wheeltec/wheeltec_ros2/install/largemodel:/home/wheeltec/wheeltec_ros2/install/auto_recharge_ros2:/home/wheeltec/autoware/install/autoware_wheeltec_interface:/home/wheeltec/autoware/install/autoware_multi_point:/home/wheeltec/autoware/install/ad_api_visualizers:/opt/ros/humble LD_LIBRARY_PATH=/home/wheeltec/wheeltec_ros2/install/nav2_msgs/lib:/home/wheeltec/wheeltec_ros2/install/yesense_interface/lib:/home/wheeltec/wheeltec_ros2/install/wheeltec_rrt_msg/lib:/home/wheeltec/wheeltec_ros2/install/wheeltec_robot_rrt/lib:/home/wheeltec/wheeltec_ros2/install/turn_on_wheeltec_robot/lib:/home/wheeltec/wheeltec_ros2/install/wheeltec_robot_msg/lib:/home/wheeltec/wheeltec_ros2/install/wheeltec_mic_msg/lib:/home/wheeltec/wheeltec_ros2/install/usb_cam/lib:/home/wheeltec/wheeltec_ros2/install/ublox_gps/lib:/home/wheeltec/wheeltec_ros2/install/ublox_msgs/lib:/home/wheeltec/wheeltec_ros2/install/serial/lib:/home/wheeltec/wheeltec_ros2/install/pointcloud_to_laserscan/lib:/home/wheeltec/wheeltec_ros2/install/orb_slam2_ros/lib:/home/wheeltec/wheeltec_ros2/install/openslam_gmapping/lib:/home/wheeltec/wheeltec_ros2/install/ollama_ros_msgs/lib:/home/wheeltec/wheeltec_ros2/install/nmea_msgs/lib:/home/wheeltec/wheeltec_ros2/install/nav2_smoother/lib:/home/wheeltec/wheeltec_ros2/install/nav2_controller/lib:/home/wheeltec/wheeltec_ros2/install/dwb_plugins/lib:/home/wheeltec/wheeltec_ros2/install/dwb_critics/lib:/home/wheeltec/wheeltec_ros2/install/dwb_core/lib:/home/wheeltec/wheeltec_ros2/install/nav_2d_utils/lib:/home/wheeltec/wheeltec_ros2/install/dwb_msgs/lib:/home/wheeltec/wheeltec_ros2/install/nav_2d_msgs/lib:/home/wheeltec/wheeltec_ros2/install/nav2_waypoint_follower/lib:/home/wheeltec/wheeltec_ros2/install/nav2_theta_star_planner/lib:/home/wheeltec/wheeltec_ros2/install/nav2_smac_planner/lib:/home/wheeltec/wheeltec_ros2/install/nav2_rotation_shim_controller/lib:/home/wheeltec/wheeltec_ros2/install/nav2_regulated_pure_pursuit_controller/lib:/home/wheeltec/wheeltec_ros2/install/nav2_planner/lib:/home/wheeltec/wheeltec_ros2/install/nav2_navfn_planner/lib:/home/wheeltec/wheeltec_ros2/install/nav2_mppi_controller/lib:/home/wheeltec/wheeltec_ros2/install/nav2_constrained_smoother/lib:/home/wheeltec/wheeltec_ros2/install/nav2_bt_navigator/lib:/home/wheeltec/wheeltec_ros2/install/nav2_behaviors/lib:/home/wheeltec/wheeltec_ros2/install/nav2_collision_monitor/lib:/home/wheeltec/wheeltec_ros2/install/costmap_queue/lib:/home/wheeltec/wheeltec_ros2/install/nav2_costmap_2d/lib:/home/wheeltec/wheeltec_ros2/install/nav2_voxel_grid/lib:/home/wheeltec/wheeltec_ros2/install/nav2_velocity_smoother/lib:/home/wheeltec/wheeltec_ros2/install/nav2_rviz_plugins/lib:/home/wheeltec/wheeltec_ros2/install/nav2_map_server/lib:/home/wheeltec/wheeltec_ros2/install/nav2_lifecycle_manager/lib:/home/wheeltec/wheeltec_ros2/install/nav2_behavior_tree/lib:/home/wheeltec/wheeltec_ros2/install/nav2_amcl/lib:/home/wheeltec/wheeltec_ros2/install/nav2_util/lib:/home/wheeltec/wheeltec_ros2/install/lslidar_driver/lib:/home/wheeltec/wheeltec_ros2/install/lslidar_msgs/lib:/home/wheeltec/wheeltec_ros2/install/lio_sam/lib:/home/wheeltec/wheeltec_ros2/install/interfaces/lib:/home/wheeltec/wheeltec_ros2/install/cloud_msgs/lib:/home/wheeltec/wheeltec_ros2/install/bodyreader_msg/lib:/home/wheeltec/wheeltec_ros2/install/astra_camera/lib:/home/wheeltec/wheeltec_ros2/install/astra_camera_msgs/lib:/home/wheeltec/wheeltec_ros2/install/aruco_ros/lib:/home/wheeltec/wheeltec_ros2/install/aruco_msgs/lib:/home/wheeltec/wheeltec_ros2/install/aruco/lib:/home/wheeltec/wheeltec_ros2/install/ackermann_msgs/lib:/home/wheeltec/autoware/install/pose_estimator_arbiter/lib:/home/wheeltec/autoware/install/yabloc_particle_filter/lib:/home/wheeltec/autoware/install/yabloc_common/lib:/home/wheeltec/autoware/install/vehicle_cmd_gate/lib:/home/wheeltec/autoware/install/trajectory_follower_node/lib:/home/wheeltec/autoware/install/pure_pursuit/lib:/home/wheeltec/autoware/install/pid_longitudinal_controller/lib:/home/wheeltec/autoware/install/mpc_lateral_controller/lib:/home/wheeltec/autoware/install/trajectory_follower_base/lib:/home/wheeltec/autoware/install/tier4_planning_rviz_plugin/lib:/home/wheeltec/autoware/install/tier4_localization_rviz_plugin/lib:/home/wheeltec/autoware/install/surround_obstacle_checker/lib:/home/wheeltec/autoware/install/steer_offset_estimator/lib:/home/wheeltec/autoware/install/static_centerline_optimizer/lib:/home/wheeltec/autoware/install/simple_planning_simulator/lib:/home/wheeltec/autoware/install/predicted_path_checker/lib:/home/wheeltec/autoware/install/planning_validator/lib:/home/wheeltec/autoware/install/perception_online_evaluator/lib:/home/wheeltec/autoware/install/behavior_path_start_planner_module/lib:/home/wheeltec/autoware/install/behavior_path_side_shift_module/lib:/home/wheeltec/autoware/install/behavior_path_sampling_planner_module/lib:/home/wheeltec/autoware/install/behavior_path_external_request_lane_change_module/lib:/home/wheeltec/autoware/install/behavior_path_avoidance_by_lane_change_module/lib:/home/wheeltec/autoware/install/behavior_path_lane_change_module/lib:/home/wheeltec/autoware/install/behavior_path_goal_planner_module/lib:/home/wheeltec/autoware/install/behavior_path_dynamic_avoidance_module/lib:/home/wheeltec/autoware/install/behavior_path_avoidance_module/lib:/home/wheeltec/autoware/install/behavior_path_planner/lib:/home/wheeltec/autoware/install/path_sampler/lib:/home/wheeltec/autoware/install/operation_mode_transition_manager/lib:/home/wheeltec/autoware/install/obstacle_velocity_limiter/lib:/home/wheeltec/autoware/install/obstacle_stop_planner/lib:/home/wheeltec/autoware/install/obstacle_cruise_planner/lib:/home/wheeltec/autoware/install/obstacle_collision_checker/lib:/home/wheeltec/autoware/install/obstacle_avoidance_planner/lib:/home/wheeltec/autoware/install/behavior_velocity_walkway_module/lib:/home/wheeltec/autoware/install/behavior_velocity_virtual_traffic_light_module/lib:/home/wheeltec/autoware/install/behavior_velocity_traffic_light_module/lib:/home/wheeltec/autoware/install/behavior_velocity_template_module/lib:/home/wheeltec/autoware/install/behavior_velocity_stop_line_module/lib:/home/wheeltec/autoware/install/behavior_velocity_speed_bump_module/lib:/home/wheeltec/autoware/install/behavior_velocity_run_out_module/lib:/home/wheeltec/autoware/install/behavior_velocity_planner/lib:/home/wheeltec/autoware/install/behavior_velocity_out_of_lane_module/lib:/home/wheeltec/autoware/install/behavior_velocity_occlusion_spot_module/lib:/home/wheeltec/autoware/install/behavior_velocity_no_stopping_area_module/lib:/home/wheeltec/autoware/install/behavior_velocity_no_drivable_lane_module/lib:/home/wheeltec/autoware/install/behavior_velocity_intersection_module/lib:/home/wheeltec/autoware/install/behavior_velocity_dynamic_obstacle_stop_module/lib:/home/wheeltec/autoware/install/behavior_velocity_detection_area_module/lib:/home/wheeltec/autoware/install/behavior_velocity_crosswalk_module/lib:/home/wheeltec/autoware/install/behavior_velocity_blind_spot_module/lib:/home/wheeltec/autoware/install/behavior_velocity_planner_common/lib:/home/wheeltec/autoware/install/motion_velocity_smoother/lib:/home/wheeltec/autoware/install/mission_planner/lib:/home/wheeltec/autoware/install/behavior_path_planner_common/lib:/home/wheeltec/autoware/install/lane_departure_checker/lib:/home/wheeltec/autoware/install/ground_segmentation/lib:/home/wheeltec/autoware/install/control_performance_analysis/lib:/home/wheeltec/autoware/install/freespace_planner/lib:/home/wheeltec/autoware/install/freespace_planning_algorithms/lib:/home/wheeltec/autoware/install/default_ad_api/lib:/home/wheeltec/autoware/install/control_validator/lib:/home/wheeltec/autoware/install/autonomous_emergency_braking/lib:/home/wheeltec/autoware/install/vehicle_info_util/lib:/home/wheeltec/autoware/install/lidar_centerpoint_tvm/lib:/home/wheeltec/autoware/install/lidar_apollo_segmentation_tvm_nodes/lib:/home/wheeltec/autoware/install/lidar_apollo_segmentation_tvm/lib:/home/wheeltec/autoware/install/tvm_utility/lib:/home/wheeltec/autoware/install/tree_structured_parzen_estimator/lib:/home/wheeltec/autoware/install/traffic_light_visualization/lib:/home/wheeltec/autoware/install/traffic_light_occlusion_predictor/lib:/home/wheeltec/autoware/install/traffic_light_utils/lib:/home/wheeltec/autoware/install/traffic_light_recognition_marker_publisher/lib:/home/wheeltec/autoware/install/traffic_light_multi_camera_fusion/lib:/home/wheeltec/autoware/install/traffic_light_map_based_detector/lib:/home/wheeltec/autoware/install/traffic_light_fine_detector/lib:/home/wheeltec/autoware/install/traffic_light_classifier/lib:/home/wheeltec/autoware/install/traffic_light_arbiter/lib:/home/wheeltec/autoware/install/tracking_object_merger/lib:/home/wheeltec/autoware/install/component_state_monitor/lib:/home/wheeltec/autoware/install/topic_state_monitor/lib:/home/wheeltec/autoware/install/time_utils/lib:/home/wheeltec/autoware/install/tier4_vehicle_rviz_plugin/lib:/home/wheeltec/autoware/install/tier4_calibration_rviz_plugin/lib:/home/wheeltec/autoware/install/external_cmd_selector/lib:/home/wheeltec/autoware/install/autoware_iv_internal_api_adaptor/lib:/home/wheeltec/autoware/install/autoware_iv_external_api_adaptor/lib:/home/wheeltec/autoware/install/scenario_selector/lib:/home/wheeltec/autoware/install/external_cmd_converter/lib:/home/wheeltec/autoware/install/raw_vehicle_cmd_converter/lib:/home/wheeltec/autoware/install/path_smoother/lib:/home/wheeltec/autoware/install/planning_test_utils/lib:/home/wheeltec/autoware/install/map_projection_loader/lib:/home/wheeltec/autoware/install/map_loader/lib:/home/wheeltec/autoware/install/gnss_poser/lib:/home/wheeltec/autoware/install/tier4_vehicle_msgs/lib:/home/wheeltec/autoware/install/dummy_infrastructure/lib:/home/wheeltec/autoware/install/tier4_v2x_msgs/lib:/home/wheeltec/autoware/install/tier4_traffic_light_rviz_plugin/lib:/home/wheeltec/autoware/install/tier4_target_object_type_rviz_plugin/lib:/home/wheeltec/autoware/install/tier4_system_rviz_plugin/lib:/home/wheeltec/autoware/install/tier4_camera_view_rviz_plugin/lib:/home/wheeltec/autoware/install/tier4_api_msgs/lib:/home/wheeltec/autoware/install/tier4_adapi_rviz_plugin/lib:/home/wheeltec/autoware/install/mrm_emergency_stop_operator/lib:/home/wheeltec/autoware/install/mrm_comfortable_stop_operator/lib:/home/wheeltec/autoware/install/hazard_status_converter/lib:/home/wheeltec/autoware/install/diagnostic_graph_aggregator/lib:/home/wheeltec/autoware/install/tier4_system_msgs/lib:/home/wheeltec/autoware/install/tier4_state_rviz_plugin/lib:/home/wheeltec/autoware/install/fault_injection/lib:/home/wheeltec/autoware/install/diagnostic_converter/lib:/home/wheeltec/autoware/install/tier4_simulation_msgs/lib:/home/wheeltec/autoware/install/tier4_simulated_clock_rviz_plugin/lib:/home/wheeltec/autoware/install/tier4_screen_capture_rviz_plugin/lib:/home/wheeltec/autoware/install/rtc_replayer/lib:/home/wheeltec/autoware/install/rtc_manager_rviz_plugin/lib:/home/wheeltec/autoware/install/rtc_interface/lib:/home/wheeltec/autoware/install/tier4_rtc_msgs/lib:/home/wheeltec/autoware/install/mission_planner_rviz_plugin/lib:/home/wheeltec/autoware/install/external_velocity_limit_selector/lib:/home/wheeltec/autoware/install/costmap_generator/lib:/home/wheeltec/autoware/install/autoware_overlay_rviz_plugin/lib:/home/wheeltec/autoware/install/tier4_planning_msgs/lib:/home/wheeltec/autoware/install/tier4_perception_rviz_plugin/lib:/home/wheeltec/autoware/install/tensorrt_yolox/lib:/home/wheeltec/autoware/install/point_cloud_transformer/lib:/home/wheeltec/autoware/install/detection_by_tracker/lib:/home/wheeltec/autoware/install/shape_estimation/lib:/home/wheeltec/autoware/install/radar_object_tracker/lib:/home/wheeltec/autoware/install/object_merger/lib:/home/wheeltec/autoware/install/multi_object_tracker/lib:/home/wheeltec/autoware/install/lidar_apollo_instance_segmentation/lib:/home/wheeltec/autoware/install/image_projection_based_fusion/lib:/home/wheeltec/autoware/install/euclidean_cluster/lib:/home/wheeltec/autoware/install/dummy_perception_publisher/lib:/home/wheeltec/autoware/install/detected_object_validation/lib:/home/wheeltec/autoware/install/detected_object_feature_remover/lib:/home/wheeltec/autoware/install/crosswalk_traffic_light_estimator/lib:/home/wheeltec/autoware/install/cluster_merger/lib:/home/wheeltec/autoware/install/bytetrack/lib:/home/wheeltec/autoware/install/tier4_perception_msgs/lib:/home/wheeltec/autoware/install/occupancy_grid_map_outlier_filter/lib:/home/wheeltec/autoware/install/compare_map_segmentation/lib:/home/wheeltec/autoware/install/pointcloud_preprocessor/lib:/home/wheeltec/autoware/install/tier4_pcl_extensions/lib:/home/wheeltec/autoware/install/tier4_metrics_rviz_plugin/lib:/home/wheeltec/autoware/install/geography_utils/lib:/home/wheeltec/autoware/install/tier4_map_msgs/lib:/home/wheeltec/autoware/install/tier4_logging_level_configure_rviz_plugin/lib:/home/wheeltec/autoware/install/map_height_fitter/lib:/home/wheeltec/autoware/install/landmark_manager/lib:/home/wheeltec/autoware/install/localization_util/lib:/home/wheeltec/autoware/install/tier4_localization_msgs/lib:/home/wheeltec/autoware/install/tier4_hmi_msgs/lib:/home/wheeltec/autoware/install/tier4_control_rviz_plugin/lib:/home/wheeltec/autoware/install/joy_controller/lib:/home/wheeltec/autoware/install/system_monitor/lib:/home/wheeltec/autoware/install/elevation_map_loader/lib:/home/wheeltec/autoware/install/autoware_external_api_msgs/lib:/home/wheeltec/autoware/install/tier4_external_api_msgs/lib:/home/wheeltec/autoware/install/tier4_debug_rviz_plugin/lib:/home/wheeltec/autoware/install/tier4_automatic_goal_rviz_plugin/lib:/home/wheeltec/autoware/install/simple_object_merger/lib:/home/wheeltec/autoware/install/frenet_planner/lib:/home/wheeltec/autoware/install/bezier_sampler/lib:/home/wheeltec/autoware/install/sampler_common/lib:/home/wheeltec/autoware/install/route_handler/lib:/home/wheeltec/autoware/install/radar_tracks_msgs_converter/lib:/home/wheeltec/autoware/install/radar_static_pointcloud_filter/lib:/home/wheeltec/autoware/install/radar_object_clustering/lib:/home/wheeltec/autoware/install/radar_fusion_to_detected_object/lib:/home/wheeltec/autoware/install/radar_crossing_objects_noise_filter/lib:/home/wheeltec/autoware/install/probabilistic_occupancy_grid_map/lib:/home/wheeltec/autoware/install/planning_topic_converter/lib:/home/wheeltec/autoware/install/planning_evaluator/lib:/home/wheeltec/autoware/install/path_distance_calculator/lib:/home/wheeltec/autoware/install/objects_of_interest_marker_interface/lib:/home/wheeltec/autoware/install/object_velocity_splitter/lib:/home/wheeltec/autoware/install/lidar_centerpoint/lib:/home/wheeltec/autoware/install/object_recognition_utils/lib:/home/wheeltec/autoware/install/map_based_prediction/lib:/home/wheeltec/autoware/install/motion_utils/lib:/home/wheeltec/autoware/install/localization_evaluator/lib:/home/wheeltec/autoware/install/localization_error_monitor/lib:/home/wheeltec/autoware/install/kinematic_evaluator/lib:/home/wheeltec/autoware/install/interpolation/lib:/home/wheeltec/autoware/install/imu_corrector/lib:/home/wheeltec/autoware/install/image_diagnostics/lib:/home/wheeltec/autoware/install/gyro_odometer/lib:/home/wheeltec/autoware/install/grid_map_utils/lib:/home/wheeltec/autoware/install/goal_distance_calculator/lib:/home/wheeltec/autoware/install/ekf_localizer/lib:/home/wheeltec/autoware/install/tier4_autoware_utils/lib:/home/wheeltec/autoware/install/tier4_debug_msgs/lib:/home/wheeltec/autoware/install/tier4_datetime_rviz_plugin/lib:/home/wheeltec/autoware/install/tier4_control_msgs/lib:/home/wheeltec/autoware/install/tensorrt_classifier/lib:/home/wheeltec/autoware/install/tensorrt_common/lib:/home/wheeltec/autoware/install/signal_processing/lib:/home/wheeltec/autoware/install/shift_decider/lib:/home/wheeltec/autoware/install/eagleye_navigation/lib:/home/wheeltec/autoware/install/eagleye_msgs/lib:/home/wheeltec/autoware/install/rtklib_msgs/lib:/home/wheeltec/autoware/install/nebula_examples/lib:/home/wheeltec/autoware/install/nebula_ros/lib:/home/wheeltec/autoware/install/nebula_hw_interfaces/lib:/home/wheeltec/autoware/install/nebula_decoders/lib:/home/wheeltec/autoware/install/robosense_msgs/lib:/home/wheeltec/autoware/install/radar_tracks_noise_filter/lib:/home/wheeltec/autoware/install/radar_threshold_filter/lib:/home/wheeltec/autoware/install/radar_scan_to_pointcloud2/lib:/home/wheeltec/autoware/install/qp_interface/lib:/home/wheeltec/autoware/install/polar_grid/lib:/home/wheeltec/autoware/install/pointcloud_to_laserscan/lib:/home/wheeltec/autoware/install/pandar_msgs/lib:/home/wheeltec/autoware/install/osqp_interface/lib:/home/wheeltec/autoware/install/object_range_splitter/lib:/home/wheeltec/autoware/install/nebula_msgs/lib:/home/wheeltec/autoware/install/nebula_common/lib:/home/wheeltec/autoware/install/ndt_omp/lib:/home/wheeltec/autoware/install/mussp/lib:/home/wheeltec/autoware/install/morai_msgs/lib:/home/wheeltec/autoware/install/map_tf_generator/lib:/home/wheeltec/autoware/install/llh_converter/lib:/home/wheeltec/autoware/install/livox_tag_filter/lib:/home/wheeltec/autoware/install/lanelet2_extension/lib:/home/wheeltec/autoware/install/kalman_filter/lib:/home/wheeltec/autoware/install/image_transport_decompressor/lib:/home/wheeltec/autoware/install/glog_component/lib:/home/wheeltec/autoware/install/fake_test_node/lib:/home/wheeltec/autoware/install/eagleye_coordinate/lib:/home/wheeltec/autoware/install/duplicated_node_checker/lib:/home/wheeltec/autoware/install/continental_srvs/lib:/home/wheeltec/autoware/install/continental_msgs/lib:/home/wheeltec/autoware/install/boost_udp_driver/lib:/home/wheeltec/autoware/install/boost_tcp_driver/lib:/home/wheeltec/autoware/install/boost_serial_driver/lib:/home/wheeltec/autoware/install/boost_io_context/lib:/home/wheeltec/autoware/install/bluetooth_monitor/lib:/home/wheeltec/autoware/install/bag_time_manager_rviz_plugin/lib:/home/wheeltec/autoware/install/autoware_vehicle_msgs/lib:/home/wheeltec/autoware/install/autoware_utils/lib:/home/wheeltec/autoware/install/autoware_system_msgs/lib:/home/wheeltec/autoware/install/autoware_sensing_msgs/lib:/home/wheeltec/autoware/install/autoware_auto_msgs_adapter/lib:/home/wheeltec/autoware/install/autoware_planning_msgs/lib:/home/wheeltec/autoware/install/autoware_overlay_msgs/lib:/home/wheeltec/autoware/install/autoware_perception_msgs/lib:/home/wheeltec/autoware/install/autoware_map_msgs/lib:/home/wheeltec/autoware/install/autoware_localization_msgs/lib:/home/wheeltec/autoware/install/autoware_internal_msgs/lib:/home/wheeltec/autoware/install/autoware_control_msgs/lib:/home/wheeltec/autoware/install/autoware_common_msgs/lib:/home/wheeltec/autoware/install/autoware_auto_geometry/lib:/home/wheeltec/autoware/install/autoware_auto_vehicle_msgs/lib:/home/wheeltec/autoware/install/autoware_auto_system_msgs/lib:/home/wheeltec/autoware/install/autoware_auto_planning_msgs/lib:/home/wheeltec/autoware/install/autoware_auto_perception_rviz_plugin/lib:/home/wheeltec/autoware/install/autoware_auto_perception_msgs/lib:/home/wheeltec/autoware/install/autoware_auto_mapping_msgs/lib:/home/wheeltec/autoware/install/autoware_auto_geometry_msgs/lib:/home/wheeltec/autoware/install/autoware_auto_control_msgs/lib:/home/wheeltec/autoware/install/autoware_adapi_version_msgs/lib:/home/wheeltec/autoware/install/autoware_adapi_v1_msgs/lib:/home/wheeltec/wheeltec_stepper_arm/install/stepper_arm/lib:/opt/ros/humble/opt/rviz_ogre_vendor/lib:/opt/ros/humble/lib/aarch64-linux-gnu:/opt/ros/humble/lib:/usr/lib/aarch64-linux-gnu /usr/bin/cmake --install /home/wheeltec/wheeltec_ros2/build/wheeltec_multi
[41.883s] Level 1:colcon.colcon_core.environment:create_environment_scripts_only(wheeltec_multi)
[41.885s] DEBUG:colcon.colcon_core.event_handler.log_command:Invoked command in '/home/wheeltec/wheeltec_ros2/build/wheeltec_multi' returned '0': CMAKE_PREFIX_PATH=/home/wheeltec/wheeltec_ros2/install/nav2_msgs:/home/wheeltec/wheeltec_ros2/install/serial:/home/wheeltec/wheeltec_ros2/install/nav2_common:/home/wheeltec/wheeltec_ros2/install/yesense_std_ros2:/home/wheeltec/wheeltec_ros2/install/yesense_interface:/home/wheeltec/wheeltec_ros2/install/wheeltec_slam_toolbox:/home/wheeltec/wheeltec_ros2/install/wheeltec_rviz2:/home/wheeltec/wheeltec_ros2/install/wheeltec_rrt_msg:/home/wheeltec/wheeltec_ros2/install/wheeltec_robot_urdf:/home/wheeltec/wheeltec_ros2/install/wheeltec_robot_rtab:/home/wheeltec/wheeltec_ros2/install/wheeltec_robot_rrt:/home/wheeltec/wheeltec_ros2/install/turn_on_wheeltec_robot:/home/wheeltec/wheeltec_ros2/install/wheeltec_robot_msg:/home/wheeltec/wheeltec_ros2/install/wheeltec_robot_kcf:/home/wheeltec/wheeltec_ros2/install/wheeltec_radar:/home/wheeltec/wheeltec_ros2/install/wheeltec_path_follow:/home/wheeltec/wheeltec_ros2/install/wheeltec_nav2:/home/wheeltec/wheeltec_ros2/install/wheeltec_multi:/home/wheeltec/wheeltec_ros2/install/wheeltec_mic_ros2:/home/wheeltec/wheeltec_ros2/install/wheeltec_mic_msg:/home/wheeltec/wheeltec_ros2/install/wheeltec_mic_aiui:/home/wheeltec/wheeltec_ros2/install/wheeltec_joy:/home/wheeltec/wheeltec_ros2/install/wheeltec_gps_driver:/home/wheeltec/wheeltec_ros2/install/wheeltec_cartographer:/home/wheeltec/wheeltec_ros2/install/web_video_server:/home/wheeltec/wheeltec_ros2/install/usb_cam:/home/wheeltec/wheeltec_ros2/install/ublox:/home/wheeltec/wheeltec_ros2/install/ublox_gps:/home/wheeltec/wheeltec_ros2/install/ublox_msgs:/home/wheeltec/wheeltec_ros2/install/ublox_serialization:/home/wheeltec/wheeltec_ros2/install/tts:/home/wheeltec/wheeltec_ros2/install/slam_gmapping:/home/wheeltec/wheeltec_ros2/install/bodyreader:/home/wheeltec/wheeltec_ros2/install/rplidar_ros:/home/wheeltec/wheeltec_ros2/install/qt_ros_test:/home/wheeltec/wheeltec_ros2/install/pointcloud_to_laserscan:/home/wheeltec/wheeltec_ros2/install/orb_slam2_ros:/home/wheeltec/wheeltec_ros2/install/openslam_gmapping:/home/wheeltec/wheeltec_ros2/install/ollama_ros_msgs:/home/wheeltec/wheeltec_ros2/install/nmea_msgs:/home/wheeltec/wheeltec_ros2/install/nav2_bringup:/home/wheeltec/wheeltec_ros2/install/navigation2:/home/wheeltec/wheeltec_ros2/install/nav2_smoother:/home/wheeltec/wheeltec_ros2/install/nav2_dwb_controller:/home/wheeltec/wheeltec_ros2/install/nav2_controller:/home/wheeltec/wheeltec_ros2/install/dwb_plugins:/home/wheeltec/wheeltec_ros2/install/dwb_critics:/home/wheeltec/wheeltec_ros2/install/dwb_core:/home/wheeltec/wheeltec_ros2/install/nav_2d_utils:/home/wheeltec/wheeltec_ros2/install/dwb_msgs:/home/wheeltec/wheeltec_ros2/install/nav_2d_msgs:/home/wheeltec/wheeltec_ros2/install/nav2_waypoint_follower:/home/wheeltec/wheeltec_ros2/install/nav2_theta_star_planner:/home/wheeltec/wheeltec_ros2/install/nav2_smac_planner:/home/wheeltec/wheeltec_ros2/install/nav2_rotation_shim_controller:/home/wheeltec/wheeltec_ros2/install/nav2_regulated_pure_pursuit_controller:/home/wheeltec/wheeltec_ros2/install/nav2_planner:/home/wheeltec/wheeltec_ros2/install/nav2_navfn_planner:/home/wheeltec/wheeltec_ros2/install/nav2_mppi_controller:/home/wheeltec/wheeltec_ros2/install/nav2_constrained_smoother:/home/wheeltec/wheeltec_ros2/install/nav2_bt_navigator:/home/wheeltec/wheeltec_ros2/install/nav2_behaviors:/home/wheeltec/wheeltec_ros2/install/nav2_core:/home/wheeltec/wheeltec_ros2/install/nav2_collision_monitor:/home/wheeltec/wheeltec_ros2/install/costmap_queue:/home/wheeltec/wheeltec_ros2/install/nav2_costmap_2d:/home/wheeltec/wheeltec_ros2/install/nav2_voxel_grid:/home/wheeltec/wheeltec_ros2/install/nav2_velocity_smoother:/home/wheeltec/wheeltec_ros2/install/nav2_rviz_plugins:/home/wheeltec/wheeltec_ros2/install/nav2_map_server:/home/wheeltec/wheeltec_ros2/install/nav2_lifecycle_manager:/home/wheeltec/wheeltec_ros2/install/nav2_behavior_tree:/home/wheeltec/wheeltec_ros2/install/nav2_amcl:/home/wheeltec/wheeltec_ros2/install/nav2_util:/home/wheeltec/wheeltec_ros2/install/lslidar_driver:/home/wheeltec/wheeltec_ros2/install/lslidar_msgs:/home/wheeltec/wheeltec_ros2/install/lio_sam:/home/wheeltec/wheeltec_ros2/install/lego_loam_sr:/home/wheeltec/wheeltec_ros2/install/ldlidar:/home/wheeltec/wheeltec_ros2/install/interfaces:/home/wheeltec/wheeltec_ros2/install/hipnuc_imu:/home/wheeltec/wheeltec_ros2/install/fdilink_ahrs:/home/wheeltec/wheeltec_ros2/install/cloud_msgs:/home/wheeltec/wheeltec_ros2/install/bodyreader_msg:/home/wheeltec/wheeltec_ros2/install/astra_camera:/home/wheeltec/wheeltec_ros2/install/astra_camera_msgs:/home/wheeltec/wheeltec_ros2/install/aruco_ros:/home/wheeltec/wheeltec_ros2/install/aruco_msgs:/home/wheeltec/wheeltec_ros2/install/aruco:/home/wheeltec/wheeltec_ros2/install/ackermann_msgs:/home/wheeltec/autoware/install/autoware_launch:/home/wheeltec/autoware/install/tier4_localization_launch:/home/wheeltec/autoware/install/yabloc_pose_initializer:/home/wheeltec/autoware/install/pose_estimator_arbiter:/home/wheeltec/autoware/install/yabloc_particle_filter:/home/wheeltec/autoware/install/yabloc_monitor:/home/wheeltec/autoware/install/yabloc_image_processing:/home/wheeltec/autoware/install/yabloc_common:/home/wheeltec/autoware/install/wheeltec_vehicle_launch:/home/wheeltec/autoware/install/wheeltec_vehicle_description:/home/wheeltec/autoware/install/wheeltec_sensor_kit_launch:/home/wheeltec/autoware/install/wheeltec_sensor_kit_description:/home/wheeltec/autoware/install/vls_description:/home/wheeltec/autoware/install/sample_sensor_kit_launch:/home/wheeltec/autoware/install/common_wheeltec_sensor_launch:/home/wheeltec/autoware/install/awsim_sensor_kit_launch:/home/wheeltec/autoware/install/common_sensor_launch:/home/wheeltec/autoware/install/common_awsim_sensor_launch:/home/wheeltec/autoware/install/velodyne_monitor:/home/wheeltec/autoware/install/sample_sensor_kit_description:/home/wheeltec/autoware/install/awsim_sensor_kit_description:/home/wheeltec/autoware/install/velodyne_description:/home/wheeltec/autoware/install/vehicle_velocity_converter:/home/wheeltec/autoware/install/tier4_control_launch:/home/wheeltec/autoware/install/vehicle_cmd_gate:/home/wheeltec/autoware/install/trajectory_follower_node:/home/wheeltec/autoware/install/pure_pursuit:/home/wheeltec/autoware/install/pid_longitudinal_controller:/home/wheeltec/autoware/install/mpc_lateral_controller:/home/wheeltec/autoware/install/trajectory_follower_base:/home/wheeltec/autoware/install/tier4_simulator_launch:/home/wheeltec/autoware/install/tier4_sensing_launch:/home/wheeltec/autoware/install/tier4_planning_rviz_plugin:/home/wheeltec/autoware/install/tier4_planning_launch:/home/wheeltec/autoware/install/tier4_perception_launch:/home/wheeltec/autoware/install/tier4_localization_rviz_plugin:/home/wheeltec/autoware/install/tier4_autoware_api_launch:/home/wheeltec/autoware/install/surround_obstacle_checker:/home/wheeltec/autoware/install/steer_offset_estimator:/home/wheeltec/autoware/install/static_centerline_optimizer:/home/wheeltec/autoware/install/simple_planning_simulator:/home/wheeltec/autoware/install/predicted_path_checker:/home/wheeltec/autoware/install/planning_validator:/home/wheeltec/autoware/install/perception_online_evaluator:/home/wheeltec/autoware/install/behavior_path_start_planner_module:/home/wheeltec/autoware/install/behavior_path_side_shift_module:/home/wheeltec/autoware/install/behavior_path_sampling_planner_module:/home/wheeltec/autoware/install/behavior_path_external_request_lane_change_module:/home/wheeltec/autoware/install/behavior_path_avoidance_by_lane_change_module:/home/wheeltec/autoware/install/behavior_path_lane_change_module:/home/wheeltec/autoware/install/behavior_path_goal_planner_module:/home/wheeltec/autoware/install/behavior_path_dynamic_avoidance_module:/home/wheeltec/autoware/install/behavior_path_avoidance_module:/home/wheeltec/autoware/install/behavior_path_planner:/home/wheeltec/autoware/install/path_sampler:/home/wheeltec/autoware/install/pacmod_interface:/home/wheeltec/autoware/install/operation_mode_transition_manager:/home/wheeltec/autoware/install/obstacle_velocity_limiter:/home/wheeltec/autoware/install/obstacle_stop_planner:/home/wheeltec/autoware/install/obstacle_cruise_planner:/home/wheeltec/autoware/install/obstacle_collision_checker:/home/wheeltec/autoware/install/obstacle_avoidance_planner:/home/wheeltec/autoware/install/behavior_velocity_walkway_module:/home/wheeltec/autoware/install/behavior_velocity_virtual_traffic_light_module:/home/wheeltec/autoware/install/behavior_velocity_traffic_light_module:/home/wheeltec/autoware/install/behavior_velocity_template_module:/home/wheeltec/autoware/install/behavior_velocity_stop_line_module:/home/wheeltec/autoware/install/behavior_velocity_speed_bump_module:/home/wheeltec/autoware/install/behavior_velocity_run_out_module:/home/wheeltec/autoware/install/behavior_velocity_planner:/home/wheeltec/autoware/install/behavior_velocity_out_of_lane_module:/home/wheeltec/autoware/install/behavior_velocity_occlusion_spot_module:/home/wheeltec/autoware/install/behavior_velocity_no_stopping_area_module:/home/wheeltec/autoware/install/behavior_velocity_no_drivable_lane_module:/home/wheeltec/autoware/install/behavior_velocity_intersection_module:/home/wheeltec/autoware/install/behavior_velocity_dynamic_obstacle_stop_module:/home/wheeltec/autoware/install/behavior_velocity_detection_area_module:/home/wheeltec/autoware/install/behavior_velocity_crosswalk_module:/home/wheeltec/autoware/install/behavior_velocity_blind_spot_module:/home/wheeltec/autoware/install/behavior_velocity_planner_common:/home/wheeltec/autoware/install/motion_velocity_smoother:/home/wheeltec/autoware/install/mission_planner:/home/wheeltec/autoware/install/behavior_path_planner_common:/home/wheeltec/autoware/install/lane_departure_checker:/home/wheeltec/autoware/install/ground_segmentation:/home/wheeltec/autoware/install/control_performance_analysis:/home/wheeltec/autoware/install/global_parameter_loader:/home/wheeltec/autoware/install/freespace_planner:/home/wheeltec/autoware/install/freespace_planning_algorithms:/home/wheeltec/autoware/install/default_ad_api:/home/wheeltec/autoware/install/control_validator:/home/wheeltec/autoware/install/autonomous_emergency_braking:/home/wheeltec/autoware/install/vehicle_info_util:/home/wheeltec/autoware/install/vehicle_door_simulator:/home/wheeltec/autoware/install/twist2accel:/home/wheeltec/autoware/install/lidar_centerpoint_tvm:/home/wheeltec/autoware/install/lidar_apollo_segmentation_tvm_nodes:/home/wheeltec/autoware/install/lidar_apollo_segmentation_tvm:/home/wheeltec/autoware/install/tvm_utility:/home/wheeltec/autoware/install/ndt_scan_matcher:/home/wheeltec/autoware/install/tree_structured_parzen_estimator:/home/wheeltec/autoware/install/traffic_light_visualization:/home/wheeltec/autoware/install/traffic_light_occlusion_predictor:/home/wheeltec/autoware/install/traffic_light_utils:/home/wheeltec/autoware/install/traffic_light_recognition_marker_publisher:/home/wheeltec/autoware/install/traffic_light_multi_camera_fusion:/home/wheeltec/autoware/install/traffic_light_map_based_detector:/home/wheeltec/autoware/install/traffic_light_fine_detector:/home/wheeltec/autoware/install/traffic_light_classifier:/home/wheeltec/autoware/install/traffic_light_arbiter:/home/wheeltec/autoware/install/tracking_object_merger:/home/wheeltec/autoware/install/tier4_system_launch:/home/wheeltec/autoware/install/component_state_monitor:/home/wheeltec/autoware/install/topic_state_monitor:/home/wheeltec/autoware/install/time_utils:/home/wheeltec/autoware/install/tier4_vehicle_rviz_plugin:/home/wheeltec/autoware/install/tier4_map_launch:/home/wheeltec/autoware/install/tier4_calibration_rviz_plugin:/home/wheeltec/autoware/install/external_cmd_selector:/home/wheeltec/autoware/install/awapi_awiv_adapter:/home/wheeltec/autoware/install/autoware_iv_internal_api_adaptor:/home/wheeltec/autoware/install/autoware_iv_external_api_adaptor:/home/wheeltec/autoware/install/tier4_auto_msgs_converter:/home/wheeltec/autoware/install/scenario_selector:/home/wheeltec/autoware/install/external_cmd_converter:/home/wheeltec/autoware/install/accel_brake_map_calibrator:/home/wheeltec/autoware/install/raw_vehicle_cmd_converter:/home/wheeltec/autoware/install/pose_initializer:/home/wheeltec/autoware/install/path_smoother:/home/wheeltec/autoware/install/planning_test_utils:/home/wheeltec/autoware/install/map_projection_loader:/home/wheeltec/autoware/install/map_loader:/home/wheeltec/autoware/install/gnss_poser:/home/wheeltec/autoware/install/geo_pose_projector:/home/wheeltec/autoware/install/component_interface_specs:/home/wheeltec/autoware/install/tier4_vehicle_msgs:/home/wheeltec/autoware/install/tier4_vehicle_launch:/home/wheeltec/autoware/install/dummy_infrastructure:/home/wheeltec/autoware/install/tier4_v2x_msgs:/home/wheeltec/autoware/install/tier4_traffic_light_rviz_plugin:/home/wheeltec/autoware/install/tier4_target_object_type_rviz_plugin:/home/wheeltec/autoware/install/tier4_system_rviz_plugin:/home/wheeltec/autoware/install/tier4_camera_view_rviz_plugin:/home/wheeltec/autoware/install/tier4_api_msgs:/home/wheeltec/autoware/install/tier4_adapi_rviz_plugin:/home/wheeltec/autoware/install/mrm_handler:/home/wheeltec/autoware/install/mrm_emergency_stop_operator:/home/wheeltec/autoware/install/mrm_comfortable_stop_operator:/home/wheeltec/autoware/install/hazard_status_converter:/home/wheeltec/autoware/install/emergency_handler:/home/wheeltec/autoware/install/diagnostic_graph_aggregator:/home/wheeltec/autoware/install/automatic_pose_initializer:/home/wheeltec/autoware/install/ad_api_adaptors:/home/wheeltec/autoware/install/component_interface_utils:/home/wheeltec/autoware/install/component_interface_tools:/home/wheeltec/autoware/install/tier4_system_msgs:/home/wheeltec/autoware/install/tier4_state_rviz_plugin:/home/wheeltec/autoware/install/fault_injection:/home/wheeltec/autoware/install/diagnostic_converter:/home/wheeltec/autoware/install/tier4_simulation_msgs:/home/wheeltec/autoware/install/tier4_simulated_clock_rviz_plugin:/home/wheeltec/autoware/install/tier4_screen_capture_rviz_plugin:/home/wheeltec/autoware/install/rtc_replayer:/home/wheeltec/autoware/install/rtc_manager_rviz_plugin:/home/wheeltec/autoware/install/rtc_interface:/home/wheeltec/autoware/install/tier4_rtc_msgs:/home/wheeltec/autoware/install/mission_planner_rviz_plugin:/home/wheeltec/autoware/install/external_velocity_limit_selector:/home/wheeltec/autoware/install/costmap_generator:/home/wheeltec/autoware/install/autoware_overlay_rviz_plugin:/home/wheeltec/autoware/install/tier4_planning_msgs:/home/wheeltec/autoware/install/tier4_perception_rviz_plugin:/home/wheeltec/autoware/install/tensorrt_yolox:/home/wheeltec/autoware/install/point_cloud_transformer:/home/wheeltec/autoware/install/detection_by_tracker:/home/wheeltec/autoware/install/shape_estimation:/home/wheeltec/autoware/install/radar_object_tracker:/home/wheeltec/autoware/install/object_merger:/home/wheeltec/autoware/install/multi_object_tracker:/home/wheeltec/autoware/install/lidar_apollo_instance_segmentation:/home/wheeltec/autoware/install/image_projection_based_fusion:/home/wheeltec/autoware/install/euclidean_cluster:/home/wheeltec/autoware/install/dummy_perception_publisher:/home/wheeltec/autoware/install/detected_object_validation:/home/wheeltec/autoware/install/detected_object_feature_remover:/home/wheeltec/autoware/install/crosswalk_traffic_light_estimator:/home/wheeltec/autoware/install/cluster_merger:/home/wheeltec/autoware/install/bytetrack:/home/wheeltec/autoware/install/tier4_perception_msgs:/home/wheeltec/autoware/install/occupancy_grid_map_outlier_filter:/home/wheeltec/autoware/install/compare_map_segmentation:/home/wheeltec/autoware/install/pointcloud_preprocessor:/home/wheeltec/autoware/install/tier4_pcl_extensions:/home/wheeltec/autoware/install/tier4_metrics_rviz_plugin:/home/wheeltec/autoware/install/geography_utils:/home/wheeltec/autoware/install/tier4_map_msgs:/home/wheeltec/autoware/install/tier4_logging_level_configure_rviz_plugin:/home/wheeltec/autoware/install/map_height_fitter:/home/wheeltec/autoware/install/ar_tag_based_localizer:/home/wheeltec/autoware/install/landmark_manager:/home/wheeltec/autoware/install/localization_util:/home/wheeltec/autoware/install/tier4_localization_msgs:/home/wheeltec/autoware/install/tier4_hmi_msgs:/home/wheeltec/autoware/install/tier4_control_rviz_plugin:/home/wheeltec/autoware/install/joy_controller:/home/wheeltec/autoware/install/tier4_api_utils:/home/wheeltec/autoware/install/system_monitor:/home/wheeltec/autoware/install/elevation_map_loader:/home/wheeltec/autoware/install/autoware_external_api_msgs:/home/wheeltec/autoware/install/tier4_external_api_msgs:/home/wheeltec/autoware/install/tier4_debug_rviz_plugin:/home/wheeltec/autoware/install/tier4_automatic_goal_rviz_plugin:/home/wheeltec/autoware/install/system_error_monitor:/home/wheeltec/autoware/install/simple_object_merger:/home/wheeltec/autoware/install/frenet_planner:/home/wheeltec/autoware/install/bezier_sampler:/home/wheeltec/autoware/install/sampler_common:/home/wheeltec/autoware/install/route_handler:/home/wheeltec/autoware/install/radar_tracks_msgs_converter:/home/wheeltec/autoware/install/radar_static_pointcloud_filter:/home/wheeltec/autoware/install/radar_object_clustering:/home/wheeltec/autoware/install/radar_fusion_to_detected_object:/home/wheeltec/autoware/install/radar_crossing_objects_noise_filter:/home/wheeltec/autoware/install/probabilistic_occupancy_grid_map:/home/wheeltec/autoware/install/pose_instability_detector:/home/wheeltec/autoware/install/planning_topic_converter:/home/wheeltec/autoware/install/planning_evaluator:/home/wheeltec/autoware/install/path_distance_calculator:/home/wheeltec/autoware/install/objects_of_interest_marker_interface:/home/wheeltec/autoware/install/object_velocity_splitter:/home/wheeltec/autoware/install/lidar_centerpoint:/home/wheeltec/autoware/install/object_recognition_utils:/home/wheeltec/autoware/install/map_based_prediction:/home/wheeltec/autoware/install/motion_utils:/home/wheeltec/autoware/install/localization_evaluator:/home/wheeltec/autoware/install/localization_error_monitor:/home/wheeltec/autoware/install/kinematic_evaluator:/home/wheeltec/autoware/install/interpolation:/home/wheeltec/autoware/install/imu_corrector:/home/wheeltec/autoware/install/image_diagnostics:/home/wheeltec/autoware/install/gyro_odometer:/home/wheeltec/autoware/install/grid_map_utils:/home/wheeltec/autoware/install/goal_distance_calculator:/home/wheeltec/autoware/install/ekf_localizer:/home/wheeltec/autoware/install/dummy_diag_publisher:/home/wheeltec/autoware/install/tier4_autoware_utils:/home/wheeltec/autoware/install/stop_filter:/home/wheeltec/autoware/install/pose2twist:/home/wheeltec/autoware/install/tier4_debug_msgs:/home/wheeltec/autoware/install/tier4_datetime_rviz_plugin:/home/wheeltec/autoware/install/tier4_control_msgs:/home/wheeltec/autoware/install/tensorrt_classifier:/home/wheeltec/autoware/install/tensorrt_common:/home/wheeltec/autoware/install/tamagawa_imu_driver:/home/wheeltec/autoware/install/signal_processing:/home/wheeltec/autoware/install/shift_decider:/home/wheeltec/autoware/install/sample_vehicle_launch:/home/wheeltec/autoware/install/sample_vehicle_description:/home/wheeltec/autoware/install/rtklib_bridge:/home/wheeltec/autoware/install/eagleye_rt:/home/wheeltec/autoware/install/eagleye_gnss_converter:/home/wheeltec/autoware/install/eagleye_geo_pose_converter:/home/wheeltec/autoware/install/eagleye_navigation:/home/wheeltec/autoware/install/eagleye_geo_pose_fusion:/home/wheeltec/autoware/install/eagleye_fix2kml:/home/wheeltec/autoware/install/eagleye_msgs:/home/wheeltec/autoware/install/rtklib_msgs:/home/wheeltec/autoware/install/nebula_sensor_driver:/home/wheeltec/autoware/install/nebula_tests:/home/wheeltec/autoware/install/nebula_examples:/home/wheeltec/autoware/install/nebula_ros:/home/wheeltec/autoware/install/nebula_hw_interfaces:/home/wheeltec/autoware/install/nebula_decoders:/home/wheeltec/autoware/install/robosense_msgs:/home/wheeltec/autoware/install/radar_tracks_noise_filter:/home/wheeltec/autoware/install/radar_threshold_filter:/home/wheeltec/autoware/install/radar_scan_to_pointcloud2:/home/wheeltec/autoware/install/radar_description:/home/wheeltec/autoware/install/qp_interface:/home/wheeltec/autoware/install/polar_grid:/home/wheeltec/autoware/install/pointcloud_to_laserscan:/home/wheeltec/autoware/install/perception_utils:/home/wheeltec/autoware/install/pandar_msgs:/home/wheeltec/autoware/install/pandar_description:/home/wheeltec/autoware/install/osqp_interface:/home/wheeltec/autoware/install/object_range_splitter:/home/wheeltec/autoware/install/nebula_msgs:/home/wheeltec/autoware/install/nebula_common:/home/wheeltec/autoware/install/ndt_omp:/home/wheeltec/autoware/install/mussp:/home/wheeltec/autoware/install/morai_msgs:/home/wheeltec/autoware/install/map_tf_generator:/home/wheeltec/autoware/install/llh_converter:/home/wheeltec/autoware/install/livox_tag_filter:/home/wheeltec/autoware/install/livox_description:/home/wheeltec/autoware/install/lanelet2_map_preprocessor:/home/wheeltec/autoware/install/lanelet2_extension_python:/home/wheeltec/autoware/install/lanelet2_extension:/home/wheeltec/autoware/install/kalman_filter:/home/wheeltec/autoware/install/individual_params:/home/wheeltec/autoware/install/imu_description:/home/wheeltec/autoware/install/image_transport_decompressor:/home/wheeltec/autoware/install/glog_component:/home/wheeltec/autoware/install/fake_test_node:/home/wheeltec/autoware/install/eagleye_tf:/home/wheeltec/autoware/install/eagleye_coordinate:/home/wheeltec/autoware/install/eagleye_can_velocity_converter:/home/wheeltec/autoware/install/duplicated_node_checker:/home/wheeltec/autoware/install/cuda_utils:/home/wheeltec/autoware/install/continental_srvs:/home/wheeltec/autoware/install/continental_msgs:/home/wheeltec/autoware/install/camera_description:/home/wheeltec/autoware/install/boost_udp_driver:/home/wheeltec/autoware/install/boost_tcp_driver:/home/wheeltec/autoware/install/boost_serial_driver:/home/wheeltec/autoware/install/boost_io_context:/home/wheeltec/autoware/install/bluetooth_monitor:/home/wheeltec/autoware/install/bag_time_manager_rviz_plugin:/home/wheeltec/autoware/install/autoware_vehicle_msgs:/home/wheeltec/autoware/install/autoware_utils:/home/wheeltec/autoware/install/autoware_testing:/home/wheeltec/autoware/install/autoware_system_msgs:/home/wheeltec/autoware/install/autoware_sensing_msgs:/home/wheeltec/autoware/install/autoware_point_types:/home/wheeltec/autoware/install/autoware_auto_msgs_adapter:/home/wheeltec/autoware/install/autoware_planning_msgs:/home/wheeltec/autoware/install/autoware_overlay_msgs:/home/wheeltec/autoware/install/autoware_perception_msgs:/home/wheeltec/autoware/install/autoware_map_msgs:/home/wheeltec/autoware/install/autoware_localization_msgs:/home/wheeltec/autoware/install/autoware_lint_common:/home/wheeltec/autoware/install/autoware_internal_msgs:/home/wheeltec/autoware/install/autoware_control_msgs:/home/wheeltec/autoware/install/autoware_common_msgs:/home/wheeltec/autoware/install/autoware_cmake:/home/wheeltec/autoware/install/autoware_auto_msgs:/home/wheeltec/autoware/install/autoware_auto_geometry:/home/wheeltec/autoware/install/autoware_auto_vehicle_msgs:/home/wheeltec/autoware/install/autoware_auto_tf2:/home/wheeltec/autoware/install/autoware_auto_system_msgs:/home/wheeltec/autoware/install/autoware_auto_planning_msgs:/home/wheeltec/autoware/install/autoware_auto_perception_rviz_plugin:/home/wheeltec/autoware/install/autoware_auto_perception_msgs:/home/wheeltec/autoware/install/autoware_auto_mapping_msgs:/home/wheeltec/autoware/install/autoware_auto_geometry_msgs:/home/wheeltec/autoware/install/autoware_auto_control_msgs:/home/wheeltec/autoware/install/autoware_auto_common:/home/wheeltec/autoware/install/autoware_adapi_version_msgs:/home/wheeltec/autoware/install/autoware_adapi_v1_msgs:/home/wheeltec/autoware/install/autoware_ad_api_specs:/home/wheeltec/autoware/install/ament_cmake_auto:/home/wheeltec/autoware/install/ament_cmake:/home/wheeltec/autoware/install/ament_cmake_version:/home/wheeltec/autoware/install/ament_cmake_vendor_package:/home/wheeltec/autoware/install/ament_cmake_pytest:/home/wheeltec/autoware/install/ament_cmake_nose:/home/wheeltec/autoware/install/ament_cmake_gmock:/home/wheeltec/autoware/install/ament_cmake_gtest:/home/wheeltec/autoware/install/ament_cmake_google_benchmark:/home/wheeltec/autoware/install/ament_cmake_test:/home/wheeltec/autoware/install/ament_cmake_target_dependencies:/home/wheeltec/autoware/install/ament_cmake_python:/home/wheeltec/autoware/install/ament_cmake_export_dependencies:/home/wheeltec/autoware/install/ament_cmake_libraries:/home/wheeltec/autoware/install/ament_cmake_include_directories:/home/wheeltec/autoware/install/ament_cmake_gen_version_h:/home/wheeltec/autoware/install/ament_cmake_export_targets:/home/wheeltec/autoware/install/ament_cmake_export_link_flags:/home/wheeltec/autoware/install/ament_cmake_export_interfaces:/home/wheeltec/autoware/install/ament_cmake_export_libraries:/home/wheeltec/autoware/install/ament_cmake_export_include_directories:/home/wheeltec/autoware/install/ament_cmake_export_definitions:/home/wheeltec/autoware/install/ament_cmake_core:/home/wheeltec/wheeltec_stepper_arm/install/stepper_arm:/home/wheeltec/wheeltec_ros2/install/simple_follower_ros2:/home/wheeltec/wheeltec_ros2/install/wheeltec_robot_keyboard:/home/wheeltec/wheeltec_ros2/install/wheeltec_dual_rtk_driver:/home/wheeltec/wheeltec_ros2/install/ultralytics_ros2:/home/wheeltec/wheeltec_ros2/install/tf2_tools:/home/wheeltec/wheeltec_ros2/install/ollama_ros_chat:/home/wheeltec/wheeltec_ros2/install/nmea_navsat_driver:/home/wheeltec/wheeltec_ros2/install/nav2_waypoint_cycle:/home/wheeltec/wheeltec_ros2/install/nav2_simple_commander:/home/wheeltec/wheeltec_ros2/install/largemodel:/home/wheeltec/wheeltec_ros2/install/auto_recharge_ros2:/home/wheeltec/autoware/install/autoware_wheeltec_interface:/home/wheeltec/autoware/install/autoware_multi_point:/home/wheeltec/autoware/install/ad_api_visualizers:/opt/ros/humble LD_LIBRARY_PATH=/home/wheeltec/wheeltec_ros2/install/nav2_msgs/lib:/home/wheeltec/wheeltec_ros2/install/yesense_interface/lib:/home/wheeltec/wheeltec_ros2/install/wheeltec_rrt_msg/lib:/home/wheeltec/wheeltec_ros2/install/wheeltec_robot_rrt/lib:/home/wheeltec/wheeltec_ros2/install/turn_on_wheeltec_robot/lib:/home/wheeltec/wheeltec_ros2/install/wheeltec_robot_msg/lib:/home/wheeltec/wheeltec_ros2/install/wheeltec_mic_msg/lib:/home/wheeltec/wheeltec_ros2/install/usb_cam/lib:/home/wheeltec/wheeltec_ros2/install/ublox_gps/lib:/home/wheeltec/wheeltec_ros2/install/ublox_msgs/lib:/home/wheeltec/wheeltec_ros2/install/serial/lib:/home/wheeltec/wheeltec_ros2/install/pointcloud_to_laserscan/lib:/home/wheeltec/wheeltec_ros2/install/orb_slam2_ros/lib:/home/wheeltec/wheeltec_ros2/install/openslam_gmapping/lib:/home/wheeltec/wheeltec_ros2/install/ollama_ros_msgs/lib:/home/wheeltec/wheeltec_ros2/install/nmea_msgs/lib:/home/wheeltec/wheeltec_ros2/install/nav2_smoother/lib:/home/wheeltec/wheeltec_ros2/install/nav2_controller/lib:/home/wheeltec/wheeltec_ros2/install/dwb_plugins/lib:/home/wheeltec/wheeltec_ros2/install/dwb_critics/lib:/home/wheeltec/wheeltec_ros2/install/dwb_core/lib:/home/wheeltec/wheeltec_ros2/install/nav_2d_utils/lib:/home/wheeltec/wheeltec_ros2/install/dwb_msgs/lib:/home/wheeltec/wheeltec_ros2/install/nav_2d_msgs/lib:/home/wheeltec/wheeltec_ros2/install/nav2_waypoint_follower/lib:/home/wheeltec/wheeltec_ros2/install/nav2_theta_star_planner/lib:/home/wheeltec/wheeltec_ros2/install/nav2_smac_planner/lib:/home/wheeltec/wheeltec_ros2/install/nav2_rotation_shim_controller/lib:/home/wheeltec/wheeltec_ros2/install/nav2_regulated_pure_pursuit_controller/lib:/home/wheeltec/wheeltec_ros2/install/nav2_planner/lib:/home/wheeltec/wheeltec_ros2/install/nav2_navfn_planner/lib:/home/wheeltec/wheeltec_ros2/install/nav2_mppi_controller/lib:/home/wheeltec/wheeltec_ros2/install/nav2_constrained_smoother/lib:/home/wheeltec/wheeltec_ros2/install/nav2_bt_navigator/lib:/home/wheeltec/wheeltec_ros2/install/nav2_behaviors/lib:/home/wheeltec/wheeltec_ros2/install/nav2_collision_monitor/lib:/home/wheeltec/wheeltec_ros2/install/costmap_queue/lib:/home/wheeltec/wheeltec_ros2/install/nav2_costmap_2d/lib:/home/wheeltec/wheeltec_ros2/install/nav2_voxel_grid/lib:/home/wheeltec/wheeltec_ros2/install/nav2_velocity_smoother/lib:/home/wheeltec/wheeltec_ros2/install/nav2_rviz_plugins/lib:/home/wheeltec/wheeltec_ros2/install/nav2_map_server/lib:/home/wheeltec/wheeltec_ros2/install/nav2_lifecycle_manager/lib:/home/wheeltec/wheeltec_ros2/install/nav2_behavior_tree/lib:/home/wheeltec/wheeltec_ros2/install/nav2_amcl/lib:/home/wheeltec/wheeltec_ros2/install/nav2_util/lib:/home/wheeltec/wheeltec_ros2/install/lslidar_driver/lib:/home/wheeltec/wheeltec_ros2/install/lslidar_msgs/lib:/home/wheeltec/wheeltec_ros2/install/lio_sam/lib:/home/wheeltec/wheeltec_ros2/install/interfaces/lib:/home/wheeltec/wheeltec_ros2/install/cloud_msgs/lib:/home/wheeltec/wheeltec_ros2/install/bodyreader_msg/lib:/home/wheeltec/wheeltec_ros2/install/astra_camera/lib:/home/wheeltec/wheeltec_ros2/install/astra_camera_msgs/lib:/home/wheeltec/wheeltec_ros2/install/aruco_ros/lib:/home/wheeltec/wheeltec_ros2/install/aruco_msgs/lib:/home/wheeltec/wheeltec_ros2/install/aruco/lib:/home/wheeltec/wheeltec_ros2/install/ackermann_msgs/lib:/home/wheeltec/autoware/install/pose_estimator_arbiter/lib:/home/wheeltec/autoware/install/yabloc_particle_filter/lib:/home/wheeltec/autoware/install/yabloc_common/lib:/home/wheeltec/autoware/install/vehicle_cmd_gate/lib:/home/wheeltec/autoware/install/trajectory_follower_node/lib:/home/wheeltec/autoware/install/pure_pursuit/lib:/home/wheeltec/autoware/install/pid_longitudinal_controller/lib:/home/wheeltec/autoware/install/mpc_lateral_controller/lib:/home/wheeltec/autoware/install/trajectory_follower_base/lib:/home/wheeltec/autoware/install/tier4_planning_rviz_plugin/lib:/home/wheeltec/autoware/install/tier4_localization_rviz_plugin/lib:/home/wheeltec/autoware/install/surround_obstacle_checker/lib:/home/wheeltec/autoware/install/steer_offset_estimator/lib:/home/wheeltec/autoware/install/static_centerline_optimizer/lib:/home/wheeltec/autoware/install/simple_planning_simulator/lib:/home/wheeltec/autoware/install/predicted_path_checker/lib:/home/wheeltec/autoware/install/planning_validator/lib:/home/wheeltec/autoware/install/perception_online_evaluator/lib:/home/wheeltec/autoware/install/behavior_path_start_planner_module/lib:/home/wheeltec/autoware/install/behavior_path_side_shift_module/lib:/home/wheeltec/autoware/install/behavior_path_sampling_planner_module/lib:/home/wheeltec/autoware/install/behavior_path_external_request_lane_change_module/lib:/home/wheeltec/autoware/install/behavior_path_avoidance_by_lane_change_module/lib:/home/wheeltec/autoware/install/behavior_path_lane_change_module/lib:/home/wheeltec/autoware/install/behavior_path_goal_planner_module/lib:/home/wheeltec/autoware/install/behavior_path_dynamic_avoidance_module/lib:/home/wheeltec/autoware/install/behavior_path_avoidance_module/lib:/home/wheeltec/autoware/install/behavior_path_planner/lib:/home/wheeltec/autoware/install/path_sampler/lib:/home/wheeltec/autoware/install/operation_mode_transition_manager/lib:/home/wheeltec/autoware/install/obstacle_velocity_limiter/lib:/home/wheeltec/autoware/install/obstacle_stop_planner/lib:/home/wheeltec/autoware/install/obstacle_cruise_planner/lib:/home/wheeltec/autoware/install/obstacle_collision_checker/lib:/home/wheeltec/autoware/install/obstacle_avoidance_planner/lib:/home/wheeltec/autoware/install/behavior_velocity_walkway_module/lib:/home/wheeltec/autoware/install/behavior_velocity_virtual_traffic_light_module/lib:/home/wheeltec/autoware/install/behavior_velocity_traffic_light_module/lib:/home/wheeltec/autoware/install/behavior_velocity_template_module/lib:/home/wheeltec/autoware/install/behavior_velocity_stop_line_module/lib:/home/wheeltec/autoware/install/behavior_velocity_speed_bump_module/lib:/home/wheeltec/autoware/install/behavior_velocity_run_out_module/lib:/home/wheeltec/autoware/install/behavior_velocity_planner/lib:/home/wheeltec/autoware/install/behavior_velocity_out_of_lane_module/lib:/home/wheeltec/autoware/install/behavior_velocity_occlusion_spot_module/lib:/home/wheeltec/autoware/install/behavior_velocity_no_stopping_area_module/lib:/home/wheeltec/autoware/install/behavior_velocity_no_drivable_lane_module/lib:/home/wheeltec/autoware/install/behavior_velocity_intersection_module/lib:/home/wheeltec/autoware/install/behavior_velocity_dynamic_obstacle_stop_module/lib:/home/wheeltec/autoware/install/behavior_velocity_detection_area_module/lib:/home/wheeltec/autoware/install/behavior_velocity_crosswalk_module/lib:/home/wheeltec/autoware/install/behavior_velocity_blind_spot_module/lib:/home/wheeltec/autoware/install/behavior_velocity_planner_common/lib:/home/wheeltec/autoware/install/motion_velocity_smoother/lib:/home/wheeltec/autoware/install/mission_planner/lib:/home/wheeltec/autoware/install/behavior_path_planner_common/lib:/home/wheeltec/autoware/install/lane_departure_checker/lib:/home/wheeltec/autoware/install/ground_segmentation/lib:/home/wheeltec/autoware/install/control_performance_analysis/lib:/home/wheeltec/autoware/install/freespace_planner/lib:/home/wheeltec/autoware/install/freespace_planning_algorithms/lib:/home/wheeltec/autoware/install/default_ad_api/lib:/home/wheeltec/autoware/install/control_validator/lib:/home/wheeltec/autoware/install/autonomous_emergency_braking/lib:/home/wheeltec/autoware/install/vehicle_info_util/lib:/home/wheeltec/autoware/install/lidar_centerpoint_tvm/lib:/home/wheeltec/autoware/install/lidar_apollo_segmentation_tvm_nodes/lib:/home/wheeltec/autoware/install/lidar_apollo_segmentation_tvm/lib:/home/wheeltec/autoware/install/tvm_utility/lib:/home/wheeltec/autoware/install/tree_structured_parzen_estimator/lib:/home/wheeltec/autoware/install/traffic_light_visualization/lib:/home/wheeltec/autoware/install/traffic_light_occlusion_predictor/lib:/home/wheeltec/autoware/install/traffic_light_utils/lib:/home/wheeltec/autoware/install/traffic_light_recognition_marker_publisher/lib:/home/wheeltec/autoware/install/traffic_light_multi_camera_fusion/lib:/home/wheeltec/autoware/install/traffic_light_map_based_detector/lib:/home/wheeltec/autoware/install/traffic_light_fine_detector/lib:/home/wheeltec/autoware/install/traffic_light_classifier/lib:/home/wheeltec/autoware/install/traffic_light_arbiter/lib:/home/wheeltec/autoware/install/tracking_object_merger/lib:/home/wheeltec/autoware/install/component_state_monitor/lib:/home/wheeltec/autoware/install/topic_state_monitor/lib:/home/wheeltec/autoware/install/time_utils/lib:/home/wheeltec/autoware/install/tier4_vehicle_rviz_plugin/lib:/home/wheeltec/autoware/install/tier4_calibration_rviz_plugin/lib:/home/wheeltec/autoware/install/external_cmd_selector/lib:/home/wheeltec/autoware/install/autoware_iv_internal_api_adaptor/lib:/home/wheeltec/autoware/install/autoware_iv_external_api_adaptor/lib:/home/wheeltec/autoware/install/scenario_selector/lib:/home/wheeltec/autoware/install/external_cmd_converter/lib:/home/wheeltec/autoware/install/raw_vehicle_cmd_converter/lib:/home/wheeltec/autoware/install/path_smoother/lib:/home/wheeltec/autoware/install/planning_test_utils/lib:/home/wheeltec/autoware/install/map_projection_loader/lib:/home/wheeltec/autoware/install/map_loader/lib:/home/wheeltec/autoware/install/gnss_poser/lib:/home/wheeltec/autoware/install/tier4_vehicle_msgs/lib:/home/wheeltec/autoware/install/dummy_infrastructure/lib:/home/wheeltec/autoware/install/tier4_v2x_msgs/lib:/home/wheeltec/autoware/install/tier4_traffic_light_rviz_plugin/lib:/home/wheeltec/autoware/install/tier4_target_object_type_rviz_plugin/lib:/home/wheeltec/autoware/install/tier4_system_rviz_plugin/lib:/home/wheeltec/autoware/install/tier4_camera_view_rviz_plugin/lib:/home/wheeltec/autoware/install/tier4_api_msgs/lib:/home/wheeltec/autoware/install/tier4_adapi_rviz_plugin/lib:/home/wheeltec/autoware/install/mrm_emergency_stop_operator/lib:/home/wheeltec/autoware/install/mrm_comfortable_stop_operator/lib:/home/wheeltec/autoware/install/hazard_status_converter/lib:/home/wheeltec/autoware/install/diagnostic_graph_aggregator/lib:/home/wheeltec/autoware/install/tier4_system_msgs/lib:/home/wheeltec/autoware/install/tier4_state_rviz_plugin/lib:/home/wheeltec/autoware/install/fault_injection/lib:/home/wheeltec/autoware/install/diagnostic_converter/lib:/home/wheeltec/autoware/install/tier4_simulation_msgs/lib:/home/wheeltec/autoware/install/tier4_simulated_clock_rviz_plugin/lib:/home/wheeltec/autoware/install/tier4_screen_capture_rviz_plugin/lib:/home/wheeltec/autoware/install/rtc_replayer/lib:/home/wheeltec/autoware/install/rtc_manager_rviz_plugin/lib:/home/wheeltec/autoware/install/rtc_interface/lib:/home/wheeltec/autoware/install/tier4_rtc_msgs/lib:/home/wheeltec/autoware/install/mission_planner_rviz_plugin/lib:/home/wheeltec/autoware/install/external_velocity_limit_selector/lib:/home/wheeltec/autoware/install/costmap_generator/lib:/home/wheeltec/autoware/install/autoware_overlay_rviz_plugin/lib:/home/wheeltec/autoware/install/tier4_planning_msgs/lib:/home/wheeltec/autoware/install/tier4_perception_rviz_plugin/lib:/home/wheeltec/autoware/install/tensorrt_yolox/lib:/home/wheeltec/autoware/install/point_cloud_transformer/lib:/home/wheeltec/autoware/install/detection_by_tracker/lib:/home/wheeltec/autoware/install/shape_estimation/lib:/home/wheeltec/autoware/install/radar_object_tracker/lib:/home/wheeltec/autoware/install/object_merger/lib:/home/wheeltec/autoware/install/multi_object_tracker/lib:/home/wheeltec/autoware/install/lidar_apollo_instance_segmentation/lib:/home/wheeltec/autoware/install/image_projection_based_fusion/lib:/home/wheeltec/autoware/install/euclidean_cluster/lib:/home/wheeltec/autoware/install/dummy_perception_publisher/lib:/home/wheeltec/autoware/install/detected_object_validation/lib:/home/wheeltec/autoware/install/detected_object_feature_remover/lib:/home/wheeltec/autoware/install/crosswalk_traffic_light_estimator/lib:/home/wheeltec/autoware/install/cluster_merger/lib:/home/wheeltec/autoware/install/bytetrack/lib:/home/wheeltec/autoware/install/tier4_perception_msgs/lib:/home/wheeltec/autoware/install/occupancy_grid_map_outlier_filter/lib:/home/wheeltec/autoware/install/compare_map_segmentation/lib:/home/wheeltec/autoware/install/pointcloud_preprocessor/lib:/home/wheeltec/autoware/install/tier4_pcl_extensions/lib:/home/wheeltec/autoware/install/tier4_metrics_rviz_plugin/lib:/home/wheeltec/autoware/install/geography_utils/lib:/home/wheeltec/autoware/install/tier4_map_msgs/lib:/home/wheeltec/autoware/install/tier4_logging_level_configure_rviz_plugin/lib:/home/wheeltec/autoware/install/map_height_fitter/lib:/home/wheeltec/autoware/install/landmark_manager/lib:/home/wheeltec/autoware/install/localization_util/lib:/home/wheeltec/autoware/install/tier4_localization_msgs/lib:/home/wheeltec/autoware/install/tier4_hmi_msgs/lib:/home/wheeltec/autoware/install/tier4_control_rviz_plugin/lib:/home/wheeltec/autoware/install/joy_controller/lib:/home/wheeltec/autoware/install/system_monitor/lib:/home/wheeltec/autoware/install/elevation_map_loader/lib:/home/wheeltec/autoware/install/autoware_external_api_msgs/lib:/home/wheeltec/autoware/install/tier4_external_api_msgs/lib:/home/wheeltec/autoware/install/tier4_debug_rviz_plugin/lib:/home/wheeltec/autoware/install/tier4_automatic_goal_rviz_plugin/lib:/home/wheeltec/autoware/install/simple_object_merger/lib:/home/wheeltec/autoware/install/frenet_planner/lib:/home/wheeltec/autoware/install/bezier_sampler/lib:/home/wheeltec/autoware/install/sampler_common/lib:/home/wheeltec/autoware/install/route_handler/lib:/home/wheeltec/autoware/install/radar_tracks_msgs_converter/lib:/home/wheeltec/autoware/install/radar_static_pointcloud_filter/lib:/home/wheeltec/autoware/install/radar_object_clustering/lib:/home/wheeltec/autoware/install/radar_fusion_to_detected_object/lib:/home/wheeltec/autoware/install/radar_crossing_objects_noise_filter/lib:/home/wheeltec/autoware/install/probabilistic_occupancy_grid_map/lib:/home/wheeltec/autoware/install/planning_topic_converter/lib:/home/wheeltec/autoware/install/planning_evaluator/lib:/home/wheeltec/autoware/install/path_distance_calculator/lib:/home/wheeltec/autoware/install/objects_of_interest_marker_interface/lib:/home/wheeltec/autoware/install/object_velocity_splitter/lib:/home/wheeltec/autoware/install/lidar_centerpoint/lib:/home/wheeltec/autoware/install/object_recognition_utils/lib:/home/wheeltec/autoware/install/map_based_prediction/lib:/home/wheeltec/autoware/install/motion_utils/lib:/home/wheeltec/autoware/install/localization_evaluator/lib:/home/wheeltec/autoware/install/localization_error_monitor/lib:/home/wheeltec/autoware/install/kinematic_evaluator/lib:/home/wheeltec/autoware/install/interpolation/lib:/home/wheeltec/autoware/install/imu_corrector/lib:/home/wheeltec/autoware/install/image_diagnostics/lib:/home/wheeltec/autoware/install/gyro_odometer/lib:/home/wheeltec/autoware/install/grid_map_utils/lib:/home/wheeltec/autoware/install/goal_distance_calculator/lib:/home/wheeltec/autoware/install/ekf_localizer/lib:/home/wheeltec/autoware/install/tier4_autoware_utils/lib:/home/wheeltec/autoware/install/tier4_debug_msgs/lib:/home/wheeltec/autoware/install/tier4_datetime_rviz_plugin/lib:/home/wheeltec/autoware/install/tier4_control_msgs/lib:/home/wheeltec/autoware/install/tensorrt_classifier/lib:/home/wheeltec/autoware/install/tensorrt_common/lib:/home/wheeltec/autoware/install/signal_processing/lib:/home/wheeltec/autoware/install/shift_decider/lib:/home/wheeltec/autoware/install/eagleye_navigation/lib:/home/wheeltec/autoware/install/eagleye_msgs/lib:/home/wheeltec/autoware/install/rtklib_msgs/lib:/home/wheeltec/autoware/install/nebula_examples/lib:/home/wheeltec/autoware/install/nebula_ros/lib:/home/wheeltec/autoware/install/nebula_hw_interfaces/lib:/home/wheeltec/autoware/install/nebula_decoders/lib:/home/wheeltec/autoware/install/robosense_msgs/lib:/home/wheeltec/autoware/install/radar_tracks_noise_filter/lib:/home/wheeltec/autoware/install/radar_threshold_filter/lib:/home/wheeltec/autoware/install/radar_scan_to_pointcloud2/lib:/home/wheeltec/autoware/install/qp_interface/lib:/home/wheeltec/autoware/install/polar_grid/lib:/home/wheeltec/autoware/install/pointcloud_to_laserscan/lib:/home/wheeltec/autoware/install/pandar_msgs/lib:/home/wheeltec/autoware/install/osqp_interface/lib:/home/wheeltec/autoware/install/object_range_splitter/lib:/home/wheeltec/autoware/install/nebula_msgs/lib:/home/wheeltec/autoware/install/nebula_common/lib:/home/wheeltec/autoware/install/ndt_omp/lib:/home/wheeltec/autoware/install/mussp/lib:/home/wheeltec/autoware/install/morai_msgs/lib:/home/wheeltec/autoware/install/map_tf_generator/lib:/home/wheeltec/autoware/install/llh_converter/lib:/home/wheeltec/autoware/install/livox_tag_filter/lib:/home/wheeltec/autoware/install/lanelet2_extension/lib:/home/wheeltec/autoware/install/kalman_filter/lib:/home/wheeltec/autoware/install/image_transport_decompressor/lib:/home/wheeltec/autoware/install/glog_component/lib:/home/wheeltec/autoware/install/fake_test_node/lib:/home/wheeltec/autoware/install/eagleye_coordinate/lib:/home/wheeltec/autoware/install/duplicated_node_checker/lib:/home/wheeltec/autoware/install/continental_srvs/lib:/home/wheeltec/autoware/install/continental_msgs/lib:/home/wheeltec/autoware/install/boost_udp_driver/lib:/home/wheeltec/autoware/install/boost_tcp_driver/lib:/home/wheeltec/autoware/install/boost_serial_driver/lib:/home/wheeltec/autoware/install/boost_io_context/lib:/home/wheeltec/autoware/install/bluetooth_monitor/lib:/home/wheeltec/autoware/install/bag_time_manager_rviz_plugin/lib:/home/wheeltec/autoware/install/autoware_vehicle_msgs/lib:/home/wheeltec/autoware/install/autoware_utils/lib:/home/wheeltec/autoware/install/autoware_system_msgs/lib:/home/wheeltec/autoware/install/autoware_sensing_msgs/lib:/home/wheeltec/autoware/install/autoware_auto_msgs_adapter/lib:/home/wheeltec/autoware/install/autoware_planning_msgs/lib:/home/wheeltec/autoware/install/autoware_overlay_msgs/lib:/home/wheeltec/autoware/install/autoware_perception_msgs/lib:/home/wheeltec/autoware/install/autoware_map_msgs/lib:/home/wheeltec/autoware/install/autoware_localization_msgs/lib:/home/wheeltec/autoware/install/autoware_internal_msgs/lib:/home/wheeltec/autoware/install/autoware_control_msgs/lib:/home/wheeltec/autoware/install/autoware_common_msgs/lib:/home/wheeltec/autoware/install/autoware_auto_geometry/lib:/home/wheeltec/autoware/install/autoware_auto_vehicle_msgs/lib:/home/wheeltec/autoware/install/autoware_auto_system_msgs/lib:/home/wheeltec/autoware/install/autoware_auto_planning_msgs/lib:/home/wheeltec/autoware/install/autoware_auto_perception_rviz_plugin/lib:/home/wheeltec/autoware/install/autoware_auto_perception_msgs/lib:/home/wheeltec/autoware/install/autoware_auto_mapping_msgs/lib:/home/wheeltec/autoware/install/autoware_auto_geometry_msgs/lib:/home/wheeltec/autoware/install/autoware_auto_control_msgs/lib:/home/wheeltec/autoware/install/autoware_adapi_version_msgs/lib:/home/wheeltec/autoware/install/autoware_adapi_v1_msgs/lib:/home/wheeltec/wheeltec_stepper_arm/install/stepper_arm/lib:/opt/ros/humble/opt/rviz_ogre_vendor/lib:/opt/ros/humble/lib/aarch64-linux-gnu:/opt/ros/humble/lib:/usr/lib/aarch64-linux-gnu /usr/bin/cmake --install /home/wheeltec/wheeltec_ros2/build/wheeltec_multi
[41.898s] Level 1:colcon.colcon_core.environment:checking '/home/wheeltec/wheeltec_ros2/install/wheeltec_multi' for CMake module files
[41.900s] Level 1:colcon.colcon_core.environment:checking '/home/wheeltec/wheeltec_ros2/install/wheeltec_multi' for CMake config files
[41.901s] Level 1:colcon.colcon_core.shell:create_environment_hook('wheeltec_multi', 'cmake_prefix_path')
[41.902s] INFO:colcon.colcon_core.shell:Creating environment hook '/home/wheeltec/wheeltec_ros2/install/wheeltec_multi/share/wheeltec_multi/hook/cmake_prefix_path.ps1'
[41.903s] INFO:colcon.colcon_core.shell:Creating environment descriptor '/home/wheeltec/wheeltec_ros2/install/wheeltec_multi/share/wheeltec_multi/hook/cmake_prefix_path.dsv'
[41.905s] INFO:colcon.colcon_core.shell:Creating environment hook '/home/wheeltec/wheeltec_ros2/install/wheeltec_multi/share/wheeltec_multi/hook/cmake_prefix_path.sh'
[41.908s] Level 1:colcon.colcon_core.environment:checking '/home/wheeltec/wheeltec_ros2/install/wheeltec_multi/lib'
[41.909s] Level 1:colcon.colcon_core.environment:checking '/home/wheeltec/wheeltec_ros2/install/wheeltec_multi/bin'
[41.909s] Level 1:colcon.colcon_core.environment:checking '/home/wheeltec/wheeltec_ros2/install/wheeltec_multi/lib/pkgconfig/wheeltec_multi.pc'
[41.910s] Level 1:colcon.colcon_core.environment:checking '/home/wheeltec/wheeltec_ros2/install/wheeltec_multi/lib/python3.10/site-packages'
[41.911s] Level 1:colcon.colcon_core.environment:checking '/home/wheeltec/wheeltec_ros2/install/wheeltec_multi/bin'
[41.912s] INFO:colcon.colcon_core.shell:Creating package script '/home/wheeltec/wheeltec_ros2/install/wheeltec_multi/share/wheeltec_multi/package.ps1'
[41.915s] INFO:colcon.colcon_core.shell:Creating package descriptor '/home/wheeltec/wheeltec_ros2/install/wheeltec_multi/share/wheeltec_multi/package.dsv'
[41.917s] INFO:colcon.colcon_core.shell:Creating package script '/home/wheeltec/wheeltec_ros2/install/wheeltec_multi/share/wheeltec_multi/package.sh'
[41.919s] INFO:colcon.colcon_core.shell:Creating package script '/home/wheeltec/wheeltec_ros2/install/wheeltec_multi/share/wheeltec_multi/package.bash'
[41.922s] INFO:colcon.colcon_core.shell:Creating package script '/home/wheeltec/wheeltec_ros2/install/wheeltec_multi/share/wheeltec_multi/package.zsh'
[41.924s] Level 1:colcon.colcon_core.environment:create_file_with_runtime_dependencies(/home/wheeltec/wheeltec_ros2/install/wheeltec_multi/share/colcon-core/packages/wheeltec_multi)
[41.927s] Level 1:colcon.colcon_core.environment:create_environment_scripts_only(wheeltec_multi)
[41.927s] Level 1:colcon.colcon_core.environment:checking '/home/wheeltec/wheeltec_ros2/install/wheeltec_multi' for CMake module files
[41.929s] Level 1:colcon.colcon_core.environment:checking '/home/wheeltec/wheeltec_ros2/install/wheeltec_multi' for CMake config files
[41.930s] Level 1:colcon.colcon_core.shell:create_environment_hook('wheeltec_multi', 'cmake_prefix_path')
[41.931s] INFO:colcon.colcon_core.shell:Creating environment hook '/home/wheeltec/wheeltec_ros2/install/wheeltec_multi/share/wheeltec_multi/hook/cmake_prefix_path.ps1'
[41.932s] INFO:colcon.colcon_core.shell:Creating environment descriptor '/home/wheeltec/wheeltec_ros2/install/wheeltec_multi/share/wheeltec_multi/hook/cmake_prefix_path.dsv'
[41.934s] INFO:colcon.colcon_core.shell:Creating environment hook '/home/wheeltec/wheeltec_ros2/install/wheeltec_multi/share/wheeltec_multi/hook/cmake_prefix_path.sh'
[41.935s] Level 1:colcon.colcon_core.environment:checking '/home/wheeltec/wheeltec_ros2/install/wheeltec_multi/lib'
[41.936s] Level 1:colcon.colcon_core.environment:checking '/home/wheeltec/wheeltec_ros2/install/wheeltec_multi/bin'
[41.936s] Level 1:colcon.colcon_core.environment:checking '/home/wheeltec/wheeltec_ros2/install/wheeltec_multi/lib/pkgconfig/wheeltec_multi.pc'
[41.936s] Level 1:colcon.colcon_core.environment:checking '/home/wheeltec/wheeltec_ros2/install/wheeltec_multi/lib/python3.10/site-packages'
[41.937s] Level 1:colcon.colcon_core.environment:checking '/home/wheeltec/wheeltec_ros2/install/wheeltec_multi/bin'
[41.938s] INFO:colcon.colcon_core.shell:Creating package script '/home/wheeltec/wheeltec_ros2/install/wheeltec_multi/share/wheeltec_multi/package.ps1'
[41.939s] INFO:colcon.colcon_core.shell:Creating package descriptor '/home/wheeltec/wheeltec_ros2/install/wheeltec_multi/share/wheeltec_multi/package.dsv'
[41.941s] INFO:colcon.colcon_core.shell:Creating package script '/home/wheeltec/wheeltec_ros2/install/wheeltec_multi/share/wheeltec_multi/package.sh'
[41.942s] INFO:colcon.colcon_core.shell:Creating package script '/home/wheeltec/wheeltec_ros2/install/wheeltec_multi/share/wheeltec_multi/package.bash'
[41.943s] INFO:colcon.colcon_core.shell:Creating package script '/home/wheeltec/wheeltec_ros2/install/wheeltec_multi/share/wheeltec_multi/package.zsh'
[41.945s] Level 1:colcon.colcon_core.environment:create_file_with_runtime_dependencies(/home/wheeltec/wheeltec_ros2/install/wheeltec_multi/share/colcon-core/packages/wheeltec_multi)
[41.945s] DEBUG:colcon.colcon_parallel_executor.executor.parallel:closing loop
[41.946s] DEBUG:colcon.colcon_parallel_executor.executor.parallel:loop closed
[41.947s] DEBUG:colcon.colcon_parallel_executor.executor.parallel:run_until_complete finished with '0'
[41.947s] DEBUG:colcon.colcon_core.event_reactor:joining thread
[41.994s] INFO:colcon.colcon_core.plugin_system:Skipping extension 'colcon_notification.desktop_notification.terminal_notifier': Not used on non-Darwin systems
[41.995s] INFO:colcon.colcon_core.plugin_system:Skipping extension 'colcon_notification.desktop_notification.win32': Not used on non-Windows systems
[41.995s] INFO:colcon.colcon_notification.desktop_notification:Sending desktop notification using 'notify2'
[42.030s] DEBUG:colcon.colcon_core.event_reactor:joined thread
[42.031s] INFO:colcon.colcon_core.shell:Creating prefix script '/home/wheeltec/wheeltec_ros2/install/local_setup.ps1'
[42.035s] INFO:colcon.colcon_core.shell:Creating prefix util module '/home/wheeltec/wheeltec_ros2/install/_local_setup_util_ps1.py'
[42.039s] INFO:colcon.colcon_core.shell:Creating prefix chain script '/home/wheeltec/wheeltec_ros2/install/setup.ps1'
[42.096s] INFO:colcon.colcon_core.shell:Creating prefix script '/home/wheeltec/wheeltec_ros2/install/local_setup.sh'
[42.098s] INFO:colcon.colcon_core.shell:Creating prefix util module '/home/wheeltec/wheeltec_ros2/install/_local_setup_util_sh.py'
[42.100s] INFO:colcon.colcon_core.shell:Creating prefix chain script '/home/wheeltec/wheeltec_ros2/install/setup.sh'
[42.144s] INFO:colcon.colcon_core.shell:Creating prefix script '/home/wheeltec/wheeltec_ros2/install/local_setup.bash'
[42.145s] INFO:colcon.colcon_core.shell:Creating prefix chain script '/home/wheeltec/wheeltec_ros2/install/setup.bash'
[42.185s] INFO:colcon.colcon_core.shell:Creating prefix script '/home/wheeltec/wheeltec_ros2/install/local_setup.zsh'
[42.187s] INFO:colcon.colcon_core.shell:Creating prefix chain script '/home/wheeltec/wheeltec_ros2/install/setup.zsh'
