[0.112s] DEBUG:colcon:Command line arguments: ['/usr/bin/colcon', 'build', '--packages-select', 'qt_ros_test']
[0.112s] DEBUG:colcon:Parsed command line arguments: Namespace(log_base=None, log_level=None, verb_name='build', build_base='build', install_base='install', merge_install=False, symlink_install=False, test_result_base=None, continue_on_error=False, executor='parallel', parallel_workers=4, event_handlers=None, ignore_user_meta=False, metas=['./colcon.meta'], base_paths=['.'], packages_ignore=None, packages_ignore_regex=None, paths=None, packages_up_to=None, packages_up_to_regex=None, packages_above=None, packages_above_and_dependencies=None, packages_above_depth=None, packages_select_by_dep=None, packages_skip_by_dep=None, packages_skip_up_to=None, packages_select_build_failed=False, packages_skip_build_finished=False, packages_select_test_failures=False, packages_skip_test_passed=False, packages_select=['qt_ros_test'], packages_skip=None, packages_select_regex=None, packages_skip_regex=None, packages_start=None, packages_end=None, allow_overriding=[], cmake_args=None, cmake_target=None, cmake_target_skip_unavailable=False, cmake_clean_cache=False, cmake_clean_first=False, cmake_force_configure=False, ament_cmake_args=None, catkin_cmake_args=None, catkin_skip_building_tests=False, mixin_files=None, mixin=None, verb_parser=<colcon_mixin.mixin.mixin_argument.MixinArgumentDecorator object at 0x76b155681600>, verb_extension=<colcon_core.verb.build.BuildVerb object at 0x76b155681000>, main=<bound method BuildVerb.main of <colcon_core.verb.build.BuildVerb object at 0x76b155681000>>, mixin_verb=('build',))
[0.232s] Level 1:colcon.colcon_core.package_discovery:discover_packages(colcon_meta) check parameters
[0.233s] Level 1:colcon.colcon_core.package_discovery:discover_packages(recursive) check parameters
[0.233s] Level 1:colcon.colcon_core.package_discovery:discover_packages(ignore) check parameters
[0.233s] Level 1:colcon.colcon_core.package_discovery:discover_packages(path) check parameters
[0.233s] Level 1:colcon.colcon_core.package_discovery:discover_packages(colcon_meta) discover
[0.233s] Level 1:colcon.colcon_core.package_discovery:discover_packages(recursive) discover
[0.233s] INFO:colcon.colcon_core.package_discovery:Crawling recursively for packages in '/mnt'
[0.235s] Level 1:colcon.colcon_core.package_identification:_identify(.) by extensions ['ignore', 'ignore_ament_install']
[0.235s] Level 1:colcon.colcon_core.package_identification:_identify(.) by extension 'ignore'
[0.235s] Level 1:colcon.colcon_core.package_identification:_identify(.) by extension 'ignore_ament_install'
[0.236s] Level 1:colcon.colcon_core.package_identification:_identify(.) by extensions ['colcon_pkg']
[0.236s] Level 1:colcon.colcon_core.package_identification:_identify(.) by extension 'colcon_pkg'
[0.236s] Level 1:colcon.colcon_core.package_identification:_identify(.) by extensions ['colcon_meta']
[0.236s] Level 1:colcon.colcon_core.package_identification:_identify(.) by extension 'colcon_meta'
[0.236s] Level 1:colcon.colcon_core.package_identification:_identify(.) by extensions ['ros']
[0.236s] Level 1:colcon.colcon_core.package_identification:_identify(.) by extension 'ros'
[0.243s] Level 1:colcon.colcon_core.package_identification:_identify(.) by extensions ['cmake', 'python']
[0.243s] Level 1:colcon.colcon_core.package_identification:_identify(.) by extension 'cmake'
[0.243s] Level 1:colcon.colcon_core.package_identification:_identify(.) by extension 'python'
[0.243s] Level 1:colcon.colcon_core.package_identification:_identify(.) by extensions ['python_setup_py']
[0.243s] Level 1:colcon.colcon_core.package_identification:_identify(.) by extension 'python_setup_py'
[0.246s] Level 1:colcon.colcon_core.package_identification:_identify(build) by extensions ['ignore', 'ignore_ament_install']
[0.246s] Level 1:colcon.colcon_core.package_identification:_identify(build) by extension 'ignore'
[0.246s] Level 1:colcon.colcon_core.package_identification:_identify(build) ignored
[0.250s] Level 1:colcon.colcon_core.package_identification:_identify(install) by extensions ['ignore', 'ignore_ament_install']
[0.250s] Level 1:colcon.colcon_core.package_identification:_identify(install) by extension 'ignore'
[0.250s] Level 1:colcon.colcon_core.package_identification:_identify(install) ignored
[0.259s] Level 1:colcon.colcon_core.package_identification:_identify(log) by extensions ['ignore', 'ignore_ament_install']
[0.259s] Level 1:colcon.colcon_core.package_identification:_identify(log) by extension 'ignore'
[0.259s] Level 1:colcon.colcon_core.package_identification:_identify(log) ignored
[0.262s] Level 1:colcon.colcon_core.package_identification:_identify(src) by extensions ['ignore', 'ignore_ament_install']
[0.262s] Level 1:colcon.colcon_core.package_identification:_identify(src) by extension 'ignore'
[0.262s] Level 1:colcon.colcon_core.package_identification:_identify(src) by extension 'ignore_ament_install'
[0.262s] Level 1:colcon.colcon_core.package_identification:_identify(src) by extensions ['colcon_pkg']
[0.262s] Level 1:colcon.colcon_core.package_identification:_identify(src) by extension 'colcon_pkg'
[0.262s] Level 1:colcon.colcon_core.package_identification:_identify(src) by extensions ['colcon_meta']
[0.262s] Level 1:colcon.colcon_core.package_identification:_identify(src) by extension 'colcon_meta'
[0.262s] Level 1:colcon.colcon_core.package_identification:_identify(src) by extensions ['ros']
[0.262s] Level 1:colcon.colcon_core.package_identification:_identify(src) by extension 'ros'
[0.262s] Level 1:colcon.colcon_core.package_identification:_identify(src) by extensions ['cmake', 'python']
[0.262s] Level 1:colcon.colcon_core.package_identification:_identify(src) by extension 'cmake'
[0.262s] Level 1:colcon.colcon_core.package_identification:_identify(src) by extension 'python'
[0.262s] Level 1:colcon.colcon_core.package_identification:_identify(src) by extensions ['python_setup_py']
[0.262s] Level 1:colcon.colcon_core.package_identification:_identify(src) by extension 'python_setup_py'
[0.264s] Level 1:colcon.colcon_core.package_identification:_identify(src/aruco_ros-humble-devel) by extensions ['ignore', 'ignore_ament_install']
[0.264s] Level 1:colcon.colcon_core.package_identification:_identify(src/aruco_ros-humble-devel) by extension 'ignore'
[0.264s] Level 1:colcon.colcon_core.package_identification:_identify(src/aruco_ros-humble-devel) by extension 'ignore_ament_install'
[0.264s] Level 1:colcon.colcon_core.package_identification:_identify(src/aruco_ros-humble-devel) by extensions ['colcon_pkg']
[0.264s] Level 1:colcon.colcon_core.package_identification:_identify(src/aruco_ros-humble-devel) by extension 'colcon_pkg'
[0.264s] Level 1:colcon.colcon_core.package_identification:_identify(src/aruco_ros-humble-devel) by extensions ['colcon_meta']
[0.264s] Level 1:colcon.colcon_core.package_identification:_identify(src/aruco_ros-humble-devel) by extension 'colcon_meta'
[0.264s] Level 1:colcon.colcon_core.package_identification:_identify(src/aruco_ros-humble-devel) by extensions ['ros']
[0.264s] Level 1:colcon.colcon_core.package_identification:_identify(src/aruco_ros-humble-devel) by extension 'ros'
[0.264s] Level 1:colcon.colcon_core.package_identification:_identify(src/aruco_ros-humble-devel) by extensions ['cmake', 'python']
[0.264s] Level 1:colcon.colcon_core.package_identification:_identify(src/aruco_ros-humble-devel) by extension 'cmake'
[0.264s] Level 1:colcon.colcon_core.package_identification:_identify(src/aruco_ros-humble-devel) by extension 'python'
[0.264s] Level 1:colcon.colcon_core.package_identification:_identify(src/aruco_ros-humble-devel) by extensions ['python_setup_py']
[0.264s] Level 1:colcon.colcon_core.package_identification:_identify(src/aruco_ros-humble-devel) by extension 'python_setup_py'
[0.266s] Level 1:colcon.colcon_core.package_identification:_identify(src/aruco_ros-humble-devel/aruco) by extensions ['ignore', 'ignore_ament_install']
[0.266s] Level 1:colcon.colcon_core.package_identification:_identify(src/aruco_ros-humble-devel/aruco) by extension 'ignore'
[0.266s] Level 1:colcon.colcon_core.package_identification:_identify(src/aruco_ros-humble-devel/aruco) by extension 'ignore_ament_install'
[0.266s] Level 1:colcon.colcon_core.package_identification:_identify(src/aruco_ros-humble-devel/aruco) by extensions ['colcon_pkg']
[0.266s] Level 1:colcon.colcon_core.package_identification:_identify(src/aruco_ros-humble-devel/aruco) by extension 'colcon_pkg'
[0.266s] Level 1:colcon.colcon_core.package_identification:_identify(src/aruco_ros-humble-devel/aruco) by extensions ['colcon_meta']
[0.266s] Level 1:colcon.colcon_core.package_identification:_identify(src/aruco_ros-humble-devel/aruco) by extension 'colcon_meta'
[0.266s] Level 1:colcon.colcon_core.package_identification:_identify(src/aruco_ros-humble-devel/aruco) by extensions ['ros']
[0.266s] Level 1:colcon.colcon_core.package_identification:_identify(src/aruco_ros-humble-devel/aruco) by extension 'ros'
[0.279s] DEBUG:colcon.colcon_core.package_identification:Package 'src/aruco_ros-humble-devel/aruco' with type 'ros.ament_cmake' and name 'aruco'
[0.282s] Level 1:colcon.colcon_core.package_identification:_identify(src/aruco_ros-humble-devel/aruco_msgs) by extensions ['ignore', 'ignore_ament_install']
[0.282s] Level 1:colcon.colcon_core.package_identification:_identify(src/aruco_ros-humble-devel/aruco_msgs) by extension 'ignore'
[0.282s] Level 1:colcon.colcon_core.package_identification:_identify(src/aruco_ros-humble-devel/aruco_msgs) by extension 'ignore_ament_install'
[0.282s] Level 1:colcon.colcon_core.package_identification:_identify(src/aruco_ros-humble-devel/aruco_msgs) by extensions ['colcon_pkg']
[0.282s] Level 1:colcon.colcon_core.package_identification:_identify(src/aruco_ros-humble-devel/aruco_msgs) by extension 'colcon_pkg'
[0.282s] Level 1:colcon.colcon_core.package_identification:_identify(src/aruco_ros-humble-devel/aruco_msgs) by extensions ['colcon_meta']
[0.282s] Level 1:colcon.colcon_core.package_identification:_identify(src/aruco_ros-humble-devel/aruco_msgs) by extension 'colcon_meta'
[0.282s] Level 1:colcon.colcon_core.package_identification:_identify(src/aruco_ros-humble-devel/aruco_msgs) by extensions ['ros']
[0.282s] Level 1:colcon.colcon_core.package_identification:_identify(src/aruco_ros-humble-devel/aruco_msgs) by extension 'ros'
[0.287s] DEBUG:colcon.colcon_core.package_identification:Package 'src/aruco_ros-humble-devel/aruco_msgs' with type 'ros.ament_cmake' and name 'aruco_msgs'
[0.289s] Level 1:colcon.colcon_core.package_identification:_identify(src/aruco_ros-humble-devel/aruco_ros) by extensions ['ignore', 'ignore_ament_install']
[0.290s] Level 1:colcon.colcon_core.package_identification:_identify(src/aruco_ros-humble-devel/aruco_ros) by extension 'ignore'
[0.290s] Level 1:colcon.colcon_core.package_identification:_identify(src/aruco_ros-humble-devel/aruco_ros) by extension 'ignore_ament_install'
[0.290s] Level 1:colcon.colcon_core.package_identification:_identify(src/aruco_ros-humble-devel/aruco_ros) by extensions ['colcon_pkg']
[0.290s] Level 1:colcon.colcon_core.package_identification:_identify(src/aruco_ros-humble-devel/aruco_ros) by extension 'colcon_pkg'
[0.290s] Level 1:colcon.colcon_core.package_identification:_identify(src/aruco_ros-humble-devel/aruco_ros) by extensions ['colcon_meta']
[0.290s] Level 1:colcon.colcon_core.package_identification:_identify(src/aruco_ros-humble-devel/aruco_ros) by extension 'colcon_meta'
[0.290s] Level 1:colcon.colcon_core.package_identification:_identify(src/aruco_ros-humble-devel/aruco_ros) by extensions ['ros']
[0.290s] Level 1:colcon.colcon_core.package_identification:_identify(src/aruco_ros-humble-devel/aruco_ros) by extension 'ros'
[0.294s] DEBUG:colcon.colcon_core.package_identification:Package 'src/aruco_ros-humble-devel/aruco_ros' with type 'ros.ament_cmake' and name 'aruco_ros'
[0.296s] Level 1:colcon.colcon_core.package_identification:_identify(src/auto_recharge_ros2) by extensions ['ignore', 'ignore_ament_install']
[0.296s] Level 1:colcon.colcon_core.package_identification:_identify(src/auto_recharge_ros2) by extension 'ignore'
[0.296s] Level 1:colcon.colcon_core.package_identification:_identify(src/auto_recharge_ros2) by extension 'ignore_ament_install'
[0.296s] Level 1:colcon.colcon_core.package_identification:_identify(src/auto_recharge_ros2) by extensions ['colcon_pkg']
[0.296s] Level 1:colcon.colcon_core.package_identification:_identify(src/auto_recharge_ros2) by extension 'colcon_pkg'
[0.296s] Level 1:colcon.colcon_core.package_identification:_identify(src/auto_recharge_ros2) by extensions ['colcon_meta']
[0.296s] Level 1:colcon.colcon_core.package_identification:_identify(src/auto_recharge_ros2) by extension 'colcon_meta'
[0.296s] Level 1:colcon.colcon_core.package_identification:_identify(src/auto_recharge_ros2) by extensions ['ros']
[0.296s] Level 1:colcon.colcon_core.package_identification:_identify(src/auto_recharge_ros2) by extension 'ros'
[0.301s] DEBUG:colcon.colcon_core.package_identification:Package 'src/auto_recharge_ros2' with type 'ros.ament_python' and name 'auto_recharge_ros2'
[0.303s] Level 1:colcon.colcon_core.package_identification:_identify(src/data) by extensions ['ignore', 'ignore_ament_install']
[0.303s] Level 1:colcon.colcon_core.package_identification:_identify(src/data) by extension 'ignore'
[0.303s] Level 1:colcon.colcon_core.package_identification:_identify(src/data) by extension 'ignore_ament_install'
[0.303s] Level 1:colcon.colcon_core.package_identification:_identify(src/data) by extensions ['colcon_pkg']
[0.303s] Level 1:colcon.colcon_core.package_identification:_identify(src/data) by extension 'colcon_pkg'
[0.303s] Level 1:colcon.colcon_core.package_identification:_identify(src/data) by extensions ['colcon_meta']
[0.303s] Level 1:colcon.colcon_core.package_identification:_identify(src/data) by extension 'colcon_meta'
[0.303s] Level 1:colcon.colcon_core.package_identification:_identify(src/data) by extensions ['ros']
[0.303s] Level 1:colcon.colcon_core.package_identification:_identify(src/data) by extension 'ros'
[0.303s] Level 1:colcon.colcon_core.package_identification:_identify(src/data) by extensions ['cmake', 'python']
[0.303s] Level 1:colcon.colcon_core.package_identification:_identify(src/data) by extension 'cmake'
[0.303s] Level 1:colcon.colcon_core.package_identification:_identify(src/data) by extension 'python'
[0.303s] Level 1:colcon.colcon_core.package_identification:_identify(src/data) by extensions ['python_setup_py']
[0.303s] Level 1:colcon.colcon_core.package_identification:_identify(src/data) by extension 'python_setup_py'
[0.307s] Level 1:colcon.colcon_core.package_identification:_identify(src/data/LEGO-LOAM) by extensions ['ignore', 'ignore_ament_install']
[0.307s] Level 1:colcon.colcon_core.package_identification:_identify(src/data/LEGO-LOAM) by extension 'ignore'
[0.307s] Level 1:colcon.colcon_core.package_identification:_identify(src/data/LEGO-LOAM) by extension 'ignore_ament_install'
[0.307s] Level 1:colcon.colcon_core.package_identification:_identify(src/data/LEGO-LOAM) by extensions ['colcon_pkg']
[0.307s] Level 1:colcon.colcon_core.package_identification:_identify(src/data/LEGO-LOAM) by extension 'colcon_pkg'
[0.307s] Level 1:colcon.colcon_core.package_identification:_identify(src/data/LEGO-LOAM) by extensions ['colcon_meta']
[0.307s] Level 1:colcon.colcon_core.package_identification:_identify(src/data/LEGO-LOAM) by extension 'colcon_meta'
[0.307s] Level 1:colcon.colcon_core.package_identification:_identify(src/data/LEGO-LOAM) by extensions ['ros']
[0.307s] Level 1:colcon.colcon_core.package_identification:_identify(src/data/LEGO-LOAM) by extension 'ros'
[0.307s] Level 1:colcon.colcon_core.package_identification:_identify(src/data/LEGO-LOAM) by extensions ['cmake', 'python']
[0.307s] Level 1:colcon.colcon_core.package_identification:_identify(src/data/LEGO-LOAM) by extension 'cmake'
[0.307s] Level 1:colcon.colcon_core.package_identification:_identify(src/data/LEGO-LOAM) by extension 'python'
[0.307s] Level 1:colcon.colcon_core.package_identification:_identify(src/data/LEGO-LOAM) by extensions ['python_setup_py']
[0.307s] Level 1:colcon.colcon_core.package_identification:_identify(src/data/LEGO-LOAM) by extension 'python_setup_py'
[0.309s] Level 1:colcon.colcon_core.package_identification:_identify(src/data/LIO-SAM) by extensions ['ignore', 'ignore_ament_install']
[0.309s] Level 1:colcon.colcon_core.package_identification:_identify(src/data/LIO-SAM) by extension 'ignore'
[0.309s] Level 1:colcon.colcon_core.package_identification:_identify(src/data/LIO-SAM) by extension 'ignore_ament_install'
[0.309s] Level 1:colcon.colcon_core.package_identification:_identify(src/data/LIO-SAM) by extensions ['colcon_pkg']
[0.310s] Level 1:colcon.colcon_core.package_identification:_identify(src/data/LIO-SAM) by extension 'colcon_pkg'
[0.310s] Level 1:colcon.colcon_core.package_identification:_identify(src/data/LIO-SAM) by extensions ['colcon_meta']
[0.310s] Level 1:colcon.colcon_core.package_identification:_identify(src/data/LIO-SAM) by extension 'colcon_meta'
[0.310s] Level 1:colcon.colcon_core.package_identification:_identify(src/data/LIO-SAM) by extensions ['ros']
[0.310s] Level 1:colcon.colcon_core.package_identification:_identify(src/data/LIO-SAM) by extension 'ros'
[0.310s] Level 1:colcon.colcon_core.package_identification:_identify(src/data/LIO-SAM) by extensions ['cmake', 'python']
[0.310s] Level 1:colcon.colcon_core.package_identification:_identify(src/data/LIO-SAM) by extension 'cmake'
[0.310s] Level 1:colcon.colcon_core.package_identification:_identify(src/data/LIO-SAM) by extension 'python'
[0.310s] Level 1:colcon.colcon_core.package_identification:_identify(src/data/LIO-SAM) by extensions ['python_setup_py']
[0.310s] Level 1:colcon.colcon_core.package_identification:_identify(src/data/LIO-SAM) by extension 'python_setup_py'
[0.312s] Level 1:colcon.colcon_core.package_identification:_identify(src/data/cartographer) by extensions ['ignore', 'ignore_ament_install']
[0.312s] Level 1:colcon.colcon_core.package_identification:_identify(src/data/cartographer) by extension 'ignore'
[0.312s] Level 1:colcon.colcon_core.package_identification:_identify(src/data/cartographer) by extension 'ignore_ament_install'
[0.312s] Level 1:colcon.colcon_core.package_identification:_identify(src/data/cartographer) by extensions ['colcon_pkg']
[0.312s] Level 1:colcon.colcon_core.package_identification:_identify(src/data/cartographer) by extension 'colcon_pkg'
[0.312s] Level 1:colcon.colcon_core.package_identification:_identify(src/data/cartographer) by extensions ['colcon_meta']
[0.312s] Level 1:colcon.colcon_core.package_identification:_identify(src/data/cartographer) by extension 'colcon_meta'
[0.312s] Level 1:colcon.colcon_core.package_identification:_identify(src/data/cartographer) by extensions ['ros']
[0.312s] Level 1:colcon.colcon_core.package_identification:_identify(src/data/cartographer) by extension 'ros'
[0.312s] Level 1:colcon.colcon_core.package_identification:_identify(src/data/cartographer) by extensions ['cmake', 'python']
[0.312s] Level 1:colcon.colcon_core.package_identification:_identify(src/data/cartographer) by extension 'cmake'
[0.312s] Level 1:colcon.colcon_core.package_identification:_identify(src/data/cartographer) by extension 'python'
[0.312s] Level 1:colcon.colcon_core.package_identification:_identify(src/data/cartographer) by extensions ['python_setup_py']
[0.312s] Level 1:colcon.colcon_core.package_identification:_identify(src/data/cartographer) by extension 'python_setup_py'
[0.314s] Level 1:colcon.colcon_core.package_identification:_identify(src/data/cartographer/carto_map) by extensions ['ignore', 'ignore_ament_install']
[0.314s] Level 1:colcon.colcon_core.package_identification:_identify(src/data/cartographer/carto_map) by extension 'ignore'
[0.314s] Level 1:colcon.colcon_core.package_identification:_identify(src/data/cartographer/carto_map) by extension 'ignore_ament_install'
[0.314s] Level 1:colcon.colcon_core.package_identification:_identify(src/data/cartographer/carto_map) by extensions ['colcon_pkg']
[0.314s] Level 1:colcon.colcon_core.package_identification:_identify(src/data/cartographer/carto_map) by extension 'colcon_pkg'
[0.314s] Level 1:colcon.colcon_core.package_identification:_identify(src/data/cartographer/carto_map) by extensions ['colcon_meta']
[0.314s] Level 1:colcon.colcon_core.package_identification:_identify(src/data/cartographer/carto_map) by extension 'colcon_meta'
[0.314s] Level 1:colcon.colcon_core.package_identification:_identify(src/data/cartographer/carto_map) by extensions ['ros']
[0.314s] Level 1:colcon.colcon_core.package_identification:_identify(src/data/cartographer/carto_map) by extension 'ros'
[0.314s] Level 1:colcon.colcon_core.package_identification:_identify(src/data/cartographer/carto_map) by extensions ['cmake', 'python']
[0.314s] Level 1:colcon.colcon_core.package_identification:_identify(src/data/cartographer/carto_map) by extension 'cmake'
[0.314s] Level 1:colcon.colcon_core.package_identification:_identify(src/data/cartographer/carto_map) by extension 'python'
[0.315s] Level 1:colcon.colcon_core.package_identification:_identify(src/data/cartographer/carto_map) by extensions ['python_setup_py']
[0.315s] Level 1:colcon.colcon_core.package_identification:_identify(src/data/cartographer/carto_map) by extension 'python_setup_py'
[0.318s] Level 1:colcon.colcon_core.package_identification:_identify(src/depend) by extensions ['ignore', 'ignore_ament_install']
[0.318s] Level 1:colcon.colcon_core.package_identification:_identify(src/depend) by extension 'ignore'
[0.318s] Level 1:colcon.colcon_core.package_identification:_identify(src/depend) by extension 'ignore_ament_install'
[0.318s] Level 1:colcon.colcon_core.package_identification:_identify(src/depend) by extensions ['colcon_pkg']
[0.318s] Level 1:colcon.colcon_core.package_identification:_identify(src/depend) by extension 'colcon_pkg'
[0.318s] Level 1:colcon.colcon_core.package_identification:_identify(src/depend) by extensions ['colcon_meta']
[0.318s] Level 1:colcon.colcon_core.package_identification:_identify(src/depend) by extension 'colcon_meta'
[0.318s] Level 1:colcon.colcon_core.package_identification:_identify(src/depend) by extensions ['ros']
[0.318s] Level 1:colcon.colcon_core.package_identification:_identify(src/depend) by extension 'ros'
[0.318s] Level 1:colcon.colcon_core.package_identification:_identify(src/depend) by extensions ['cmake', 'python']
[0.318s] Level 1:colcon.colcon_core.package_identification:_identify(src/depend) by extension 'cmake'
[0.319s] Level 1:colcon.colcon_core.package_identification:_identify(src/depend) by extension 'python'
[0.319s] Level 1:colcon.colcon_core.package_identification:_identify(src/depend) by extensions ['python_setup_py']
[0.319s] Level 1:colcon.colcon_core.package_identification:_identify(src/depend) by extension 'python_setup_py'
[0.321s] Level 1:colcon.colcon_core.package_identification:_identify(src/depend/ackermann_msgs-ros2) by extensions ['ignore', 'ignore_ament_install']
[0.321s] Level 1:colcon.colcon_core.package_identification:_identify(src/depend/ackermann_msgs-ros2) by extension 'ignore'
[0.321s] Level 1:colcon.colcon_core.package_identification:_identify(src/depend/ackermann_msgs-ros2) by extension 'ignore_ament_install'
[0.321s] Level 1:colcon.colcon_core.package_identification:_identify(src/depend/ackermann_msgs-ros2) by extensions ['colcon_pkg']
[0.321s] Level 1:colcon.colcon_core.package_identification:_identify(src/depend/ackermann_msgs-ros2) by extension 'colcon_pkg'
[0.321s] Level 1:colcon.colcon_core.package_identification:_identify(src/depend/ackermann_msgs-ros2) by extensions ['colcon_meta']
[0.321s] Level 1:colcon.colcon_core.package_identification:_identify(src/depend/ackermann_msgs-ros2) by extension 'colcon_meta'
[0.321s] Level 1:colcon.colcon_core.package_identification:_identify(src/depend/ackermann_msgs-ros2) by extensions ['ros']
[0.321s] Level 1:colcon.colcon_core.package_identification:_identify(src/depend/ackermann_msgs-ros2) by extension 'ros'
[0.327s] DEBUG:colcon.colcon_core.package_identification:Package 'src/depend/ackermann_msgs-ros2' with type 'ros.ament_cmake' and name 'ackermann_msgs'
[0.329s] Level 1:colcon.colcon_core.package_identification:_identify(src/depend/serial_ros2) by extensions ['ignore', 'ignore_ament_install']
[0.329s] Level 1:colcon.colcon_core.package_identification:_identify(src/depend/serial_ros2) by extension 'ignore'
[0.329s] Level 1:colcon.colcon_core.package_identification:_identify(src/depend/serial_ros2) by extension 'ignore_ament_install'
[0.329s] Level 1:colcon.colcon_core.package_identification:_identify(src/depend/serial_ros2) by extensions ['colcon_pkg']
[0.329s] Level 1:colcon.colcon_core.package_identification:_identify(src/depend/serial_ros2) by extension 'colcon_pkg'
[0.329s] Level 1:colcon.colcon_core.package_identification:_identify(src/depend/serial_ros2) by extensions ['colcon_meta']
[0.329s] Level 1:colcon.colcon_core.package_identification:_identify(src/depend/serial_ros2) by extension 'colcon_meta'
[0.329s] Level 1:colcon.colcon_core.package_identification:_identify(src/depend/serial_ros2) by extensions ['ros']
[0.329s] Level 1:colcon.colcon_core.package_identification:_identify(src/depend/serial_ros2) by extension 'ros'
[0.334s] DEBUG:colcon.colcon_core.package_identification:Package 'src/depend/serial_ros2' with type 'ros.ament_cmake' and name 'serial'
[0.337s] Level 1:colcon.colcon_core.package_identification:_identify(src/depend/tf2_tools) by extensions ['ignore', 'ignore_ament_install']
[0.337s] Level 1:colcon.colcon_core.package_identification:_identify(src/depend/tf2_tools) by extension 'ignore'
[0.337s] Level 1:colcon.colcon_core.package_identification:_identify(src/depend/tf2_tools) by extension 'ignore_ament_install'
[0.337s] Level 1:colcon.colcon_core.package_identification:_identify(src/depend/tf2_tools) by extensions ['colcon_pkg']
[0.337s] Level 1:colcon.colcon_core.package_identification:_identify(src/depend/tf2_tools) by extension 'colcon_pkg'
[0.337s] Level 1:colcon.colcon_core.package_identification:_identify(src/depend/tf2_tools) by extensions ['colcon_meta']
[0.337s] Level 1:colcon.colcon_core.package_identification:_identify(src/depend/tf2_tools) by extension 'colcon_meta'
[0.337s] Level 1:colcon.colcon_core.package_identification:_identify(src/depend/tf2_tools) by extensions ['ros']
[0.337s] Level 1:colcon.colcon_core.package_identification:_identify(src/depend/tf2_tools) by extension 'ros'
[0.343s] DEBUG:colcon.colcon_core.package_identification:Package 'src/depend/tf2_tools' with type 'ros.ament_python' and name 'tf2_tools'
[0.346s] Level 1:colcon.colcon_core.package_identification:_identify(src/interfaces) by extensions ['ignore', 'ignore_ament_install']
[0.346s] Level 1:colcon.colcon_core.package_identification:_identify(src/interfaces) by extension 'ignore'
[0.346s] Level 1:colcon.colcon_core.package_identification:_identify(src/interfaces) by extension 'ignore_ament_install'
[0.346s] Level 1:colcon.colcon_core.package_identification:_identify(src/interfaces) by extensions ['colcon_pkg']
[0.346s] Level 1:colcon.colcon_core.package_identification:_identify(src/interfaces) by extension 'colcon_pkg'
[0.346s] Level 1:colcon.colcon_core.package_identification:_identify(src/interfaces) by extensions ['colcon_meta']
[0.346s] Level 1:colcon.colcon_core.package_identification:_identify(src/interfaces) by extension 'colcon_meta'
[0.346s] Level 1:colcon.colcon_core.package_identification:_identify(src/interfaces) by extensions ['ros']
[0.346s] Level 1:colcon.colcon_core.package_identification:_identify(src/interfaces) by extension 'ros'
[0.350s] DEBUG:colcon.colcon_core.package_identification:Package 'src/interfaces' with type 'ros.ament_cmake' and name 'interfaces'
[0.353s] Level 1:colcon.colcon_core.package_identification:_identify(src/largemodel) by extensions ['ignore', 'ignore_ament_install']
[0.353s] Level 1:colcon.colcon_core.package_identification:_identify(src/largemodel) by extension 'ignore'
[0.353s] Level 1:colcon.colcon_core.package_identification:_identify(src/largemodel) by extension 'ignore_ament_install'
[0.353s] Level 1:colcon.colcon_core.package_identification:_identify(src/largemodel) by extensions ['colcon_pkg']
[0.353s] Level 1:colcon.colcon_core.package_identification:_identify(src/largemodel) by extension 'colcon_pkg'
[0.353s] Level 1:colcon.colcon_core.package_identification:_identify(src/largemodel) by extensions ['colcon_meta']
[0.353s] Level 1:colcon.colcon_core.package_identification:_identify(src/largemodel) by extension 'colcon_meta'
[0.353s] Level 1:colcon.colcon_core.package_identification:_identify(src/largemodel) by extensions ['ros']
[0.353s] Level 1:colcon.colcon_core.package_identification:_identify(src/largemodel) by extension 'ros'
[0.358s] DEBUG:colcon.colcon_core.package_identification:Package 'src/largemodel' with type 'ros.ament_python' and name 'largemodel'
[0.360s] Level 1:colcon.colcon_core.package_identification:_identify(src/nav2_waypoint_cycle) by extensions ['ignore', 'ignore_ament_install']
[0.360s] Level 1:colcon.colcon_core.package_identification:_identify(src/nav2_waypoint_cycle) by extension 'ignore'
[0.360s] Level 1:colcon.colcon_core.package_identification:_identify(src/nav2_waypoint_cycle) by extension 'ignore_ament_install'
[0.360s] Level 1:colcon.colcon_core.package_identification:_identify(src/nav2_waypoint_cycle) by extensions ['colcon_pkg']
[0.360s] Level 1:colcon.colcon_core.package_identification:_identify(src/nav2_waypoint_cycle) by extension 'colcon_pkg'
[0.360s] Level 1:colcon.colcon_core.package_identification:_identify(src/nav2_waypoint_cycle) by extensions ['colcon_meta']
[0.360s] Level 1:colcon.colcon_core.package_identification:_identify(src/nav2_waypoint_cycle) by extension 'colcon_meta'
[0.360s] Level 1:colcon.colcon_core.package_identification:_identify(src/nav2_waypoint_cycle) by extensions ['ros']
[0.360s] Level 1:colcon.colcon_core.package_identification:_identify(src/nav2_waypoint_cycle) by extension 'ros'
[0.364s] DEBUG:colcon.colcon_core.package_identification:Package 'src/nav2_waypoint_cycle' with type 'ros.ament_python' and name 'nav2_waypoint_cycle'
[0.370s] Level 1:colcon.colcon_core.package_identification:_identify(src/navigation2-humble) by extensions ['ignore', 'ignore_ament_install']
[0.370s] Level 1:colcon.colcon_core.package_identification:_identify(src/navigation2-humble) by extension 'ignore'
[0.370s] Level 1:colcon.colcon_core.package_identification:_identify(src/navigation2-humble) by extension 'ignore_ament_install'
[0.370s] Level 1:colcon.colcon_core.package_identification:_identify(src/navigation2-humble) by extensions ['colcon_pkg']
[0.370s] Level 1:colcon.colcon_core.package_identification:_identify(src/navigation2-humble) by extension 'colcon_pkg'
[0.370s] Level 1:colcon.colcon_core.package_identification:_identify(src/navigation2-humble) by extensions ['colcon_meta']
[0.370s] Level 1:colcon.colcon_core.package_identification:_identify(src/navigation2-humble) by extension 'colcon_meta'
[0.370s] Level 1:colcon.colcon_core.package_identification:_identify(src/navigation2-humble) by extensions ['ros']
[0.370s] Level 1:colcon.colcon_core.package_identification:_identify(src/navigation2-humble) by extension 'ros'
[0.370s] Level 1:colcon.colcon_core.package_identification:_identify(src/navigation2-humble) by extensions ['cmake', 'python']
[0.370s] Level 1:colcon.colcon_core.package_identification:_identify(src/navigation2-humble) by extension 'cmake'
[0.370s] Level 1:colcon.colcon_core.package_identification:_identify(src/navigation2-humble) by extension 'python'
[0.370s] Level 1:colcon.colcon_core.package_identification:_identify(src/navigation2-humble) by extensions ['python_setup_py']
[0.370s] Level 1:colcon.colcon_core.package_identification:_identify(src/navigation2-humble) by extension 'python_setup_py'
[0.372s] Level 1:colcon.colcon_core.package_identification:_identify(src/navigation2-humble/doc) by extensions ['ignore', 'ignore_ament_install']
[0.372s] Level 1:colcon.colcon_core.package_identification:_identify(src/navigation2-humble/doc) by extension 'ignore'
[0.372s] Level 1:colcon.colcon_core.package_identification:_identify(src/navigation2-humble/doc) by extension 'ignore_ament_install'
[0.372s] Level 1:colcon.colcon_core.package_identification:_identify(src/navigation2-humble/doc) by extensions ['colcon_pkg']
[0.373s] Level 1:colcon.colcon_core.package_identification:_identify(src/navigation2-humble/doc) by extension 'colcon_pkg'
[0.373s] Level 1:colcon.colcon_core.package_identification:_identify(src/navigation2-humble/doc) by extensions ['colcon_meta']
[0.373s] Level 1:colcon.colcon_core.package_identification:_identify(src/navigation2-humble/doc) by extension 'colcon_meta'
[0.373s] Level 1:colcon.colcon_core.package_identification:_identify(src/navigation2-humble/doc) by extensions ['ros']
[0.373s] Level 1:colcon.colcon_core.package_identification:_identify(src/navigation2-humble/doc) by extension 'ros'
[0.373s] Level 1:colcon.colcon_core.package_identification:_identify(src/navigation2-humble/doc) by extensions ['cmake', 'python']
[0.373s] Level 1:colcon.colcon_core.package_identification:_identify(src/navigation2-humble/doc) by extension 'cmake'
[0.373s] Level 1:colcon.colcon_core.package_identification:_identify(src/navigation2-humble/doc) by extension 'python'
[0.373s] Level 1:colcon.colcon_core.package_identification:_identify(src/navigation2-humble/doc) by extensions ['python_setup_py']
[0.373s] Level 1:colcon.colcon_core.package_identification:_identify(src/navigation2-humble/doc) by extension 'python_setup_py'
[0.376s] Level 1:colcon.colcon_core.package_identification:_identify(src/navigation2-humble/doc/architecture) by extensions ['ignore', 'ignore_ament_install']
[0.376s] Level 1:colcon.colcon_core.package_identification:_identify(src/navigation2-humble/doc/architecture) by extension 'ignore'
[0.376s] Level 1:colcon.colcon_core.package_identification:_identify(src/navigation2-humble/doc/architecture) by extension 'ignore_ament_install'
[0.376s] Level 1:colcon.colcon_core.package_identification:_identify(src/navigation2-humble/doc/architecture) by extensions ['colcon_pkg']
[0.376s] Level 1:colcon.colcon_core.package_identification:_identify(src/navigation2-humble/doc/architecture) by extension 'colcon_pkg'
[0.376s] Level 1:colcon.colcon_core.package_identification:_identify(src/navigation2-humble/doc/architecture) by extensions ['colcon_meta']
[0.376s] Level 1:colcon.colcon_core.package_identification:_identify(src/navigation2-humble/doc/architecture) by extension 'colcon_meta'
[0.376s] Level 1:colcon.colcon_core.package_identification:_identify(src/navigation2-humble/doc/architecture) by extensions ['ros']
[0.376s] Level 1:colcon.colcon_core.package_identification:_identify(src/navigation2-humble/doc/architecture) by extension 'ros'
[0.376s] Level 1:colcon.colcon_core.package_identification:_identify(src/navigation2-humble/doc/architecture) by extensions ['cmake', 'python']
[0.376s] Level 1:colcon.colcon_core.package_identification:_identify(src/navigation2-humble/doc/architecture) by extension 'cmake'
[0.376s] Level 1:colcon.colcon_core.package_identification:_identify(src/navigation2-humble/doc/architecture) by extension 'python'
[0.376s] Level 1:colcon.colcon_core.package_identification:_identify(src/navigation2-humble/doc/architecture) by extensions ['python_setup_py']
[0.376s] Level 1:colcon.colcon_core.package_identification:_identify(src/navigation2-humble/doc/architecture) by extension 'python_setup_py'
[0.378s] Level 1:colcon.colcon_core.package_identification:_identify(src/navigation2-humble/doc/design) by extensions ['ignore', 'ignore_ament_install']
[0.378s] Level 1:colcon.colcon_core.package_identification:_identify(src/navigation2-humble/doc/design) by extension 'ignore'
[0.378s] Level 1:colcon.colcon_core.package_identification:_identify(src/navigation2-humble/doc/design) by extension 'ignore_ament_install'
[0.378s] Level 1:colcon.colcon_core.package_identification:_identify(src/navigation2-humble/doc/design) by extensions ['colcon_pkg']
[0.378s] Level 1:colcon.colcon_core.package_identification:_identify(src/navigation2-humble/doc/design) by extension 'colcon_pkg'
[0.378s] Level 1:colcon.colcon_core.package_identification:_identify(src/navigation2-humble/doc/design) by extensions ['colcon_meta']
[0.378s] Level 1:colcon.colcon_core.package_identification:_identify(src/navigation2-humble/doc/design) by extension 'colcon_meta'
[0.379s] Level 1:colcon.colcon_core.package_identification:_identify(src/navigation2-humble/doc/design) by extensions ['ros']
[0.379s] Level 1:colcon.colcon_core.package_identification:_identify(src/navigation2-humble/doc/design) by extension 'ros'
[0.379s] Level 1:colcon.colcon_core.package_identification:_identify(src/navigation2-humble/doc/design) by extensions ['cmake', 'python']
[0.379s] Level 1:colcon.colcon_core.package_identification:_identify(src/navigation2-humble/doc/design) by extension 'cmake'
[0.379s] Level 1:colcon.colcon_core.package_identification:_identify(src/navigation2-humble/doc/design) by extension 'python'
[0.379s] Level 1:colcon.colcon_core.package_identification:_identify(src/navigation2-humble/doc/design) by extensions ['python_setup_py']
[0.379s] Level 1:colcon.colcon_core.package_identification:_identify(src/navigation2-humble/doc/design) by extension 'python_setup_py'
[0.382s] Level 1:colcon.colcon_core.package_identification:_identify(src/navigation2-humble/doc/process) by extensions ['ignore', 'ignore_ament_install']
[0.382s] Level 1:colcon.colcon_core.package_identification:_identify(src/navigation2-humble/doc/process) by extension 'ignore'
[0.382s] Level 1:colcon.colcon_core.package_identification:_identify(src/navigation2-humble/doc/process) by extension 'ignore_ament_install'
[0.382s] Level 1:colcon.colcon_core.package_identification:_identify(src/navigation2-humble/doc/process) by extensions ['colcon_pkg']
[0.382s] Level 1:colcon.colcon_core.package_identification:_identify(src/navigation2-humble/doc/process) by extension 'colcon_pkg'
[0.382s] Level 1:colcon.colcon_core.package_identification:_identify(src/navigation2-humble/doc/process) by extensions ['colcon_meta']
[0.382s] Level 1:colcon.colcon_core.package_identification:_identify(src/navigation2-humble/doc/process) by extension 'colcon_meta'
[0.382s] Level 1:colcon.colcon_core.package_identification:_identify(src/navigation2-humble/doc/process) by extensions ['ros']
[0.382s] Level 1:colcon.colcon_core.package_identification:_identify(src/navigation2-humble/doc/process) by extension 'ros'
[0.382s] Level 1:colcon.colcon_core.package_identification:_identify(src/navigation2-humble/doc/process) by extensions ['cmake', 'python']
[0.382s] Level 1:colcon.colcon_core.package_identification:_identify(src/navigation2-humble/doc/process) by extension 'cmake'
[0.382s] Level 1:colcon.colcon_core.package_identification:_identify(src/navigation2-humble/doc/process) by extension 'python'
[0.382s] Level 1:colcon.colcon_core.package_identification:_identify(src/navigation2-humble/doc/process) by extensions ['python_setup_py']
[0.382s] Level 1:colcon.colcon_core.package_identification:_identify(src/navigation2-humble/doc/process) by extension 'python_setup_py'
[0.384s] Level 1:colcon.colcon_core.package_identification:_identify(src/navigation2-humble/doc/requirements) by extensions ['ignore', 'ignore_ament_install']
[0.384s] Level 1:colcon.colcon_core.package_identification:_identify(src/navigation2-humble/doc/requirements) by extension 'ignore'
[0.384s] Level 1:colcon.colcon_core.package_identification:_identify(src/navigation2-humble/doc/requirements) by extension 'ignore_ament_install'
[0.384s] Level 1:colcon.colcon_core.package_identification:_identify(src/navigation2-humble/doc/requirements) by extensions ['colcon_pkg']
[0.384s] Level 1:colcon.colcon_core.package_identification:_identify(src/navigation2-humble/doc/requirements) by extension 'colcon_pkg'
[0.384s] Level 1:colcon.colcon_core.package_identification:_identify(src/navigation2-humble/doc/requirements) by extensions ['colcon_meta']
[0.384s] Level 1:colcon.colcon_core.package_identification:_identify(src/navigation2-humble/doc/requirements) by extension 'colcon_meta'
[0.384s] Level 1:colcon.colcon_core.package_identification:_identify(src/navigation2-humble/doc/requirements) by extensions ['ros']
[0.384s] Level 1:colcon.colcon_core.package_identification:_identify(src/navigation2-humble/doc/requirements) by extension 'ros'
[0.384s] Level 1:colcon.colcon_core.package_identification:_identify(src/navigation2-humble/doc/requirements) by extensions ['cmake', 'python']
[0.384s] Level 1:colcon.colcon_core.package_identification:_identify(src/navigation2-humble/doc/requirements) by extension 'cmake'
[0.384s] Level 1:colcon.colcon_core.package_identification:_identify(src/navigation2-humble/doc/requirements) by extension 'python'
[0.384s] Level 1:colcon.colcon_core.package_identification:_identify(src/navigation2-humble/doc/requirements) by extensions ['python_setup_py']
[0.384s] Level 1:colcon.colcon_core.package_identification:_identify(src/navigation2-humble/doc/requirements) by extension 'python_setup_py'
[0.387s] Level 1:colcon.colcon_core.package_identification:_identify(src/navigation2-humble/doc/requirements/images) by extensions ['ignore', 'ignore_ament_install']
[0.387s] Level 1:colcon.colcon_core.package_identification:_identify(src/navigation2-humble/doc/requirements/images) by extension 'ignore'
[0.387s] Level 1:colcon.colcon_core.package_identification:_identify(src/navigation2-humble/doc/requirements/images) by extension 'ignore_ament_install'
[0.387s] Level 1:colcon.colcon_core.package_identification:_identify(src/navigation2-humble/doc/requirements/images) by extensions ['colcon_pkg']
[0.387s] Level 1:colcon.colcon_core.package_identification:_identify(src/navigation2-humble/doc/requirements/images) by extension 'colcon_pkg'
[0.387s] Level 1:colcon.colcon_core.package_identification:_identify(src/navigation2-humble/doc/requirements/images) by extensions ['colcon_meta']
[0.387s] Level 1:colcon.colcon_core.package_identification:_identify(src/navigation2-humble/doc/requirements/images) by extension 'colcon_meta'
[0.387s] Level 1:colcon.colcon_core.package_identification:_identify(src/navigation2-humble/doc/requirements/images) by extensions ['ros']
[0.387s] Level 1:colcon.colcon_core.package_identification:_identify(src/navigation2-humble/doc/requirements/images) by extension 'ros'
[0.387s] Level 1:colcon.colcon_core.package_identification:_identify(src/navigation2-humble/doc/requirements/images) by extensions ['cmake', 'python']
[0.387s] Level 1:colcon.colcon_core.package_identification:_identify(src/navigation2-humble/doc/requirements/images) by extension 'cmake'
[0.387s] Level 1:colcon.colcon_core.package_identification:_identify(src/navigation2-humble/doc/requirements/images) by extension 'python'
[0.387s] Level 1:colcon.colcon_core.package_identification:_identify(src/navigation2-humble/doc/requirements/images) by extensions ['python_setup_py']
[0.387s] Level 1:colcon.colcon_core.package_identification:_identify(src/navigation2-humble/doc/requirements/images) by extension 'python_setup_py'
[0.389s] Level 1:colcon.colcon_core.package_identification:_identify(src/navigation2-humble/doc/use_cases) by extensions ['ignore', 'ignore_ament_install']
[0.389s] Level 1:colcon.colcon_core.package_identification:_identify(src/navigation2-humble/doc/use_cases) by extension 'ignore'
[0.389s] Level 1:colcon.colcon_core.package_identification:_identify(src/navigation2-humble/doc/use_cases) by extension 'ignore_ament_install'
[0.389s] Level 1:colcon.colcon_core.package_identification:_identify(src/navigation2-humble/doc/use_cases) by extensions ['colcon_pkg']
[0.389s] Level 1:colcon.colcon_core.package_identification:_identify(src/navigation2-humble/doc/use_cases) by extension 'colcon_pkg'
[0.389s] Level 1:colcon.colcon_core.package_identification:_identify(src/navigation2-humble/doc/use_cases) by extensions ['colcon_meta']
[0.389s] Level 1:colcon.colcon_core.package_identification:_identify(src/navigation2-humble/doc/use_cases) by extension 'colcon_meta'
[0.389s] Level 1:colcon.colcon_core.package_identification:_identify(src/navigation2-humble/doc/use_cases) by extensions ['ros']
[0.389s] Level 1:colcon.colcon_core.package_identification:_identify(src/navigation2-humble/doc/use_cases) by extension 'ros'
[0.389s] Level 1:colcon.colcon_core.package_identification:_identify(src/navigation2-humble/doc/use_cases) by extensions ['cmake', 'python']
[0.389s] Level 1:colcon.colcon_core.package_identification:_identify(src/navigation2-humble/doc/use_cases) by extension 'cmake'
[0.389s] Level 1:colcon.colcon_core.package_identification:_identify(src/navigation2-humble/doc/use_cases) by extension 'python'
[0.389s] Level 1:colcon.colcon_core.package_identification:_identify(src/navigation2-humble/doc/use_cases) by extensions ['python_setup_py']
[0.389s] Level 1:colcon.colcon_core.package_identification:_identify(src/navigation2-humble/doc/use_cases) by extension 'python_setup_py'
[0.392s] Level 1:colcon.colcon_core.package_identification:_identify(src/navigation2-humble/nav2_amcl) by extensions ['ignore', 'ignore_ament_install']
[0.392s] Level 1:colcon.colcon_core.package_identification:_identify(src/navigation2-humble/nav2_amcl) by extension 'ignore'
[0.392s] Level 1:colcon.colcon_core.package_identification:_identify(src/navigation2-humble/nav2_amcl) by extension 'ignore_ament_install'
[0.392s] Level 1:colcon.colcon_core.package_identification:_identify(src/navigation2-humble/nav2_amcl) by extensions ['colcon_pkg']
[0.392s] Level 1:colcon.colcon_core.package_identification:_identify(src/navigation2-humble/nav2_amcl) by extension 'colcon_pkg'
[0.392s] Level 1:colcon.colcon_core.package_identification:_identify(src/navigation2-humble/nav2_amcl) by extensions ['colcon_meta']
[0.392s] Level 1:colcon.colcon_core.package_identification:_identify(src/navigation2-humble/nav2_amcl) by extension 'colcon_meta'
[0.392s] Level 1:colcon.colcon_core.package_identification:_identify(src/navigation2-humble/nav2_amcl) by extensions ['ros']
[0.392s] Level 1:colcon.colcon_core.package_identification:_identify(src/navigation2-humble/nav2_amcl) by extension 'ros'
[0.397s] DEBUG:colcon.colcon_core.package_identification:Package 'src/navigation2-humble/nav2_amcl' with type 'ros.ament_cmake' and name 'nav2_amcl'
[0.399s] Level 1:colcon.colcon_core.package_identification:_identify(src/navigation2-humble/nav2_behavior_tree) by extensions ['ignore', 'ignore_ament_install']
[0.399s] Level 1:colcon.colcon_core.package_identification:_identify(src/navigation2-humble/nav2_behavior_tree) by extension 'ignore'
[0.399s] Level 1:colcon.colcon_core.package_identification:_identify(src/navigation2-humble/nav2_behavior_tree) by extension 'ignore_ament_install'
[0.399s] Level 1:colcon.colcon_core.package_identification:_identify(src/navigation2-humble/nav2_behavior_tree) by extensions ['colcon_pkg']
[0.399s] Level 1:colcon.colcon_core.package_identification:_identify(src/navigation2-humble/nav2_behavior_tree) by extension 'colcon_pkg'
[0.399s] Level 1:colcon.colcon_core.package_identification:_identify(src/navigation2-humble/nav2_behavior_tree) by extensions ['colcon_meta']
[0.399s] Level 1:colcon.colcon_core.package_identification:_identify(src/navigation2-humble/nav2_behavior_tree) by extension 'colcon_meta'
[0.399s] Level 1:colcon.colcon_core.package_identification:_identify(src/navigation2-humble/nav2_behavior_tree) by extensions ['ros']
[0.399s] Level 1:colcon.colcon_core.package_identification:_identify(src/navigation2-humble/nav2_behavior_tree) by extension 'ros'
[0.403s] DEBUG:colcon.colcon_core.package_identification:Package 'src/navigation2-humble/nav2_behavior_tree' with type 'ros.ament_cmake' and name 'nav2_behavior_tree'
[0.405s] Level 1:colcon.colcon_core.package_identification:_identify(src/navigation2-humble/nav2_behaviors) by extensions ['ignore', 'ignore_ament_install']
[0.405s] Level 1:colcon.colcon_core.package_identification:_identify(src/navigation2-humble/nav2_behaviors) by extension 'ignore'
[0.405s] Level 1:colcon.colcon_core.package_identification:_identify(src/navigation2-humble/nav2_behaviors) by extension 'ignore_ament_install'
[0.405s] Level 1:colcon.colcon_core.package_identification:_identify(src/navigation2-humble/nav2_behaviors) by extensions ['colcon_pkg']
[0.405s] Level 1:colcon.colcon_core.package_identification:_identify(src/navigation2-humble/nav2_behaviors) by extension 'colcon_pkg'
[0.405s] Level 1:colcon.colcon_core.package_identification:_identify(src/navigation2-humble/nav2_behaviors) by extensions ['colcon_meta']
[0.405s] Level 1:colcon.colcon_core.package_identification:_identify(src/navigation2-humble/nav2_behaviors) by extension 'colcon_meta'
[0.405s] Level 1:colcon.colcon_core.package_identification:_identify(src/navigation2-humble/nav2_behaviors) by extensions ['ros']
[0.405s] Level 1:colcon.colcon_core.package_identification:_identify(src/navigation2-humble/nav2_behaviors) by extension 'ros'
[0.412s] DEBUG:colcon.colcon_core.package_identification:Package 'src/navigation2-humble/nav2_behaviors' with type 'ros.ament_cmake' and name 'nav2_behaviors'
[0.413s] Level 1:colcon.colcon_core.package_identification:_identify(src/navigation2-humble/nav2_bringup) by extensions ['ignore', 'ignore_ament_install']
[0.414s] Level 1:colcon.colcon_core.package_identification:_identify(src/navigation2-humble/nav2_bringup) by extension 'ignore'
[0.414s] Level 1:colcon.colcon_core.package_identification:_identify(src/navigation2-humble/nav2_bringup) by extension 'ignore_ament_install'
[0.414s] Level 1:colcon.colcon_core.package_identification:_identify(src/navigation2-humble/nav2_bringup) by extensions ['colcon_pkg']
[0.414s] Level 1:colcon.colcon_core.package_identification:_identify(src/navigation2-humble/nav2_bringup) by extension 'colcon_pkg'
[0.414s] Level 1:colcon.colcon_core.package_identification:_identify(src/navigation2-humble/nav2_bringup) by extensions ['colcon_meta']
[0.414s] Level 1:colcon.colcon_core.package_identification:_identify(src/navigation2-humble/nav2_bringup) by extension 'colcon_meta'
[0.414s] Level 1:colcon.colcon_core.package_identification:_identify(src/navigation2-humble/nav2_bringup) by extensions ['ros']
[0.414s] Level 1:colcon.colcon_core.package_identification:_identify(src/navigation2-humble/nav2_bringup) by extension 'ros'
[0.419s] DEBUG:colcon.colcon_core.package_identification:Package 'src/navigation2-humble/nav2_bringup' with type 'ros.ament_cmake' and name 'nav2_bringup'
[0.421s] Level 1:colcon.colcon_core.package_identification:_identify(src/navigation2-humble/nav2_bt_navigator) by extensions ['ignore', 'ignore_ament_install']
[0.421s] Level 1:colcon.colcon_core.package_identification:_identify(src/navigation2-humble/nav2_bt_navigator) by extension 'ignore'
[0.421s] Level 1:colcon.colcon_core.package_identification:_identify(src/navigation2-humble/nav2_bt_navigator) by extension 'ignore_ament_install'
[0.421s] Level 1:colcon.colcon_core.package_identification:_identify(src/navigation2-humble/nav2_bt_navigator) by extensions ['colcon_pkg']
[0.421s] Level 1:colcon.colcon_core.package_identification:_identify(src/navigation2-humble/nav2_bt_navigator) by extension 'colcon_pkg'
[0.421s] Level 1:colcon.colcon_core.package_identification:_identify(src/navigation2-humble/nav2_bt_navigator) by extensions ['colcon_meta']
[0.421s] Level 1:colcon.colcon_core.package_identification:_identify(src/navigation2-humble/nav2_bt_navigator) by extension 'colcon_meta'
[0.421s] Level 1:colcon.colcon_core.package_identification:_identify(src/navigation2-humble/nav2_bt_navigator) by extensions ['ros']
[0.421s] Level 1:colcon.colcon_core.package_identification:_identify(src/navigation2-humble/nav2_bt_navigator) by extension 'ros'
[0.426s] DEBUG:colcon.colcon_core.package_identification:Package 'src/navigation2-humble/nav2_bt_navigator' with type 'ros.ament_cmake' and name 'nav2_bt_navigator'
[0.429s] Level 1:colcon.colcon_core.package_identification:_identify(src/navigation2-humble/nav2_collision_monitor) by extensions ['ignore', 'ignore_ament_install']
[0.429s] Level 1:colcon.colcon_core.package_identification:_identify(src/navigation2-humble/nav2_collision_monitor) by extension 'ignore'
[0.429s] Level 1:colcon.colcon_core.package_identification:_identify(src/navigation2-humble/nav2_collision_monitor) by extension 'ignore_ament_install'
[0.429s] Level 1:colcon.colcon_core.package_identification:_identify(src/navigation2-humble/nav2_collision_monitor) by extensions ['colcon_pkg']
[0.429s] Level 1:colcon.colcon_core.package_identification:_identify(src/navigation2-humble/nav2_collision_monitor) by extension 'colcon_pkg'
[0.429s] Level 1:colcon.colcon_core.package_identification:_identify(src/navigation2-humble/nav2_collision_monitor) by extensions ['colcon_meta']
[0.429s] Level 1:colcon.colcon_core.package_identification:_identify(src/navigation2-humble/nav2_collision_monitor) by extension 'colcon_meta'
[0.429s] Level 1:colcon.colcon_core.package_identification:_identify(src/navigation2-humble/nav2_collision_monitor) by extensions ['ros']
[0.429s] Level 1:colcon.colcon_core.package_identification:_identify(src/navigation2-humble/nav2_collision_monitor) by extension 'ros'
[0.434s] DEBUG:colcon.colcon_core.package_identification:Package 'src/navigation2-humble/nav2_collision_monitor' with type 'ros.ament_cmake' and name 'nav2_collision_monitor'
[0.436s] Level 1:colcon.colcon_core.package_identification:_identify(src/navigation2-humble/nav2_common) by extensions ['ignore', 'ignore_ament_install']
[0.436s] Level 1:colcon.colcon_core.package_identification:_identify(src/navigation2-humble/nav2_common) by extension 'ignore'
[0.436s] Level 1:colcon.colcon_core.package_identification:_identify(src/navigation2-humble/nav2_common) by extension 'ignore_ament_install'
[0.436s] Level 1:colcon.colcon_core.package_identification:_identify(src/navigation2-humble/nav2_common) by extensions ['colcon_pkg']
[0.436s] Level 1:colcon.colcon_core.package_identification:_identify(src/navigation2-humble/nav2_common) by extension 'colcon_pkg'
[0.436s] Level 1:colcon.colcon_core.package_identification:_identify(src/navigation2-humble/nav2_common) by extensions ['colcon_meta']
[0.436s] Level 1:colcon.colcon_core.package_identification:_identify(src/navigation2-humble/nav2_common) by extension 'colcon_meta'
[0.436s] Level 1:colcon.colcon_core.package_identification:_identify(src/navigation2-humble/nav2_common) by extensions ['ros']
[0.436s] Level 1:colcon.colcon_core.package_identification:_identify(src/navigation2-humble/nav2_common) by extension 'ros'
[0.442s] DEBUG:colcon.colcon_core.package_identification:Package 'src/navigation2-humble/nav2_common' with type 'ros.ament_cmake' and name 'nav2_common'
[0.446s] Level 1:colcon.colcon_core.package_identification:_identify(src/navigation2-humble/nav2_constrained_smoother) by extensions ['ignore', 'ignore_ament_install']
[0.447s] Level 1:colcon.colcon_core.package_identification:_identify(src/navigation2-humble/nav2_constrained_smoother) by extension 'ignore'
[0.447s] Level 1:colcon.colcon_core.package_identification:_identify(src/navigation2-humble/nav2_constrained_smoother) by extension 'ignore_ament_install'
[0.447s] Level 1:colcon.colcon_core.package_identification:_identify(src/navigation2-humble/nav2_constrained_smoother) by extensions ['colcon_pkg']
[0.447s] Level 1:colcon.colcon_core.package_identification:_identify(src/navigation2-humble/nav2_constrained_smoother) by extension 'colcon_pkg'
[0.447s] Level 1:colcon.colcon_core.package_identification:_identify(src/navigation2-humble/nav2_constrained_smoother) by extensions ['colcon_meta']
[0.447s] Level 1:colcon.colcon_core.package_identification:_identify(src/navigation2-humble/nav2_constrained_smoother) by extension 'colcon_meta'
[0.447s] Level 1:colcon.colcon_core.package_identification:_identify(src/navigation2-humble/nav2_constrained_smoother) by extensions ['ros']
[0.447s] Level 1:colcon.colcon_core.package_identification:_identify(src/navigation2-humble/nav2_constrained_smoother) by extension 'ros'
[0.454s] DEBUG:colcon.colcon_core.package_identification:Package 'src/navigation2-humble/nav2_constrained_smoother' with type 'ros.ament_cmake' and name 'nav2_constrained_smoother'
[0.456s] Level 1:colcon.colcon_core.package_identification:_identify(src/navigation2-humble/nav2_controller) by extensions ['ignore', 'ignore_ament_install']
[0.456s] Level 1:colcon.colcon_core.package_identification:_identify(src/navigation2-humble/nav2_controller) by extension 'ignore'
[0.456s] Level 1:colcon.colcon_core.package_identification:_identify(src/navigation2-humble/nav2_controller) by extension 'ignore_ament_install'
[0.456s] Level 1:colcon.colcon_core.package_identification:_identify(src/navigation2-humble/nav2_controller) by extensions ['colcon_pkg']
[0.456s] Level 1:colcon.colcon_core.package_identification:_identify(src/navigation2-humble/nav2_controller) by extension 'colcon_pkg'
[0.456s] Level 1:colcon.colcon_core.package_identification:_identify(src/navigation2-humble/nav2_controller) by extensions ['colcon_meta']
[0.456s] Level 1:colcon.colcon_core.package_identification:_identify(src/navigation2-humble/nav2_controller) by extension 'colcon_meta'
[0.456s] Level 1:colcon.colcon_core.package_identification:_identify(src/navigation2-humble/nav2_controller) by extensions ['ros']
[0.456s] Level 1:colcon.colcon_core.package_identification:_identify(src/navigation2-humble/nav2_controller) by extension 'ros'
[0.463s] DEBUG:colcon.colcon_core.package_identification:Package 'src/navigation2-humble/nav2_controller' with type 'ros.ament_cmake' and name 'nav2_controller'
[0.467s] Level 1:colcon.colcon_core.package_identification:_identify(src/navigation2-humble/nav2_core) by extensions ['ignore', 'ignore_ament_install']
[0.467s] Level 1:colcon.colcon_core.package_identification:_identify(src/navigation2-humble/nav2_core) by extension 'ignore'
[0.467s] Level 1:colcon.colcon_core.package_identification:_identify(src/navigation2-humble/nav2_core) by extension 'ignore_ament_install'
[0.467s] Level 1:colcon.colcon_core.package_identification:_identify(src/navigation2-humble/nav2_core) by extensions ['colcon_pkg']
[0.467s] Level 1:colcon.colcon_core.package_identification:_identify(src/navigation2-humble/nav2_core) by extension 'colcon_pkg'
[0.467s] Level 1:colcon.colcon_core.package_identification:_identify(src/navigation2-humble/nav2_core) by extensions ['colcon_meta']
[0.467s] Level 1:colcon.colcon_core.package_identification:_identify(src/navigation2-humble/nav2_core) by extension 'colcon_meta'
[0.467s] Level 1:colcon.colcon_core.package_identification:_identify(src/navigation2-humble/nav2_core) by extensions ['ros']
[0.467s] Level 1:colcon.colcon_core.package_identification:_identify(src/navigation2-humble/nav2_core) by extension 'ros'
[0.472s] DEBUG:colcon.colcon_core.package_identification:Package 'src/navigation2-humble/nav2_core' with type 'ros.ament_cmake' and name 'nav2_core'
[0.475s] Level 1:colcon.colcon_core.package_identification:_identify(src/navigation2-humble/nav2_costmap_2d) by extensions ['ignore', 'ignore_ament_install']
[0.475s] Level 1:colcon.colcon_core.package_identification:_identify(src/navigation2-humble/nav2_costmap_2d) by extension 'ignore'
[0.475s] Level 1:colcon.colcon_core.package_identification:_identify(src/navigation2-humble/nav2_costmap_2d) by extension 'ignore_ament_install'
[0.475s] Level 1:colcon.colcon_core.package_identification:_identify(src/navigation2-humble/nav2_costmap_2d) by extensions ['colcon_pkg']
[0.475s] Level 1:colcon.colcon_core.package_identification:_identify(src/navigation2-humble/nav2_costmap_2d) by extension 'colcon_pkg'
[0.475s] Level 1:colcon.colcon_core.package_identification:_identify(src/navigation2-humble/nav2_costmap_2d) by extensions ['colcon_meta']
[0.475s] Level 1:colcon.colcon_core.package_identification:_identify(src/navigation2-humble/nav2_costmap_2d) by extension 'colcon_meta'
[0.475s] Level 1:colcon.colcon_core.package_identification:_identify(src/navigation2-humble/nav2_costmap_2d) by extensions ['ros']
[0.475s] Level 1:colcon.colcon_core.package_identification:_identify(src/navigation2-humble/nav2_costmap_2d) by extension 'ros'
[0.481s] DEBUG:colcon.colcon_core.package_identification:Package 'src/navigation2-humble/nav2_costmap_2d' with type 'ros.ament_cmake' and name 'nav2_costmap_2d'
[0.483s] Level 1:colcon.colcon_core.package_identification:_identify(src/navigation2-humble/nav2_dwb_controller) by extensions ['ignore', 'ignore_ament_install']
[0.483s] Level 1:colcon.colcon_core.package_identification:_identify(src/navigation2-humble/nav2_dwb_controller) by extension 'ignore'
[0.483s] Level 1:colcon.colcon_core.package_identification:_identify(src/navigation2-humble/nav2_dwb_controller) by extension 'ignore_ament_install'
[0.484s] Level 1:colcon.colcon_core.package_identification:_identify(src/navigation2-humble/nav2_dwb_controller) by extensions ['colcon_pkg']
[0.484s] Level 1:colcon.colcon_core.package_identification:_identify(src/navigation2-humble/nav2_dwb_controller) by extension 'colcon_pkg'
[0.484s] Level 1:colcon.colcon_core.package_identification:_identify(src/navigation2-humble/nav2_dwb_controller) by extensions ['colcon_meta']
[0.484s] Level 1:colcon.colcon_core.package_identification:_identify(src/navigation2-humble/nav2_dwb_controller) by extension 'colcon_meta'
[0.484s] Level 1:colcon.colcon_core.package_identification:_identify(src/navigation2-humble/nav2_dwb_controller) by extensions ['ros']
[0.484s] Level 1:colcon.colcon_core.package_identification:_identify(src/navigation2-humble/nav2_dwb_controller) by extension 'ros'
[0.484s] Level 1:colcon.colcon_core.package_identification:_identify(src/navigation2-humble/nav2_dwb_controller) by extensions ['cmake', 'python']
[0.484s] Level 1:colcon.colcon_core.package_identification:_identify(src/navigation2-humble/nav2_dwb_controller) by extension 'cmake'
[0.484s] Level 1:colcon.colcon_core.package_identification:_identify(src/navigation2-humble/nav2_dwb_controller) by extension 'python'
[0.484s] Level 1:colcon.colcon_core.package_identification:_identify(src/navigation2-humble/nav2_dwb_controller) by extensions ['python_setup_py']
[0.484s] Level 1:colcon.colcon_core.package_identification:_identify(src/navigation2-humble/nav2_dwb_controller) by extension 'python_setup_py'
[0.486s] Level 1:colcon.colcon_core.package_identification:_identify(src/navigation2-humble/nav2_dwb_controller/costmap_queue) by extensions ['ignore', 'ignore_ament_install']
[0.486s] Level 1:colcon.colcon_core.package_identification:_identify(src/navigation2-humble/nav2_dwb_controller/costmap_queue) by extension 'ignore'
[0.486s] Level 1:colcon.colcon_core.package_identification:_identify(src/navigation2-humble/nav2_dwb_controller/costmap_queue) by extension 'ignore_ament_install'
[0.486s] Level 1:colcon.colcon_core.package_identification:_identify(src/navigation2-humble/nav2_dwb_controller/costmap_queue) by extensions ['colcon_pkg']
[0.486s] Level 1:colcon.colcon_core.package_identification:_identify(src/navigation2-humble/nav2_dwb_controller/costmap_queue) by extension 'colcon_pkg'
[0.486s] Level 1:colcon.colcon_core.package_identification:_identify(src/navigation2-humble/nav2_dwb_controller/costmap_queue) by extensions ['colcon_meta']
[0.486s] Level 1:colcon.colcon_core.package_identification:_identify(src/navigation2-humble/nav2_dwb_controller/costmap_queue) by extension 'colcon_meta'
[0.486s] Level 1:colcon.colcon_core.package_identification:_identify(src/navigation2-humble/nav2_dwb_controller/costmap_queue) by extensions ['ros']
[0.486s] Level 1:colcon.colcon_core.package_identification:_identify(src/navigation2-humble/nav2_dwb_controller/costmap_queue) by extension 'ros'
[0.492s] DEBUG:colcon.colcon_core.package_identification:Package 'src/navigation2-humble/nav2_dwb_controller/costmap_queue' with type 'ros.ament_cmake' and name 'costmap_queue'
[0.495s] Level 1:colcon.colcon_core.package_identification:_identify(src/navigation2-humble/nav2_dwb_controller/dwb_core) by extensions ['ignore', 'ignore_ament_install']
[0.495s] Level 1:colcon.colcon_core.package_identification:_identify(src/navigation2-humble/nav2_dwb_controller/dwb_core) by extension 'ignore'
[0.495s] Level 1:colcon.colcon_core.package_identification:_identify(src/navigation2-humble/nav2_dwb_controller/dwb_core) by extension 'ignore_ament_install'
[0.495s] Level 1:colcon.colcon_core.package_identification:_identify(src/navigation2-humble/nav2_dwb_controller/dwb_core) by extensions ['colcon_pkg']
[0.495s] Level 1:colcon.colcon_core.package_identification:_identify(src/navigation2-humble/nav2_dwb_controller/dwb_core) by extension 'colcon_pkg'
[0.495s] Level 1:colcon.colcon_core.package_identification:_identify(src/navigation2-humble/nav2_dwb_controller/dwb_core) by extensions ['colcon_meta']
[0.495s] Level 1:colcon.colcon_core.package_identification:_identify(src/navigation2-humble/nav2_dwb_controller/dwb_core) by extension 'colcon_meta'
[0.495s] Level 1:colcon.colcon_core.package_identification:_identify(src/navigation2-humble/nav2_dwb_controller/dwb_core) by extensions ['ros']
[0.495s] Level 1:colcon.colcon_core.package_identification:_identify(src/navigation2-humble/nav2_dwb_controller/dwb_core) by extension 'ros'
[0.501s] DEBUG:colcon.colcon_core.package_identification:Package 'src/navigation2-humble/nav2_dwb_controller/dwb_core' with type 'ros.ament_cmake' and name 'dwb_core'
[0.503s] Level 1:colcon.colcon_core.package_identification:_identify(src/navigation2-humble/nav2_dwb_controller/dwb_critics) by extensions ['ignore', 'ignore_ament_install']
[0.503s] Level 1:colcon.colcon_core.package_identification:_identify(src/navigation2-humble/nav2_dwb_controller/dwb_critics) by extension 'ignore'
[0.503s] Level 1:colcon.colcon_core.package_identification:_identify(src/navigation2-humble/nav2_dwb_controller/dwb_critics) by extension 'ignore_ament_install'
[0.503s] Level 1:colcon.colcon_core.package_identification:_identify(src/navigation2-humble/nav2_dwb_controller/dwb_critics) by extensions ['colcon_pkg']
[0.503s] Level 1:colcon.colcon_core.package_identification:_identify(src/navigation2-humble/nav2_dwb_controller/dwb_critics) by extension 'colcon_pkg'
[0.503s] Level 1:colcon.colcon_core.package_identification:_identify(src/navigation2-humble/nav2_dwb_controller/dwb_critics) by extensions ['colcon_meta']
[0.503s] Level 1:colcon.colcon_core.package_identification:_identify(src/navigation2-humble/nav2_dwb_controller/dwb_critics) by extension 'colcon_meta'
[0.503s] Level 1:colcon.colcon_core.package_identification:_identify(src/navigation2-humble/nav2_dwb_controller/dwb_critics) by extensions ['ros']
[0.503s] Level 1:colcon.colcon_core.package_identification:_identify(src/navigation2-humble/nav2_dwb_controller/dwb_critics) by extension 'ros'
[0.508s] DEBUG:colcon.colcon_core.package_identification:Package 'src/navigation2-humble/nav2_dwb_controller/dwb_critics' with type 'ros.ament_cmake' and name 'dwb_critics'
[0.511s] Level 1:colcon.colcon_core.package_identification:_identify(src/navigation2-humble/nav2_dwb_controller/dwb_msgs) by extensions ['ignore', 'ignore_ament_install']
[0.511s] Level 1:colcon.colcon_core.package_identification:_identify(src/navigation2-humble/nav2_dwb_controller/dwb_msgs) by extension 'ignore'
[0.511s] Level 1:colcon.colcon_core.package_identification:_identify(src/navigation2-humble/nav2_dwb_controller/dwb_msgs) by extension 'ignore_ament_install'
[0.511s] Level 1:colcon.colcon_core.package_identification:_identify(src/navigation2-humble/nav2_dwb_controller/dwb_msgs) by extensions ['colcon_pkg']
[0.511s] Level 1:colcon.colcon_core.package_identification:_identify(src/navigation2-humble/nav2_dwb_controller/dwb_msgs) by extension 'colcon_pkg'
[0.511s] Level 1:colcon.colcon_core.package_identification:_identify(src/navigation2-humble/nav2_dwb_controller/dwb_msgs) by extensions ['colcon_meta']
[0.511s] Level 1:colcon.colcon_core.package_identification:_identify(src/navigation2-humble/nav2_dwb_controller/dwb_msgs) by extension 'colcon_meta'
[0.511s] Level 1:colcon.colcon_core.package_identification:_identify(src/navigation2-humble/nav2_dwb_controller/dwb_msgs) by extensions ['ros']
[0.511s] Level 1:colcon.colcon_core.package_identification:_identify(src/navigation2-humble/nav2_dwb_controller/dwb_msgs) by extension 'ros'
[0.517s] DEBUG:colcon.colcon_core.package_identification:Package 'src/navigation2-humble/nav2_dwb_controller/dwb_msgs' with type 'ros.ament_cmake' and name 'dwb_msgs'
[0.519s] Level 1:colcon.colcon_core.package_identification:_identify(src/navigation2-humble/nav2_dwb_controller/dwb_plugins) by extensions ['ignore', 'ignore_ament_install']
[0.519s] Level 1:colcon.colcon_core.package_identification:_identify(src/navigation2-humble/nav2_dwb_controller/dwb_plugins) by extension 'ignore'
[0.519s] Level 1:colcon.colcon_core.package_identification:_identify(src/navigation2-humble/nav2_dwb_controller/dwb_plugins) by extension 'ignore_ament_install'
[0.519s] Level 1:colcon.colcon_core.package_identification:_identify(src/navigation2-humble/nav2_dwb_controller/dwb_plugins) by extensions ['colcon_pkg']
[0.519s] Level 1:colcon.colcon_core.package_identification:_identify(src/navigation2-humble/nav2_dwb_controller/dwb_plugins) by extension 'colcon_pkg'
[0.519s] Level 1:colcon.colcon_core.package_identification:_identify(src/navigation2-humble/nav2_dwb_controller/dwb_plugins) by extensions ['colcon_meta']
[0.519s] Level 1:colcon.colcon_core.package_identification:_identify(src/navigation2-humble/nav2_dwb_controller/dwb_plugins) by extension 'colcon_meta'
[0.519s] Level 1:colcon.colcon_core.package_identification:_identify(src/navigation2-humble/nav2_dwb_controller/dwb_plugins) by extensions ['ros']
[0.519s] Level 1:colcon.colcon_core.package_identification:_identify(src/navigation2-humble/nav2_dwb_controller/dwb_plugins) by extension 'ros'
[0.524s] DEBUG:colcon.colcon_core.package_identification:Package 'src/navigation2-humble/nav2_dwb_controller/dwb_plugins' with type 'ros.ament_cmake' and name 'dwb_plugins'
[0.526s] Level 1:colcon.colcon_core.package_identification:_identify(src/navigation2-humble/nav2_dwb_controller/images) by extensions ['ignore', 'ignore_ament_install']
[0.526s] Level 1:colcon.colcon_core.package_identification:_identify(src/navigation2-humble/nav2_dwb_controller/images) by extension 'ignore'
[0.526s] Level 1:colcon.colcon_core.package_identification:_identify(src/navigation2-humble/nav2_dwb_controller/images) by extension 'ignore_ament_install'
[0.526s] Level 1:colcon.colcon_core.package_identification:_identify(src/navigation2-humble/nav2_dwb_controller/images) by extensions ['colcon_pkg']
[0.526s] Level 1:colcon.colcon_core.package_identification:_identify(src/navigation2-humble/nav2_dwb_controller/images) by extension 'colcon_pkg'
[0.526s] Level 1:colcon.colcon_core.package_identification:_identify(src/navigation2-humble/nav2_dwb_controller/images) by extensions ['colcon_meta']
[0.526s] Level 1:colcon.colcon_core.package_identification:_identify(src/navigation2-humble/nav2_dwb_controller/images) by extension 'colcon_meta'
[0.526s] Level 1:colcon.colcon_core.package_identification:_identify(src/navigation2-humble/nav2_dwb_controller/images) by extensions ['ros']
[0.527s] Level 1:colcon.colcon_core.package_identification:_identify(src/navigation2-humble/nav2_dwb_controller/images) by extension 'ros'
[0.527s] Level 1:colcon.colcon_core.package_identification:_identify(src/navigation2-humble/nav2_dwb_controller/images) by extensions ['cmake', 'python']
[0.527s] Level 1:colcon.colcon_core.package_identification:_identify(src/navigation2-humble/nav2_dwb_controller/images) by extension 'cmake'
[0.527s] Level 1:colcon.colcon_core.package_identification:_identify(src/navigation2-humble/nav2_dwb_controller/images) by extension 'python'
[0.527s] Level 1:colcon.colcon_core.package_identification:_identify(src/navigation2-humble/nav2_dwb_controller/images) by extensions ['python_setup_py']
[0.527s] Level 1:colcon.colcon_core.package_identification:_identify(src/navigation2-humble/nav2_dwb_controller/images) by extension 'python_setup_py'
[0.530s] Level 1:colcon.colcon_core.package_identification:_identify(src/navigation2-humble/nav2_dwb_controller/nav2_dwb_controller) by extensions ['ignore', 'ignore_ament_install']
[0.530s] Level 1:colcon.colcon_core.package_identification:_identify(src/navigation2-humble/nav2_dwb_controller/nav2_dwb_controller) by extension 'ignore'
[0.530s] Level 1:colcon.colcon_core.package_identification:_identify(src/navigation2-humble/nav2_dwb_controller/nav2_dwb_controller) by extension 'ignore_ament_install'
[0.530s] Level 1:colcon.colcon_core.package_identification:_identify(src/navigation2-humble/nav2_dwb_controller/nav2_dwb_controller) by extensions ['colcon_pkg']
[0.530s] Level 1:colcon.colcon_core.package_identification:_identify(src/navigation2-humble/nav2_dwb_controller/nav2_dwb_controller) by extension 'colcon_pkg'
[0.530s] Level 1:colcon.colcon_core.package_identification:_identify(src/navigation2-humble/nav2_dwb_controller/nav2_dwb_controller) by extensions ['colcon_meta']
[0.530s] Level 1:colcon.colcon_core.package_identification:_identify(src/navigation2-humble/nav2_dwb_controller/nav2_dwb_controller) by extension 'colcon_meta'
[0.530s] Level 1:colcon.colcon_core.package_identification:_identify(src/navigation2-humble/nav2_dwb_controller/nav2_dwb_controller) by extensions ['ros']
[0.530s] Level 1:colcon.colcon_core.package_identification:_identify(src/navigation2-humble/nav2_dwb_controller/nav2_dwb_controller) by extension 'ros'
[0.537s] DEBUG:colcon.colcon_core.package_identification:Package 'src/navigation2-humble/nav2_dwb_controller/nav2_dwb_controller' with type 'ros.ament_cmake' and name 'nav2_dwb_controller'
[0.540s] Level 1:colcon.colcon_core.package_identification:_identify(src/navigation2-humble/nav2_dwb_controller/nav_2d_msgs) by extensions ['ignore', 'ignore_ament_install']
[0.540s] Level 1:colcon.colcon_core.package_identification:_identify(src/navigation2-humble/nav2_dwb_controller/nav_2d_msgs) by extension 'ignore'
[0.540s] Level 1:colcon.colcon_core.package_identification:_identify(src/navigation2-humble/nav2_dwb_controller/nav_2d_msgs) by extension 'ignore_ament_install'
[0.540s] Level 1:colcon.colcon_core.package_identification:_identify(src/navigation2-humble/nav2_dwb_controller/nav_2d_msgs) by extensions ['colcon_pkg']
[0.540s] Level 1:colcon.colcon_core.package_identification:_identify(src/navigation2-humble/nav2_dwb_controller/nav_2d_msgs) by extension 'colcon_pkg'
[0.540s] Level 1:colcon.colcon_core.package_identification:_identify(src/navigation2-humble/nav2_dwb_controller/nav_2d_msgs) by extensions ['colcon_meta']
[0.540s] Level 1:colcon.colcon_core.package_identification:_identify(src/navigation2-humble/nav2_dwb_controller/nav_2d_msgs) by extension 'colcon_meta'
[0.540s] Level 1:colcon.colcon_core.package_identification:_identify(src/navigation2-humble/nav2_dwb_controller/nav_2d_msgs) by extensions ['ros']
[0.540s] Level 1:colcon.colcon_core.package_identification:_identify(src/navigation2-humble/nav2_dwb_controller/nav_2d_msgs) by extension 'ros'
[0.546s] DEBUG:colcon.colcon_core.package_identification:Package 'src/navigation2-humble/nav2_dwb_controller/nav_2d_msgs' with type 'ros.ament_cmake' and name 'nav_2d_msgs'
[0.549s] Level 1:colcon.colcon_core.package_identification:_identify(src/navigation2-humble/nav2_dwb_controller/nav_2d_utils) by extensions ['ignore', 'ignore_ament_install']
[0.549s] Level 1:colcon.colcon_core.package_identification:_identify(src/navigation2-humble/nav2_dwb_controller/nav_2d_utils) by extension 'ignore'
[0.549s] Level 1:colcon.colcon_core.package_identification:_identify(src/navigation2-humble/nav2_dwb_controller/nav_2d_utils) by extension 'ignore_ament_install'
[0.549s] Level 1:colcon.colcon_core.package_identification:_identify(src/navigation2-humble/nav2_dwb_controller/nav_2d_utils) by extensions ['colcon_pkg']
[0.549s] Level 1:colcon.colcon_core.package_identification:_identify(src/navigation2-humble/nav2_dwb_controller/nav_2d_utils) by extension 'colcon_pkg'
[0.549s] Level 1:colcon.colcon_core.package_identification:_identify(src/navigation2-humble/nav2_dwb_controller/nav_2d_utils) by extensions ['colcon_meta']
[0.549s] Level 1:colcon.colcon_core.package_identification:_identify(src/navigation2-humble/nav2_dwb_controller/nav_2d_utils) by extension 'colcon_meta'
[0.549s] Level 1:colcon.colcon_core.package_identification:_identify(src/navigation2-humble/nav2_dwb_controller/nav_2d_utils) by extensions ['ros']
[0.549s] Level 1:colcon.colcon_core.package_identification:_identify(src/navigation2-humble/nav2_dwb_controller/nav_2d_utils) by extension 'ros'
[0.555s] DEBUG:colcon.colcon_core.package_identification:Package 'src/navigation2-humble/nav2_dwb_controller/nav_2d_utils' with type 'ros.ament_cmake' and name 'nav_2d_utils'
[0.557s] Level 1:colcon.colcon_core.package_identification:_identify(src/navigation2-humble/nav2_lifecycle_manager) by extensions ['ignore', 'ignore_ament_install']
[0.557s] Level 1:colcon.colcon_core.package_identification:_identify(src/navigation2-humble/nav2_lifecycle_manager) by extension 'ignore'
[0.557s] Level 1:colcon.colcon_core.package_identification:_identify(src/navigation2-humble/nav2_lifecycle_manager) by extension 'ignore_ament_install'
[0.557s] Level 1:colcon.colcon_core.package_identification:_identify(src/navigation2-humble/nav2_lifecycle_manager) by extensions ['colcon_pkg']
[0.557s] Level 1:colcon.colcon_core.package_identification:_identify(src/navigation2-humble/nav2_lifecycle_manager) by extension 'colcon_pkg'
[0.557s] Level 1:colcon.colcon_core.package_identification:_identify(src/navigation2-humble/nav2_lifecycle_manager) by extensions ['colcon_meta']
[0.557s] Level 1:colcon.colcon_core.package_identification:_identify(src/navigation2-humble/nav2_lifecycle_manager) by extension 'colcon_meta'
[0.557s] Level 1:colcon.colcon_core.package_identification:_identify(src/navigation2-humble/nav2_lifecycle_manager) by extensions ['ros']
[0.557s] Level 1:colcon.colcon_core.package_identification:_identify(src/navigation2-humble/nav2_lifecycle_manager) by extension 'ros'
[0.563s] DEBUG:colcon.colcon_core.package_identification:Package 'src/navigation2-humble/nav2_lifecycle_manager' with type 'ros.ament_cmake' and name 'nav2_lifecycle_manager'
[0.566s] Level 1:colcon.colcon_core.package_identification:_identify(src/navigation2-humble/nav2_map_server) by extensions ['ignore', 'ignore_ament_install']
[0.566s] Level 1:colcon.colcon_core.package_identification:_identify(src/navigation2-humble/nav2_map_server) by extension 'ignore'
[0.566s] Level 1:colcon.colcon_core.package_identification:_identify(src/navigation2-humble/nav2_map_server) by extension 'ignore_ament_install'
[0.566s] Level 1:colcon.colcon_core.package_identification:_identify(src/navigation2-humble/nav2_map_server) by extensions ['colcon_pkg']
[0.566s] Level 1:colcon.colcon_core.package_identification:_identify(src/navigation2-humble/nav2_map_server) by extension 'colcon_pkg'
[0.566s] Level 1:colcon.colcon_core.package_identification:_identify(src/navigation2-humble/nav2_map_server) by extensions ['colcon_meta']
[0.566s] Level 1:colcon.colcon_core.package_identification:_identify(src/navigation2-humble/nav2_map_server) by extension 'colcon_meta'
[0.566s] Level 1:colcon.colcon_core.package_identification:_identify(src/navigation2-humble/nav2_map_server) by extensions ['ros']
[0.566s] Level 1:colcon.colcon_core.package_identification:_identify(src/navigation2-humble/nav2_map_server) by extension 'ros'
[0.571s] DEBUG:colcon.colcon_core.package_identification:Package 'src/navigation2-humble/nav2_map_server' with type 'ros.ament_cmake' and name 'nav2_map_server'
[0.573s] Level 1:colcon.colcon_core.package_identification:_identify(src/navigation2-humble/nav2_mppi_controller) by extensions ['ignore', 'ignore_ament_install']
[0.574s] Level 1:colcon.colcon_core.package_identification:_identify(src/navigation2-humble/nav2_mppi_controller) by extension 'ignore'
[0.574s] Level 1:colcon.colcon_core.package_identification:_identify(src/navigation2-humble/nav2_mppi_controller) by extension 'ignore_ament_install'
[0.574s] Level 1:colcon.colcon_core.package_identification:_identify(src/navigation2-humble/nav2_mppi_controller) by extensions ['colcon_pkg']
[0.574s] Level 1:colcon.colcon_core.package_identification:_identify(src/navigation2-humble/nav2_mppi_controller) by extension 'colcon_pkg'
[0.574s] Level 1:colcon.colcon_core.package_identification:_identify(src/navigation2-humble/nav2_mppi_controller) by extensions ['colcon_meta']
[0.574s] Level 1:colcon.colcon_core.package_identification:_identify(src/navigation2-humble/nav2_mppi_controller) by extension 'colcon_meta'
[0.574s] Level 1:colcon.colcon_core.package_identification:_identify(src/navigation2-humble/nav2_mppi_controller) by extensions ['ros']
[0.574s] Level 1:colcon.colcon_core.package_identification:_identify(src/navigation2-humble/nav2_mppi_controller) by extension 'ros'
[0.581s] DEBUG:colcon.colcon_core.package_identification:Package 'src/navigation2-humble/nav2_mppi_controller' with type 'ros.ament_cmake' and name 'nav2_mppi_controller'
[0.583s] Level 1:colcon.colcon_core.package_identification:_identify(src/navigation2-humble/nav2_msgs) by extensions ['ignore', 'ignore_ament_install']
[0.583s] Level 1:colcon.colcon_core.package_identification:_identify(src/navigation2-humble/nav2_msgs) by extension 'ignore'
[0.583s] Level 1:colcon.colcon_core.package_identification:_identify(src/navigation2-humble/nav2_msgs) by extension 'ignore_ament_install'
[0.583s] Level 1:colcon.colcon_core.package_identification:_identify(src/navigation2-humble/nav2_msgs) by extensions ['colcon_pkg']
[0.583s] Level 1:colcon.colcon_core.package_identification:_identify(src/navigation2-humble/nav2_msgs) by extension 'colcon_pkg'
[0.584s] Level 1:colcon.colcon_core.package_identification:_identify(src/navigation2-humble/nav2_msgs) by extensions ['colcon_meta']
[0.584s] Level 1:colcon.colcon_core.package_identification:_identify(src/navigation2-humble/nav2_msgs) by extension 'colcon_meta'
[0.584s] Level 1:colcon.colcon_core.package_identification:_identify(src/navigation2-humble/nav2_msgs) by extensions ['ros']
[0.584s] Level 1:colcon.colcon_core.package_identification:_identify(src/navigation2-humble/nav2_msgs) by extension 'ros'
[0.589s] DEBUG:colcon.colcon_core.package_identification:Package 'src/navigation2-humble/nav2_msgs' with type 'ros.ament_cmake' and name 'nav2_msgs'
[0.591s] Level 1:colcon.colcon_core.package_identification:_identify(src/navigation2-humble/nav2_navfn_planner) by extensions ['ignore', 'ignore_ament_install']
[0.592s] Level 1:colcon.colcon_core.package_identification:_identify(src/navigation2-humble/nav2_navfn_planner) by extension 'ignore'
[0.592s] Level 1:colcon.colcon_core.package_identification:_identify(src/navigation2-humble/nav2_navfn_planner) by extension 'ignore_ament_install'
[0.592s] Level 1:colcon.colcon_core.package_identification:_identify(src/navigation2-humble/nav2_navfn_planner) by extensions ['colcon_pkg']
[0.592s] Level 1:colcon.colcon_core.package_identification:_identify(src/navigation2-humble/nav2_navfn_planner) by extension 'colcon_pkg'
[0.592s] Level 1:colcon.colcon_core.package_identification:_identify(src/navigation2-humble/nav2_navfn_planner) by extensions ['colcon_meta']
[0.592s] Level 1:colcon.colcon_core.package_identification:_identify(src/navigation2-humble/nav2_navfn_planner) by extension 'colcon_meta'
[0.592s] Level 1:colcon.colcon_core.package_identification:_identify(src/navigation2-humble/nav2_navfn_planner) by extensions ['ros']
[0.592s] Level 1:colcon.colcon_core.package_identification:_identify(src/navigation2-humble/nav2_navfn_planner) by extension 'ros'
[0.598s] DEBUG:colcon.colcon_core.package_identification:Package 'src/navigation2-humble/nav2_navfn_planner' with type 'ros.ament_cmake' and name 'nav2_navfn_planner'
[0.600s] Level 1:colcon.colcon_core.package_identification:_identify(src/navigation2-humble/nav2_planner) by extensions ['ignore', 'ignore_ament_install']
[0.600s] Level 1:colcon.colcon_core.package_identification:_identify(src/navigation2-humble/nav2_planner) by extension 'ignore'
[0.600s] Level 1:colcon.colcon_core.package_identification:_identify(src/navigation2-humble/nav2_planner) by extension 'ignore_ament_install'
[0.600s] Level 1:colcon.colcon_core.package_identification:_identify(src/navigation2-humble/nav2_planner) by extensions ['colcon_pkg']
[0.600s] Level 1:colcon.colcon_core.package_identification:_identify(src/navigation2-humble/nav2_planner) by extension 'colcon_pkg'
[0.600s] Level 1:colcon.colcon_core.package_identification:_identify(src/navigation2-humble/nav2_planner) by extensions ['colcon_meta']
[0.600s] Level 1:colcon.colcon_core.package_identification:_identify(src/navigation2-humble/nav2_planner) by extension 'colcon_meta'
[0.600s] Level 1:colcon.colcon_core.package_identification:_identify(src/navigation2-humble/nav2_planner) by extensions ['ros']
[0.600s] Level 1:colcon.colcon_core.package_identification:_identify(src/navigation2-humble/nav2_planner) by extension 'ros'
[0.610s] DEBUG:colcon.colcon_core.package_identification:Package 'src/navigation2-humble/nav2_planner' with type 'ros.ament_cmake' and name 'nav2_planner'
[0.612s] Level 1:colcon.colcon_core.package_identification:_identify(src/navigation2-humble/nav2_regulated_pure_pursuit_controller) by extensions ['ignore', 'ignore_ament_install']
[0.612s] Level 1:colcon.colcon_core.package_identification:_identify(src/navigation2-humble/nav2_regulated_pure_pursuit_controller) by extension 'ignore'
[0.612s] Level 1:colcon.colcon_core.package_identification:_identify(src/navigation2-humble/nav2_regulated_pure_pursuit_controller) by extension 'ignore_ament_install'
[0.613s] Level 1:colcon.colcon_core.package_identification:_identify(src/navigation2-humble/nav2_regulated_pure_pursuit_controller) by extensions ['colcon_pkg']
[0.613s] Level 1:colcon.colcon_core.package_identification:_identify(src/navigation2-humble/nav2_regulated_pure_pursuit_controller) by extension 'colcon_pkg'
[0.613s] Level 1:colcon.colcon_core.package_identification:_identify(src/navigation2-humble/nav2_regulated_pure_pursuit_controller) by extensions ['colcon_meta']
[0.613s] Level 1:colcon.colcon_core.package_identification:_identify(src/navigation2-humble/nav2_regulated_pure_pursuit_controller) by extension 'colcon_meta'
[0.613s] Level 1:colcon.colcon_core.package_identification:_identify(src/navigation2-humble/nav2_regulated_pure_pursuit_controller) by extensions ['ros']
[0.613s] Level 1:colcon.colcon_core.package_identification:_identify(src/navigation2-humble/nav2_regulated_pure_pursuit_controller) by extension 'ros'
[0.617s] DEBUG:colcon.colcon_core.package_identification:Package 'src/navigation2-humble/nav2_regulated_pure_pursuit_controller' with type 'ros.ament_cmake' and name 'nav2_regulated_pure_pursuit_controller'
[0.621s] Level 1:colcon.colcon_core.package_identification:_identify(src/navigation2-humble/nav2_rotation_shim_controller) by extensions ['ignore', 'ignore_ament_install']
[0.621s] Level 1:colcon.colcon_core.package_identification:_identify(src/navigation2-humble/nav2_rotation_shim_controller) by extension 'ignore'
[0.621s] Level 1:colcon.colcon_core.package_identification:_identify(src/navigation2-humble/nav2_rotation_shim_controller) by extension 'ignore_ament_install'
[0.621s] Level 1:colcon.colcon_core.package_identification:_identify(src/navigation2-humble/nav2_rotation_shim_controller) by extensions ['colcon_pkg']
[0.621s] Level 1:colcon.colcon_core.package_identification:_identify(src/navigation2-humble/nav2_rotation_shim_controller) by extension 'colcon_pkg'
[0.621s] Level 1:colcon.colcon_core.package_identification:_identify(src/navigation2-humble/nav2_rotation_shim_controller) by extensions ['colcon_meta']
[0.621s] Level 1:colcon.colcon_core.package_identification:_identify(src/navigation2-humble/nav2_rotation_shim_controller) by extension 'colcon_meta'
[0.621s] Level 1:colcon.colcon_core.package_identification:_identify(src/navigation2-humble/nav2_rotation_shim_controller) by extensions ['ros']
[0.621s] Level 1:colcon.colcon_core.package_identification:_identify(src/navigation2-humble/nav2_rotation_shim_controller) by extension 'ros'
[0.627s] DEBUG:colcon.colcon_core.package_identification:Package 'src/navigation2-humble/nav2_rotation_shim_controller' with type 'ros.ament_cmake' and name 'nav2_rotation_shim_controller'
[0.629s] Level 1:colcon.colcon_core.package_identification:_identify(src/navigation2-humble/nav2_rviz_plugins) by extensions ['ignore', 'ignore_ament_install']
[0.630s] Level 1:colcon.colcon_core.package_identification:_identify(src/navigation2-humble/nav2_rviz_plugins) by extension 'ignore'
[0.630s] Level 1:colcon.colcon_core.package_identification:_identify(src/navigation2-humble/nav2_rviz_plugins) by extension 'ignore_ament_install'
[0.630s] Level 1:colcon.colcon_core.package_identification:_identify(src/navigation2-humble/nav2_rviz_plugins) by extensions ['colcon_pkg']
[0.630s] Level 1:colcon.colcon_core.package_identification:_identify(src/navigation2-humble/nav2_rviz_plugins) by extension 'colcon_pkg'
[0.630s] Level 1:colcon.colcon_core.package_identification:_identify(src/navigation2-humble/nav2_rviz_plugins) by extensions ['colcon_meta']
[0.630s] Level 1:colcon.colcon_core.package_identification:_identify(src/navigation2-humble/nav2_rviz_plugins) by extension 'colcon_meta'
[0.630s] Level 1:colcon.colcon_core.package_identification:_identify(src/navigation2-humble/nav2_rviz_plugins) by extensions ['ros']
[0.630s] Level 1:colcon.colcon_core.package_identification:_identify(src/navigation2-humble/nav2_rviz_plugins) by extension 'ros'
[0.634s] DEBUG:colcon.colcon_core.package_identification:Package 'src/navigation2-humble/nav2_rviz_plugins' with type 'ros.ament_cmake' and name 'nav2_rviz_plugins'
[0.636s] Level 1:colcon.colcon_core.package_identification:_identify(src/navigation2-humble/nav2_simple_commander) by extensions ['ignore', 'ignore_ament_install']
[0.636s] Level 1:colcon.colcon_core.package_identification:_identify(src/navigation2-humble/nav2_simple_commander) by extension 'ignore'
[0.636s] Level 1:colcon.colcon_core.package_identification:_identify(src/navigation2-humble/nav2_simple_commander) by extension 'ignore_ament_install'
[0.636s] Level 1:colcon.colcon_core.package_identification:_identify(src/navigation2-humble/nav2_simple_commander) by extensions ['colcon_pkg']
[0.636s] Level 1:colcon.colcon_core.package_identification:_identify(src/navigation2-humble/nav2_simple_commander) by extension 'colcon_pkg'
[0.636s] Level 1:colcon.colcon_core.package_identification:_identify(src/navigation2-humble/nav2_simple_commander) by extensions ['colcon_meta']
[0.636s] Level 1:colcon.colcon_core.package_identification:_identify(src/navigation2-humble/nav2_simple_commander) by extension 'colcon_meta'
[0.637s] Level 1:colcon.colcon_core.package_identification:_identify(src/navigation2-humble/nav2_simple_commander) by extensions ['ros']
[0.637s] Level 1:colcon.colcon_core.package_identification:_identify(src/navigation2-humble/nav2_simple_commander) by extension 'ros'
[0.641s] DEBUG:colcon.colcon_core.package_identification:Package 'src/navigation2-humble/nav2_simple_commander' with type 'ros.ament_python' and name 'nav2_simple_commander'
[0.643s] Level 1:colcon.colcon_core.package_identification:_identify(src/navigation2-humble/nav2_smac_planner) by extensions ['ignore', 'ignore_ament_install']
[0.643s] Level 1:colcon.colcon_core.package_identification:_identify(src/navigation2-humble/nav2_smac_planner) by extension 'ignore'
[0.643s] Level 1:colcon.colcon_core.package_identification:_identify(src/navigation2-humble/nav2_smac_planner) by extension 'ignore_ament_install'
[0.643s] Level 1:colcon.colcon_core.package_identification:_identify(src/navigation2-humble/nav2_smac_planner) by extensions ['colcon_pkg']
[0.643s] Level 1:colcon.colcon_core.package_identification:_identify(src/navigation2-humble/nav2_smac_planner) by extension 'colcon_pkg'
[0.643s] Level 1:colcon.colcon_core.package_identification:_identify(src/navigation2-humble/nav2_smac_planner) by extensions ['colcon_meta']
[0.643s] Level 1:colcon.colcon_core.package_identification:_identify(src/navigation2-humble/nav2_smac_planner) by extension 'colcon_meta'
[0.643s] Level 1:colcon.colcon_core.package_identification:_identify(src/navigation2-humble/nav2_smac_planner) by extensions ['ros']
[0.643s] Level 1:colcon.colcon_core.package_identification:_identify(src/navigation2-humble/nav2_smac_planner) by extension 'ros'
[0.649s] DEBUG:colcon.colcon_core.package_identification:Package 'src/navigation2-humble/nav2_smac_planner' with type 'ros.ament_cmake' and name 'nav2_smac_planner'
[0.651s] Level 1:colcon.colcon_core.package_identification:_identify(src/navigation2-humble/nav2_smoother) by extensions ['ignore', 'ignore_ament_install']
[0.651s] Level 1:colcon.colcon_core.package_identification:_identify(src/navigation2-humble/nav2_smoother) by extension 'ignore'
[0.651s] Level 1:colcon.colcon_core.package_identification:_identify(src/navigation2-humble/nav2_smoother) by extension 'ignore_ament_install'
[0.651s] Level 1:colcon.colcon_core.package_identification:_identify(src/navigation2-humble/nav2_smoother) by extensions ['colcon_pkg']
[0.651s] Level 1:colcon.colcon_core.package_identification:_identify(src/navigation2-humble/nav2_smoother) by extension 'colcon_pkg'
[0.651s] Level 1:colcon.colcon_core.package_identification:_identify(src/navigation2-humble/nav2_smoother) by extensions ['colcon_meta']
[0.651s] Level 1:colcon.colcon_core.package_identification:_identify(src/navigation2-humble/nav2_smoother) by extension 'colcon_meta'
[0.651s] Level 1:colcon.colcon_core.package_identification:_identify(src/navigation2-humble/nav2_smoother) by extensions ['ros']
[0.651s] Level 1:colcon.colcon_core.package_identification:_identify(src/navigation2-humble/nav2_smoother) by extension 'ros'
[0.657s] DEBUG:colcon.colcon_core.package_identification:Package 'src/navigation2-humble/nav2_smoother' with type 'ros.ament_cmake' and name 'nav2_smoother'
[0.660s] Level 1:colcon.colcon_core.package_identification:_identify(src/navigation2-humble/nav2_theta_star_planner) by extensions ['ignore', 'ignore_ament_install']
[0.660s] Level 1:colcon.colcon_core.package_identification:_identify(src/navigation2-humble/nav2_theta_star_planner) by extension 'ignore'
[0.660s] Level 1:colcon.colcon_core.package_identification:_identify(src/navigation2-humble/nav2_theta_star_planner) by extension 'ignore_ament_install'
[0.660s] Level 1:colcon.colcon_core.package_identification:_identify(src/navigation2-humble/nav2_theta_star_planner) by extensions ['colcon_pkg']
[0.660s] Level 1:colcon.colcon_core.package_identification:_identify(src/navigation2-humble/nav2_theta_star_planner) by extension 'colcon_pkg'
[0.660s] Level 1:colcon.colcon_core.package_identification:_identify(src/navigation2-humble/nav2_theta_star_planner) by extensions ['colcon_meta']
[0.660s] Level 1:colcon.colcon_core.package_identification:_identify(src/navigation2-humble/nav2_theta_star_planner) by extension 'colcon_meta'
[0.660s] Level 1:colcon.colcon_core.package_identification:_identify(src/navigation2-humble/nav2_theta_star_planner) by extensions ['ros']
[0.660s] Level 1:colcon.colcon_core.package_identification:_identify(src/navigation2-humble/nav2_theta_star_planner) by extension 'ros'
[0.665s] DEBUG:colcon.colcon_core.package_identification:Package 'src/navigation2-humble/nav2_theta_star_planner' with type 'ros.ament_cmake' and name 'nav2_theta_star_planner'
[0.667s] Level 1:colcon.colcon_core.package_identification:_identify(src/navigation2-humble/nav2_util) by extensions ['ignore', 'ignore_ament_install']
[0.667s] Level 1:colcon.colcon_core.package_identification:_identify(src/navigation2-humble/nav2_util) by extension 'ignore'
[0.667s] Level 1:colcon.colcon_core.package_identification:_identify(src/navigation2-humble/nav2_util) by extension 'ignore_ament_install'
[0.667s] Level 1:colcon.colcon_core.package_identification:_identify(src/navigation2-humble/nav2_util) by extensions ['colcon_pkg']
[0.667s] Level 1:colcon.colcon_core.package_identification:_identify(src/navigation2-humble/nav2_util) by extension 'colcon_pkg'
[0.667s] Level 1:colcon.colcon_core.package_identification:_identify(src/navigation2-humble/nav2_util) by extensions ['colcon_meta']
[0.667s] Level 1:colcon.colcon_core.package_identification:_identify(src/navigation2-humble/nav2_util) by extension 'colcon_meta'
[0.667s] Level 1:colcon.colcon_core.package_identification:_identify(src/navigation2-humble/nav2_util) by extensions ['ros']
[0.667s] Level 1:colcon.colcon_core.package_identification:_identify(src/navigation2-humble/nav2_util) by extension 'ros'
[0.674s] DEBUG:colcon.colcon_core.package_identification:Package 'src/navigation2-humble/nav2_util' with type 'ros.ament_cmake' and name 'nav2_util'
[0.676s] Level 1:colcon.colcon_core.package_identification:_identify(src/navigation2-humble/nav2_velocity_smoother) by extensions ['ignore', 'ignore_ament_install']
[0.676s] Level 1:colcon.colcon_core.package_identification:_identify(src/navigation2-humble/nav2_velocity_smoother) by extension 'ignore'
[0.677s] Level 1:colcon.colcon_core.package_identification:_identify(src/navigation2-humble/nav2_velocity_smoother) by extension 'ignore_ament_install'
[0.677s] Level 1:colcon.colcon_core.package_identification:_identify(src/navigation2-humble/nav2_velocity_smoother) by extensions ['colcon_pkg']
[0.677s] Level 1:colcon.colcon_core.package_identification:_identify(src/navigation2-humble/nav2_velocity_smoother) by extension 'colcon_pkg'
[0.677s] Level 1:colcon.colcon_core.package_identification:_identify(src/navigation2-humble/nav2_velocity_smoother) by extensions ['colcon_meta']
[0.677s] Level 1:colcon.colcon_core.package_identification:_identify(src/navigation2-humble/nav2_velocity_smoother) by extension 'colcon_meta'
[0.677s] Level 1:colcon.colcon_core.package_identification:_identify(src/navigation2-humble/nav2_velocity_smoother) by extensions ['ros']
[0.677s] Level 1:colcon.colcon_core.package_identification:_identify(src/navigation2-humble/nav2_velocity_smoother) by extension 'ros'
[0.682s] DEBUG:colcon.colcon_core.package_identification:Package 'src/navigation2-humble/nav2_velocity_smoother' with type 'ros.ament_cmake' and name 'nav2_velocity_smoother'
[0.684s] Level 1:colcon.colcon_core.package_identification:_identify(src/navigation2-humble/nav2_voxel_grid) by extensions ['ignore', 'ignore_ament_install']
[0.684s] Level 1:colcon.colcon_core.package_identification:_identify(src/navigation2-humble/nav2_voxel_grid) by extension 'ignore'
[0.684s] Level 1:colcon.colcon_core.package_identification:_identify(src/navigation2-humble/nav2_voxel_grid) by extension 'ignore_ament_install'
[0.685s] Level 1:colcon.colcon_core.package_identification:_identify(src/navigation2-humble/nav2_voxel_grid) by extensions ['colcon_pkg']
[0.685s] Level 1:colcon.colcon_core.package_identification:_identify(src/navigation2-humble/nav2_voxel_grid) by extension 'colcon_pkg'
[0.685s] Level 1:colcon.colcon_core.package_identification:_identify(src/navigation2-humble/nav2_voxel_grid) by extensions ['colcon_meta']
[0.685s] Level 1:colcon.colcon_core.package_identification:_identify(src/navigation2-humble/nav2_voxel_grid) by extension 'colcon_meta'
[0.685s] Level 1:colcon.colcon_core.package_identification:_identify(src/navigation2-humble/nav2_voxel_grid) by extensions ['ros']
[0.685s] Level 1:colcon.colcon_core.package_identification:_identify(src/navigation2-humble/nav2_voxel_grid) by extension 'ros'
[0.689s] DEBUG:colcon.colcon_core.package_identification:Package 'src/navigation2-humble/nav2_voxel_grid' with type 'ros.ament_cmake' and name 'nav2_voxel_grid'
[0.692s] Level 1:colcon.colcon_core.package_identification:_identify(src/navigation2-humble/nav2_waypoint_follower) by extensions ['ignore', 'ignore_ament_install']
[0.692s] Level 1:colcon.colcon_core.package_identification:_identify(src/navigation2-humble/nav2_waypoint_follower) by extension 'ignore'
[0.692s] Level 1:colcon.colcon_core.package_identification:_identify(src/navigation2-humble/nav2_waypoint_follower) by extension 'ignore_ament_install'
[0.692s] Level 1:colcon.colcon_core.package_identification:_identify(src/navigation2-humble/nav2_waypoint_follower) by extensions ['colcon_pkg']
[0.692s] Level 1:colcon.colcon_core.package_identification:_identify(src/navigation2-humble/nav2_waypoint_follower) by extension 'colcon_pkg'
[0.692s] Level 1:colcon.colcon_core.package_identification:_identify(src/navigation2-humble/nav2_waypoint_follower) by extensions ['colcon_meta']
[0.692s] Level 1:colcon.colcon_core.package_identification:_identify(src/navigation2-humble/nav2_waypoint_follower) by extension 'colcon_meta'
[0.692s] Level 1:colcon.colcon_core.package_identification:_identify(src/navigation2-humble/nav2_waypoint_follower) by extensions ['ros']
[0.692s] Level 1:colcon.colcon_core.package_identification:_identify(src/navigation2-humble/nav2_waypoint_follower) by extension 'ros'
[0.697s] DEBUG:colcon.colcon_core.package_identification:Package 'src/navigation2-humble/nav2_waypoint_follower' with type 'ros.ament_cmake' and name 'nav2_waypoint_follower'
[0.699s] Level 1:colcon.colcon_core.package_identification:_identify(src/navigation2-humble/navigation2) by extensions ['ignore', 'ignore_ament_install']
[0.699s] Level 1:colcon.colcon_core.package_identification:_identify(src/navigation2-humble/navigation2) by extension 'ignore'
[0.699s] Level 1:colcon.colcon_core.package_identification:_identify(src/navigation2-humble/navigation2) by extension 'ignore_ament_install'
[0.699s] Level 1:colcon.colcon_core.package_identification:_identify(src/navigation2-humble/navigation2) by extensions ['colcon_pkg']
[0.700s] Level 1:colcon.colcon_core.package_identification:_identify(src/navigation2-humble/navigation2) by extension 'colcon_pkg'
[0.700s] Level 1:colcon.colcon_core.package_identification:_identify(src/navigation2-humble/navigation2) by extensions ['colcon_meta']
[0.700s] Level 1:colcon.colcon_core.package_identification:_identify(src/navigation2-humble/navigation2) by extension 'colcon_meta'
[0.700s] Level 1:colcon.colcon_core.package_identification:_identify(src/navigation2-humble/navigation2) by extensions ['ros']
[0.700s] Level 1:colcon.colcon_core.package_identification:_identify(src/navigation2-humble/navigation2) by extension 'ros'
[0.705s] DEBUG:colcon.colcon_core.package_identification:Package 'src/navigation2-humble/navigation2' with type 'ros.ament_cmake' and name 'navigation2'
[0.707s] Level 1:colcon.colcon_core.package_identification:_identify(src/navigation2-humble/tools) by extensions ['ignore', 'ignore_ament_install']
[0.707s] Level 1:colcon.colcon_core.package_identification:_identify(src/navigation2-humble/tools) by extension 'ignore'
[0.707s] Level 1:colcon.colcon_core.package_identification:_identify(src/navigation2-humble/tools) by extension 'ignore_ament_install'
[0.707s] Level 1:colcon.colcon_core.package_identification:_identify(src/navigation2-humble/tools) by extensions ['colcon_pkg']
[0.707s] Level 1:colcon.colcon_core.package_identification:_identify(src/navigation2-humble/tools) by extension 'colcon_pkg'
[0.707s] Level 1:colcon.colcon_core.package_identification:_identify(src/navigation2-humble/tools) by extensions ['colcon_meta']
[0.707s] Level 1:colcon.colcon_core.package_identification:_identify(src/navigation2-humble/tools) by extension 'colcon_meta'
[0.707s] Level 1:colcon.colcon_core.package_identification:_identify(src/navigation2-humble/tools) by extensions ['ros']
[0.707s] Level 1:colcon.colcon_core.package_identification:_identify(src/navigation2-humble/tools) by extension 'ros'
[0.707s] Level 1:colcon.colcon_core.package_identification:_identify(src/navigation2-humble/tools) by extensions ['cmake', 'python']
[0.707s] Level 1:colcon.colcon_core.package_identification:_identify(src/navigation2-humble/tools) by extension 'cmake'
[0.707s] Level 1:colcon.colcon_core.package_identification:_identify(src/navigation2-humble/tools) by extension 'python'
[0.708s] Level 1:colcon.colcon_core.package_identification:_identify(src/navigation2-humble/tools) by extensions ['python_setup_py']
[0.708s] Level 1:colcon.colcon_core.package_identification:_identify(src/navigation2-humble/tools) by extension 'python_setup_py'
[0.709s] Level 1:colcon.colcon_core.package_identification:_identify(src/navigation2-humble/tools/planner_benchmarking) by extensions ['ignore', 'ignore_ament_install']
[0.710s] Level 1:colcon.colcon_core.package_identification:_identify(src/navigation2-humble/tools/planner_benchmarking) by extension 'ignore'
[0.710s] Level 1:colcon.colcon_core.package_identification:_identify(src/navigation2-humble/tools/planner_benchmarking) by extension 'ignore_ament_install'
[0.710s] Level 1:colcon.colcon_core.package_identification:_identify(src/navigation2-humble/tools/planner_benchmarking) by extensions ['colcon_pkg']
[0.710s] Level 1:colcon.colcon_core.package_identification:_identify(src/navigation2-humble/tools/planner_benchmarking) by extension 'colcon_pkg'
[0.710s] Level 1:colcon.colcon_core.package_identification:_identify(src/navigation2-humble/tools/planner_benchmarking) by extensions ['colcon_meta']
[0.710s] Level 1:colcon.colcon_core.package_identification:_identify(src/navigation2-humble/tools/planner_benchmarking) by extension 'colcon_meta'
[0.710s] Level 1:colcon.colcon_core.package_identification:_identify(src/navigation2-humble/tools/planner_benchmarking) by extensions ['ros']
[0.710s] Level 1:colcon.colcon_core.package_identification:_identify(src/navigation2-humble/tools/planner_benchmarking) by extension 'ros'
[0.710s] Level 1:colcon.colcon_core.package_identification:_identify(src/navigation2-humble/tools/planner_benchmarking) by extensions ['cmake', 'python']
[0.710s] Level 1:colcon.colcon_core.package_identification:_identify(src/navigation2-humble/tools/planner_benchmarking) by extension 'cmake'
[0.710s] Level 1:colcon.colcon_core.package_identification:_identify(src/navigation2-humble/tools/planner_benchmarking) by extension 'python'
[0.710s] Level 1:colcon.colcon_core.package_identification:_identify(src/navigation2-humble/tools/planner_benchmarking) by extensions ['python_setup_py']
[0.710s] Level 1:colcon.colcon_core.package_identification:_identify(src/navigation2-humble/tools/planner_benchmarking) by extension 'python_setup_py'
[0.713s] Level 1:colcon.colcon_core.package_identification:_identify(src/navigation2-humble/tools/smoother_benchmarking) by extensions ['ignore', 'ignore_ament_install']
[0.713s] Level 1:colcon.colcon_core.package_identification:_identify(src/navigation2-humble/tools/smoother_benchmarking) by extension 'ignore'
[0.713s] Level 1:colcon.colcon_core.package_identification:_identify(src/navigation2-humble/tools/smoother_benchmarking) by extension 'ignore_ament_install'
[0.713s] Level 1:colcon.colcon_core.package_identification:_identify(src/navigation2-humble/tools/smoother_benchmarking) by extensions ['colcon_pkg']
[0.713s] Level 1:colcon.colcon_core.package_identification:_identify(src/navigation2-humble/tools/smoother_benchmarking) by extension 'colcon_pkg'
[0.713s] Level 1:colcon.colcon_core.package_identification:_identify(src/navigation2-humble/tools/smoother_benchmarking) by extensions ['colcon_meta']
[0.713s] Level 1:colcon.colcon_core.package_identification:_identify(src/navigation2-humble/tools/smoother_benchmarking) by extension 'colcon_meta'
[0.713s] Level 1:colcon.colcon_core.package_identification:_identify(src/navigation2-humble/tools/smoother_benchmarking) by extensions ['ros']
[0.713s] Level 1:colcon.colcon_core.package_identification:_identify(src/navigation2-humble/tools/smoother_benchmarking) by extension 'ros'
[0.713s] Level 1:colcon.colcon_core.package_identification:_identify(src/navigation2-humble/tools/smoother_benchmarking) by extensions ['cmake', 'python']
[0.713s] Level 1:colcon.colcon_core.package_identification:_identify(src/navigation2-humble/tools/smoother_benchmarking) by extension 'cmake'
[0.713s] Level 1:colcon.colcon_core.package_identification:_identify(src/navigation2-humble/tools/smoother_benchmarking) by extension 'python'
[0.713s] Level 1:colcon.colcon_core.package_identification:_identify(src/navigation2-humble/tools/smoother_benchmarking) by extensions ['python_setup_py']
[0.713s] Level 1:colcon.colcon_core.package_identification:_identify(src/navigation2-humble/tools/smoother_benchmarking) by extension 'python_setup_py'
[0.716s] Level 1:colcon.colcon_core.package_identification:_identify(src/navigation2-humble/tools/smoother_benchmarking/maps) by extensions ['ignore', 'ignore_ament_install']
[0.716s] Level 1:colcon.colcon_core.package_identification:_identify(src/navigation2-humble/tools/smoother_benchmarking/maps) by extension 'ignore'
[0.716s] Level 1:colcon.colcon_core.package_identification:_identify(src/navigation2-humble/tools/smoother_benchmarking/maps) by extension 'ignore_ament_install'
[0.716s] Level 1:colcon.colcon_core.package_identification:_identify(src/navigation2-humble/tools/smoother_benchmarking/maps) by extensions ['colcon_pkg']
[0.716s] Level 1:colcon.colcon_core.package_identification:_identify(src/navigation2-humble/tools/smoother_benchmarking/maps) by extension 'colcon_pkg'
[0.716s] Level 1:colcon.colcon_core.package_identification:_identify(src/navigation2-humble/tools/smoother_benchmarking/maps) by extensions ['colcon_meta']
[0.716s] Level 1:colcon.colcon_core.package_identification:_identify(src/navigation2-humble/tools/smoother_benchmarking/maps) by extension 'colcon_meta'
[0.716s] Level 1:colcon.colcon_core.package_identification:_identify(src/navigation2-humble/tools/smoother_benchmarking/maps) by extensions ['ros']
[0.716s] Level 1:colcon.colcon_core.package_identification:_identify(src/navigation2-humble/tools/smoother_benchmarking/maps) by extension 'ros'
[0.716s] Level 1:colcon.colcon_core.package_identification:_identify(src/navigation2-humble/tools/smoother_benchmarking/maps) by extensions ['cmake', 'python']
[0.716s] Level 1:colcon.colcon_core.package_identification:_identify(src/navigation2-humble/tools/smoother_benchmarking/maps) by extension 'cmake'
[0.716s] Level 1:colcon.colcon_core.package_identification:_identify(src/navigation2-humble/tools/smoother_benchmarking/maps) by extension 'python'
[0.716s] Level 1:colcon.colcon_core.package_identification:_identify(src/navigation2-humble/tools/smoother_benchmarking/maps) by extensions ['python_setup_py']
[0.716s] Level 1:colcon.colcon_core.package_identification:_identify(src/navigation2-humble/tools/smoother_benchmarking/maps) by extension 'python_setup_py'
[0.718s] Level 1:colcon.colcon_core.package_identification:_identify(src/ollama_ros_chat-ros2) by extensions ['ignore', 'ignore_ament_install']
[0.718s] Level 1:colcon.colcon_core.package_identification:_identify(src/ollama_ros_chat-ros2) by extension 'ignore'
[0.718s] Level 1:colcon.colcon_core.package_identification:_identify(src/ollama_ros_chat-ros2) by extension 'ignore_ament_install'
[0.718s] Level 1:colcon.colcon_core.package_identification:_identify(src/ollama_ros_chat-ros2) by extensions ['colcon_pkg']
[0.718s] Level 1:colcon.colcon_core.package_identification:_identify(src/ollama_ros_chat-ros2) by extension 'colcon_pkg'
[0.718s] Level 1:colcon.colcon_core.package_identification:_identify(src/ollama_ros_chat-ros2) by extensions ['colcon_meta']
[0.718s] Level 1:colcon.colcon_core.package_identification:_identify(src/ollama_ros_chat-ros2) by extension 'colcon_meta'
[0.718s] Level 1:colcon.colcon_core.package_identification:_identify(src/ollama_ros_chat-ros2) by extensions ['ros']
[0.718s] Level 1:colcon.colcon_core.package_identification:_identify(src/ollama_ros_chat-ros2) by extension 'ros'
[0.718s] Level 1:colcon.colcon_core.package_identification:_identify(src/ollama_ros_chat-ros2) by extensions ['cmake', 'python']
[0.718s] Level 1:colcon.colcon_core.package_identification:_identify(src/ollama_ros_chat-ros2) by extension 'cmake'
[0.718s] Level 1:colcon.colcon_core.package_identification:_identify(src/ollama_ros_chat-ros2) by extension 'python'
[0.718s] Level 1:colcon.colcon_core.package_identification:_identify(src/ollama_ros_chat-ros2) by extensions ['python_setup_py']
[0.718s] Level 1:colcon.colcon_core.package_identification:_identify(src/ollama_ros_chat-ros2) by extension 'python_setup_py'
[0.720s] Level 1:colcon.colcon_core.package_identification:_identify(src/ollama_ros_chat-ros2/ollama_ros_chat) by extensions ['ignore', 'ignore_ament_install']
[0.720s] Level 1:colcon.colcon_core.package_identification:_identify(src/ollama_ros_chat-ros2/ollama_ros_chat) by extension 'ignore'
[0.720s] Level 1:colcon.colcon_core.package_identification:_identify(src/ollama_ros_chat-ros2/ollama_ros_chat) by extension 'ignore_ament_install'
[0.721s] Level 1:colcon.colcon_core.package_identification:_identify(src/ollama_ros_chat-ros2/ollama_ros_chat) by extensions ['colcon_pkg']
[0.721s] Level 1:colcon.colcon_core.package_identification:_identify(src/ollama_ros_chat-ros2/ollama_ros_chat) by extension 'colcon_pkg'
[0.721s] Level 1:colcon.colcon_core.package_identification:_identify(src/ollama_ros_chat-ros2/ollama_ros_chat) by extensions ['colcon_meta']
[0.721s] Level 1:colcon.colcon_core.package_identification:_identify(src/ollama_ros_chat-ros2/ollama_ros_chat) by extension 'colcon_meta'
[0.721s] Level 1:colcon.colcon_core.package_identification:_identify(src/ollama_ros_chat-ros2/ollama_ros_chat) by extensions ['ros']
[0.721s] Level 1:colcon.colcon_core.package_identification:_identify(src/ollama_ros_chat-ros2/ollama_ros_chat) by extension 'ros'
[0.726s] DEBUG:colcon.colcon_core.package_identification:Package 'src/ollama_ros_chat-ros2/ollama_ros_chat' with type 'ros.ament_python' and name 'ollama_ros_chat'
[0.729s] Level 1:colcon.colcon_core.package_identification:_identify(src/ollama_ros_chat-ros2/ollama_ros_msgs) by extensions ['ignore', 'ignore_ament_install']
[0.729s] Level 1:colcon.colcon_core.package_identification:_identify(src/ollama_ros_chat-ros2/ollama_ros_msgs) by extension 'ignore'
[0.729s] Level 1:colcon.colcon_core.package_identification:_identify(src/ollama_ros_chat-ros2/ollama_ros_msgs) by extension 'ignore_ament_install'
[0.729s] Level 1:colcon.colcon_core.package_identification:_identify(src/ollama_ros_chat-ros2/ollama_ros_msgs) by extensions ['colcon_pkg']
[0.729s] Level 1:colcon.colcon_core.package_identification:_identify(src/ollama_ros_chat-ros2/ollama_ros_msgs) by extension 'colcon_pkg'
[0.729s] Level 1:colcon.colcon_core.package_identification:_identify(src/ollama_ros_chat-ros2/ollama_ros_msgs) by extensions ['colcon_meta']
[0.729s] Level 1:colcon.colcon_core.package_identification:_identify(src/ollama_ros_chat-ros2/ollama_ros_msgs) by extension 'colcon_meta'
[0.729s] Level 1:colcon.colcon_core.package_identification:_identify(src/ollama_ros_chat-ros2/ollama_ros_msgs) by extensions ['ros']
[0.729s] Level 1:colcon.colcon_core.package_identification:_identify(src/ollama_ros_chat-ros2/ollama_ros_msgs) by extension 'ros'
[0.735s] DEBUG:colcon.colcon_core.package_identification:Package 'src/ollama_ros_chat-ros2/ollama_ros_msgs' with type 'ros.ament_cmake' and name 'ollama_ros_msgs'
[0.737s] Level 1:colcon.colcon_core.package_identification:_identify(src/qt_ros_test) by extensions ['ignore', 'ignore_ament_install']
[0.737s] Level 1:colcon.colcon_core.package_identification:_identify(src/qt_ros_test) by extension 'ignore'
[0.737s] Level 1:colcon.colcon_core.package_identification:_identify(src/qt_ros_test) by extension 'ignore_ament_install'
[0.737s] Level 1:colcon.colcon_core.package_identification:_identify(src/qt_ros_test) by extensions ['colcon_pkg']
[0.737s] Level 1:colcon.colcon_core.package_identification:_identify(src/qt_ros_test) by extension 'colcon_pkg'
[0.737s] Level 1:colcon.colcon_core.package_identification:_identify(src/qt_ros_test) by extensions ['colcon_meta']
[0.737s] Level 1:colcon.colcon_core.package_identification:_identify(src/qt_ros_test) by extension 'colcon_meta'
[0.738s] Level 1:colcon.colcon_core.package_identification:_identify(src/qt_ros_test) by extensions ['ros']
[0.738s] Level 1:colcon.colcon_core.package_identification:_identify(src/qt_ros_test) by extension 'ros'
[0.747s] DEBUG:colcon.colcon_core.package_identification:Package 'src/qt_ros_test' with type 'ros.ament_cmake' and name 'qt_ros_test'
[0.750s] Level 1:colcon.colcon_core.package_identification:_identify(src/ros2_astra_camera-master) by extensions ['ignore', 'ignore_ament_install']
[0.750s] Level 1:colcon.colcon_core.package_identification:_identify(src/ros2_astra_camera-master) by extension 'ignore'
[0.750s] Level 1:colcon.colcon_core.package_identification:_identify(src/ros2_astra_camera-master) by extension 'ignore_ament_install'
[0.750s] Level 1:colcon.colcon_core.package_identification:_identify(src/ros2_astra_camera-master) by extensions ['colcon_pkg']
[0.750s] Level 1:colcon.colcon_core.package_identification:_identify(src/ros2_astra_camera-master) by extension 'colcon_pkg'
[0.750s] Level 1:colcon.colcon_core.package_identification:_identify(src/ros2_astra_camera-master) by extensions ['colcon_meta']
[0.750s] Level 1:colcon.colcon_core.package_identification:_identify(src/ros2_astra_camera-master) by extension 'colcon_meta'
[0.750s] Level 1:colcon.colcon_core.package_identification:_identify(src/ros2_astra_camera-master) by extensions ['ros']
[0.750s] Level 1:colcon.colcon_core.package_identification:_identify(src/ros2_astra_camera-master) by extension 'ros'
[0.750s] Level 1:colcon.colcon_core.package_identification:_identify(src/ros2_astra_camera-master) by extensions ['cmake', 'python']
[0.750s] Level 1:colcon.colcon_core.package_identification:_identify(src/ros2_astra_camera-master) by extension 'cmake'
[0.750s] Level 1:colcon.colcon_core.package_identification:_identify(src/ros2_astra_camera-master) by extension 'python'
[0.750s] Level 1:colcon.colcon_core.package_identification:_identify(src/ros2_astra_camera-master) by extensions ['python_setup_py']
[0.750s] Level 1:colcon.colcon_core.package_identification:_identify(src/ros2_astra_camera-master) by extension 'python_setup_py'
[0.753s] Level 1:colcon.colcon_core.package_identification:_identify(src/ros2_astra_camera-master/astra_camera) by extensions ['ignore', 'ignore_ament_install']
[0.753s] Level 1:colcon.colcon_core.package_identification:_identify(src/ros2_astra_camera-master/astra_camera) by extension 'ignore'
[0.753s] Level 1:colcon.colcon_core.package_identification:_identify(src/ros2_astra_camera-master/astra_camera) by extension 'ignore_ament_install'
[0.753s] Level 1:colcon.colcon_core.package_identification:_identify(src/ros2_astra_camera-master/astra_camera) by extensions ['colcon_pkg']
[0.753s] Level 1:colcon.colcon_core.package_identification:_identify(src/ros2_astra_camera-master/astra_camera) by extension 'colcon_pkg'
[0.753s] Level 1:colcon.colcon_core.package_identification:_identify(src/ros2_astra_camera-master/astra_camera) by extensions ['colcon_meta']
[0.753s] Level 1:colcon.colcon_core.package_identification:_identify(src/ros2_astra_camera-master/astra_camera) by extension 'colcon_meta'
[0.753s] Level 1:colcon.colcon_core.package_identification:_identify(src/ros2_astra_camera-master/astra_camera) by extensions ['ros']
[0.753s] Level 1:colcon.colcon_core.package_identification:_identify(src/ros2_astra_camera-master/astra_camera) by extension 'ros'
[0.758s] DEBUG:colcon.colcon_core.package_identification:Package 'src/ros2_astra_camera-master/astra_camera' with type 'ros.ament_cmake' and name 'astra_camera'
[0.760s] Level 1:colcon.colcon_core.package_identification:_identify(src/ros2_astra_camera-master/astra_camera_msgs) by extensions ['ignore', 'ignore_ament_install']
[0.761s] Level 1:colcon.colcon_core.package_identification:_identify(src/ros2_astra_camera-master/astra_camera_msgs) by extension 'ignore'
[0.761s] Level 1:colcon.colcon_core.package_identification:_identify(src/ros2_astra_camera-master/astra_camera_msgs) by extension 'ignore_ament_install'
[0.761s] Level 1:colcon.colcon_core.package_identification:_identify(src/ros2_astra_camera-master/astra_camera_msgs) by extensions ['colcon_pkg']
[0.761s] Level 1:colcon.colcon_core.package_identification:_identify(src/ros2_astra_camera-master/astra_camera_msgs) by extension 'colcon_pkg'
[0.761s] Level 1:colcon.colcon_core.package_identification:_identify(src/ros2_astra_camera-master/astra_camera_msgs) by extensions ['colcon_meta']
[0.761s] Level 1:colcon.colcon_core.package_identification:_identify(src/ros2_astra_camera-master/astra_camera_msgs) by extension 'colcon_meta'
[0.761s] Level 1:colcon.colcon_core.package_identification:_identify(src/ros2_astra_camera-master/astra_camera_msgs) by extensions ['ros']
[0.761s] Level 1:colcon.colcon_core.package_identification:_identify(src/ros2_astra_camera-master/astra_camera_msgs) by extension 'ros'
[0.765s] DEBUG:colcon.colcon_core.package_identification:Package 'src/ros2_astra_camera-master/astra_camera_msgs' with type 'ros.ament_cmake' and name 'astra_camera_msgs'
[0.767s] Level 1:colcon.colcon_core.package_identification:_identify(src/simple_follower_ros2) by extensions ['ignore', 'ignore_ament_install']
[0.767s] Level 1:colcon.colcon_core.package_identification:_identify(src/simple_follower_ros2) by extension 'ignore'
[0.767s] Level 1:colcon.colcon_core.package_identification:_identify(src/simple_follower_ros2) by extension 'ignore_ament_install'
[0.767s] Level 1:colcon.colcon_core.package_identification:_identify(src/simple_follower_ros2) by extensions ['colcon_pkg']
[0.767s] Level 1:colcon.colcon_core.package_identification:_identify(src/simple_follower_ros2) by extension 'colcon_pkg'
[0.767s] Level 1:colcon.colcon_core.package_identification:_identify(src/simple_follower_ros2) by extensions ['colcon_meta']
[0.767s] Level 1:colcon.colcon_core.package_identification:_identify(src/simple_follower_ros2) by extension 'colcon_meta'
[0.767s] Level 1:colcon.colcon_core.package_identification:_identify(src/simple_follower_ros2) by extensions ['ros']
[0.767s] Level 1:colcon.colcon_core.package_identification:_identify(src/simple_follower_ros2) by extension 'ros'
[0.772s] DEBUG:colcon.colcon_core.package_identification:Package 'src/simple_follower_ros2' with type 'ros.ament_python' and name 'simple_follower_ros2'
[0.776s] Level 1:colcon.colcon_core.package_identification:_identify(src/tts_make_ros2) by extensions ['ignore', 'ignore_ament_install']
[0.776s] Level 1:colcon.colcon_core.package_identification:_identify(src/tts_make_ros2) by extension 'ignore'
[0.776s] Level 1:colcon.colcon_core.package_identification:_identify(src/tts_make_ros2) by extension 'ignore_ament_install'
[0.776s] Level 1:colcon.colcon_core.package_identification:_identify(src/tts_make_ros2) by extensions ['colcon_pkg']
[0.776s] Level 1:colcon.colcon_core.package_identification:_identify(src/tts_make_ros2) by extension 'colcon_pkg'
[0.776s] Level 1:colcon.colcon_core.package_identification:_identify(src/tts_make_ros2) by extensions ['colcon_meta']
[0.776s] Level 1:colcon.colcon_core.package_identification:_identify(src/tts_make_ros2) by extension 'colcon_meta'
[0.776s] Level 1:colcon.colcon_core.package_identification:_identify(src/tts_make_ros2) by extensions ['ros']
[0.776s] Level 1:colcon.colcon_core.package_identification:_identify(src/tts_make_ros2) by extension 'ros'
[0.783s] DEBUG:colcon.colcon_core.package_identification:Package 'src/tts_make_ros2' with type 'ros.ament_cmake' and name 'tts'
[0.785s] Level 1:colcon.colcon_core.package_identification:_identify(src/turn_on_wheeltec_robot) by extensions ['ignore', 'ignore_ament_install']
[0.785s] Level 1:colcon.colcon_core.package_identification:_identify(src/turn_on_wheeltec_robot) by extension 'ignore'
[0.785s] Level 1:colcon.colcon_core.package_identification:_identify(src/turn_on_wheeltec_robot) by extension 'ignore_ament_install'
[0.785s] Level 1:colcon.colcon_core.package_identification:_identify(src/turn_on_wheeltec_robot) by extensions ['colcon_pkg']
[0.785s] Level 1:colcon.colcon_core.package_identification:_identify(src/turn_on_wheeltec_robot) by extension 'colcon_pkg'
[0.786s] Level 1:colcon.colcon_core.package_identification:_identify(src/turn_on_wheeltec_robot) by extensions ['colcon_meta']
[0.786s] Level 1:colcon.colcon_core.package_identification:_identify(src/turn_on_wheeltec_robot) by extension 'colcon_meta'
[0.786s] Level 1:colcon.colcon_core.package_identification:_identify(src/turn_on_wheeltec_robot) by extensions ['ros']
[0.786s] Level 1:colcon.colcon_core.package_identification:_identify(src/turn_on_wheeltec_robot) by extension 'ros'
[0.791s] DEBUG:colcon.colcon_core.package_identification:Package 'src/turn_on_wheeltec_robot' with type 'ros.ament_cmake' and name 'turn_on_wheeltec_robot'
[0.793s] Level 1:colcon.colcon_core.package_identification:_identify(src/ultralytics_ros2) by extensions ['ignore', 'ignore_ament_install']
[0.793s] Level 1:colcon.colcon_core.package_identification:_identify(src/ultralytics_ros2) by extension 'ignore'
[0.793s] Level 1:colcon.colcon_core.package_identification:_identify(src/ultralytics_ros2) by extension 'ignore_ament_install'
[0.793s] Level 1:colcon.colcon_core.package_identification:_identify(src/ultralytics_ros2) by extensions ['colcon_pkg']
[0.793s] Level 1:colcon.colcon_core.package_identification:_identify(src/ultralytics_ros2) by extension 'colcon_pkg'
[0.793s] Level 1:colcon.colcon_core.package_identification:_identify(src/ultralytics_ros2) by extensions ['colcon_meta']
[0.793s] Level 1:colcon.colcon_core.package_identification:_identify(src/ultralytics_ros2) by extension 'colcon_meta'
[0.793s] Level 1:colcon.colcon_core.package_identification:_identify(src/ultralytics_ros2) by extensions ['ros']
[0.793s] Level 1:colcon.colcon_core.package_identification:_identify(src/ultralytics_ros2) by extension 'ros'
[0.798s] DEBUG:colcon.colcon_core.package_identification:Package 'src/ultralytics_ros2' with type 'ros.ament_python' and name 'ultralytics_ros2'
[0.802s] Level 1:colcon.colcon_core.package_identification:_identify(src/usb_cam-ros2) by extensions ['ignore', 'ignore_ament_install']
[0.802s] Level 1:colcon.colcon_core.package_identification:_identify(src/usb_cam-ros2) by extension 'ignore'
[0.802s] Level 1:colcon.colcon_core.package_identification:_identify(src/usb_cam-ros2) by extension 'ignore_ament_install'
[0.802s] Level 1:colcon.colcon_core.package_identification:_identify(src/usb_cam-ros2) by extensions ['colcon_pkg']
[0.802s] Level 1:colcon.colcon_core.package_identification:_identify(src/usb_cam-ros2) by extension 'colcon_pkg'
[0.802s] Level 1:colcon.colcon_core.package_identification:_identify(src/usb_cam-ros2) by extensions ['colcon_meta']
[0.802s] Level 1:colcon.colcon_core.package_identification:_identify(src/usb_cam-ros2) by extension 'colcon_meta'
[0.802s] Level 1:colcon.colcon_core.package_identification:_identify(src/usb_cam-ros2) by extensions ['ros']
[0.802s] Level 1:colcon.colcon_core.package_identification:_identify(src/usb_cam-ros2) by extension 'ros'
[0.807s] DEBUG:colcon.colcon_core.package_identification:Package 'src/usb_cam-ros2' with type 'ros.ament_cmake' and name 'usb_cam'
[0.811s] Level 1:colcon.colcon_core.package_identification:_identify(src/web_video_server-ros2) by extensions ['ignore', 'ignore_ament_install']
[0.811s] Level 1:colcon.colcon_core.package_identification:_identify(src/web_video_server-ros2) by extension 'ignore'
[0.811s] Level 1:colcon.colcon_core.package_identification:_identify(src/web_video_server-ros2) by extension 'ignore_ament_install'
[0.811s] Level 1:colcon.colcon_core.package_identification:_identify(src/web_video_server-ros2) by extensions ['colcon_pkg']
[0.811s] Level 1:colcon.colcon_core.package_identification:_identify(src/web_video_server-ros2) by extension 'colcon_pkg'
[0.811s] Level 1:colcon.colcon_core.package_identification:_identify(src/web_video_server-ros2) by extensions ['colcon_meta']
[0.811s] Level 1:colcon.colcon_core.package_identification:_identify(src/web_video_server-ros2) by extension 'colcon_meta'
[0.811s] Level 1:colcon.colcon_core.package_identification:_identify(src/web_video_server-ros2) by extensions ['ros']
[0.811s] Level 1:colcon.colcon_core.package_identification:_identify(src/web_video_server-ros2) by extension 'ros'
[0.811s] Level 1:colcon.colcon_core.package_identification:_identify(src/web_video_server-ros2) by extensions ['cmake', 'python']
[0.811s] Level 1:colcon.colcon_core.package_identification:_identify(src/web_video_server-ros2) by extension 'cmake'
[0.811s] Level 1:colcon.colcon_core.package_identification:_identify(src/web_video_server-ros2) by extension 'python'
[0.811s] Level 1:colcon.colcon_core.package_identification:_identify(src/web_video_server-ros2) by extensions ['python_setup_py']
[0.811s] Level 1:colcon.colcon_core.package_identification:_identify(src/web_video_server-ros2) by extension 'python_setup_py'
[0.813s] Level 1:colcon.colcon_core.package_identification:_identify(src/web_video_server-ros2/web_video_server-ros2) by extensions ['ignore', 'ignore_ament_install']
[0.813s] Level 1:colcon.colcon_core.package_identification:_identify(src/web_video_server-ros2/web_video_server-ros2) by extension 'ignore'
[0.813s] Level 1:colcon.colcon_core.package_identification:_identify(src/web_video_server-ros2/web_video_server-ros2) by extension 'ignore_ament_install'
[0.813s] Level 1:colcon.colcon_core.package_identification:_identify(src/web_video_server-ros2/web_video_server-ros2) by extensions ['colcon_pkg']
[0.813s] Level 1:colcon.colcon_core.package_identification:_identify(src/web_video_server-ros2/web_video_server-ros2) by extension 'colcon_pkg'
[0.813s] Level 1:colcon.colcon_core.package_identification:_identify(src/web_video_server-ros2/web_video_server-ros2) by extensions ['colcon_meta']
[0.813s] Level 1:colcon.colcon_core.package_identification:_identify(src/web_video_server-ros2/web_video_server-ros2) by extension 'colcon_meta'
[0.813s] Level 1:colcon.colcon_core.package_identification:_identify(src/web_video_server-ros2/web_video_server-ros2) by extensions ['ros']
[0.813s] Level 1:colcon.colcon_core.package_identification:_identify(src/web_video_server-ros2/web_video_server-ros2) by extension 'ros'
[0.818s] DEBUG:colcon.colcon_core.package_identification:Package 'src/web_video_server-ros2/web_video_server-ros2' with type 'ros.ament_cmake' and name 'web_video_server'
[0.821s] Level 1:colcon.colcon_core.package_identification:_identify(src/wheeltec_bodyreader) by extensions ['ignore', 'ignore_ament_install']
[0.821s] Level 1:colcon.colcon_core.package_identification:_identify(src/wheeltec_bodyreader) by extension 'ignore'
[0.821s] Level 1:colcon.colcon_core.package_identification:_identify(src/wheeltec_bodyreader) by extension 'ignore_ament_install'
[0.821s] Level 1:colcon.colcon_core.package_identification:_identify(src/wheeltec_bodyreader) by extensions ['colcon_pkg']
[0.821s] Level 1:colcon.colcon_core.package_identification:_identify(src/wheeltec_bodyreader) by extension 'colcon_pkg'
[0.821s] Level 1:colcon.colcon_core.package_identification:_identify(src/wheeltec_bodyreader) by extensions ['colcon_meta']
[0.821s] Level 1:colcon.colcon_core.package_identification:_identify(src/wheeltec_bodyreader) by extension 'colcon_meta'
[0.821s] Level 1:colcon.colcon_core.package_identification:_identify(src/wheeltec_bodyreader) by extensions ['ros']
[0.821s] Level 1:colcon.colcon_core.package_identification:_identify(src/wheeltec_bodyreader) by extension 'ros'
[0.821s] Level 1:colcon.colcon_core.package_identification:_identify(src/wheeltec_bodyreader) by extensions ['cmake', 'python']
[0.821s] Level 1:colcon.colcon_core.package_identification:_identify(src/wheeltec_bodyreader) by extension 'cmake'
[0.821s] Level 1:colcon.colcon_core.package_identification:_identify(src/wheeltec_bodyreader) by extension 'python'
[0.821s] Level 1:colcon.colcon_core.package_identification:_identify(src/wheeltec_bodyreader) by extensions ['python_setup_py']
[0.821s] Level 1:colcon.colcon_core.package_identification:_identify(src/wheeltec_bodyreader) by extension 'python_setup_py'
[0.823s] Level 1:colcon.colcon_core.package_identification:_identify(src/wheeltec_bodyreader/bodyreader) by extensions ['ignore', 'ignore_ament_install']
[0.823s] Level 1:colcon.colcon_core.package_identification:_identify(src/wheeltec_bodyreader/bodyreader) by extension 'ignore'
[0.823s] Level 1:colcon.colcon_core.package_identification:_identify(src/wheeltec_bodyreader/bodyreader) by extension 'ignore_ament_install'
[0.823s] Level 1:colcon.colcon_core.package_identification:_identify(src/wheeltec_bodyreader/bodyreader) by extensions ['colcon_pkg']
[0.823s] Level 1:colcon.colcon_core.package_identification:_identify(src/wheeltec_bodyreader/bodyreader) by extension 'colcon_pkg'
[0.823s] Level 1:colcon.colcon_core.package_identification:_identify(src/wheeltec_bodyreader/bodyreader) by extensions ['colcon_meta']
[0.823s] Level 1:colcon.colcon_core.package_identification:_identify(src/wheeltec_bodyreader/bodyreader) by extension 'colcon_meta'
[0.823s] Level 1:colcon.colcon_core.package_identification:_identify(src/wheeltec_bodyreader/bodyreader) by extensions ['ros']
[0.823s] Level 1:colcon.colcon_core.package_identification:_identify(src/wheeltec_bodyreader/bodyreader) by extension 'ros'
[0.829s] DEBUG:colcon.colcon_core.package_identification:Package 'src/wheeltec_bodyreader/bodyreader' with type 'ros.ament_cmake' and name 'bodyreader'
[0.831s] Level 1:colcon.colcon_core.package_identification:_identify(src/wheeltec_bodyreader/bodyreader_msg) by extensions ['ignore', 'ignore_ament_install']
[0.831s] Level 1:colcon.colcon_core.package_identification:_identify(src/wheeltec_bodyreader/bodyreader_msg) by extension 'ignore'
[0.831s] Level 1:colcon.colcon_core.package_identification:_identify(src/wheeltec_bodyreader/bodyreader_msg) by extension 'ignore_ament_install'
[0.831s] Level 1:colcon.colcon_core.package_identification:_identify(src/wheeltec_bodyreader/bodyreader_msg) by extensions ['colcon_pkg']
[0.831s] Level 1:colcon.colcon_core.package_identification:_identify(src/wheeltec_bodyreader/bodyreader_msg) by extension 'colcon_pkg'
[0.831s] Level 1:colcon.colcon_core.package_identification:_identify(src/wheeltec_bodyreader/bodyreader_msg) by extensions ['colcon_meta']
[0.831s] Level 1:colcon.colcon_core.package_identification:_identify(src/wheeltec_bodyreader/bodyreader_msg) by extension 'colcon_meta'
[0.831s] Level 1:colcon.colcon_core.package_identification:_identify(src/wheeltec_bodyreader/bodyreader_msg) by extensions ['ros']
[0.831s] Level 1:colcon.colcon_core.package_identification:_identify(src/wheeltec_bodyreader/bodyreader_msg) by extension 'ros'
[0.836s] DEBUG:colcon.colcon_core.package_identification:Package 'src/wheeltec_bodyreader/bodyreader_msg' with type 'ros.ament_cmake' and name 'bodyreader_msg'
[0.838s] Level 1:colcon.colcon_core.package_identification:_identify(src/wheeltec_gps) by extensions ['ignore', 'ignore_ament_install']
[0.838s] Level 1:colcon.colcon_core.package_identification:_identify(src/wheeltec_gps) by extension 'ignore'
[0.838s] Level 1:colcon.colcon_core.package_identification:_identify(src/wheeltec_gps) by extension 'ignore_ament_install'
[0.838s] Level 1:colcon.colcon_core.package_identification:_identify(src/wheeltec_gps) by extensions ['colcon_pkg']
[0.838s] Level 1:colcon.colcon_core.package_identification:_identify(src/wheeltec_gps) by extension 'colcon_pkg'
[0.838s] Level 1:colcon.colcon_core.package_identification:_identify(src/wheeltec_gps) by extensions ['colcon_meta']
[0.838s] Level 1:colcon.colcon_core.package_identification:_identify(src/wheeltec_gps) by extension 'colcon_meta'
[0.838s] Level 1:colcon.colcon_core.package_identification:_identify(src/wheeltec_gps) by extensions ['ros']
[0.838s] Level 1:colcon.colcon_core.package_identification:_identify(src/wheeltec_gps) by extension 'ros'
[0.839s] Level 1:colcon.colcon_core.package_identification:_identify(src/wheeltec_gps) by extensions ['cmake', 'python']
[0.839s] Level 1:colcon.colcon_core.package_identification:_identify(src/wheeltec_gps) by extension 'cmake'
[0.839s] Level 1:colcon.colcon_core.package_identification:_identify(src/wheeltec_gps) by extension 'python'
[0.839s] Level 1:colcon.colcon_core.package_identification:_identify(src/wheeltec_gps) by extensions ['python_setup_py']
[0.839s] Level 1:colcon.colcon_core.package_identification:_identify(src/wheeltec_gps) by extension 'python_setup_py'
[0.841s] Level 1:colcon.colcon_core.package_identification:_identify(src/wheeltec_gps/nmea_msgs) by extensions ['ignore', 'ignore_ament_install']
[0.841s] Level 1:colcon.colcon_core.package_identification:_identify(src/wheeltec_gps/nmea_msgs) by extension 'ignore'
[0.841s] Level 1:colcon.colcon_core.package_identification:_identify(src/wheeltec_gps/nmea_msgs) by extension 'ignore_ament_install'
[0.841s] Level 1:colcon.colcon_core.package_identification:_identify(src/wheeltec_gps/nmea_msgs) by extensions ['colcon_pkg']
[0.841s] Level 1:colcon.colcon_core.package_identification:_identify(src/wheeltec_gps/nmea_msgs) by extension 'colcon_pkg'
[0.841s] Level 1:colcon.colcon_core.package_identification:_identify(src/wheeltec_gps/nmea_msgs) by extensions ['colcon_meta']
[0.841s] Level 1:colcon.colcon_core.package_identification:_identify(src/wheeltec_gps/nmea_msgs) by extension 'colcon_meta'
[0.841s] Level 1:colcon.colcon_core.package_identification:_identify(src/wheeltec_gps/nmea_msgs) by extensions ['ros']
[0.841s] Level 1:colcon.colcon_core.package_identification:_identify(src/wheeltec_gps/nmea_msgs) by extension 'ros'
[0.846s] DEBUG:colcon.colcon_core.package_identification:Package 'src/wheeltec_gps/nmea_msgs' with type 'ros.ament_cmake' and name 'nmea_msgs'
[0.849s] Level 1:colcon.colcon_core.package_identification:_identify(src/wheeltec_gps/nmea_navsat_driver) by extensions ['ignore', 'ignore_ament_install']
[0.849s] Level 1:colcon.colcon_core.package_identification:_identify(src/wheeltec_gps/nmea_navsat_driver) by extension 'ignore'
[0.849s] Level 1:colcon.colcon_core.package_identification:_identify(src/wheeltec_gps/nmea_navsat_driver) by extension 'ignore_ament_install'
[0.849s] Level 1:colcon.colcon_core.package_identification:_identify(src/wheeltec_gps/nmea_navsat_driver) by extensions ['colcon_pkg']
[0.849s] Level 1:colcon.colcon_core.package_identification:_identify(src/wheeltec_gps/nmea_navsat_driver) by extension 'colcon_pkg'
[0.849s] Level 1:colcon.colcon_core.package_identification:_identify(src/wheeltec_gps/nmea_navsat_driver) by extensions ['colcon_meta']
[0.849s] Level 1:colcon.colcon_core.package_identification:_identify(src/wheeltec_gps/nmea_navsat_driver) by extension 'colcon_meta'
[0.849s] Level 1:colcon.colcon_core.package_identification:_identify(src/wheeltec_gps/nmea_navsat_driver) by extensions ['ros']
[0.849s] Level 1:colcon.colcon_core.package_identification:_identify(src/wheeltec_gps/nmea_navsat_driver) by extension 'ros'
[0.854s] DEBUG:colcon.colcon_core.package_identification:Package 'src/wheeltec_gps/nmea_navsat_driver' with type 'ros.ament_python' and name 'nmea_navsat_driver'
[0.856s] Level 1:colcon.colcon_core.package_identification:_identify(src/wheeltec_gps/ublox-ros2) by extensions ['ignore', 'ignore_ament_install']
[0.856s] Level 1:colcon.colcon_core.package_identification:_identify(src/wheeltec_gps/ublox-ros2) by extension 'ignore'
[0.856s] Level 1:colcon.colcon_core.package_identification:_identify(src/wheeltec_gps/ublox-ros2) by extension 'ignore_ament_install'
[0.856s] Level 1:colcon.colcon_core.package_identification:_identify(src/wheeltec_gps/ublox-ros2) by extensions ['colcon_pkg']
[0.856s] Level 1:colcon.colcon_core.package_identification:_identify(src/wheeltec_gps/ublox-ros2) by extension 'colcon_pkg'
[0.856s] Level 1:colcon.colcon_core.package_identification:_identify(src/wheeltec_gps/ublox-ros2) by extensions ['colcon_meta']
[0.856s] Level 1:colcon.colcon_core.package_identification:_identify(src/wheeltec_gps/ublox-ros2) by extension 'colcon_meta'
[0.856s] Level 1:colcon.colcon_core.package_identification:_identify(src/wheeltec_gps/ublox-ros2) by extensions ['ros']
[0.857s] Level 1:colcon.colcon_core.package_identification:_identify(src/wheeltec_gps/ublox-ros2) by extension 'ros'
[0.857s] Level 1:colcon.colcon_core.package_identification:_identify(src/wheeltec_gps/ublox-ros2) by extensions ['cmake', 'python']
[0.857s] Level 1:colcon.colcon_core.package_identification:_identify(src/wheeltec_gps/ublox-ros2) by extension 'cmake'
[0.857s] Level 1:colcon.colcon_core.package_identification:_identify(src/wheeltec_gps/ublox-ros2) by extension 'python'
[0.857s] Level 1:colcon.colcon_core.package_identification:_identify(src/wheeltec_gps/ublox-ros2) by extensions ['python_setup_py']
[0.857s] Level 1:colcon.colcon_core.package_identification:_identify(src/wheeltec_gps/ublox-ros2) by extension 'python_setup_py'
[0.859s] Level 1:colcon.colcon_core.package_identification:_identify(src/wheeltec_gps/ublox-ros2/ublox) by extensions ['ignore', 'ignore_ament_install']
[0.859s] Level 1:colcon.colcon_core.package_identification:_identify(src/wheeltec_gps/ublox-ros2/ublox) by extension 'ignore'
[0.859s] Level 1:colcon.colcon_core.package_identification:_identify(src/wheeltec_gps/ublox-ros2/ublox) by extension 'ignore_ament_install'
[0.859s] Level 1:colcon.colcon_core.package_identification:_identify(src/wheeltec_gps/ublox-ros2/ublox) by extensions ['colcon_pkg']
[0.859s] Level 1:colcon.colcon_core.package_identification:_identify(src/wheeltec_gps/ublox-ros2/ublox) by extension 'colcon_pkg'
[0.859s] Level 1:colcon.colcon_core.package_identification:_identify(src/wheeltec_gps/ublox-ros2/ublox) by extensions ['colcon_meta']
[0.860s] Level 1:colcon.colcon_core.package_identification:_identify(src/wheeltec_gps/ublox-ros2/ublox) by extension 'colcon_meta'
[0.860s] Level 1:colcon.colcon_core.package_identification:_identify(src/wheeltec_gps/ublox-ros2/ublox) by extensions ['ros']
[0.860s] Level 1:colcon.colcon_core.package_identification:_identify(src/wheeltec_gps/ublox-ros2/ublox) by extension 'ros'
[0.865s] DEBUG:colcon.colcon_core.package_identification:Package 'src/wheeltec_gps/ublox-ros2/ublox' with type 'ros.ament_cmake' and name 'ublox'
[0.869s] Level 1:colcon.colcon_core.package_identification:_identify(src/wheeltec_gps/ublox-ros2/ublox_gps) by extensions ['ignore', 'ignore_ament_install']
[0.869s] Level 1:colcon.colcon_core.package_identification:_identify(src/wheeltec_gps/ublox-ros2/ublox_gps) by extension 'ignore'
[0.869s] Level 1:colcon.colcon_core.package_identification:_identify(src/wheeltec_gps/ublox-ros2/ublox_gps) by extension 'ignore_ament_install'
[0.869s] Level 1:colcon.colcon_core.package_identification:_identify(src/wheeltec_gps/ublox-ros2/ublox_gps) by extensions ['colcon_pkg']
[0.869s] Level 1:colcon.colcon_core.package_identification:_identify(src/wheeltec_gps/ublox-ros2/ublox_gps) by extension 'colcon_pkg'
[0.869s] Level 1:colcon.colcon_core.package_identification:_identify(src/wheeltec_gps/ublox-ros2/ublox_gps) by extensions ['colcon_meta']
[0.869s] Level 1:colcon.colcon_core.package_identification:_identify(src/wheeltec_gps/ublox-ros2/ublox_gps) by extension 'colcon_meta'
[0.869s] Level 1:colcon.colcon_core.package_identification:_identify(src/wheeltec_gps/ublox-ros2/ublox_gps) by extensions ['ros']
[0.869s] Level 1:colcon.colcon_core.package_identification:_identify(src/wheeltec_gps/ublox-ros2/ublox_gps) by extension 'ros'
[0.874s] DEBUG:colcon.colcon_core.package_identification:Package 'src/wheeltec_gps/ublox-ros2/ublox_gps' with type 'ros.ament_cmake' and name 'ublox_gps'
[0.876s] Level 1:colcon.colcon_core.package_identification:_identify(src/wheeltec_gps/ublox-ros2/ublox_msgs) by extensions ['ignore', 'ignore_ament_install']
[0.877s] Level 1:colcon.colcon_core.package_identification:_identify(src/wheeltec_gps/ublox-ros2/ublox_msgs) by extension 'ignore'
[0.877s] Level 1:colcon.colcon_core.package_identification:_identify(src/wheeltec_gps/ublox-ros2/ublox_msgs) by extension 'ignore_ament_install'
[0.877s] Level 1:colcon.colcon_core.package_identification:_identify(src/wheeltec_gps/ublox-ros2/ublox_msgs) by extensions ['colcon_pkg']
[0.877s] Level 1:colcon.colcon_core.package_identification:_identify(src/wheeltec_gps/ublox-ros2/ublox_msgs) by extension 'colcon_pkg'
[0.877s] Level 1:colcon.colcon_core.package_identification:_identify(src/wheeltec_gps/ublox-ros2/ublox_msgs) by extensions ['colcon_meta']
[0.877s] Level 1:colcon.colcon_core.package_identification:_identify(src/wheeltec_gps/ublox-ros2/ublox_msgs) by extension 'colcon_meta'
[0.877s] Level 1:colcon.colcon_core.package_identification:_identify(src/wheeltec_gps/ublox-ros2/ublox_msgs) by extensions ['ros']
[0.877s] Level 1:colcon.colcon_core.package_identification:_identify(src/wheeltec_gps/ublox-ros2/ublox_msgs) by extension 'ros'
[0.882s] DEBUG:colcon.colcon_core.package_identification:Package 'src/wheeltec_gps/ublox-ros2/ublox_msgs' with type 'ros.ament_cmake' and name 'ublox_msgs'
[0.886s] Level 1:colcon.colcon_core.package_identification:_identify(src/wheeltec_gps/ublox-ros2/ublox_serialization) by extensions ['ignore', 'ignore_ament_install']
[0.886s] Level 1:colcon.colcon_core.package_identification:_identify(src/wheeltec_gps/ublox-ros2/ublox_serialization) by extension 'ignore'
[0.886s] Level 1:colcon.colcon_core.package_identification:_identify(src/wheeltec_gps/ublox-ros2/ublox_serialization) by extension 'ignore_ament_install'
[0.886s] Level 1:colcon.colcon_core.package_identification:_identify(src/wheeltec_gps/ublox-ros2/ublox_serialization) by extensions ['colcon_pkg']
[0.886s] Level 1:colcon.colcon_core.package_identification:_identify(src/wheeltec_gps/ublox-ros2/ublox_serialization) by extension 'colcon_pkg'
[0.886s] Level 1:colcon.colcon_core.package_identification:_identify(src/wheeltec_gps/ublox-ros2/ublox_serialization) by extensions ['colcon_meta']
[0.886s] Level 1:colcon.colcon_core.package_identification:_identify(src/wheeltec_gps/ublox-ros2/ublox_serialization) by extension 'colcon_meta'
[0.886s] Level 1:colcon.colcon_core.package_identification:_identify(src/wheeltec_gps/ublox-ros2/ublox_serialization) by extensions ['ros']
[0.886s] Level 1:colcon.colcon_core.package_identification:_identify(src/wheeltec_gps/ublox-ros2/ublox_serialization) by extension 'ros'
[0.892s] DEBUG:colcon.colcon_core.package_identification:Package 'src/wheeltec_gps/ublox-ros2/ublox_serialization' with type 'ros.ament_cmake' and name 'ublox_serialization'
[0.894s] Level 1:colcon.colcon_core.package_identification:_identify(src/wheeltec_gps/wheeltec_dual_rtk_driver) by extensions ['ignore', 'ignore_ament_install']
[0.894s] Level 1:colcon.colcon_core.package_identification:_identify(src/wheeltec_gps/wheeltec_dual_rtk_driver) by extension 'ignore'
[0.894s] Level 1:colcon.colcon_core.package_identification:_identify(src/wheeltec_gps/wheeltec_dual_rtk_driver) by extension 'ignore_ament_install'
[0.894s] Level 1:colcon.colcon_core.package_identification:_identify(src/wheeltec_gps/wheeltec_dual_rtk_driver) by extensions ['colcon_pkg']
[0.894s] Level 1:colcon.colcon_core.package_identification:_identify(src/wheeltec_gps/wheeltec_dual_rtk_driver) by extension 'colcon_pkg'
[0.894s] Level 1:colcon.colcon_core.package_identification:_identify(src/wheeltec_gps/wheeltec_dual_rtk_driver) by extensions ['colcon_meta']
[0.894s] Level 1:colcon.colcon_core.package_identification:_identify(src/wheeltec_gps/wheeltec_dual_rtk_driver) by extension 'colcon_meta'
[0.894s] Level 1:colcon.colcon_core.package_identification:_identify(src/wheeltec_gps/wheeltec_dual_rtk_driver) by extensions ['ros']
[0.894s] Level 1:colcon.colcon_core.package_identification:_identify(src/wheeltec_gps/wheeltec_dual_rtk_driver) by extension 'ros'
[0.899s] DEBUG:colcon.colcon_core.package_identification:Package 'src/wheeltec_gps/wheeltec_dual_rtk_driver' with type 'ros.ament_python' and name 'wheeltec_dual_rtk_driver'
[0.901s] Level 1:colcon.colcon_core.package_identification:_identify(src/wheeltec_gps/wheeltec_gps_driver) by extensions ['ignore', 'ignore_ament_install']
[0.901s] Level 1:colcon.colcon_core.package_identification:_identify(src/wheeltec_gps/wheeltec_gps_driver) by extension 'ignore'
[0.901s] Level 1:colcon.colcon_core.package_identification:_identify(src/wheeltec_gps/wheeltec_gps_driver) by extension 'ignore_ament_install'
[0.901s] Level 1:colcon.colcon_core.package_identification:_identify(src/wheeltec_gps/wheeltec_gps_driver) by extensions ['colcon_pkg']
[0.901s] Level 1:colcon.colcon_core.package_identification:_identify(src/wheeltec_gps/wheeltec_gps_driver) by extension 'colcon_pkg'
[0.901s] Level 1:colcon.colcon_core.package_identification:_identify(src/wheeltec_gps/wheeltec_gps_driver) by extensions ['colcon_meta']
[0.901s] Level 1:colcon.colcon_core.package_identification:_identify(src/wheeltec_gps/wheeltec_gps_driver) by extension 'colcon_meta'
[0.901s] Level 1:colcon.colcon_core.package_identification:_identify(src/wheeltec_gps/wheeltec_gps_driver) by extensions ['ros']
[0.901s] Level 1:colcon.colcon_core.package_identification:_identify(src/wheeltec_gps/wheeltec_gps_driver) by extension 'ros'
[0.906s] DEBUG:colcon.colcon_core.package_identification:Package 'src/wheeltec_gps/wheeltec_gps_driver' with type 'ros.ament_cmake' and name 'wheeltec_gps_driver'
[0.908s] Level 1:colcon.colcon_core.package_identification:_identify(src/wheeltec_imu) by extensions ['ignore', 'ignore_ament_install']
[0.908s] Level 1:colcon.colcon_core.package_identification:_identify(src/wheeltec_imu) by extension 'ignore'
[0.908s] Level 1:colcon.colcon_core.package_identification:_identify(src/wheeltec_imu) by extension 'ignore_ament_install'
[0.908s] Level 1:colcon.colcon_core.package_identification:_identify(src/wheeltec_imu) by extensions ['colcon_pkg']
[0.908s] Level 1:colcon.colcon_core.package_identification:_identify(src/wheeltec_imu) by extension 'colcon_pkg'
[0.908s] Level 1:colcon.colcon_core.package_identification:_identify(src/wheeltec_imu) by extensions ['colcon_meta']
[0.908s] Level 1:colcon.colcon_core.package_identification:_identify(src/wheeltec_imu) by extension 'colcon_meta'
[0.908s] Level 1:colcon.colcon_core.package_identification:_identify(src/wheeltec_imu) by extensions ['ros']
[0.908s] Level 1:colcon.colcon_core.package_identification:_identify(src/wheeltec_imu) by extension 'ros'
[0.908s] Level 1:colcon.colcon_core.package_identification:_identify(src/wheeltec_imu) by extensions ['cmake', 'python']
[0.908s] Level 1:colcon.colcon_core.package_identification:_identify(src/wheeltec_imu) by extension 'cmake'
[0.908s] Level 1:colcon.colcon_core.package_identification:_identify(src/wheeltec_imu) by extension 'python'
[0.908s] Level 1:colcon.colcon_core.package_identification:_identify(src/wheeltec_imu) by extensions ['python_setup_py']
[0.908s] Level 1:colcon.colcon_core.package_identification:_identify(src/wheeltec_imu) by extension 'python_setup_py'
[0.911s] Level 1:colcon.colcon_core.package_identification:_identify(src/wheeltec_imu/fdilink_ahrs_ros-ros2) by extensions ['ignore', 'ignore_ament_install']
[0.911s] Level 1:colcon.colcon_core.package_identification:_identify(src/wheeltec_imu/fdilink_ahrs_ros-ros2) by extension 'ignore'
[0.911s] Level 1:colcon.colcon_core.package_identification:_identify(src/wheeltec_imu/fdilink_ahrs_ros-ros2) by extension 'ignore_ament_install'
[0.911s] Level 1:colcon.colcon_core.package_identification:_identify(src/wheeltec_imu/fdilink_ahrs_ros-ros2) by extensions ['colcon_pkg']
[0.911s] Level 1:colcon.colcon_core.package_identification:_identify(src/wheeltec_imu/fdilink_ahrs_ros-ros2) by extension 'colcon_pkg'
[0.911s] Level 1:colcon.colcon_core.package_identification:_identify(src/wheeltec_imu/fdilink_ahrs_ros-ros2) by extensions ['colcon_meta']
[0.911s] Level 1:colcon.colcon_core.package_identification:_identify(src/wheeltec_imu/fdilink_ahrs_ros-ros2) by extension 'colcon_meta'
[0.911s] Level 1:colcon.colcon_core.package_identification:_identify(src/wheeltec_imu/fdilink_ahrs_ros-ros2) by extensions ['ros']
[0.911s] Level 1:colcon.colcon_core.package_identification:_identify(src/wheeltec_imu/fdilink_ahrs_ros-ros2) by extension 'ros'
[0.916s] DEBUG:colcon.colcon_core.package_identification:Package 'src/wheeltec_imu/fdilink_ahrs_ros-ros2' with type 'ros.ament_cmake' and name 'fdilink_ahrs'
[0.918s] Level 1:colcon.colcon_core.package_identification:_identify(src/wheeltec_imu/hipnuc_imu_ros-ros2) by extensions ['ignore', 'ignore_ament_install']
[0.918s] Level 1:colcon.colcon_core.package_identification:_identify(src/wheeltec_imu/hipnuc_imu_ros-ros2) by extension 'ignore'
[0.918s] Level 1:colcon.colcon_core.package_identification:_identify(src/wheeltec_imu/hipnuc_imu_ros-ros2) by extension 'ignore_ament_install'
[0.918s] Level 1:colcon.colcon_core.package_identification:_identify(src/wheeltec_imu/hipnuc_imu_ros-ros2) by extensions ['colcon_pkg']
[0.918s] Level 1:colcon.colcon_core.package_identification:_identify(src/wheeltec_imu/hipnuc_imu_ros-ros2) by extension 'colcon_pkg'
[0.918s] Level 1:colcon.colcon_core.package_identification:_identify(src/wheeltec_imu/hipnuc_imu_ros-ros2) by extensions ['colcon_meta']
[0.918s] Level 1:colcon.colcon_core.package_identification:_identify(src/wheeltec_imu/hipnuc_imu_ros-ros2) by extension 'colcon_meta'
[0.918s] Level 1:colcon.colcon_core.package_identification:_identify(src/wheeltec_imu/hipnuc_imu_ros-ros2) by extensions ['ros']
[0.918s] Level 1:colcon.colcon_core.package_identification:_identify(src/wheeltec_imu/hipnuc_imu_ros-ros2) by extension 'ros'
[0.923s] DEBUG:colcon.colcon_core.package_identification:Package 'src/wheeltec_imu/hipnuc_imu_ros-ros2' with type 'ros.ament_cmake' and name 'hipnuc_imu'
[0.925s] Level 1:colcon.colcon_core.package_identification:_identify(src/wheeltec_imu/yesense_ros2) by extensions ['ignore', 'ignore_ament_install']
[0.925s] Level 1:colcon.colcon_core.package_identification:_identify(src/wheeltec_imu/yesense_ros2) by extension 'ignore'
[0.925s] Level 1:colcon.colcon_core.package_identification:_identify(src/wheeltec_imu/yesense_ros2) by extension 'ignore_ament_install'
[0.925s] Level 1:colcon.colcon_core.package_identification:_identify(src/wheeltec_imu/yesense_ros2) by extensions ['colcon_pkg']
[0.925s] Level 1:colcon.colcon_core.package_identification:_identify(src/wheeltec_imu/yesense_ros2) by extension 'colcon_pkg'
[0.925s] Level 1:colcon.colcon_core.package_identification:_identify(src/wheeltec_imu/yesense_ros2) by extensions ['colcon_meta']
[0.925s] Level 1:colcon.colcon_core.package_identification:_identify(src/wheeltec_imu/yesense_ros2) by extension 'colcon_meta'
[0.925s] Level 1:colcon.colcon_core.package_identification:_identify(src/wheeltec_imu/yesense_ros2) by extensions ['ros']
[0.925s] Level 1:colcon.colcon_core.package_identification:_identify(src/wheeltec_imu/yesense_ros2) by extension 'ros'
[0.925s] Level 1:colcon.colcon_core.package_identification:_identify(src/wheeltec_imu/yesense_ros2) by extensions ['cmake', 'python']
[0.925s] Level 1:colcon.colcon_core.package_identification:_identify(src/wheeltec_imu/yesense_ros2) by extension 'cmake'
[0.925s] Level 1:colcon.colcon_core.package_identification:_identify(src/wheeltec_imu/yesense_ros2) by extension 'python'
[0.925s] Level 1:colcon.colcon_core.package_identification:_identify(src/wheeltec_imu/yesense_ros2) by extensions ['python_setup_py']
[0.925s] Level 1:colcon.colcon_core.package_identification:_identify(src/wheeltec_imu/yesense_ros2) by extension 'python_setup_py'
[0.928s] Level 1:colcon.colcon_core.package_identification:_identify(src/wheeltec_imu/yesense_ros2/yesense_interface) by extensions ['ignore', 'ignore_ament_install']
[0.928s] Level 1:colcon.colcon_core.package_identification:_identify(src/wheeltec_imu/yesense_ros2/yesense_interface) by extension 'ignore'
[0.928s] Level 1:colcon.colcon_core.package_identification:_identify(src/wheeltec_imu/yesense_ros2/yesense_interface) by extension 'ignore_ament_install'
[0.928s] Level 1:colcon.colcon_core.package_identification:_identify(src/wheeltec_imu/yesense_ros2/yesense_interface) by extensions ['colcon_pkg']
[0.928s] Level 1:colcon.colcon_core.package_identification:_identify(src/wheeltec_imu/yesense_ros2/yesense_interface) by extension 'colcon_pkg'
[0.928s] Level 1:colcon.colcon_core.package_identification:_identify(src/wheeltec_imu/yesense_ros2/yesense_interface) by extensions ['colcon_meta']
[0.928s] Level 1:colcon.colcon_core.package_identification:_identify(src/wheeltec_imu/yesense_ros2/yesense_interface) by extension 'colcon_meta'
[0.928s] Level 1:colcon.colcon_core.package_identification:_identify(src/wheeltec_imu/yesense_ros2/yesense_interface) by extensions ['ros']
[0.928s] Level 1:colcon.colcon_core.package_identification:_identify(src/wheeltec_imu/yesense_ros2/yesense_interface) by extension 'ros'
[0.933s] DEBUG:colcon.colcon_core.package_identification:Package 'src/wheeltec_imu/yesense_ros2/yesense_interface' with type 'ros.ament_cmake' and name 'yesense_interface'
[0.935s] Level 1:colcon.colcon_core.package_identification:_identify(src/wheeltec_imu/yesense_ros2/yesense_std_ros2) by extensions ['ignore', 'ignore_ament_install']
[0.935s] Level 1:colcon.colcon_core.package_identification:_identify(src/wheeltec_imu/yesense_ros2/yesense_std_ros2) by extension 'ignore'
[0.935s] Level 1:colcon.colcon_core.package_identification:_identify(src/wheeltec_imu/yesense_ros2/yesense_std_ros2) by extension 'ignore_ament_install'
[0.935s] Level 1:colcon.colcon_core.package_identification:_identify(src/wheeltec_imu/yesense_ros2/yesense_std_ros2) by extensions ['colcon_pkg']
[0.935s] Level 1:colcon.colcon_core.package_identification:_identify(src/wheeltec_imu/yesense_ros2/yesense_std_ros2) by extension 'colcon_pkg'
[0.935s] Level 1:colcon.colcon_core.package_identification:_identify(src/wheeltec_imu/yesense_ros2/yesense_std_ros2) by extensions ['colcon_meta']
[0.935s] Level 1:colcon.colcon_core.package_identification:_identify(src/wheeltec_imu/yesense_ros2/yesense_std_ros2) by extension 'colcon_meta'
[0.935s] Level 1:colcon.colcon_core.package_identification:_identify(src/wheeltec_imu/yesense_ros2/yesense_std_ros2) by extensions ['ros']
[0.935s] Level 1:colcon.colcon_core.package_identification:_identify(src/wheeltec_imu/yesense_ros2/yesense_std_ros2) by extension 'ros'
[0.941s] DEBUG:colcon.colcon_core.package_identification:Package 'src/wheeltec_imu/yesense_ros2/yesense_std_ros2' with type 'ros.ament_cmake' and name 'yesense_std_ros2'
[0.944s] Level 1:colcon.colcon_core.package_identification:_identify(src/wheeltec_joy) by extensions ['ignore', 'ignore_ament_install']
[0.944s] Level 1:colcon.colcon_core.package_identification:_identify(src/wheeltec_joy) by extension 'ignore'
[0.944s] Level 1:colcon.colcon_core.package_identification:_identify(src/wheeltec_joy) by extension 'ignore_ament_install'
[0.944s] Level 1:colcon.colcon_core.package_identification:_identify(src/wheeltec_joy) by extensions ['colcon_pkg']
[0.944s] Level 1:colcon.colcon_core.package_identification:_identify(src/wheeltec_joy) by extension 'colcon_pkg'
[0.944s] Level 1:colcon.colcon_core.package_identification:_identify(src/wheeltec_joy) by extensions ['colcon_meta']
[0.944s] Level 1:colcon.colcon_core.package_identification:_identify(src/wheeltec_joy) by extension 'colcon_meta'
[0.944s] Level 1:colcon.colcon_core.package_identification:_identify(src/wheeltec_joy) by extensions ['ros']
[0.944s] Level 1:colcon.colcon_core.package_identification:_identify(src/wheeltec_joy) by extension 'ros'
[0.948s] DEBUG:colcon.colcon_core.package_identification:Package 'src/wheeltec_joy' with type 'ros.ament_cmake' and name 'wheeltec_joy'
[0.950s] Level 1:colcon.colcon_core.package_identification:_identify(src/wheeltec_lidar_ros2) by extensions ['ignore', 'ignore_ament_install']
[0.950s] Level 1:colcon.colcon_core.package_identification:_identify(src/wheeltec_lidar_ros2) by extension 'ignore'
[0.950s] Level 1:colcon.colcon_core.package_identification:_identify(src/wheeltec_lidar_ros2) by extension 'ignore_ament_install'
[0.950s] Level 1:colcon.colcon_core.package_identification:_identify(src/wheeltec_lidar_ros2) by extensions ['colcon_pkg']
[0.950s] Level 1:colcon.colcon_core.package_identification:_identify(src/wheeltec_lidar_ros2) by extension 'colcon_pkg'
[0.950s] Level 1:colcon.colcon_core.package_identification:_identify(src/wheeltec_lidar_ros2) by extensions ['colcon_meta']
[0.950s] Level 1:colcon.colcon_core.package_identification:_identify(src/wheeltec_lidar_ros2) by extension 'colcon_meta'
[0.950s] Level 1:colcon.colcon_core.package_identification:_identify(src/wheeltec_lidar_ros2) by extensions ['ros']
[0.950s] Level 1:colcon.colcon_core.package_identification:_identify(src/wheeltec_lidar_ros2) by extension 'ros'
[0.950s] Level 1:colcon.colcon_core.package_identification:_identify(src/wheeltec_lidar_ros2) by extensions ['cmake', 'python']
[0.950s] Level 1:colcon.colcon_core.package_identification:_identify(src/wheeltec_lidar_ros2) by extension 'cmake'
[0.950s] Level 1:colcon.colcon_core.package_identification:_identify(src/wheeltec_lidar_ros2) by extension 'python'
[0.950s] Level 1:colcon.colcon_core.package_identification:_identify(src/wheeltec_lidar_ros2) by extensions ['python_setup_py']
[0.950s] Level 1:colcon.colcon_core.package_identification:_identify(src/wheeltec_lidar_ros2) by extension 'python_setup_py'
[0.952s] Level 1:colcon.colcon_core.package_identification:_identify(src/wheeltec_lidar_ros2/ldlidar_ros2) by extensions ['ignore', 'ignore_ament_install']
[0.952s] Level 1:colcon.colcon_core.package_identification:_identify(src/wheeltec_lidar_ros2/ldlidar_ros2) by extension 'ignore'
[0.952s] Level 1:colcon.colcon_core.package_identification:_identify(src/wheeltec_lidar_ros2/ldlidar_ros2) by extension 'ignore_ament_install'
[0.952s] Level 1:colcon.colcon_core.package_identification:_identify(src/wheeltec_lidar_ros2/ldlidar_ros2) by extensions ['colcon_pkg']
[0.953s] Level 1:colcon.colcon_core.package_identification:_identify(src/wheeltec_lidar_ros2/ldlidar_ros2) by extension 'colcon_pkg'
[0.953s] Level 1:colcon.colcon_core.package_identification:_identify(src/wheeltec_lidar_ros2/ldlidar_ros2) by extensions ['colcon_meta']
[0.953s] Level 1:colcon.colcon_core.package_identification:_identify(src/wheeltec_lidar_ros2/ldlidar_ros2) by extension 'colcon_meta'
[0.953s] Level 1:colcon.colcon_core.package_identification:_identify(src/wheeltec_lidar_ros2/ldlidar_ros2) by extensions ['ros']
[0.953s] Level 1:colcon.colcon_core.package_identification:_identify(src/wheeltec_lidar_ros2/ldlidar_ros2) by extension 'ros'
[0.953s] Level 1:colcon.colcon_core.package_identification:_identify(src/wheeltec_lidar_ros2/ldlidar_ros2) by extensions ['cmake', 'python']
[0.953s] Level 1:colcon.colcon_core.package_identification:_identify(src/wheeltec_lidar_ros2/ldlidar_ros2) by extension 'cmake'
[0.953s] Level 1:colcon.colcon_core.package_identification:_identify(src/wheeltec_lidar_ros2/ldlidar_ros2) by extension 'python'
[0.953s] Level 1:colcon.colcon_core.package_identification:_identify(src/wheeltec_lidar_ros2/ldlidar_ros2) by extensions ['python_setup_py']
[0.953s] Level 1:colcon.colcon_core.package_identification:_identify(src/wheeltec_lidar_ros2/ldlidar_ros2) by extension 'python_setup_py'
[0.955s] Level 1:colcon.colcon_core.package_identification:_identify(src/wheeltec_lidar_ros2/ldlidar_ros2/ldlidar) by extensions ['ignore', 'ignore_ament_install']
[0.955s] Level 1:colcon.colcon_core.package_identification:_identify(src/wheeltec_lidar_ros2/ldlidar_ros2/ldlidar) by extension 'ignore'
[0.955s] Level 1:colcon.colcon_core.package_identification:_identify(src/wheeltec_lidar_ros2/ldlidar_ros2/ldlidar) by extension 'ignore_ament_install'
[0.955s] Level 1:colcon.colcon_core.package_identification:_identify(src/wheeltec_lidar_ros2/ldlidar_ros2/ldlidar) by extensions ['colcon_pkg']
[0.955s] Level 1:colcon.colcon_core.package_identification:_identify(src/wheeltec_lidar_ros2/ldlidar_ros2/ldlidar) by extension 'colcon_pkg'
[0.955s] Level 1:colcon.colcon_core.package_identification:_identify(src/wheeltec_lidar_ros2/ldlidar_ros2/ldlidar) by extensions ['colcon_meta']
[0.955s] Level 1:colcon.colcon_core.package_identification:_identify(src/wheeltec_lidar_ros2/ldlidar_ros2/ldlidar) by extension 'colcon_meta'
[0.955s] Level 1:colcon.colcon_core.package_identification:_identify(src/wheeltec_lidar_ros2/ldlidar_ros2/ldlidar) by extensions ['ros']
[0.955s] Level 1:colcon.colcon_core.package_identification:_identify(src/wheeltec_lidar_ros2/ldlidar_ros2/ldlidar) by extension 'ros'
[0.960s] DEBUG:colcon.colcon_core.package_identification:Package 'src/wheeltec_lidar_ros2/ldlidar_ros2/ldlidar' with type 'ros.ament_cmake' and name 'ldlidar'
[0.962s] Level 1:colcon.colcon_core.package_identification:_identify(src/wheeltec_lidar_ros2/ldlidar_ros2/ldlidar_driver) by extensions ['ignore', 'ignore_ament_install']
[0.962s] Level 1:colcon.colcon_core.package_identification:_identify(src/wheeltec_lidar_ros2/ldlidar_ros2/ldlidar_driver) by extension 'ignore'
[0.963s] Level 1:colcon.colcon_core.package_identification:_identify(src/wheeltec_lidar_ros2/ldlidar_ros2/ldlidar_driver) by extension 'ignore_ament_install'
[0.963s] Level 1:colcon.colcon_core.package_identification:_identify(src/wheeltec_lidar_ros2/ldlidar_ros2/ldlidar_driver) by extensions ['colcon_pkg']
[0.963s] Level 1:colcon.colcon_core.package_identification:_identify(src/wheeltec_lidar_ros2/ldlidar_ros2/ldlidar_driver) by extension 'colcon_pkg'
[0.963s] Level 1:colcon.colcon_core.package_identification:_identify(src/wheeltec_lidar_ros2/ldlidar_ros2/ldlidar_driver) by extensions ['colcon_meta']
[0.963s] Level 1:colcon.colcon_core.package_identification:_identify(src/wheeltec_lidar_ros2/ldlidar_ros2/ldlidar_driver) by extension 'colcon_meta'
[0.963s] Level 1:colcon.colcon_core.package_identification:_identify(src/wheeltec_lidar_ros2/ldlidar_ros2/ldlidar_driver) by extensions ['ros']
[0.963s] Level 1:colcon.colcon_core.package_identification:_identify(src/wheeltec_lidar_ros2/ldlidar_ros2/ldlidar_driver) by extension 'ros'
[0.963s] Level 1:colcon.colcon_core.package_identification:_identify(src/wheeltec_lidar_ros2/ldlidar_ros2/ldlidar_driver) by extensions ['cmake', 'python']
[0.963s] Level 1:colcon.colcon_core.package_identification:_identify(src/wheeltec_lidar_ros2/ldlidar_ros2/ldlidar_driver) by extension 'cmake'
[0.963s] Level 1:colcon.colcon_core.package_identification:_identify(src/wheeltec_lidar_ros2/ldlidar_ros2/ldlidar_driver) by extension 'python'
[0.963s] Level 1:colcon.colcon_core.package_identification:_identify(src/wheeltec_lidar_ros2/ldlidar_ros2/ldlidar_driver) by extensions ['python_setup_py']
[0.963s] Level 1:colcon.colcon_core.package_identification:_identify(src/wheeltec_lidar_ros2/ldlidar_ros2/ldlidar_driver) by extension 'python_setup_py'
[0.965s] Level 1:colcon.colcon_core.package_identification:_identify(src/wheeltec_lidar_ros2/ldlidar_ros2/ldlidar_driver/include) by extensions ['ignore', 'ignore_ament_install']
[0.965s] Level 1:colcon.colcon_core.package_identification:_identify(src/wheeltec_lidar_ros2/ldlidar_ros2/ldlidar_driver/include) by extension 'ignore'
[0.965s] Level 1:colcon.colcon_core.package_identification:_identify(src/wheeltec_lidar_ros2/ldlidar_ros2/ldlidar_driver/include) by extension 'ignore_ament_install'
[0.965s] Level 1:colcon.colcon_core.package_identification:_identify(src/wheeltec_lidar_ros2/ldlidar_ros2/ldlidar_driver/include) by extensions ['colcon_pkg']
[0.965s] Level 1:colcon.colcon_core.package_identification:_identify(src/wheeltec_lidar_ros2/ldlidar_ros2/ldlidar_driver/include) by extension 'colcon_pkg'
[0.965s] Level 1:colcon.colcon_core.package_identification:_identify(src/wheeltec_lidar_ros2/ldlidar_ros2/ldlidar_driver/include) by extensions ['colcon_meta']
[0.965s] Level 1:colcon.colcon_core.package_identification:_identify(src/wheeltec_lidar_ros2/ldlidar_ros2/ldlidar_driver/include) by extension 'colcon_meta'
[0.966s] Level 1:colcon.colcon_core.package_identification:_identify(src/wheeltec_lidar_ros2/ldlidar_ros2/ldlidar_driver/include) by extensions ['ros']
[0.966s] Level 1:colcon.colcon_core.package_identification:_identify(src/wheeltec_lidar_ros2/ldlidar_ros2/ldlidar_driver/include) by extension 'ros'
[0.966s] Level 1:colcon.colcon_core.package_identification:_identify(src/wheeltec_lidar_ros2/ldlidar_ros2/ldlidar_driver/include) by extensions ['cmake', 'python']
[0.966s] Level 1:colcon.colcon_core.package_identification:_identify(src/wheeltec_lidar_ros2/ldlidar_ros2/ldlidar_driver/include) by extension 'cmake'
[0.966s] Level 1:colcon.colcon_core.package_identification:_identify(src/wheeltec_lidar_ros2/ldlidar_ros2/ldlidar_driver/include) by extension 'python'
[0.966s] Level 1:colcon.colcon_core.package_identification:_identify(src/wheeltec_lidar_ros2/ldlidar_ros2/ldlidar_driver/include) by extensions ['python_setup_py']
[0.966s] Level 1:colcon.colcon_core.package_identification:_identify(src/wheeltec_lidar_ros2/ldlidar_ros2/ldlidar_driver/include) by extension 'python_setup_py'
[0.968s] Level 1:colcon.colcon_core.package_identification:_identify(src/wheeltec_lidar_ros2/ldlidar_ros2/ldlidar_driver/include/core) by extensions ['ignore', 'ignore_ament_install']
[0.968s] Level 1:colcon.colcon_core.package_identification:_identify(src/wheeltec_lidar_ros2/ldlidar_ros2/ldlidar_driver/include/core) by extension 'ignore'
[0.968s] Level 1:colcon.colcon_core.package_identification:_identify(src/wheeltec_lidar_ros2/ldlidar_ros2/ldlidar_driver/include/core) by extension 'ignore_ament_install'
[0.968s] Level 1:colcon.colcon_core.package_identification:_identify(src/wheeltec_lidar_ros2/ldlidar_ros2/ldlidar_driver/include/core) by extensions ['colcon_pkg']
[0.968s] Level 1:colcon.colcon_core.package_identification:_identify(src/wheeltec_lidar_ros2/ldlidar_ros2/ldlidar_driver/include/core) by extension 'colcon_pkg'
[0.968s] Level 1:colcon.colcon_core.package_identification:_identify(src/wheeltec_lidar_ros2/ldlidar_ros2/ldlidar_driver/include/core) by extensions ['colcon_meta']
[0.968s] Level 1:colcon.colcon_core.package_identification:_identify(src/wheeltec_lidar_ros2/ldlidar_ros2/ldlidar_driver/include/core) by extension 'colcon_meta'
[0.968s] Level 1:colcon.colcon_core.package_identification:_identify(src/wheeltec_lidar_ros2/ldlidar_ros2/ldlidar_driver/include/core) by extensions ['ros']
[0.968s] Level 1:colcon.colcon_core.package_identification:_identify(src/wheeltec_lidar_ros2/ldlidar_ros2/ldlidar_driver/include/core) by extension 'ros'
[0.968s] Level 1:colcon.colcon_core.package_identification:_identify(src/wheeltec_lidar_ros2/ldlidar_ros2/ldlidar_driver/include/core) by extensions ['cmake', 'python']
[0.968s] Level 1:colcon.colcon_core.package_identification:_identify(src/wheeltec_lidar_ros2/ldlidar_ros2/ldlidar_driver/include/core) by extension 'cmake'
[0.968s] Level 1:colcon.colcon_core.package_identification:_identify(src/wheeltec_lidar_ros2/ldlidar_ros2/ldlidar_driver/include/core) by extension 'python'
[0.968s] Level 1:colcon.colcon_core.package_identification:_identify(src/wheeltec_lidar_ros2/ldlidar_ros2/ldlidar_driver/include/core) by extensions ['python_setup_py']
[0.968s] Level 1:colcon.colcon_core.package_identification:_identify(src/wheeltec_lidar_ros2/ldlidar_ros2/ldlidar_driver/include/core) by extension 'python_setup_py'
[0.971s] Level 1:colcon.colcon_core.package_identification:_identify(src/wheeltec_lidar_ros2/ldlidar_ros2/ldlidar_driver/include/dataprocess) by extensions ['ignore', 'ignore_ament_install']
[0.971s] Level 1:colcon.colcon_core.package_identification:_identify(src/wheeltec_lidar_ros2/ldlidar_ros2/ldlidar_driver/include/dataprocess) by extension 'ignore'
[0.971s] Level 1:colcon.colcon_core.package_identification:_identify(src/wheeltec_lidar_ros2/ldlidar_ros2/ldlidar_driver/include/dataprocess) by extension 'ignore_ament_install'
[0.971s] Level 1:colcon.colcon_core.package_identification:_identify(src/wheeltec_lidar_ros2/ldlidar_ros2/ldlidar_driver/include/dataprocess) by extensions ['colcon_pkg']
[0.971s] Level 1:colcon.colcon_core.package_identification:_identify(src/wheeltec_lidar_ros2/ldlidar_ros2/ldlidar_driver/include/dataprocess) by extension 'colcon_pkg'
[0.971s] Level 1:colcon.colcon_core.package_identification:_identify(src/wheeltec_lidar_ros2/ldlidar_ros2/ldlidar_driver/include/dataprocess) by extensions ['colcon_meta']
[0.971s] Level 1:colcon.colcon_core.package_identification:_identify(src/wheeltec_lidar_ros2/ldlidar_ros2/ldlidar_driver/include/dataprocess) by extension 'colcon_meta'
[0.971s] Level 1:colcon.colcon_core.package_identification:_identify(src/wheeltec_lidar_ros2/ldlidar_ros2/ldlidar_driver/include/dataprocess) by extensions ['ros']
[0.971s] Level 1:colcon.colcon_core.package_identification:_identify(src/wheeltec_lidar_ros2/ldlidar_ros2/ldlidar_driver/include/dataprocess) by extension 'ros'
[0.972s] Level 1:colcon.colcon_core.package_identification:_identify(src/wheeltec_lidar_ros2/ldlidar_ros2/ldlidar_driver/include/dataprocess) by extensions ['cmake', 'python']
[0.972s] Level 1:colcon.colcon_core.package_identification:_identify(src/wheeltec_lidar_ros2/ldlidar_ros2/ldlidar_driver/include/dataprocess) by extension 'cmake'
[0.972s] Level 1:colcon.colcon_core.package_identification:_identify(src/wheeltec_lidar_ros2/ldlidar_ros2/ldlidar_driver/include/dataprocess) by extension 'python'
[0.972s] Level 1:colcon.colcon_core.package_identification:_identify(src/wheeltec_lidar_ros2/ldlidar_ros2/ldlidar_driver/include/dataprocess) by extensions ['python_setup_py']
[0.972s] Level 1:colcon.colcon_core.package_identification:_identify(src/wheeltec_lidar_ros2/ldlidar_ros2/ldlidar_driver/include/dataprocess) by extension 'python_setup_py'
[0.974s] Level 1:colcon.colcon_core.package_identification:_identify(src/wheeltec_lidar_ros2/ldlidar_ros2/ldlidar_driver/include/filter) by extensions ['ignore', 'ignore_ament_install']
[0.974s] Level 1:colcon.colcon_core.package_identification:_identify(src/wheeltec_lidar_ros2/ldlidar_ros2/ldlidar_driver/include/filter) by extension 'ignore'
[0.974s] Level 1:colcon.colcon_core.package_identification:_identify(src/wheeltec_lidar_ros2/ldlidar_ros2/ldlidar_driver/include/filter) by extension 'ignore_ament_install'
[0.974s] Level 1:colcon.colcon_core.package_identification:_identify(src/wheeltec_lidar_ros2/ldlidar_ros2/ldlidar_driver/include/filter) by extensions ['colcon_pkg']
[0.974s] Level 1:colcon.colcon_core.package_identification:_identify(src/wheeltec_lidar_ros2/ldlidar_ros2/ldlidar_driver/include/filter) by extension 'colcon_pkg'
[0.974s] Level 1:colcon.colcon_core.package_identification:_identify(src/wheeltec_lidar_ros2/ldlidar_ros2/ldlidar_driver/include/filter) by extensions ['colcon_meta']
[0.974s] Level 1:colcon.colcon_core.package_identification:_identify(src/wheeltec_lidar_ros2/ldlidar_ros2/ldlidar_driver/include/filter) by extension 'colcon_meta'
[0.974s] Level 1:colcon.colcon_core.package_identification:_identify(src/wheeltec_lidar_ros2/ldlidar_ros2/ldlidar_driver/include/filter) by extensions ['ros']
[0.974s] Level 1:colcon.colcon_core.package_identification:_identify(src/wheeltec_lidar_ros2/ldlidar_ros2/ldlidar_driver/include/filter) by extension 'ros'
[0.974s] Level 1:colcon.colcon_core.package_identification:_identify(src/wheeltec_lidar_ros2/ldlidar_ros2/ldlidar_driver/include/filter) by extensions ['cmake', 'python']
[0.974s] Level 1:colcon.colcon_core.package_identification:_identify(src/wheeltec_lidar_ros2/ldlidar_ros2/ldlidar_driver/include/filter) by extension 'cmake'
[0.974s] Level 1:colcon.colcon_core.package_identification:_identify(src/wheeltec_lidar_ros2/ldlidar_ros2/ldlidar_driver/include/filter) by extension 'python'
[0.974s] Level 1:colcon.colcon_core.package_identification:_identify(src/wheeltec_lidar_ros2/ldlidar_ros2/ldlidar_driver/include/filter) by extensions ['python_setup_py']
[0.974s] Level 1:colcon.colcon_core.package_identification:_identify(src/wheeltec_lidar_ros2/ldlidar_ros2/ldlidar_driver/include/filter) by extension 'python_setup_py'
[0.977s] Level 1:colcon.colcon_core.package_identification:_identify(src/wheeltec_lidar_ros2/ldlidar_ros2/ldlidar_driver/include/logger) by extensions ['ignore', 'ignore_ament_install']
[0.977s] Level 1:colcon.colcon_core.package_identification:_identify(src/wheeltec_lidar_ros2/ldlidar_ros2/ldlidar_driver/include/logger) by extension 'ignore'
[0.977s] Level 1:colcon.colcon_core.package_identification:_identify(src/wheeltec_lidar_ros2/ldlidar_ros2/ldlidar_driver/include/logger) by extension 'ignore_ament_install'
[0.977s] Level 1:colcon.colcon_core.package_identification:_identify(src/wheeltec_lidar_ros2/ldlidar_ros2/ldlidar_driver/include/logger) by extensions ['colcon_pkg']
[0.977s] Level 1:colcon.colcon_core.package_identification:_identify(src/wheeltec_lidar_ros2/ldlidar_ros2/ldlidar_driver/include/logger) by extension 'colcon_pkg'
[0.977s] Level 1:colcon.colcon_core.package_identification:_identify(src/wheeltec_lidar_ros2/ldlidar_ros2/ldlidar_driver/include/logger) by extensions ['colcon_meta']
[0.977s] Level 1:colcon.colcon_core.package_identification:_identify(src/wheeltec_lidar_ros2/ldlidar_ros2/ldlidar_driver/include/logger) by extension 'colcon_meta'
[0.977s] Level 1:colcon.colcon_core.package_identification:_identify(src/wheeltec_lidar_ros2/ldlidar_ros2/ldlidar_driver/include/logger) by extensions ['ros']
[0.977s] Level 1:colcon.colcon_core.package_identification:_identify(src/wheeltec_lidar_ros2/ldlidar_ros2/ldlidar_driver/include/logger) by extension 'ros'
[0.977s] Level 1:colcon.colcon_core.package_identification:_identify(src/wheeltec_lidar_ros2/ldlidar_ros2/ldlidar_driver/include/logger) by extensions ['cmake', 'python']
[0.977s] Level 1:colcon.colcon_core.package_identification:_identify(src/wheeltec_lidar_ros2/ldlidar_ros2/ldlidar_driver/include/logger) by extension 'cmake'
[0.977s] Level 1:colcon.colcon_core.package_identification:_identify(src/wheeltec_lidar_ros2/ldlidar_ros2/ldlidar_driver/include/logger) by extension 'python'
[0.977s] Level 1:colcon.colcon_core.package_identification:_identify(src/wheeltec_lidar_ros2/ldlidar_ros2/ldlidar_driver/include/logger) by extensions ['python_setup_py']
[0.977s] Level 1:colcon.colcon_core.package_identification:_identify(src/wheeltec_lidar_ros2/ldlidar_ros2/ldlidar_driver/include/logger) by extension 'python_setup_py'
[0.979s] Level 1:colcon.colcon_core.package_identification:_identify(src/wheeltec_lidar_ros2/ldlidar_ros2/ldlidar_driver/include/networkcom) by extensions ['ignore', 'ignore_ament_install']
[0.979s] Level 1:colcon.colcon_core.package_identification:_identify(src/wheeltec_lidar_ros2/ldlidar_ros2/ldlidar_driver/include/networkcom) by extension 'ignore'
[0.979s] Level 1:colcon.colcon_core.package_identification:_identify(src/wheeltec_lidar_ros2/ldlidar_ros2/ldlidar_driver/include/networkcom) by extension 'ignore_ament_install'
[0.979s] Level 1:colcon.colcon_core.package_identification:_identify(src/wheeltec_lidar_ros2/ldlidar_ros2/ldlidar_driver/include/networkcom) by extensions ['colcon_pkg']
[0.979s] Level 1:colcon.colcon_core.package_identification:_identify(src/wheeltec_lidar_ros2/ldlidar_ros2/ldlidar_driver/include/networkcom) by extension 'colcon_pkg'
[0.979s] Level 1:colcon.colcon_core.package_identification:_identify(src/wheeltec_lidar_ros2/ldlidar_ros2/ldlidar_driver/include/networkcom) by extensions ['colcon_meta']
[0.979s] Level 1:colcon.colcon_core.package_identification:_identify(src/wheeltec_lidar_ros2/ldlidar_ros2/ldlidar_driver/include/networkcom) by extension 'colcon_meta'
[0.979s] Level 1:colcon.colcon_core.package_identification:_identify(src/wheeltec_lidar_ros2/ldlidar_ros2/ldlidar_driver/include/networkcom) by extensions ['ros']
[0.979s] Level 1:colcon.colcon_core.package_identification:_identify(src/wheeltec_lidar_ros2/ldlidar_ros2/ldlidar_driver/include/networkcom) by extension 'ros'
[0.979s] Level 1:colcon.colcon_core.package_identification:_identify(src/wheeltec_lidar_ros2/ldlidar_ros2/ldlidar_driver/include/networkcom) by extensions ['cmake', 'python']
[0.979s] Level 1:colcon.colcon_core.package_identification:_identify(src/wheeltec_lidar_ros2/ldlidar_ros2/ldlidar_driver/include/networkcom) by extension 'cmake'
[0.979s] Level 1:colcon.colcon_core.package_identification:_identify(src/wheeltec_lidar_ros2/ldlidar_ros2/ldlidar_driver/include/networkcom) by extension 'python'
[0.979s] Level 1:colcon.colcon_core.package_identification:_identify(src/wheeltec_lidar_ros2/ldlidar_ros2/ldlidar_driver/include/networkcom) by extensions ['python_setup_py']
[0.979s] Level 1:colcon.colcon_core.package_identification:_identify(src/wheeltec_lidar_ros2/ldlidar_ros2/ldlidar_driver/include/networkcom) by extension 'python_setup_py'
[0.981s] Level 1:colcon.colcon_core.package_identification:_identify(src/wheeltec_lidar_ros2/ldlidar_ros2/ldlidar_driver/include/serialcom) by extensions ['ignore', 'ignore_ament_install']
[0.981s] Level 1:colcon.colcon_core.package_identification:_identify(src/wheeltec_lidar_ros2/ldlidar_ros2/ldlidar_driver/include/serialcom) by extension 'ignore'
[0.981s] Level 1:colcon.colcon_core.package_identification:_identify(src/wheeltec_lidar_ros2/ldlidar_ros2/ldlidar_driver/include/serialcom) by extension 'ignore_ament_install'
[0.981s] Level 1:colcon.colcon_core.package_identification:_identify(src/wheeltec_lidar_ros2/ldlidar_ros2/ldlidar_driver/include/serialcom) by extensions ['colcon_pkg']
[0.981s] Level 1:colcon.colcon_core.package_identification:_identify(src/wheeltec_lidar_ros2/ldlidar_ros2/ldlidar_driver/include/serialcom) by extension 'colcon_pkg'
[0.981s] Level 1:colcon.colcon_core.package_identification:_identify(src/wheeltec_lidar_ros2/ldlidar_ros2/ldlidar_driver/include/serialcom) by extensions ['colcon_meta']
[0.981s] Level 1:colcon.colcon_core.package_identification:_identify(src/wheeltec_lidar_ros2/ldlidar_ros2/ldlidar_driver/include/serialcom) by extension 'colcon_meta'
[0.981s] Level 1:colcon.colcon_core.package_identification:_identify(src/wheeltec_lidar_ros2/ldlidar_ros2/ldlidar_driver/include/serialcom) by extensions ['ros']
[0.981s] Level 1:colcon.colcon_core.package_identification:_identify(src/wheeltec_lidar_ros2/ldlidar_ros2/ldlidar_driver/include/serialcom) by extension 'ros'
[0.981s] Level 1:colcon.colcon_core.package_identification:_identify(src/wheeltec_lidar_ros2/ldlidar_ros2/ldlidar_driver/include/serialcom) by extensions ['cmake', 'python']
[0.981s] Level 1:colcon.colcon_core.package_identification:_identify(src/wheeltec_lidar_ros2/ldlidar_ros2/ldlidar_driver/include/serialcom) by extension 'cmake'
[0.981s] Level 1:colcon.colcon_core.package_identification:_identify(src/wheeltec_lidar_ros2/ldlidar_ros2/ldlidar_driver/include/serialcom) by extension 'python'
[0.981s] Level 1:colcon.colcon_core.package_identification:_identify(src/wheeltec_lidar_ros2/ldlidar_ros2/ldlidar_driver/include/serialcom) by extensions ['python_setup_py']
[0.981s] Level 1:colcon.colcon_core.package_identification:_identify(src/wheeltec_lidar_ros2/ldlidar_ros2/ldlidar_driver/include/serialcom) by extension 'python_setup_py'
[0.983s] Level 1:colcon.colcon_core.package_identification:_identify(src/wheeltec_lidar_ros2/ldlidar_ros2/ldlidar_driver/src) by extensions ['ignore', 'ignore_ament_install']
[0.983s] Level 1:colcon.colcon_core.package_identification:_identify(src/wheeltec_lidar_ros2/ldlidar_ros2/ldlidar_driver/src) by extension 'ignore'
[0.983s] Level 1:colcon.colcon_core.package_identification:_identify(src/wheeltec_lidar_ros2/ldlidar_ros2/ldlidar_driver/src) by extension 'ignore_ament_install'
[0.983s] Level 1:colcon.colcon_core.package_identification:_identify(src/wheeltec_lidar_ros2/ldlidar_ros2/ldlidar_driver/src) by extensions ['colcon_pkg']
[0.983s] Level 1:colcon.colcon_core.package_identification:_identify(src/wheeltec_lidar_ros2/ldlidar_ros2/ldlidar_driver/src) by extension 'colcon_pkg'
[0.983s] Level 1:colcon.colcon_core.package_identification:_identify(src/wheeltec_lidar_ros2/ldlidar_ros2/ldlidar_driver/src) by extensions ['colcon_meta']
[0.983s] Level 1:colcon.colcon_core.package_identification:_identify(src/wheeltec_lidar_ros2/ldlidar_ros2/ldlidar_driver/src) by extension 'colcon_meta'
[0.983s] Level 1:colcon.colcon_core.package_identification:_identify(src/wheeltec_lidar_ros2/ldlidar_ros2/ldlidar_driver/src) by extensions ['ros']
[0.983s] Level 1:colcon.colcon_core.package_identification:_identify(src/wheeltec_lidar_ros2/ldlidar_ros2/ldlidar_driver/src) by extension 'ros'
[0.983s] Level 1:colcon.colcon_core.package_identification:_identify(src/wheeltec_lidar_ros2/ldlidar_ros2/ldlidar_driver/src) by extensions ['cmake', 'python']
[0.983s] Level 1:colcon.colcon_core.package_identification:_identify(src/wheeltec_lidar_ros2/ldlidar_ros2/ldlidar_driver/src) by extension 'cmake'
[0.983s] Level 1:colcon.colcon_core.package_identification:_identify(src/wheeltec_lidar_ros2/ldlidar_ros2/ldlidar_driver/src) by extension 'python'
[0.983s] Level 1:colcon.colcon_core.package_identification:_identify(src/wheeltec_lidar_ros2/ldlidar_ros2/ldlidar_driver/src) by extensions ['python_setup_py']
[0.983s] Level 1:colcon.colcon_core.package_identification:_identify(src/wheeltec_lidar_ros2/ldlidar_ros2/ldlidar_driver/src) by extension 'python_setup_py'
[0.986s] Level 1:colcon.colcon_core.package_identification:_identify(src/wheeltec_lidar_ros2/ldlidar_ros2/ldlidar_driver/src/core) by extensions ['ignore', 'ignore_ament_install']
[0.986s] Level 1:colcon.colcon_core.package_identification:_identify(src/wheeltec_lidar_ros2/ldlidar_ros2/ldlidar_driver/src/core) by extension 'ignore'
[0.986s] Level 1:colcon.colcon_core.package_identification:_identify(src/wheeltec_lidar_ros2/ldlidar_ros2/ldlidar_driver/src/core) by extension 'ignore_ament_install'
[0.986s] Level 1:colcon.colcon_core.package_identification:_identify(src/wheeltec_lidar_ros2/ldlidar_ros2/ldlidar_driver/src/core) by extensions ['colcon_pkg']
[0.986s] Level 1:colcon.colcon_core.package_identification:_identify(src/wheeltec_lidar_ros2/ldlidar_ros2/ldlidar_driver/src/core) by extension 'colcon_pkg'
[0.986s] Level 1:colcon.colcon_core.package_identification:_identify(src/wheeltec_lidar_ros2/ldlidar_ros2/ldlidar_driver/src/core) by extensions ['colcon_meta']
[0.986s] Level 1:colcon.colcon_core.package_identification:_identify(src/wheeltec_lidar_ros2/ldlidar_ros2/ldlidar_driver/src/core) by extension 'colcon_meta'
[0.986s] Level 1:colcon.colcon_core.package_identification:_identify(src/wheeltec_lidar_ros2/ldlidar_ros2/ldlidar_driver/src/core) by extensions ['ros']
[0.986s] Level 1:colcon.colcon_core.package_identification:_identify(src/wheeltec_lidar_ros2/ldlidar_ros2/ldlidar_driver/src/core) by extension 'ros'
[0.986s] Level 1:colcon.colcon_core.package_identification:_identify(src/wheeltec_lidar_ros2/ldlidar_ros2/ldlidar_driver/src/core) by extensions ['cmake', 'python']
[0.986s] Level 1:colcon.colcon_core.package_identification:_identify(src/wheeltec_lidar_ros2/ldlidar_ros2/ldlidar_driver/src/core) by extension 'cmake'
[0.986s] Level 1:colcon.colcon_core.package_identification:_identify(src/wheeltec_lidar_ros2/ldlidar_ros2/ldlidar_driver/src/core) by extension 'python'
[0.986s] Level 1:colcon.colcon_core.package_identification:_identify(src/wheeltec_lidar_ros2/ldlidar_ros2/ldlidar_driver/src/core) by extensions ['python_setup_py']
[0.986s] Level 1:colcon.colcon_core.package_identification:_identify(src/wheeltec_lidar_ros2/ldlidar_ros2/ldlidar_driver/src/core) by extension 'python_setup_py'
[0.988s] Level 1:colcon.colcon_core.package_identification:_identify(src/wheeltec_lidar_ros2/ldlidar_ros2/ldlidar_driver/src/dataprocess) by extensions ['ignore', 'ignore_ament_install']
[0.988s] Level 1:colcon.colcon_core.package_identification:_identify(src/wheeltec_lidar_ros2/ldlidar_ros2/ldlidar_driver/src/dataprocess) by extension 'ignore'
[0.988s] Level 1:colcon.colcon_core.package_identification:_identify(src/wheeltec_lidar_ros2/ldlidar_ros2/ldlidar_driver/src/dataprocess) by extension 'ignore_ament_install'
[0.988s] Level 1:colcon.colcon_core.package_identification:_identify(src/wheeltec_lidar_ros2/ldlidar_ros2/ldlidar_driver/src/dataprocess) by extensions ['colcon_pkg']
[0.988s] Level 1:colcon.colcon_core.package_identification:_identify(src/wheeltec_lidar_ros2/ldlidar_ros2/ldlidar_driver/src/dataprocess) by extension 'colcon_pkg'
[0.988s] Level 1:colcon.colcon_core.package_identification:_identify(src/wheeltec_lidar_ros2/ldlidar_ros2/ldlidar_driver/src/dataprocess) by extensions ['colcon_meta']
[0.988s] Level 1:colcon.colcon_core.package_identification:_identify(src/wheeltec_lidar_ros2/ldlidar_ros2/ldlidar_driver/src/dataprocess) by extension 'colcon_meta'
[0.988s] Level 1:colcon.colcon_core.package_identification:_identify(src/wheeltec_lidar_ros2/ldlidar_ros2/ldlidar_driver/src/dataprocess) by extensions ['ros']
[0.988s] Level 1:colcon.colcon_core.package_identification:_identify(src/wheeltec_lidar_ros2/ldlidar_ros2/ldlidar_driver/src/dataprocess) by extension 'ros'
[0.988s] Level 1:colcon.colcon_core.package_identification:_identify(src/wheeltec_lidar_ros2/ldlidar_ros2/ldlidar_driver/src/dataprocess) by extensions ['cmake', 'python']
[0.988s] Level 1:colcon.colcon_core.package_identification:_identify(src/wheeltec_lidar_ros2/ldlidar_ros2/ldlidar_driver/src/dataprocess) by extension 'cmake'
[0.988s] Level 1:colcon.colcon_core.package_identification:_identify(src/wheeltec_lidar_ros2/ldlidar_ros2/ldlidar_driver/src/dataprocess) by extension 'python'
[0.988s] Level 1:colcon.colcon_core.package_identification:_identify(src/wheeltec_lidar_ros2/ldlidar_ros2/ldlidar_driver/src/dataprocess) by extensions ['python_setup_py']
[0.988s] Level 1:colcon.colcon_core.package_identification:_identify(src/wheeltec_lidar_ros2/ldlidar_ros2/ldlidar_driver/src/dataprocess) by extension 'python_setup_py'
[0.990s] Level 1:colcon.colcon_core.package_identification:_identify(src/wheeltec_lidar_ros2/ldlidar_ros2/ldlidar_driver/src/filter) by extensions ['ignore', 'ignore_ament_install']
[0.990s] Level 1:colcon.colcon_core.package_identification:_identify(src/wheeltec_lidar_ros2/ldlidar_ros2/ldlidar_driver/src/filter) by extension 'ignore'
[0.990s] Level 1:colcon.colcon_core.package_identification:_identify(src/wheeltec_lidar_ros2/ldlidar_ros2/ldlidar_driver/src/filter) by extension 'ignore_ament_install'
[0.990s] Level 1:colcon.colcon_core.package_identification:_identify(src/wheeltec_lidar_ros2/ldlidar_ros2/ldlidar_driver/src/filter) by extensions ['colcon_pkg']
[0.990s] Level 1:colcon.colcon_core.package_identification:_identify(src/wheeltec_lidar_ros2/ldlidar_ros2/ldlidar_driver/src/filter) by extension 'colcon_pkg'
[0.990s] Level 1:colcon.colcon_core.package_identification:_identify(src/wheeltec_lidar_ros2/ldlidar_ros2/ldlidar_driver/src/filter) by extensions ['colcon_meta']
[0.990s] Level 1:colcon.colcon_core.package_identification:_identify(src/wheeltec_lidar_ros2/ldlidar_ros2/ldlidar_driver/src/filter) by extension 'colcon_meta'
[0.990s] Level 1:colcon.colcon_core.package_identification:_identify(src/wheeltec_lidar_ros2/ldlidar_ros2/ldlidar_driver/src/filter) by extensions ['ros']
[0.990s] Level 1:colcon.colcon_core.package_identification:_identify(src/wheeltec_lidar_ros2/ldlidar_ros2/ldlidar_driver/src/filter) by extension 'ros'
[0.990s] Level 1:colcon.colcon_core.package_identification:_identify(src/wheeltec_lidar_ros2/ldlidar_ros2/ldlidar_driver/src/filter) by extensions ['cmake', 'python']
[0.990s] Level 1:colcon.colcon_core.package_identification:_identify(src/wheeltec_lidar_ros2/ldlidar_ros2/ldlidar_driver/src/filter) by extension 'cmake'
[0.990s] Level 1:colcon.colcon_core.package_identification:_identify(src/wheeltec_lidar_ros2/ldlidar_ros2/ldlidar_driver/src/filter) by extension 'python'
[0.990s] Level 1:colcon.colcon_core.package_identification:_identify(src/wheeltec_lidar_ros2/ldlidar_ros2/ldlidar_driver/src/filter) by extensions ['python_setup_py']
[0.990s] Level 1:colcon.colcon_core.package_identification:_identify(src/wheeltec_lidar_ros2/ldlidar_ros2/ldlidar_driver/src/filter) by extension 'python_setup_py'
[0.993s] Level 1:colcon.colcon_core.package_identification:_identify(src/wheeltec_lidar_ros2/ldlidar_ros2/ldlidar_driver/src/logger) by extensions ['ignore', 'ignore_ament_install']
[0.993s] Level 1:colcon.colcon_core.package_identification:_identify(src/wheeltec_lidar_ros2/ldlidar_ros2/ldlidar_driver/src/logger) by extension 'ignore'
[0.993s] Level 1:colcon.colcon_core.package_identification:_identify(src/wheeltec_lidar_ros2/ldlidar_ros2/ldlidar_driver/src/logger) by extension 'ignore_ament_install'
[0.993s] Level 1:colcon.colcon_core.package_identification:_identify(src/wheeltec_lidar_ros2/ldlidar_ros2/ldlidar_driver/src/logger) by extensions ['colcon_pkg']
[0.993s] Level 1:colcon.colcon_core.package_identification:_identify(src/wheeltec_lidar_ros2/ldlidar_ros2/ldlidar_driver/src/logger) by extension 'colcon_pkg'
[0.993s] Level 1:colcon.colcon_core.package_identification:_identify(src/wheeltec_lidar_ros2/ldlidar_ros2/ldlidar_driver/src/logger) by extensions ['colcon_meta']
[0.993s] Level 1:colcon.colcon_core.package_identification:_identify(src/wheeltec_lidar_ros2/ldlidar_ros2/ldlidar_driver/src/logger) by extension 'colcon_meta'
[0.993s] Level 1:colcon.colcon_core.package_identification:_identify(src/wheeltec_lidar_ros2/ldlidar_ros2/ldlidar_driver/src/logger) by extensions ['ros']
[0.993s] Level 1:colcon.colcon_core.package_identification:_identify(src/wheeltec_lidar_ros2/ldlidar_ros2/ldlidar_driver/src/logger) by extension 'ros'
[0.993s] Level 1:colcon.colcon_core.package_identification:_identify(src/wheeltec_lidar_ros2/ldlidar_ros2/ldlidar_driver/src/logger) by extensions ['cmake', 'python']
[0.993s] Level 1:colcon.colcon_core.package_identification:_identify(src/wheeltec_lidar_ros2/ldlidar_ros2/ldlidar_driver/src/logger) by extension 'cmake'
[0.993s] Level 1:colcon.colcon_core.package_identification:_identify(src/wheeltec_lidar_ros2/ldlidar_ros2/ldlidar_driver/src/logger) by extension 'python'
[0.993s] Level 1:colcon.colcon_core.package_identification:_identify(src/wheeltec_lidar_ros2/ldlidar_ros2/ldlidar_driver/src/logger) by extensions ['python_setup_py']
[0.993s] Level 1:colcon.colcon_core.package_identification:_identify(src/wheeltec_lidar_ros2/ldlidar_ros2/ldlidar_driver/src/logger) by extension 'python_setup_py'
[0.995s] Level 1:colcon.colcon_core.package_identification:_identify(src/wheeltec_lidar_ros2/ldlidar_ros2/ldlidar_driver/src/networkcom) by extensions ['ignore', 'ignore_ament_install']
[0.995s] Level 1:colcon.colcon_core.package_identification:_identify(src/wheeltec_lidar_ros2/ldlidar_ros2/ldlidar_driver/src/networkcom) by extension 'ignore'
[0.995s] Level 1:colcon.colcon_core.package_identification:_identify(src/wheeltec_lidar_ros2/ldlidar_ros2/ldlidar_driver/src/networkcom) by extension 'ignore_ament_install'
[0.995s] Level 1:colcon.colcon_core.package_identification:_identify(src/wheeltec_lidar_ros2/ldlidar_ros2/ldlidar_driver/src/networkcom) by extensions ['colcon_pkg']
[0.995s] Level 1:colcon.colcon_core.package_identification:_identify(src/wheeltec_lidar_ros2/ldlidar_ros2/ldlidar_driver/src/networkcom) by extension 'colcon_pkg'
[0.995s] Level 1:colcon.colcon_core.package_identification:_identify(src/wheeltec_lidar_ros2/ldlidar_ros2/ldlidar_driver/src/networkcom) by extensions ['colcon_meta']
[0.995s] Level 1:colcon.colcon_core.package_identification:_identify(src/wheeltec_lidar_ros2/ldlidar_ros2/ldlidar_driver/src/networkcom) by extension 'colcon_meta'
[0.995s] Level 1:colcon.colcon_core.package_identification:_identify(src/wheeltec_lidar_ros2/ldlidar_ros2/ldlidar_driver/src/networkcom) by extensions ['ros']
[0.995s] Level 1:colcon.colcon_core.package_identification:_identify(src/wheeltec_lidar_ros2/ldlidar_ros2/ldlidar_driver/src/networkcom) by extension 'ros'
[0.995s] Level 1:colcon.colcon_core.package_identification:_identify(src/wheeltec_lidar_ros2/ldlidar_ros2/ldlidar_driver/src/networkcom) by extensions ['cmake', 'python']
[0.995s] Level 1:colcon.colcon_core.package_identification:_identify(src/wheeltec_lidar_ros2/ldlidar_ros2/ldlidar_driver/src/networkcom) by extension 'cmake'
[0.995s] Level 1:colcon.colcon_core.package_identification:_identify(src/wheeltec_lidar_ros2/ldlidar_ros2/ldlidar_driver/src/networkcom) by extension 'python'
[0.995s] Level 1:colcon.colcon_core.package_identification:_identify(src/wheeltec_lidar_ros2/ldlidar_ros2/ldlidar_driver/src/networkcom) by extensions ['python_setup_py']
[0.995s] Level 1:colcon.colcon_core.package_identification:_identify(src/wheeltec_lidar_ros2/ldlidar_ros2/ldlidar_driver/src/networkcom) by extension 'python_setup_py'
[0.997s] Level 1:colcon.colcon_core.package_identification:_identify(src/wheeltec_lidar_ros2/ldlidar_ros2/ldlidar_driver/src/serialcom) by extensions ['ignore', 'ignore_ament_install']
[0.997s] Level 1:colcon.colcon_core.package_identification:_identify(src/wheeltec_lidar_ros2/ldlidar_ros2/ldlidar_driver/src/serialcom) by extension 'ignore'
[0.997s] Level 1:colcon.colcon_core.package_identification:_identify(src/wheeltec_lidar_ros2/ldlidar_ros2/ldlidar_driver/src/serialcom) by extension 'ignore_ament_install'
[0.997s] Level 1:colcon.colcon_core.package_identification:_identify(src/wheeltec_lidar_ros2/ldlidar_ros2/ldlidar_driver/src/serialcom) by extensions ['colcon_pkg']
[0.997s] Level 1:colcon.colcon_core.package_identification:_identify(src/wheeltec_lidar_ros2/ldlidar_ros2/ldlidar_driver/src/serialcom) by extension 'colcon_pkg'
[0.997s] Level 1:colcon.colcon_core.package_identification:_identify(src/wheeltec_lidar_ros2/ldlidar_ros2/ldlidar_driver/src/serialcom) by extensions ['colcon_meta']
[0.997s] Level 1:colcon.colcon_core.package_identification:_identify(src/wheeltec_lidar_ros2/ldlidar_ros2/ldlidar_driver/src/serialcom) by extension 'colcon_meta'
[0.997s] Level 1:colcon.colcon_core.package_identification:_identify(src/wheeltec_lidar_ros2/ldlidar_ros2/ldlidar_driver/src/serialcom) by extensions ['ros']
[0.997s] Level 1:colcon.colcon_core.package_identification:_identify(src/wheeltec_lidar_ros2/ldlidar_ros2/ldlidar_driver/src/serialcom) by extension 'ros'
[0.997s] Level 1:colcon.colcon_core.package_identification:_identify(src/wheeltec_lidar_ros2/ldlidar_ros2/ldlidar_driver/src/serialcom) by extensions ['cmake', 'python']
[0.997s] Level 1:colcon.colcon_core.package_identification:_identify(src/wheeltec_lidar_ros2/ldlidar_ros2/ldlidar_driver/src/serialcom) by extension 'cmake'
[0.997s] Level 1:colcon.colcon_core.package_identification:_identify(src/wheeltec_lidar_ros2/ldlidar_ros2/ldlidar_driver/src/serialcom) by extension 'python'
[0.997s] Level 1:colcon.colcon_core.package_identification:_identify(src/wheeltec_lidar_ros2/ldlidar_ros2/ldlidar_driver/src/serialcom) by extensions ['python_setup_py']
[0.997s] Level 1:colcon.colcon_core.package_identification:_identify(src/wheeltec_lidar_ros2/ldlidar_ros2/ldlidar_driver/src/serialcom) by extension 'python_setup_py'
[1.001s] Level 1:colcon.colcon_core.package_identification:_identify(src/wheeltec_lidar_ros2/lslidar_ros2) by extensions ['ignore', 'ignore_ament_install']
[1.001s] Level 1:colcon.colcon_core.package_identification:_identify(src/wheeltec_lidar_ros2/lslidar_ros2) by extension 'ignore'
[1.001s] Level 1:colcon.colcon_core.package_identification:_identify(src/wheeltec_lidar_ros2/lslidar_ros2) by extension 'ignore_ament_install'
[1.001s] Level 1:colcon.colcon_core.package_identification:_identify(src/wheeltec_lidar_ros2/lslidar_ros2) by extensions ['colcon_pkg']
[1.001s] Level 1:colcon.colcon_core.package_identification:_identify(src/wheeltec_lidar_ros2/lslidar_ros2) by extension 'colcon_pkg'
[1.001s] Level 1:colcon.colcon_core.package_identification:_identify(src/wheeltec_lidar_ros2/lslidar_ros2) by extensions ['colcon_meta']
[1.001s] Level 1:colcon.colcon_core.package_identification:_identify(src/wheeltec_lidar_ros2/lslidar_ros2) by extension 'colcon_meta'
[1.001s] Level 1:colcon.colcon_core.package_identification:_identify(src/wheeltec_lidar_ros2/lslidar_ros2) by extensions ['ros']
[1.001s] Level 1:colcon.colcon_core.package_identification:_identify(src/wheeltec_lidar_ros2/lslidar_ros2) by extension 'ros'
[1.001s] Level 1:colcon.colcon_core.package_identification:_identify(src/wheeltec_lidar_ros2/lslidar_ros2) by extensions ['cmake', 'python']
[1.001s] Level 1:colcon.colcon_core.package_identification:_identify(src/wheeltec_lidar_ros2/lslidar_ros2) by extension 'cmake'
[1.001s] Level 1:colcon.colcon_core.package_identification:_identify(src/wheeltec_lidar_ros2/lslidar_ros2) by extension 'python'
[1.001s] Level 1:colcon.colcon_core.package_identification:_identify(src/wheeltec_lidar_ros2/lslidar_ros2) by extensions ['python_setup_py']
[1.001s] Level 1:colcon.colcon_core.package_identification:_identify(src/wheeltec_lidar_ros2/lslidar_ros2) by extension 'python_setup_py'
[1.003s] Level 1:colcon.colcon_core.package_identification:_identify(src/wheeltec_lidar_ros2/lslidar_ros2/lslidar_driver) by extensions ['ignore', 'ignore_ament_install']
[1.003s] Level 1:colcon.colcon_core.package_identification:_identify(src/wheeltec_lidar_ros2/lslidar_ros2/lslidar_driver) by extension 'ignore'
[1.003s] Level 1:colcon.colcon_core.package_identification:_identify(src/wheeltec_lidar_ros2/lslidar_ros2/lslidar_driver) by extension 'ignore_ament_install'
[1.003s] Level 1:colcon.colcon_core.package_identification:_identify(src/wheeltec_lidar_ros2/lslidar_ros2/lslidar_driver) by extensions ['colcon_pkg']
[1.003s] Level 1:colcon.colcon_core.package_identification:_identify(src/wheeltec_lidar_ros2/lslidar_ros2/lslidar_driver) by extension 'colcon_pkg'
[1.003s] Level 1:colcon.colcon_core.package_identification:_identify(src/wheeltec_lidar_ros2/lslidar_ros2/lslidar_driver) by extensions ['colcon_meta']
[1.003s] Level 1:colcon.colcon_core.package_identification:_identify(src/wheeltec_lidar_ros2/lslidar_ros2/lslidar_driver) by extension 'colcon_meta'
[1.003s] Level 1:colcon.colcon_core.package_identification:_identify(src/wheeltec_lidar_ros2/lslidar_ros2/lslidar_driver) by extensions ['ros']
[1.003s] Level 1:colcon.colcon_core.package_identification:_identify(src/wheeltec_lidar_ros2/lslidar_ros2/lslidar_driver) by extension 'ros'
[1.008s] DEBUG:colcon.colcon_core.package_identification:Package 'src/wheeltec_lidar_ros2/lslidar_ros2/lslidar_driver' with type 'ros.ament_cmake' and name 'lslidar_driver'
[1.010s] Level 1:colcon.colcon_core.package_identification:_identify(src/wheeltec_lidar_ros2/lslidar_ros2/lslidar_msgs) by extensions ['ignore', 'ignore_ament_install']
[1.010s] Level 1:colcon.colcon_core.package_identification:_identify(src/wheeltec_lidar_ros2/lslidar_ros2/lslidar_msgs) by extension 'ignore'
[1.010s] Level 1:colcon.colcon_core.package_identification:_identify(src/wheeltec_lidar_ros2/lslidar_ros2/lslidar_msgs) by extension 'ignore_ament_install'
[1.010s] Level 1:colcon.colcon_core.package_identification:_identify(src/wheeltec_lidar_ros2/lslidar_ros2/lslidar_msgs) by extensions ['colcon_pkg']
[1.010s] Level 1:colcon.colcon_core.package_identification:_identify(src/wheeltec_lidar_ros2/lslidar_ros2/lslidar_msgs) by extension 'colcon_pkg'
[1.010s] Level 1:colcon.colcon_core.package_identification:_identify(src/wheeltec_lidar_ros2/lslidar_ros2/lslidar_msgs) by extensions ['colcon_meta']
[1.010s] Level 1:colcon.colcon_core.package_identification:_identify(src/wheeltec_lidar_ros2/lslidar_ros2/lslidar_msgs) by extension 'colcon_meta'
[1.010s] Level 1:colcon.colcon_core.package_identification:_identify(src/wheeltec_lidar_ros2/lslidar_ros2/lslidar_msgs) by extensions ['ros']
[1.010s] Level 1:colcon.colcon_core.package_identification:_identify(src/wheeltec_lidar_ros2/lslidar_ros2/lslidar_msgs) by extension 'ros'
[1.015s] DEBUG:colcon.colcon_core.package_identification:Package 'src/wheeltec_lidar_ros2/lslidar_ros2/lslidar_msgs' with type 'ros.ament_cmake' and name 'lslidar_msgs'
[1.017s] Level 1:colcon.colcon_core.package_identification:_identify(src/wheeltec_lidar_ros2/pointcloud_to_laserscan-humble) by extensions ['ignore', 'ignore_ament_install']
[1.017s] Level 1:colcon.colcon_core.package_identification:_identify(src/wheeltec_lidar_ros2/pointcloud_to_laserscan-humble) by extension 'ignore'
[1.017s] Level 1:colcon.colcon_core.package_identification:_identify(src/wheeltec_lidar_ros2/pointcloud_to_laserscan-humble) by extension 'ignore_ament_install'
[1.017s] Level 1:colcon.colcon_core.package_identification:_identify(src/wheeltec_lidar_ros2/pointcloud_to_laserscan-humble) by extensions ['colcon_pkg']
[1.017s] Level 1:colcon.colcon_core.package_identification:_identify(src/wheeltec_lidar_ros2/pointcloud_to_laserscan-humble) by extension 'colcon_pkg'
[1.017s] Level 1:colcon.colcon_core.package_identification:_identify(src/wheeltec_lidar_ros2/pointcloud_to_laserscan-humble) by extensions ['colcon_meta']
[1.017s] Level 1:colcon.colcon_core.package_identification:_identify(src/wheeltec_lidar_ros2/pointcloud_to_laserscan-humble) by extension 'colcon_meta'
[1.018s] Level 1:colcon.colcon_core.package_identification:_identify(src/wheeltec_lidar_ros2/pointcloud_to_laserscan-humble) by extensions ['ros']
[1.018s] Level 1:colcon.colcon_core.package_identification:_identify(src/wheeltec_lidar_ros2/pointcloud_to_laserscan-humble) by extension 'ros'
[1.023s] DEBUG:colcon.colcon_core.package_identification:Package 'src/wheeltec_lidar_ros2/pointcloud_to_laserscan-humble' with type 'ros.ament_cmake' and name 'pointcloud_to_laserscan'
[1.039s] Level 1:colcon.colcon_core.package_identification:_identify(src/wheeltec_lidar_ros2/rplidar_ros) by extensions ['ignore', 'ignore_ament_install']
[1.039s] Level 1:colcon.colcon_core.package_identification:_identify(src/wheeltec_lidar_ros2/rplidar_ros) by extension 'ignore'
[1.039s] Level 1:colcon.colcon_core.package_identification:_identify(src/wheeltec_lidar_ros2/rplidar_ros) by extension 'ignore_ament_install'
[1.039s] Level 1:colcon.colcon_core.package_identification:_identify(src/wheeltec_lidar_ros2/rplidar_ros) by extensions ['colcon_pkg']
[1.039s] Level 1:colcon.colcon_core.package_identification:_identify(src/wheeltec_lidar_ros2/rplidar_ros) by extension 'colcon_pkg'
[1.039s] Level 1:colcon.colcon_core.package_identification:_identify(src/wheeltec_lidar_ros2/rplidar_ros) by extensions ['colcon_meta']
[1.039s] Level 1:colcon.colcon_core.package_identification:_identify(src/wheeltec_lidar_ros2/rplidar_ros) by extension 'colcon_meta'
[1.039s] Level 1:colcon.colcon_core.package_identification:_identify(src/wheeltec_lidar_ros2/rplidar_ros) by extensions ['ros']
[1.039s] Level 1:colcon.colcon_core.package_identification:_identify(src/wheeltec_lidar_ros2/rplidar_ros) by extension 'ros'
[1.044s] DEBUG:colcon.colcon_core.package_identification:Package 'src/wheeltec_lidar_ros2/rplidar_ros' with type 'ros.ament_cmake' and name 'rplidar_ros'
[1.046s] Level 1:colcon.colcon_core.package_identification:_identify(src/wheeltec_mic) by extensions ['ignore', 'ignore_ament_install']
[1.046s] Level 1:colcon.colcon_core.package_identification:_identify(src/wheeltec_mic) by extension 'ignore'
[1.046s] Level 1:colcon.colcon_core.package_identification:_identify(src/wheeltec_mic) by extension 'ignore_ament_install'
[1.046s] Level 1:colcon.colcon_core.package_identification:_identify(src/wheeltec_mic) by extensions ['colcon_pkg']
[1.046s] Level 1:colcon.colcon_core.package_identification:_identify(src/wheeltec_mic) by extension 'colcon_pkg'
[1.046s] Level 1:colcon.colcon_core.package_identification:_identify(src/wheeltec_mic) by extensions ['colcon_meta']
[1.046s] Level 1:colcon.colcon_core.package_identification:_identify(src/wheeltec_mic) by extension 'colcon_meta'
[1.046s] Level 1:colcon.colcon_core.package_identification:_identify(src/wheeltec_mic) by extensions ['ros']
[1.046s] Level 1:colcon.colcon_core.package_identification:_identify(src/wheeltec_mic) by extension 'ros'
[1.046s] Level 1:colcon.colcon_core.package_identification:_identify(src/wheeltec_mic) by extensions ['cmake', 'python']
[1.046s] Level 1:colcon.colcon_core.package_identification:_identify(src/wheeltec_mic) by extension 'cmake'
[1.047s] Level 1:colcon.colcon_core.package_identification:_identify(src/wheeltec_mic) by extension 'python'
[1.047s] Level 1:colcon.colcon_core.package_identification:_identify(src/wheeltec_mic) by extensions ['python_setup_py']
[1.047s] Level 1:colcon.colcon_core.package_identification:_identify(src/wheeltec_mic) by extension 'python_setup_py'
[1.050s] Level 1:colcon.colcon_core.package_identification:_identify(src/wheeltec_mic/wheeltec_mic_msg) by extensions ['ignore', 'ignore_ament_install']
[1.050s] Level 1:colcon.colcon_core.package_identification:_identify(src/wheeltec_mic/wheeltec_mic_msg) by extension 'ignore'
[1.050s] Level 1:colcon.colcon_core.package_identification:_identify(src/wheeltec_mic/wheeltec_mic_msg) by extension 'ignore_ament_install'
[1.050s] Level 1:colcon.colcon_core.package_identification:_identify(src/wheeltec_mic/wheeltec_mic_msg) by extensions ['colcon_pkg']
[1.050s] Level 1:colcon.colcon_core.package_identification:_identify(src/wheeltec_mic/wheeltec_mic_msg) by extension 'colcon_pkg'
[1.050s] Level 1:colcon.colcon_core.package_identification:_identify(src/wheeltec_mic/wheeltec_mic_msg) by extensions ['colcon_meta']
[1.050s] Level 1:colcon.colcon_core.package_identification:_identify(src/wheeltec_mic/wheeltec_mic_msg) by extension 'colcon_meta'
[1.050s] Level 1:colcon.colcon_core.package_identification:_identify(src/wheeltec_mic/wheeltec_mic_msg) by extensions ['ros']
[1.050s] Level 1:colcon.colcon_core.package_identification:_identify(src/wheeltec_mic/wheeltec_mic_msg) by extension 'ros'
[1.056s] DEBUG:colcon.colcon_core.package_identification:Package 'src/wheeltec_mic/wheeltec_mic_msg' with type 'ros.ament_cmake' and name 'wheeltec_mic_msg'
[1.058s] Level 1:colcon.colcon_core.package_identification:_identify(src/wheeltec_mic/wheeltec_mic_ros2) by extensions ['ignore', 'ignore_ament_install']
[1.058s] Level 1:colcon.colcon_core.package_identification:_identify(src/wheeltec_mic/wheeltec_mic_ros2) by extension 'ignore'
[1.058s] Level 1:colcon.colcon_core.package_identification:_identify(src/wheeltec_mic/wheeltec_mic_ros2) by extension 'ignore_ament_install'
[1.058s] Level 1:colcon.colcon_core.package_identification:_identify(src/wheeltec_mic/wheeltec_mic_ros2) by extensions ['colcon_pkg']
[1.058s] Level 1:colcon.colcon_core.package_identification:_identify(src/wheeltec_mic/wheeltec_mic_ros2) by extension 'colcon_pkg'
[1.058s] Level 1:colcon.colcon_core.package_identification:_identify(src/wheeltec_mic/wheeltec_mic_ros2) by extensions ['colcon_meta']
[1.058s] Level 1:colcon.colcon_core.package_identification:_identify(src/wheeltec_mic/wheeltec_mic_ros2) by extension 'colcon_meta'
[1.058s] Level 1:colcon.colcon_core.package_identification:_identify(src/wheeltec_mic/wheeltec_mic_ros2) by extensions ['ros']
[1.058s] Level 1:colcon.colcon_core.package_identification:_identify(src/wheeltec_mic/wheeltec_mic_ros2) by extension 'ros'
[1.064s] DEBUG:colcon.colcon_core.package_identification:Package 'src/wheeltec_mic/wheeltec_mic_ros2' with type 'ros.ament_cmake' and name 'wheeltec_mic_ros2'
[1.067s] Level 1:colcon.colcon_core.package_identification:_identify(src/wheeltec_mic_aiui) by extensions ['ignore', 'ignore_ament_install']
[1.067s] Level 1:colcon.colcon_core.package_identification:_identify(src/wheeltec_mic_aiui) by extension 'ignore'
[1.067s] Level 1:colcon.colcon_core.package_identification:_identify(src/wheeltec_mic_aiui) by extension 'ignore_ament_install'
[1.067s] Level 1:colcon.colcon_core.package_identification:_identify(src/wheeltec_mic_aiui) by extensions ['colcon_pkg']
[1.067s] Level 1:colcon.colcon_core.package_identification:_identify(src/wheeltec_mic_aiui) by extension 'colcon_pkg'
[1.067s] Level 1:colcon.colcon_core.package_identification:_identify(src/wheeltec_mic_aiui) by extensions ['colcon_meta']
[1.067s] Level 1:colcon.colcon_core.package_identification:_identify(src/wheeltec_mic_aiui) by extension 'colcon_meta'
[1.067s] Level 1:colcon.colcon_core.package_identification:_identify(src/wheeltec_mic_aiui) by extensions ['ros']
[1.067s] Level 1:colcon.colcon_core.package_identification:_identify(src/wheeltec_mic_aiui) by extension 'ros'
[1.071s] DEBUG:colcon.colcon_core.package_identification:Package 'src/wheeltec_mic_aiui' with type 'ros.ament_cmake' and name 'wheeltec_mic_aiui'
[1.074s] Level 1:colcon.colcon_core.package_identification:_identify(src/wheeltec_multi) by extensions ['ignore', 'ignore_ament_install']
[1.074s] Level 1:colcon.colcon_core.package_identification:_identify(src/wheeltec_multi) by extension 'ignore'
[1.074s] Level 1:colcon.colcon_core.package_identification:_identify(src/wheeltec_multi) by extension 'ignore_ament_install'
[1.074s] Level 1:colcon.colcon_core.package_identification:_identify(src/wheeltec_multi) by extensions ['colcon_pkg']
[1.074s] Level 1:colcon.colcon_core.package_identification:_identify(src/wheeltec_multi) by extension 'colcon_pkg'
[1.074s] Level 1:colcon.colcon_core.package_identification:_identify(src/wheeltec_multi) by extensions ['colcon_meta']
[1.074s] Level 1:colcon.colcon_core.package_identification:_identify(src/wheeltec_multi) by extension 'colcon_meta'
[1.074s] Level 1:colcon.colcon_core.package_identification:_identify(src/wheeltec_multi) by extensions ['ros']
[1.074s] Level 1:colcon.colcon_core.package_identification:_identify(src/wheeltec_multi) by extension 'ros'
[1.080s] DEBUG:colcon.colcon_core.package_identification:Package 'src/wheeltec_multi' with type 'ros.ament_cmake' and name 'wheeltec_multi'
[1.082s] Level 1:colcon.colcon_core.package_identification:_identify(src/wheeltec_path_follow) by extensions ['ignore', 'ignore_ament_install']
[1.082s] Level 1:colcon.colcon_core.package_identification:_identify(src/wheeltec_path_follow) by extension 'ignore'
[1.082s] Level 1:colcon.colcon_core.package_identification:_identify(src/wheeltec_path_follow) by extension 'ignore_ament_install'
[1.082s] Level 1:colcon.colcon_core.package_identification:_identify(src/wheeltec_path_follow) by extensions ['colcon_pkg']
[1.082s] Level 1:colcon.colcon_core.package_identification:_identify(src/wheeltec_path_follow) by extension 'colcon_pkg'
[1.082s] Level 1:colcon.colcon_core.package_identification:_identify(src/wheeltec_path_follow) by extensions ['colcon_meta']
[1.082s] Level 1:colcon.colcon_core.package_identification:_identify(src/wheeltec_path_follow) by extension 'colcon_meta'
[1.082s] Level 1:colcon.colcon_core.package_identification:_identify(src/wheeltec_path_follow) by extensions ['ros']
[1.082s] Level 1:colcon.colcon_core.package_identification:_identify(src/wheeltec_path_follow) by extension 'ros'
[1.088s] DEBUG:colcon.colcon_core.package_identification:Package 'src/wheeltec_path_follow' with type 'ros.ament_cmake' and name 'wheeltec_path_follow'
[1.090s] Level 1:colcon.colcon_core.package_identification:_identify(src/wheeltec_radar) by extensions ['ignore', 'ignore_ament_install']
[1.090s] Level 1:colcon.colcon_core.package_identification:_identify(src/wheeltec_radar) by extension 'ignore'
[1.090s] Level 1:colcon.colcon_core.package_identification:_identify(src/wheeltec_radar) by extension 'ignore_ament_install'
[1.090s] Level 1:colcon.colcon_core.package_identification:_identify(src/wheeltec_radar) by extensions ['colcon_pkg']
[1.090s] Level 1:colcon.colcon_core.package_identification:_identify(src/wheeltec_radar) by extension 'colcon_pkg'
[1.090s] Level 1:colcon.colcon_core.package_identification:_identify(src/wheeltec_radar) by extensions ['colcon_meta']
[1.090s] Level 1:colcon.colcon_core.package_identification:_identify(src/wheeltec_radar) by extension 'colcon_meta'
[1.090s] Level 1:colcon.colcon_core.package_identification:_identify(src/wheeltec_radar) by extensions ['ros']
[1.090s] Level 1:colcon.colcon_core.package_identification:_identify(src/wheeltec_radar) by extension 'ros'
[1.095s] DEBUG:colcon.colcon_core.package_identification:Package 'src/wheeltec_radar' with type 'ros.ament_cmake' and name 'wheeltec_radar'
[1.097s] Level 1:colcon.colcon_core.package_identification:_identify(src/wheeltec_robot_kcf) by extensions ['ignore', 'ignore_ament_install']
[1.097s] Level 1:colcon.colcon_core.package_identification:_identify(src/wheeltec_robot_kcf) by extension 'ignore'
[1.097s] Level 1:colcon.colcon_core.package_identification:_identify(src/wheeltec_robot_kcf) by extension 'ignore_ament_install'
[1.097s] Level 1:colcon.colcon_core.package_identification:_identify(src/wheeltec_robot_kcf) by extensions ['colcon_pkg']
[1.097s] Level 1:colcon.colcon_core.package_identification:_identify(src/wheeltec_robot_kcf) by extension 'colcon_pkg'
[1.097s] Level 1:colcon.colcon_core.package_identification:_identify(src/wheeltec_robot_kcf) by extensions ['colcon_meta']
[1.097s] Level 1:colcon.colcon_core.package_identification:_identify(src/wheeltec_robot_kcf) by extension 'colcon_meta'
[1.097s] Level 1:colcon.colcon_core.package_identification:_identify(src/wheeltec_robot_kcf) by extensions ['ros']
[1.097s] Level 1:colcon.colcon_core.package_identification:_identify(src/wheeltec_robot_kcf) by extension 'ros'
[1.102s] DEBUG:colcon.colcon_core.package_identification:Package 'src/wheeltec_robot_kcf' with type 'ros.ament_cmake' and name 'wheeltec_robot_kcf'
[1.104s] Level 1:colcon.colcon_core.package_identification:_identify(src/wheeltec_robot_keyboard) by extensions ['ignore', 'ignore_ament_install']
[1.104s] Level 1:colcon.colcon_core.package_identification:_identify(src/wheeltec_robot_keyboard) by extension 'ignore'
[1.104s] Level 1:colcon.colcon_core.package_identification:_identify(src/wheeltec_robot_keyboard) by extension 'ignore_ament_install'
[1.104s] Level 1:colcon.colcon_core.package_identification:_identify(src/wheeltec_robot_keyboard) by extensions ['colcon_pkg']
[1.104s] Level 1:colcon.colcon_core.package_identification:_identify(src/wheeltec_robot_keyboard) by extension 'colcon_pkg'
[1.104s] Level 1:colcon.colcon_core.package_identification:_identify(src/wheeltec_robot_keyboard) by extensions ['colcon_meta']
[1.104s] Level 1:colcon.colcon_core.package_identification:_identify(src/wheeltec_robot_keyboard) by extension 'colcon_meta'
[1.104s] Level 1:colcon.colcon_core.package_identification:_identify(src/wheeltec_robot_keyboard) by extensions ['ros']
[1.104s] Level 1:colcon.colcon_core.package_identification:_identify(src/wheeltec_robot_keyboard) by extension 'ros'
[1.109s] DEBUG:colcon.colcon_core.package_identification:Package 'src/wheeltec_robot_keyboard' with type 'ros.ament_python' and name 'wheeltec_robot_keyboard'
[1.111s] Level 1:colcon.colcon_core.package_identification:_identify(src/wheeltec_robot_msg) by extensions ['ignore', 'ignore_ament_install']
[1.111s] Level 1:colcon.colcon_core.package_identification:_identify(src/wheeltec_robot_msg) by extension 'ignore'
[1.111s] Level 1:colcon.colcon_core.package_identification:_identify(src/wheeltec_robot_msg) by extension 'ignore_ament_install'
[1.112s] Level 1:colcon.colcon_core.package_identification:_identify(src/wheeltec_robot_msg) by extensions ['colcon_pkg']
[1.112s] Level 1:colcon.colcon_core.package_identification:_identify(src/wheeltec_robot_msg) by extension 'colcon_pkg'
[1.112s] Level 1:colcon.colcon_core.package_identification:_identify(src/wheeltec_robot_msg) by extensions ['colcon_meta']
[1.112s] Level 1:colcon.colcon_core.package_identification:_identify(src/wheeltec_robot_msg) by extension 'colcon_meta'
[1.112s] Level 1:colcon.colcon_core.package_identification:_identify(src/wheeltec_robot_msg) by extensions ['ros']
[1.112s] Level 1:colcon.colcon_core.package_identification:_identify(src/wheeltec_robot_msg) by extension 'ros'
[1.118s] DEBUG:colcon.colcon_core.package_identification:Package 'src/wheeltec_robot_msg' with type 'ros.ament_cmake' and name 'wheeltec_robot_msg'
[1.120s] Level 1:colcon.colcon_core.package_identification:_identify(src/wheeltec_robot_nav2) by extensions ['ignore', 'ignore_ament_install']
[1.120s] Level 1:colcon.colcon_core.package_identification:_identify(src/wheeltec_robot_nav2) by extension 'ignore'
[1.120s] Level 1:colcon.colcon_core.package_identification:_identify(src/wheeltec_robot_nav2) by extension 'ignore_ament_install'
[1.120s] Level 1:colcon.colcon_core.package_identification:_identify(src/wheeltec_robot_nav2) by extensions ['colcon_pkg']
[1.120s] Level 1:colcon.colcon_core.package_identification:_identify(src/wheeltec_robot_nav2) by extension 'colcon_pkg'
[1.120s] Level 1:colcon.colcon_core.package_identification:_identify(src/wheeltec_robot_nav2) by extensions ['colcon_meta']
[1.120s] Level 1:colcon.colcon_core.package_identification:_identify(src/wheeltec_robot_nav2) by extension 'colcon_meta'
[1.120s] Level 1:colcon.colcon_core.package_identification:_identify(src/wheeltec_robot_nav2) by extensions ['ros']
[1.120s] Level 1:colcon.colcon_core.package_identification:_identify(src/wheeltec_robot_nav2) by extension 'ros'
[1.126s] DEBUG:colcon.colcon_core.package_identification:Package 'src/wheeltec_robot_nav2' with type 'ros.ament_cmake' and name 'wheeltec_nav2'
[1.128s] Level 1:colcon.colcon_core.package_identification:_identify(src/wheeltec_robot_rrt2) by extensions ['ignore', 'ignore_ament_install']
[1.128s] Level 1:colcon.colcon_core.package_identification:_identify(src/wheeltec_robot_rrt2) by extension 'ignore'
[1.128s] Level 1:colcon.colcon_core.package_identification:_identify(src/wheeltec_robot_rrt2) by extension 'ignore_ament_install'
[1.128s] Level 1:colcon.colcon_core.package_identification:_identify(src/wheeltec_robot_rrt2) by extensions ['colcon_pkg']
[1.128s] Level 1:colcon.colcon_core.package_identification:_identify(src/wheeltec_robot_rrt2) by extension 'colcon_pkg'
[1.128s] Level 1:colcon.colcon_core.package_identification:_identify(src/wheeltec_robot_rrt2) by extensions ['colcon_meta']
[1.128s] Level 1:colcon.colcon_core.package_identification:_identify(src/wheeltec_robot_rrt2) by extension 'colcon_meta'
[1.128s] Level 1:colcon.colcon_core.package_identification:_identify(src/wheeltec_robot_rrt2) by extensions ['ros']
[1.128s] Level 1:colcon.colcon_core.package_identification:_identify(src/wheeltec_robot_rrt2) by extension 'ros'
[1.133s] DEBUG:colcon.colcon_core.package_identification:Package 'src/wheeltec_robot_rrt2' with type 'ros.ament_cmake' and name 'wheeltec_robot_rrt'
[1.135s] Level 1:colcon.colcon_core.package_identification:_identify(src/wheeltec_robot_rtab) by extensions ['ignore', 'ignore_ament_install']
[1.135s] Level 1:colcon.colcon_core.package_identification:_identify(src/wheeltec_robot_rtab) by extension 'ignore'
[1.135s] Level 1:colcon.colcon_core.package_identification:_identify(src/wheeltec_robot_rtab) by extension 'ignore_ament_install'
[1.135s] Level 1:colcon.colcon_core.package_identification:_identify(src/wheeltec_robot_rtab) by extensions ['colcon_pkg']
[1.135s] Level 1:colcon.colcon_core.package_identification:_identify(src/wheeltec_robot_rtab) by extension 'colcon_pkg'
[1.135s] Level 1:colcon.colcon_core.package_identification:_identify(src/wheeltec_robot_rtab) by extensions ['colcon_meta']
[1.135s] Level 1:colcon.colcon_core.package_identification:_identify(src/wheeltec_robot_rtab) by extension 'colcon_meta'
[1.136s] Level 1:colcon.colcon_core.package_identification:_identify(src/wheeltec_robot_rtab) by extensions ['ros']
[1.136s] Level 1:colcon.colcon_core.package_identification:_identify(src/wheeltec_robot_rtab) by extension 'ros'
[1.141s] DEBUG:colcon.colcon_core.package_identification:Package 'src/wheeltec_robot_rtab' with type 'ros.ament_cmake' and name 'wheeltec_robot_rtab'
[1.143s] Level 1:colcon.colcon_core.package_identification:_identify(src/wheeltec_robot_slam) by extensions ['ignore', 'ignore_ament_install']
[1.143s] Level 1:colcon.colcon_core.package_identification:_identify(src/wheeltec_robot_slam) by extension 'ignore'
[1.143s] Level 1:colcon.colcon_core.package_identification:_identify(src/wheeltec_robot_slam) by extension 'ignore_ament_install'
[1.143s] Level 1:colcon.colcon_core.package_identification:_identify(src/wheeltec_robot_slam) by extensions ['colcon_pkg']
[1.144s] Level 1:colcon.colcon_core.package_identification:_identify(src/wheeltec_robot_slam) by extension 'colcon_pkg'
[1.144s] Level 1:colcon.colcon_core.package_identification:_identify(src/wheeltec_robot_slam) by extensions ['colcon_meta']
[1.144s] Level 1:colcon.colcon_core.package_identification:_identify(src/wheeltec_robot_slam) by extension 'colcon_meta'
[1.144s] Level 1:colcon.colcon_core.package_identification:_identify(src/wheeltec_robot_slam) by extensions ['ros']
[1.144s] Level 1:colcon.colcon_core.package_identification:_identify(src/wheeltec_robot_slam) by extension 'ros'
[1.144s] Level 1:colcon.colcon_core.package_identification:_identify(src/wheeltec_robot_slam) by extensions ['cmake', 'python']
[1.144s] Level 1:colcon.colcon_core.package_identification:_identify(src/wheeltec_robot_slam) by extension 'cmake'
[1.144s] Level 1:colcon.colcon_core.package_identification:_identify(src/wheeltec_robot_slam) by extension 'python'
[1.144s] Level 1:colcon.colcon_core.package_identification:_identify(src/wheeltec_robot_slam) by extensions ['python_setup_py']
[1.144s] Level 1:colcon.colcon_core.package_identification:_identify(src/wheeltec_robot_slam) by extension 'python_setup_py'
[1.147s] Level 1:colcon.colcon_core.package_identification:_identify(src/wheeltec_robot_slam/LIO-SAM-ROS2) by extensions ['ignore', 'ignore_ament_install']
[1.147s] Level 1:colcon.colcon_core.package_identification:_identify(src/wheeltec_robot_slam/LIO-SAM-ROS2) by extension 'ignore'
[1.147s] Level 1:colcon.colcon_core.package_identification:_identify(src/wheeltec_robot_slam/LIO-SAM-ROS2) by extension 'ignore_ament_install'
[1.147s] Level 1:colcon.colcon_core.package_identification:_identify(src/wheeltec_robot_slam/LIO-SAM-ROS2) by extensions ['colcon_pkg']
[1.147s] Level 1:colcon.colcon_core.package_identification:_identify(src/wheeltec_robot_slam/LIO-SAM-ROS2) by extension 'colcon_pkg'
[1.147s] Level 1:colcon.colcon_core.package_identification:_identify(src/wheeltec_robot_slam/LIO-SAM-ROS2) by extensions ['colcon_meta']
[1.147s] Level 1:colcon.colcon_core.package_identification:_identify(src/wheeltec_robot_slam/LIO-SAM-ROS2) by extension 'colcon_meta'
[1.147s] Level 1:colcon.colcon_core.package_identification:_identify(src/wheeltec_robot_slam/LIO-SAM-ROS2) by extensions ['ros']
[1.147s] Level 1:colcon.colcon_core.package_identification:_identify(src/wheeltec_robot_slam/LIO-SAM-ROS2) by extension 'ros'
[1.160s] DEBUG:colcon.colcon_core.package_identification:Package 'src/wheeltec_robot_slam/LIO-SAM-ROS2' with type 'ros.ament_cmake' and name 'lio_sam'
[1.162s] Level 1:colcon.colcon_core.package_identification:_identify(src/wheeltec_robot_slam/LeGO-LOAM-SR-master) by extensions ['ignore', 'ignore_ament_install']
[1.162s] Level 1:colcon.colcon_core.package_identification:_identify(src/wheeltec_robot_slam/LeGO-LOAM-SR-master) by extension 'ignore'
[1.162s] Level 1:colcon.colcon_core.package_identification:_identify(src/wheeltec_robot_slam/LeGO-LOAM-SR-master) by extension 'ignore_ament_install'
[1.162s] Level 1:colcon.colcon_core.package_identification:_identify(src/wheeltec_robot_slam/LeGO-LOAM-SR-master) by extensions ['colcon_pkg']
[1.162s] Level 1:colcon.colcon_core.package_identification:_identify(src/wheeltec_robot_slam/LeGO-LOAM-SR-master) by extension 'colcon_pkg'
[1.162s] Level 1:colcon.colcon_core.package_identification:_identify(src/wheeltec_robot_slam/LeGO-LOAM-SR-master) by extensions ['colcon_meta']
[1.162s] Level 1:colcon.colcon_core.package_identification:_identify(src/wheeltec_robot_slam/LeGO-LOAM-SR-master) by extension 'colcon_meta'
[1.162s] Level 1:colcon.colcon_core.package_identification:_identify(src/wheeltec_robot_slam/LeGO-LOAM-SR-master) by extensions ['ros']
[1.162s] Level 1:colcon.colcon_core.package_identification:_identify(src/wheeltec_robot_slam/LeGO-LOAM-SR-master) by extension 'ros'
[1.162s] Level 1:colcon.colcon_core.package_identification:_identify(src/wheeltec_robot_slam/LeGO-LOAM-SR-master) by extensions ['cmake', 'python']
[1.162s] Level 1:colcon.colcon_core.package_identification:_identify(src/wheeltec_robot_slam/LeGO-LOAM-SR-master) by extension 'cmake'
[1.162s] Level 1:colcon.colcon_core.package_identification:_identify(src/wheeltec_robot_slam/LeGO-LOAM-SR-master) by extension 'python'
[1.162s] Level 1:colcon.colcon_core.package_identification:_identify(src/wheeltec_robot_slam/LeGO-LOAM-SR-master) by extensions ['python_setup_py']
[1.162s] Level 1:colcon.colcon_core.package_identification:_identify(src/wheeltec_robot_slam/LeGO-LOAM-SR-master) by extension 'python_setup_py'
[1.165s] Level 1:colcon.colcon_core.package_identification:_identify(src/wheeltec_robot_slam/LeGO-LOAM-SR-master/LeGO-LOAM) by extensions ['ignore', 'ignore_ament_install']
[1.165s] Level 1:colcon.colcon_core.package_identification:_identify(src/wheeltec_robot_slam/LeGO-LOAM-SR-master/LeGO-LOAM) by extension 'ignore'
[1.165s] Level 1:colcon.colcon_core.package_identification:_identify(src/wheeltec_robot_slam/LeGO-LOAM-SR-master/LeGO-LOAM) by extension 'ignore_ament_install'
[1.165s] Level 1:colcon.colcon_core.package_identification:_identify(src/wheeltec_robot_slam/LeGO-LOAM-SR-master/LeGO-LOAM) by extensions ['colcon_pkg']
[1.165s] Level 1:colcon.colcon_core.package_identification:_identify(src/wheeltec_robot_slam/LeGO-LOAM-SR-master/LeGO-LOAM) by extension 'colcon_pkg'
[1.165s] Level 1:colcon.colcon_core.package_identification:_identify(src/wheeltec_robot_slam/LeGO-LOAM-SR-master/LeGO-LOAM) by extensions ['colcon_meta']
[1.165s] Level 1:colcon.colcon_core.package_identification:_identify(src/wheeltec_robot_slam/LeGO-LOAM-SR-master/LeGO-LOAM) by extension 'colcon_meta'
[1.165s] Level 1:colcon.colcon_core.package_identification:_identify(src/wheeltec_robot_slam/LeGO-LOAM-SR-master/LeGO-LOAM) by extensions ['ros']
[1.165s] Level 1:colcon.colcon_core.package_identification:_identify(src/wheeltec_robot_slam/LeGO-LOAM-SR-master/LeGO-LOAM) by extension 'ros'
[1.170s] DEBUG:colcon.colcon_core.package_identification:Package 'src/wheeltec_robot_slam/LeGO-LOAM-SR-master/LeGO-LOAM' with type 'ros.ament_cmake' and name 'lego_loam_sr'
[1.172s] Level 1:colcon.colcon_core.package_identification:_identify(src/wheeltec_robot_slam/LeGO-LOAM-SR-master/cloud_msgs) by extensions ['ignore', 'ignore_ament_install']
[1.172s] Level 1:colcon.colcon_core.package_identification:_identify(src/wheeltec_robot_slam/LeGO-LOAM-SR-master/cloud_msgs) by extension 'ignore'
[1.172s] Level 1:colcon.colcon_core.package_identification:_identify(src/wheeltec_robot_slam/LeGO-LOAM-SR-master/cloud_msgs) by extension 'ignore_ament_install'
[1.172s] Level 1:colcon.colcon_core.package_identification:_identify(src/wheeltec_robot_slam/LeGO-LOAM-SR-master/cloud_msgs) by extensions ['colcon_pkg']
[1.172s] Level 1:colcon.colcon_core.package_identification:_identify(src/wheeltec_robot_slam/LeGO-LOAM-SR-master/cloud_msgs) by extension 'colcon_pkg'
[1.172s] Level 1:colcon.colcon_core.package_identification:_identify(src/wheeltec_robot_slam/LeGO-LOAM-SR-master/cloud_msgs) by extensions ['colcon_meta']
[1.172s] Level 1:colcon.colcon_core.package_identification:_identify(src/wheeltec_robot_slam/LeGO-LOAM-SR-master/cloud_msgs) by extension 'colcon_meta'
[1.172s] Level 1:colcon.colcon_core.package_identification:_identify(src/wheeltec_robot_slam/LeGO-LOAM-SR-master/cloud_msgs) by extensions ['ros']
[1.172s] Level 1:colcon.colcon_core.package_identification:_identify(src/wheeltec_robot_slam/LeGO-LOAM-SR-master/cloud_msgs) by extension 'ros'
[1.177s] DEBUG:colcon.colcon_core.package_identification:Package 'src/wheeltec_robot_slam/LeGO-LOAM-SR-master/cloud_msgs' with type 'ros.ament_cmake' and name 'cloud_msgs'
[1.179s] Level 1:colcon.colcon_core.package_identification:_identify(src/wheeltec_robot_slam/openslam_gmapping) by extensions ['ignore', 'ignore_ament_install']
[1.179s] Level 1:colcon.colcon_core.package_identification:_identify(src/wheeltec_robot_slam/openslam_gmapping) by extension 'ignore'
[1.180s] Level 1:colcon.colcon_core.package_identification:_identify(src/wheeltec_robot_slam/openslam_gmapping) by extension 'ignore_ament_install'
[1.180s] Level 1:colcon.colcon_core.package_identification:_identify(src/wheeltec_robot_slam/openslam_gmapping) by extensions ['colcon_pkg']
[1.180s] Level 1:colcon.colcon_core.package_identification:_identify(src/wheeltec_robot_slam/openslam_gmapping) by extension 'colcon_pkg'
[1.180s] Level 1:colcon.colcon_core.package_identification:_identify(src/wheeltec_robot_slam/openslam_gmapping) by extensions ['colcon_meta']
[1.180s] Level 1:colcon.colcon_core.package_identification:_identify(src/wheeltec_robot_slam/openslam_gmapping) by extension 'colcon_meta'
[1.180s] Level 1:colcon.colcon_core.package_identification:_identify(src/wheeltec_robot_slam/openslam_gmapping) by extensions ['ros']
[1.180s] Level 1:colcon.colcon_core.package_identification:_identify(src/wheeltec_robot_slam/openslam_gmapping) by extension 'ros'
[1.185s] DEBUG:colcon.colcon_core.package_identification:Package 'src/wheeltec_robot_slam/openslam_gmapping' with type 'ros.ament_cmake' and name 'openslam_gmapping'
[1.188s] Level 1:colcon.colcon_core.package_identification:_identify(src/wheeltec_robot_slam/orb_slam_2_ros) by extensions ['ignore', 'ignore_ament_install']
[1.188s] Level 1:colcon.colcon_core.package_identification:_identify(src/wheeltec_robot_slam/orb_slam_2_ros) by extension 'ignore'
[1.188s] Level 1:colcon.colcon_core.package_identification:_identify(src/wheeltec_robot_slam/orb_slam_2_ros) by extension 'ignore_ament_install'
[1.188s] Level 1:colcon.colcon_core.package_identification:_identify(src/wheeltec_robot_slam/orb_slam_2_ros) by extensions ['colcon_pkg']
[1.188s] Level 1:colcon.colcon_core.package_identification:_identify(src/wheeltec_robot_slam/orb_slam_2_ros) by extension 'colcon_pkg'
[1.188s] Level 1:colcon.colcon_core.package_identification:_identify(src/wheeltec_robot_slam/orb_slam_2_ros) by extensions ['colcon_meta']
[1.188s] Level 1:colcon.colcon_core.package_identification:_identify(src/wheeltec_robot_slam/orb_slam_2_ros) by extension 'colcon_meta'
[1.188s] Level 1:colcon.colcon_core.package_identification:_identify(src/wheeltec_robot_slam/orb_slam_2_ros) by extensions ['ros']
[1.188s] Level 1:colcon.colcon_core.package_identification:_identify(src/wheeltec_robot_slam/orb_slam_2_ros) by extension 'ros'
[1.188s] Level 1:colcon.colcon_core.package_identification:_identify(src/wheeltec_robot_slam/orb_slam_2_ros) by extensions ['cmake', 'python']
[1.188s] Level 1:colcon.colcon_core.package_identification:_identify(src/wheeltec_robot_slam/orb_slam_2_ros) by extension 'cmake'
[1.188s] Level 1:colcon.colcon_core.package_identification:_identify(src/wheeltec_robot_slam/orb_slam_2_ros) by extension 'python'
[1.188s] Level 1:colcon.colcon_core.package_identification:_identify(src/wheeltec_robot_slam/orb_slam_2_ros) by extensions ['python_setup_py']
[1.188s] Level 1:colcon.colcon_core.package_identification:_identify(src/wheeltec_robot_slam/orb_slam_2_ros) by extension 'python_setup_py'
[1.190s] Level 1:colcon.colcon_core.package_identification:_identify(src/wheeltec_robot_slam/orb_slam_2_ros/orb_slam_2_ros) by extensions ['ignore', 'ignore_ament_install']
[1.190s] Level 1:colcon.colcon_core.package_identification:_identify(src/wheeltec_robot_slam/orb_slam_2_ros/orb_slam_2_ros) by extension 'ignore'
[1.190s] Level 1:colcon.colcon_core.package_identification:_identify(src/wheeltec_robot_slam/orb_slam_2_ros/orb_slam_2_ros) by extension 'ignore_ament_install'
[1.190s] Level 1:colcon.colcon_core.package_identification:_identify(src/wheeltec_robot_slam/orb_slam_2_ros/orb_slam_2_ros) by extensions ['colcon_pkg']
[1.190s] Level 1:colcon.colcon_core.package_identification:_identify(src/wheeltec_robot_slam/orb_slam_2_ros/orb_slam_2_ros) by extension 'colcon_pkg'
[1.190s] Level 1:colcon.colcon_core.package_identification:_identify(src/wheeltec_robot_slam/orb_slam_2_ros/orb_slam_2_ros) by extensions ['colcon_meta']
[1.190s] Level 1:colcon.colcon_core.package_identification:_identify(src/wheeltec_robot_slam/orb_slam_2_ros/orb_slam_2_ros) by extension 'colcon_meta'
[1.191s] Level 1:colcon.colcon_core.package_identification:_identify(src/wheeltec_robot_slam/orb_slam_2_ros/orb_slam_2_ros) by extensions ['ros']
[1.191s] Level 1:colcon.colcon_core.package_identification:_identify(src/wheeltec_robot_slam/orb_slam_2_ros/orb_slam_2_ros) by extension 'ros'
[1.195s] DEBUG:colcon.colcon_core.package_identification:Package 'src/wheeltec_robot_slam/orb_slam_2_ros/orb_slam_2_ros' with type 'ros.ament_cmake' and name 'orb_slam2_ros'
[1.197s] Level 1:colcon.colcon_core.package_identification:_identify(src/wheeltec_robot_slam/slam_gmapping) by extensions ['ignore', 'ignore_ament_install']
[1.197s] Level 1:colcon.colcon_core.package_identification:_identify(src/wheeltec_robot_slam/slam_gmapping) by extension 'ignore'
[1.197s] Level 1:colcon.colcon_core.package_identification:_identify(src/wheeltec_robot_slam/slam_gmapping) by extension 'ignore_ament_install'
[1.197s] Level 1:colcon.colcon_core.package_identification:_identify(src/wheeltec_robot_slam/slam_gmapping) by extensions ['colcon_pkg']
[1.197s] Level 1:colcon.colcon_core.package_identification:_identify(src/wheeltec_robot_slam/slam_gmapping) by extension 'colcon_pkg'
[1.197s] Level 1:colcon.colcon_core.package_identification:_identify(src/wheeltec_robot_slam/slam_gmapping) by extensions ['colcon_meta']
[1.197s] Level 1:colcon.colcon_core.package_identification:_identify(src/wheeltec_robot_slam/slam_gmapping) by extension 'colcon_meta'
[1.197s] Level 1:colcon.colcon_core.package_identification:_identify(src/wheeltec_robot_slam/slam_gmapping) by extensions ['ros']
[1.197s] Level 1:colcon.colcon_core.package_identification:_identify(src/wheeltec_robot_slam/slam_gmapping) by extension 'ros'
[1.203s] DEBUG:colcon.colcon_core.package_identification:Package 'src/wheeltec_robot_slam/slam_gmapping' with type 'ros.ament_cmake' and name 'slam_gmapping'
[1.205s] Level 1:colcon.colcon_core.package_identification:_identify(src/wheeltec_robot_slam/wheeltec_cartographer) by extensions ['ignore', 'ignore_ament_install']
[1.206s] Level 1:colcon.colcon_core.package_identification:_identify(src/wheeltec_robot_slam/wheeltec_cartographer) by extension 'ignore'
[1.206s] Level 1:colcon.colcon_core.package_identification:_identify(src/wheeltec_robot_slam/wheeltec_cartographer) by extension 'ignore_ament_install'
[1.206s] Level 1:colcon.colcon_core.package_identification:_identify(src/wheeltec_robot_slam/wheeltec_cartographer) by extensions ['colcon_pkg']
[1.206s] Level 1:colcon.colcon_core.package_identification:_identify(src/wheeltec_robot_slam/wheeltec_cartographer) by extension 'colcon_pkg'
[1.206s] Level 1:colcon.colcon_core.package_identification:_identify(src/wheeltec_robot_slam/wheeltec_cartographer) by extensions ['colcon_meta']
[1.206s] Level 1:colcon.colcon_core.package_identification:_identify(src/wheeltec_robot_slam/wheeltec_cartographer) by extension 'colcon_meta'
[1.206s] Level 1:colcon.colcon_core.package_identification:_identify(src/wheeltec_robot_slam/wheeltec_cartographer) by extensions ['ros']
[1.206s] Level 1:colcon.colcon_core.package_identification:_identify(src/wheeltec_robot_slam/wheeltec_cartographer) by extension 'ros'
[1.212s] DEBUG:colcon.colcon_core.package_identification:Package 'src/wheeltec_robot_slam/wheeltec_cartographer' with type 'ros.ament_cmake' and name 'wheeltec_cartographer'
[1.215s] Level 1:colcon.colcon_core.package_identification:_identify(src/wheeltec_robot_slam/wheeltec_slam_toolbox) by extensions ['ignore', 'ignore_ament_install']
[1.215s] Level 1:colcon.colcon_core.package_identification:_identify(src/wheeltec_robot_slam/wheeltec_slam_toolbox) by extension 'ignore'
[1.215s] Level 1:colcon.colcon_core.package_identification:_identify(src/wheeltec_robot_slam/wheeltec_slam_toolbox) by extension 'ignore_ament_install'
[1.215s] Level 1:colcon.colcon_core.package_identification:_identify(src/wheeltec_robot_slam/wheeltec_slam_toolbox) by extensions ['colcon_pkg']
[1.215s] Level 1:colcon.colcon_core.package_identification:_identify(src/wheeltec_robot_slam/wheeltec_slam_toolbox) by extension 'colcon_pkg'
[1.215s] Level 1:colcon.colcon_core.package_identification:_identify(src/wheeltec_robot_slam/wheeltec_slam_toolbox) by extensions ['colcon_meta']
[1.215s] Level 1:colcon.colcon_core.package_identification:_identify(src/wheeltec_robot_slam/wheeltec_slam_toolbox) by extension 'colcon_meta'
[1.215s] Level 1:colcon.colcon_core.package_identification:_identify(src/wheeltec_robot_slam/wheeltec_slam_toolbox) by extensions ['ros']
[1.215s] Level 1:colcon.colcon_core.package_identification:_identify(src/wheeltec_robot_slam/wheeltec_slam_toolbox) by extension 'ros'
[1.218s] DEBUG:colcon.colcon_core.package_identification:Package 'src/wheeltec_robot_slam/wheeltec_slam_toolbox' with type 'ros.ament_cmake' and name 'wheeltec_slam_toolbox'
[1.221s] Level 1:colcon.colcon_core.package_identification:_identify(src/wheeltec_robot_urdf) by extensions ['ignore', 'ignore_ament_install']
[1.221s] Level 1:colcon.colcon_core.package_identification:_identify(src/wheeltec_robot_urdf) by extension 'ignore'
[1.221s] Level 1:colcon.colcon_core.package_identification:_identify(src/wheeltec_robot_urdf) by extension 'ignore_ament_install'
[1.221s] Level 1:colcon.colcon_core.package_identification:_identify(src/wheeltec_robot_urdf) by extensions ['colcon_pkg']
[1.221s] Level 1:colcon.colcon_core.package_identification:_identify(src/wheeltec_robot_urdf) by extension 'colcon_pkg'
[1.221s] Level 1:colcon.colcon_core.package_identification:_identify(src/wheeltec_robot_urdf) by extensions ['colcon_meta']
[1.221s] Level 1:colcon.colcon_core.package_identification:_identify(src/wheeltec_robot_urdf) by extension 'colcon_meta'
[1.221s] Level 1:colcon.colcon_core.package_identification:_identify(src/wheeltec_robot_urdf) by extensions ['ros']
[1.221s] Level 1:colcon.colcon_core.package_identification:_identify(src/wheeltec_robot_urdf) by extension 'ros'
[1.221s] Level 1:colcon.colcon_core.package_identification:_identify(src/wheeltec_robot_urdf) by extensions ['cmake', 'python']
[1.221s] Level 1:colcon.colcon_core.package_identification:_identify(src/wheeltec_robot_urdf) by extension 'cmake'
[1.221s] Level 1:colcon.colcon_core.package_identification:_identify(src/wheeltec_robot_urdf) by extension 'python'
[1.221s] Level 1:colcon.colcon_core.package_identification:_identify(src/wheeltec_robot_urdf) by extensions ['python_setup_py']
[1.221s] Level 1:colcon.colcon_core.package_identification:_identify(src/wheeltec_robot_urdf) by extension 'python_setup_py'
[1.223s] Level 1:colcon.colcon_core.package_identification:_identify(src/wheeltec_robot_urdf/wheeltec_robot_urdf) by extensions ['ignore', 'ignore_ament_install']
[1.223s] Level 1:colcon.colcon_core.package_identification:_identify(src/wheeltec_robot_urdf/wheeltec_robot_urdf) by extension 'ignore'
[1.223s] Level 1:colcon.colcon_core.package_identification:_identify(src/wheeltec_robot_urdf/wheeltec_robot_urdf) by extension 'ignore_ament_install'
[1.223s] Level 1:colcon.colcon_core.package_identification:_identify(src/wheeltec_robot_urdf/wheeltec_robot_urdf) by extensions ['colcon_pkg']
[1.223s] Level 1:colcon.colcon_core.package_identification:_identify(src/wheeltec_robot_urdf/wheeltec_robot_urdf) by extension 'colcon_pkg'
[1.223s] Level 1:colcon.colcon_core.package_identification:_identify(src/wheeltec_robot_urdf/wheeltec_robot_urdf) by extensions ['colcon_meta']
[1.223s] Level 1:colcon.colcon_core.package_identification:_identify(src/wheeltec_robot_urdf/wheeltec_robot_urdf) by extension 'colcon_meta'
[1.223s] Level 1:colcon.colcon_core.package_identification:_identify(src/wheeltec_robot_urdf/wheeltec_robot_urdf) by extensions ['ros']
[1.223s] Level 1:colcon.colcon_core.package_identification:_identify(src/wheeltec_robot_urdf/wheeltec_robot_urdf) by extension 'ros'
[1.226s] DEBUG:colcon.colcon_core.package_identification:Package 'src/wheeltec_robot_urdf/wheeltec_robot_urdf' with type 'ros.ament_cmake' and name 'wheeltec_robot_urdf'
[1.228s] Level 1:colcon.colcon_core.package_identification:_identify(src/wheeltec_rrt_msg) by extensions ['ignore', 'ignore_ament_install']
[1.228s] Level 1:colcon.colcon_core.package_identification:_identify(src/wheeltec_rrt_msg) by extension 'ignore'
[1.228s] Level 1:colcon.colcon_core.package_identification:_identify(src/wheeltec_rrt_msg) by extension 'ignore_ament_install'
[1.228s] Level 1:colcon.colcon_core.package_identification:_identify(src/wheeltec_rrt_msg) by extensions ['colcon_pkg']
[1.228s] Level 1:colcon.colcon_core.package_identification:_identify(src/wheeltec_rrt_msg) by extension 'colcon_pkg'
[1.228s] Level 1:colcon.colcon_core.package_identification:_identify(src/wheeltec_rrt_msg) by extensions ['colcon_meta']
[1.228s] Level 1:colcon.colcon_core.package_identification:_identify(src/wheeltec_rrt_msg) by extension 'colcon_meta'
[1.228s] Level 1:colcon.colcon_core.package_identification:_identify(src/wheeltec_rrt_msg) by extensions ['ros']
[1.228s] Level 1:colcon.colcon_core.package_identification:_identify(src/wheeltec_rrt_msg) by extension 'ros'
[1.231s] DEBUG:colcon.colcon_core.package_identification:Package 'src/wheeltec_rrt_msg' with type 'ros.ament_cmake' and name 'wheeltec_rrt_msg'
[1.233s] Level 1:colcon.colcon_core.package_identification:_identify(src/wheeltec_rviz2) by extensions ['ignore', 'ignore_ament_install']
[1.233s] Level 1:colcon.colcon_core.package_identification:_identify(src/wheeltec_rviz2) by extension 'ignore'
[1.233s] Level 1:colcon.colcon_core.package_identification:_identify(src/wheeltec_rviz2) by extension 'ignore_ament_install'
[1.233s] Level 1:colcon.colcon_core.package_identification:_identify(src/wheeltec_rviz2) by extensions ['colcon_pkg']
[1.233s] Level 1:colcon.colcon_core.package_identification:_identify(src/wheeltec_rviz2) by extension 'colcon_pkg'
[1.233s] Level 1:colcon.colcon_core.package_identification:_identify(src/wheeltec_rviz2) by extensions ['colcon_meta']
[1.233s] Level 1:colcon.colcon_core.package_identification:_identify(src/wheeltec_rviz2) by extension 'colcon_meta'
[1.233s] Level 1:colcon.colcon_core.package_identification:_identify(src/wheeltec_rviz2) by extensions ['ros']
[1.233s] Level 1:colcon.colcon_core.package_identification:_identify(src/wheeltec_rviz2) by extension 'ros'
[1.236s] DEBUG:colcon.colcon_core.package_identification:Package 'src/wheeltec_rviz2' with type 'ros.ament_cmake' and name 'wheeltec_rviz2'
[1.237s] Level 1:colcon.colcon_core.package_discovery:discover_packages(recursive) using defaults
[1.237s] Level 1:colcon.colcon_core.package_discovery:discover_packages(ignore) discover
[1.237s] Level 1:colcon.colcon_core.package_discovery:discover_packages(ignore) using defaults
[1.237s] Level 1:colcon.colcon_core.package_discovery:discover_packages(path) discover
[1.237s] Level 1:colcon.colcon_core.package_discovery:discover_packages(path) using defaults
[1.305s] INFO:colcon.colcon_core.package_selection:Skipping not selected package 'ackermann_msgs' in 'src/depend/ackermann_msgs-ros2'
[1.305s] INFO:colcon.colcon_core.package_selection:Skipping not selected package 'aruco' in 'src/aruco_ros-humble-devel/aruco'
[1.305s] INFO:colcon.colcon_core.package_selection:Skipping not selected package 'aruco_msgs' in 'src/aruco_ros-humble-devel/aruco_msgs'
[1.305s] INFO:colcon.colcon_core.package_selection:Skipping not selected package 'astra_camera_msgs' in 'src/ros2_astra_camera-master/astra_camera_msgs'
[1.305s] INFO:colcon.colcon_core.package_selection:Skipping not selected package 'auto_recharge_ros2' in 'src/auto_recharge_ros2'
[1.305s] INFO:colcon.colcon_core.package_selection:Skipping not selected package 'bodyreader_msg' in 'src/wheeltec_bodyreader/bodyreader_msg'
[1.305s] INFO:colcon.colcon_core.package_selection:Skipping not selected package 'cloud_msgs' in 'src/wheeltec_robot_slam/LeGO-LOAM-SR-master/cloud_msgs'
[1.305s] INFO:colcon.colcon_core.package_selection:Skipping not selected package 'fdilink_ahrs' in 'src/wheeltec_imu/fdilink_ahrs_ros-ros2'
[1.305s] INFO:colcon.colcon_core.package_selection:Skipping not selected package 'hipnuc_imu' in 'src/wheeltec_imu/hipnuc_imu_ros-ros2'
[1.305s] INFO:colcon.colcon_core.package_selection:Skipping not selected package 'interfaces' in 'src/interfaces'
[1.305s] INFO:colcon.colcon_core.package_selection:Skipping not selected package 'largemodel' in 'src/largemodel'
[1.305s] INFO:colcon.colcon_core.package_selection:Skipping not selected package 'ldlidar' in 'src/wheeltec_lidar_ros2/ldlidar_ros2/ldlidar'
[1.305s] INFO:colcon.colcon_core.package_selection:Skipping not selected package 'lio_sam' in 'src/wheeltec_robot_slam/LIO-SAM-ROS2'
[1.305s] INFO:colcon.colcon_core.package_selection:Skipping not selected package 'lslidar_msgs' in 'src/wheeltec_lidar_ros2/lslidar_ros2/lslidar_msgs'
[1.305s] INFO:colcon.colcon_core.package_selection:Skipping not selected package 'nav2_common' in 'src/navigation2-humble/nav2_common'
[1.305s] INFO:colcon.colcon_core.package_selection:Skipping not selected package 'nav2_waypoint_cycle' in 'src/nav2_waypoint_cycle'
[1.305s] INFO:colcon.colcon_core.package_selection:Skipping not selected package 'nav_2d_msgs' in 'src/navigation2-humble/nav2_dwb_controller/nav_2d_msgs'
[1.305s] INFO:colcon.colcon_core.package_selection:Skipping not selected package 'nmea_msgs' in 'src/wheeltec_gps/nmea_msgs'
[1.305s] INFO:colcon.colcon_core.package_selection:Skipping not selected package 'ollama_ros_msgs' in 'src/ollama_ros_chat-ros2/ollama_ros_msgs'
[1.305s] INFO:colcon.colcon_core.package_selection:Skipping not selected package 'openslam_gmapping' in 'src/wheeltec_robot_slam/openslam_gmapping'
[1.305s] INFO:colcon.colcon_core.package_selection:Skipping not selected package 'orb_slam2_ros' in 'src/wheeltec_robot_slam/orb_slam_2_ros/orb_slam_2_ros'
[1.305s] INFO:colcon.colcon_core.package_selection:Skipping not selected package 'pointcloud_to_laserscan' in 'src/wheeltec_lidar_ros2/pointcloud_to_laserscan-humble'
[1.305s] INFO:colcon.colcon_core.package_selection:Skipping not selected package 'rplidar_ros' in 'src/wheeltec_lidar_ros2/rplidar_ros'
[1.305s] INFO:colcon.colcon_core.package_selection:Skipping not selected package 'serial' in 'src/depend/serial_ros2'
[1.305s] INFO:colcon.colcon_core.package_selection:Skipping not selected package 'tf2_tools' in 'src/depend/tf2_tools'
[1.305s] INFO:colcon.colcon_core.package_selection:Skipping not selected package 'tts' in 'src/tts_make_ros2'
[1.305s] INFO:colcon.colcon_core.package_selection:Skipping not selected package 'ublox_serialization' in 'src/wheeltec_gps/ublox-ros2/ublox_serialization'
[1.305s] INFO:colcon.colcon_core.package_selection:Skipping not selected package 'ultralytics_ros2' in 'src/ultralytics_ros2'
[1.305s] INFO:colcon.colcon_core.package_selection:Skipping not selected package 'usb_cam' in 'src/usb_cam-ros2'
[1.305s] INFO:colcon.colcon_core.package_selection:Skipping not selected package 'web_video_server' in 'src/web_video_server-ros2/web_video_server-ros2'
[1.305s] INFO:colcon.colcon_core.package_selection:Skipping not selected package 'wheeltec_cartographer' in 'src/wheeltec_robot_slam/wheeltec_cartographer'
[1.305s] INFO:colcon.colcon_core.package_selection:Skipping not selected package 'wheeltec_dual_rtk_driver' in 'src/wheeltec_gps/wheeltec_dual_rtk_driver'
[1.305s] INFO:colcon.colcon_core.package_selection:Skipping not selected package 'wheeltec_gps_driver' in 'src/wheeltec_gps/wheeltec_gps_driver'
[1.305s] INFO:colcon.colcon_core.package_selection:Skipping not selected package 'wheeltec_joy' in 'src/wheeltec_joy'
[1.305s] INFO:colcon.colcon_core.package_selection:Skipping not selected package 'wheeltec_mic_aiui' in 'src/wheeltec_mic_aiui'
[1.305s] INFO:colcon.colcon_core.package_selection:Skipping not selected package 'wheeltec_mic_msg' in 'src/wheeltec_mic/wheeltec_mic_msg'
[1.305s] INFO:colcon.colcon_core.package_selection:Skipping not selected package 'wheeltec_robot_kcf' in 'src/wheeltec_robot_kcf'
[1.305s] INFO:colcon.colcon_core.package_selection:Skipping not selected package 'wheeltec_robot_keyboard' in 'src/wheeltec_robot_keyboard'
[1.305s] INFO:colcon.colcon_core.package_selection:Skipping not selected package 'wheeltec_robot_msg' in 'src/wheeltec_robot_msg'
[1.305s] INFO:colcon.colcon_core.package_selection:Skipping not selected package 'wheeltec_robot_rrt' in 'src/wheeltec_robot_rrt2'
[1.305s] INFO:colcon.colcon_core.package_selection:Skipping not selected package 'wheeltec_robot_rtab' in 'src/wheeltec_robot_rtab'
[1.305s] INFO:colcon.colcon_core.package_selection:Skipping not selected package 'wheeltec_robot_urdf' in 'src/wheeltec_robot_urdf/wheeltec_robot_urdf'
[1.305s] INFO:colcon.colcon_core.package_selection:Skipping not selected package 'wheeltec_rrt_msg' in 'src/wheeltec_rrt_msg'
[1.305s] INFO:colcon.colcon_core.package_selection:Skipping not selected package 'wheeltec_rviz2' in 'src/wheeltec_rviz2'
[1.305s] INFO:colcon.colcon_core.package_selection:Skipping not selected package 'wheeltec_slam_toolbox' in 'src/wheeltec_robot_slam/wheeltec_slam_toolbox'
[1.305s] INFO:colcon.colcon_core.package_selection:Skipping not selected package 'yesense_interface' in 'src/wheeltec_imu/yesense_ros2/yesense_interface'
[1.305s] INFO:colcon.colcon_core.package_selection:Skipping not selected package 'aruco_ros' in 'src/aruco_ros-humble-devel/aruco_ros'
[1.305s] INFO:colcon.colcon_core.package_selection:Skipping not selected package 'astra_camera' in 'src/ros2_astra_camera-master/astra_camera'
[1.305s] INFO:colcon.colcon_core.package_selection:Skipping not selected package 'dwb_msgs' in 'src/navigation2-humble/nav2_dwb_controller/dwb_msgs'
[1.305s] INFO:colcon.colcon_core.package_selection:Skipping not selected package 'lego_loam_sr' in 'src/wheeltec_robot_slam/LeGO-LOAM-SR-master/LeGO-LOAM'
[1.305s] INFO:colcon.colcon_core.package_selection:Skipping not selected package 'lslidar_driver' in 'src/wheeltec_lidar_ros2/lslidar_ros2/lslidar_driver'
[1.305s] INFO:colcon.colcon_core.package_selection:Skipping not selected package 'nav2_msgs' in 'src/navigation2-humble/nav2_msgs'
[1.305s] INFO:colcon.colcon_core.package_selection:Skipping not selected package 'nav2_voxel_grid' in 'src/navigation2-humble/nav2_voxel_grid'
[1.305s] INFO:colcon.colcon_core.package_selection:Skipping not selected package 'nmea_navsat_driver' in 'src/wheeltec_gps/nmea_navsat_driver'
[1.305s] INFO:colcon.colcon_core.package_selection:Skipping not selected package 'ollama_ros_chat' in 'src/ollama_ros_chat-ros2/ollama_ros_chat'
[1.305s] INFO:colcon.colcon_core.package_selection:Skipping not selected package 'slam_gmapping' in 'src/wheeltec_robot_slam/slam_gmapping'
[1.305s] INFO:colcon.colcon_core.package_selection:Skipping not selected package 'ublox_msgs' in 'src/wheeltec_gps/ublox-ros2/ublox_msgs'
[1.305s] INFO:colcon.colcon_core.package_selection:Skipping not selected package 'wheeltec_radar' in 'src/wheeltec_radar'
[1.305s] INFO:colcon.colcon_core.package_selection:Skipping not selected package 'yesense_std_ros2' in 'src/wheeltec_imu/yesense_ros2/yesense_std_ros2'
[1.305s] INFO:colcon.colcon_core.package_selection:Skipping not selected package 'bodyreader' in 'src/wheeltec_bodyreader/bodyreader'
[1.305s] INFO:colcon.colcon_core.package_selection:Skipping not selected package 'nav2_simple_commander' in 'src/navigation2-humble/nav2_simple_commander'
[1.305s] INFO:colcon.colcon_core.package_selection:Skipping not selected package 'nav2_util' in 'src/navigation2-humble/nav2_util'
[1.305s] INFO:colcon.colcon_core.package_selection:Skipping not selected package 'turn_on_wheeltec_robot' in 'src/turn_on_wheeltec_robot'
[1.305s] INFO:colcon.colcon_core.package_selection:Skipping not selected package 'ublox_gps' in 'src/wheeltec_gps/ublox-ros2/ublox_gps'
[1.306s] INFO:colcon.colcon_core.package_selection:Skipping not selected package 'wheeltec_mic_ros2' in 'src/wheeltec_mic/wheeltec_mic_ros2'
[1.306s] INFO:colcon.colcon_core.package_selection:Skipping not selected package 'wheeltec_multi' in 'src/wheeltec_multi'
[1.306s] INFO:colcon.colcon_core.package_selection:Skipping not selected package 'wheeltec_path_follow' in 'src/wheeltec_path_follow'
[1.306s] INFO:colcon.colcon_core.package_selection:Skipping not selected package 'nav2_amcl' in 'src/navigation2-humble/nav2_amcl'
[1.306s] INFO:colcon.colcon_core.package_selection:Skipping not selected package 'nav2_behavior_tree' in 'src/navigation2-humble/nav2_behavior_tree'
[1.306s] INFO:colcon.colcon_core.package_selection:Skipping not selected package 'nav2_lifecycle_manager' in 'src/navigation2-humble/nav2_lifecycle_manager'
[1.306s] INFO:colcon.colcon_core.package_selection:Skipping not selected package 'nav2_map_server' in 'src/navigation2-humble/nav2_map_server'
[1.306s] INFO:colcon.colcon_core.package_selection:Skipping not selected package 'nav2_velocity_smoother' in 'src/navigation2-humble/nav2_velocity_smoother'
[1.306s] INFO:colcon.colcon_core.package_selection:Skipping not selected package 'nav_2d_utils' in 'src/navigation2-humble/nav2_dwb_controller/nav_2d_utils'
[1.306s] INFO:colcon.colcon_core.package_selection:Skipping not selected package 'simple_follower_ros2' in 'src/simple_follower_ros2'
[1.306s] INFO:colcon.colcon_core.package_selection:Skipping not selected package 'ublox' in 'src/wheeltec_gps/ublox-ros2/ublox'
[1.306s] INFO:colcon.colcon_core.package_selection:Skipping not selected package 'nav2_costmap_2d' in 'src/navigation2-humble/nav2_costmap_2d'
[1.306s] INFO:colcon.colcon_core.package_selection:Skipping not selected package 'nav2_rviz_plugins' in 'src/navigation2-humble/nav2_rviz_plugins'
[1.306s] INFO:colcon.colcon_core.package_selection:Skipping not selected package 'costmap_queue' in 'src/navigation2-humble/nav2_dwb_controller/costmap_queue'
[1.306s] INFO:colcon.colcon_core.package_selection:Skipping not selected package 'nav2_collision_monitor' in 'src/navigation2-humble/nav2_collision_monitor'
[1.306s] INFO:colcon.colcon_core.package_selection:Skipping not selected package 'nav2_core' in 'src/navigation2-humble/nav2_core'
[1.306s] INFO:colcon.colcon_core.package_selection:Skipping not selected package 'dwb_core' in 'src/navigation2-humble/nav2_dwb_controller/dwb_core'
[1.306s] INFO:colcon.colcon_core.package_selection:Skipping not selected package 'nav2_behaviors' in 'src/navigation2-humble/nav2_behaviors'
[1.306s] INFO:colcon.colcon_core.package_selection:Skipping not selected package 'nav2_bt_navigator' in 'src/navigation2-humble/nav2_bt_navigator'
[1.306s] INFO:colcon.colcon_core.package_selection:Skipping not selected package 'nav2_constrained_smoother' in 'src/navigation2-humble/nav2_constrained_smoother'
[1.306s] INFO:colcon.colcon_core.package_selection:Skipping not selected package 'nav2_controller' in 'src/navigation2-humble/nav2_controller'
[1.306s] INFO:colcon.colcon_core.package_selection:Skipping not selected package 'nav2_mppi_controller' in 'src/navigation2-humble/nav2_mppi_controller'
[1.306s] INFO:colcon.colcon_core.package_selection:Skipping not selected package 'nav2_navfn_planner' in 'src/navigation2-humble/nav2_navfn_planner'
[1.306s] INFO:colcon.colcon_core.package_selection:Skipping not selected package 'nav2_planner' in 'src/navigation2-humble/nav2_planner'
[1.306s] INFO:colcon.colcon_core.package_selection:Skipping not selected package 'nav2_regulated_pure_pursuit_controller' in 'src/navigation2-humble/nav2_regulated_pure_pursuit_controller'
[1.306s] INFO:colcon.colcon_core.package_selection:Skipping not selected package 'nav2_smac_planner' in 'src/navigation2-humble/nav2_smac_planner'
[1.306s] INFO:colcon.colcon_core.package_selection:Skipping not selected package 'nav2_smoother' in 'src/navigation2-humble/nav2_smoother'
[1.306s] INFO:colcon.colcon_core.package_selection:Skipping not selected package 'nav2_theta_star_planner' in 'src/navigation2-humble/nav2_theta_star_planner'
[1.306s] INFO:colcon.colcon_core.package_selection:Skipping not selected package 'nav2_waypoint_follower' in 'src/navigation2-humble/nav2_waypoint_follower'
[1.306s] INFO:colcon.colcon_core.package_selection:Skipping not selected package 'dwb_critics' in 'src/navigation2-humble/nav2_dwb_controller/dwb_critics'
[1.306s] INFO:colcon.colcon_core.package_selection:Skipping not selected package 'dwb_plugins' in 'src/navigation2-humble/nav2_dwb_controller/dwb_plugins'
[1.306s] INFO:colcon.colcon_core.package_selection:Skipping not selected package 'nav2_rotation_shim_controller' in 'src/navigation2-humble/nav2_rotation_shim_controller'
[1.306s] INFO:colcon.colcon_core.package_selection:Skipping not selected package 'nav2_dwb_controller' in 'src/navigation2-humble/nav2_dwb_controller/nav2_dwb_controller'
[1.306s] INFO:colcon.colcon_core.package_selection:Skipping not selected package 'navigation2' in 'src/navigation2-humble/navigation2'
[1.306s] INFO:colcon.colcon_core.package_selection:Skipping not selected package 'nav2_bringup' in 'src/navigation2-humble/nav2_bringup'
[1.306s] INFO:colcon.colcon_core.package_selection:Skipping not selected package 'wheeltec_nav2' in 'src/wheeltec_robot_nav2'
[1.306s] Level 1:colcon.colcon_core.package_discovery:discover_packages(prefix_path) check parameters
[1.306s] Level 1:colcon.colcon_core.package_discovery:discover_packages(prefix_path) discover
[1.309s] DEBUG:colcon.colcon_installed_package_information.package_discovery:Found 64 installed packages in /home/wheeltec/wheeltec_ros2/install
[1.311s] DEBUG:colcon.colcon_installed_package_information.package_discovery:Found 424 installed packages in /opt/ros/humble
[1.313s] Level 1:colcon.colcon_core.package_discovery:discover_packages(prefix_path) using defaults
[1.351s] Level 5:colcon.colcon_core.verb:set package 'qt_ros_test' build argument 'cmake_args' from command line to 'None'
[1.351s] Level 5:colcon.colcon_core.verb:set package 'qt_ros_test' build argument 'cmake_target' from command line to 'None'
[1.351s] Level 5:colcon.colcon_core.verb:set package 'qt_ros_test' build argument 'cmake_target_skip_unavailable' from command line to 'False'
[1.351s] Level 5:colcon.colcon_core.verb:set package 'qt_ros_test' build argument 'cmake_clean_cache' from command line to 'False'
[1.351s] Level 5:colcon.colcon_core.verb:set package 'qt_ros_test' build argument 'cmake_clean_first' from command line to 'False'
[1.351s] Level 5:colcon.colcon_core.verb:set package 'qt_ros_test' build argument 'cmake_force_configure' from command line to 'False'
[1.351s] Level 5:colcon.colcon_core.verb:set package 'qt_ros_test' build argument 'ament_cmake_args' from command line to 'None'
[1.351s] Level 5:colcon.colcon_core.verb:set package 'qt_ros_test' build argument 'catkin_cmake_args' from command line to 'None'
[1.351s] Level 5:colcon.colcon_core.verb:set package 'qt_ros_test' build argument 'catkin_skip_building_tests' from command line to 'False'
[1.351s] DEBUG:colcon.colcon_core.verb:Building package 'qt_ros_test' with the following arguments: {'ament_cmake_args': None, 'build_base': '/mnt/build/qt_ros_test', 'catkin_cmake_args': None, 'catkin_skip_building_tests': False, 'cmake_args': None, 'cmake_clean_cache': False, 'cmake_clean_first': False, 'cmake_force_configure': False, 'cmake_target': None, 'cmake_target_skip_unavailable': False, 'install_base': '/mnt/install/qt_ros_test', 'merge_install': False, 'path': '/mnt/src/qt_ros_test', 'symlink_install': False, 'test_result_base': None}
[1.351s] INFO:colcon.colcon_core.executor:Executing jobs using 'parallel' executor
[1.352s] DEBUG:colcon.colcon_parallel_executor.executor.parallel:run_until_complete
[1.352s] INFO:colcon.colcon_ros.task.ament_cmake.build:Building ROS package in '/mnt/src/qt_ros_test' with build type 'ament_cmake'
[1.352s] INFO:colcon.colcon_cmake.task.cmake.build:Building CMake package in '/mnt/src/qt_ros_test'
[1.354s] INFO:colcon.colcon_core.plugin_system:Skipping extension 'colcon_core.shell.bat': Not used on non-Windows systems
[1.354s] INFO:colcon.colcon_core.shell:Skip shell extension 'powershell' for command environment: Not usable outside of PowerShell
[1.354s] DEBUG:colcon.colcon_core.shell:Skip shell extension 'dsv' for command environment
[1.539s] DEBUG:colcon.colcon_core.event_handler.log_command:Invoking command in '/mnt/build/qt_ros_test': CMAKE_PREFIX_PATH=${CMAKE_PREFIX_PATH}:/home/wheeltec/wheeltec_ros2/install/simple_follower_ros2:/home/wheeltec/wheeltec_ros2/install/wheeltec_robot_keyboard:/home/wheeltec/wheeltec_ros2/install/tf2_tools:/home/wheeltec/wheeltec_ros2/install/nav2_simple_commander:/opt/ros/humble /usr/bin/cmake /mnt/src/qt_ros_test -DCMAKE_INSTALL_PREFIX=/mnt/install/qt_ros_test
[8.499s] DEBUG:colcon.colcon_core.event_handler.log_command:Invoked command in '/mnt/build/qt_ros_test' returned '0': CMAKE_PREFIX_PATH=${CMAKE_PREFIX_PATH}:/home/wheeltec/wheeltec_ros2/install/simple_follower_ros2:/home/wheeltec/wheeltec_ros2/install/wheeltec_robot_keyboard:/home/wheeltec/wheeltec_ros2/install/tf2_tools:/home/wheeltec/wheeltec_ros2/install/nav2_simple_commander:/opt/ros/humble /usr/bin/cmake /mnt/src/qt_ros_test -DCMAKE_INSTALL_PREFIX=/mnt/install/qt_ros_test
[8.526s] DEBUG:colcon.colcon_core.event_handler.log_command:Invoking command in '/mnt/build/qt_ros_test': CMAKE_PREFIX_PATH=${CMAKE_PREFIX_PATH}:/home/wheeltec/wheeltec_ros2/install/simple_follower_ros2:/home/wheeltec/wheeltec_ros2/install/wheeltec_robot_keyboard:/home/wheeltec/wheeltec_ros2/install/tf2_tools:/home/wheeltec/wheeltec_ros2/install/nav2_simple_commander:/opt/ros/humble /usr/bin/cmake --build /mnt/build/qt_ros_test -- -j4 -l4
[49.478s] DEBUG:colcon.colcon_core.event_handler.log_command:Invoked command in '/mnt/build/qt_ros_test' returned '0': CMAKE_PREFIX_PATH=${CMAKE_PREFIX_PATH}:/home/wheeltec/wheeltec_ros2/install/simple_follower_ros2:/home/wheeltec/wheeltec_ros2/install/wheeltec_robot_keyboard:/home/wheeltec/wheeltec_ros2/install/tf2_tools:/home/wheeltec/wheeltec_ros2/install/nav2_simple_commander:/opt/ros/humble /usr/bin/cmake --build /mnt/build/qt_ros_test -- -j4 -l4
[49.538s] DEBUG:colcon.colcon_core.event_handler.log_command:Invoking command in '/mnt/build/qt_ros_test': CMAKE_PREFIX_PATH=${CMAKE_PREFIX_PATH}:/home/wheeltec/wheeltec_ros2/install/simple_follower_ros2:/home/wheeltec/wheeltec_ros2/install/wheeltec_robot_keyboard:/home/wheeltec/wheeltec_ros2/install/tf2_tools:/home/wheeltec/wheeltec_ros2/install/nav2_simple_commander:/opt/ros/humble /usr/bin/cmake --install /mnt/build/qt_ros_test
[57.579s] Level 1:colcon.colcon_core.environment:create_environment_scripts_only(qt_ros_test)
[57.580s] DEBUG:colcon.colcon_core.event_handler.log_command:Invoked command in '/mnt/build/qt_ros_test' returned '0': CMAKE_PREFIX_PATH=${CMAKE_PREFIX_PATH}:/home/wheeltec/wheeltec_ros2/install/simple_follower_ros2:/home/wheeltec/wheeltec_ros2/install/wheeltec_robot_keyboard:/home/wheeltec/wheeltec_ros2/install/tf2_tools:/home/wheeltec/wheeltec_ros2/install/nav2_simple_commander:/opt/ros/humble /usr/bin/cmake --install /mnt/build/qt_ros_test
[57.587s] Level 1:colcon.colcon_core.environment:checking '/mnt/install/qt_ros_test' for CMake module files
[57.621s] Level 1:colcon.colcon_core.environment:checking '/mnt/install/qt_ros_test' for CMake config files
[57.642s] Level 1:colcon.colcon_core.shell:create_environment_hook('qt_ros_test', 'cmake_prefix_path')
[57.643s] INFO:colcon.colcon_core.shell:Creating environment hook '/mnt/install/qt_ros_test/share/qt_ros_test/hook/cmake_prefix_path.ps1'
[57.657s] INFO:colcon.colcon_core.shell:Creating environment descriptor '/mnt/install/qt_ros_test/share/qt_ros_test/hook/cmake_prefix_path.dsv'
[57.666s] INFO:colcon.colcon_core.shell:Creating environment hook '/mnt/install/qt_ros_test/share/qt_ros_test/hook/cmake_prefix_path.sh'
[57.678s] Level 1:colcon.colcon_core.environment:checking '/mnt/install/qt_ros_test/lib'
[57.680s] Level 1:colcon.colcon_core.environment:checking '/mnt/install/qt_ros_test/bin'
[57.682s] Level 1:colcon.colcon_core.environment:checking '/mnt/install/qt_ros_test/lib/pkgconfig/qt_ros_test.pc'
[57.684s] Level 1:colcon.colcon_core.environment:checking '/mnt/install/qt_ros_test/lib/python3.10/site-packages'
[57.686s] Level 1:colcon.colcon_core.environment:checking '/mnt/install/qt_ros_test/bin'
[57.687s] INFO:colcon.colcon_core.shell:Creating package script '/mnt/install/qt_ros_test/share/qt_ros_test/package.ps1'
[57.696s] INFO:colcon.colcon_core.shell:Creating package descriptor '/mnt/install/qt_ros_test/share/qt_ros_test/package.dsv'
[57.710s] INFO:colcon.colcon_core.shell:Creating package script '/mnt/install/qt_ros_test/share/qt_ros_test/package.sh'
[57.720s] INFO:colcon.colcon_core.shell:Creating package script '/mnt/install/qt_ros_test/share/qt_ros_test/package.bash'
[57.733s] INFO:colcon.colcon_core.shell:Creating package script '/mnt/install/qt_ros_test/share/qt_ros_test/package.zsh'
[57.747s] Level 1:colcon.colcon_core.environment:create_file_with_runtime_dependencies(/mnt/install/qt_ros_test/share/colcon-core/packages/qt_ros_test)
[57.774s] Level 1:colcon.colcon_core.environment:create_environment_scripts_only(qt_ros_test)
[57.775s] Level 1:colcon.colcon_core.environment:checking '/mnt/install/qt_ros_test' for CMake module files
[57.794s] Level 1:colcon.colcon_core.environment:checking '/mnt/install/qt_ros_test' for CMake config files
[57.821s] Level 1:colcon.colcon_core.shell:create_environment_hook('qt_ros_test', 'cmake_prefix_path')
[57.822s] INFO:colcon.colcon_core.shell:Creating environment hook '/mnt/install/qt_ros_test/share/qt_ros_test/hook/cmake_prefix_path.ps1'
[57.842s] INFO:colcon.colcon_core.shell:Creating environment descriptor '/mnt/install/qt_ros_test/share/qt_ros_test/hook/cmake_prefix_path.dsv'
[57.860s] INFO:colcon.colcon_core.shell:Creating environment hook '/mnt/install/qt_ros_test/share/qt_ros_test/hook/cmake_prefix_path.sh'
[57.873s] Level 1:colcon.colcon_core.environment:checking '/mnt/install/qt_ros_test/lib'
[57.875s] Level 1:colcon.colcon_core.environment:checking '/mnt/install/qt_ros_test/bin'
[57.875s] Level 1:colcon.colcon_core.environment:checking '/mnt/install/qt_ros_test/lib/pkgconfig/qt_ros_test.pc'
[57.875s] Level 1:colcon.colcon_core.environment:checking '/mnt/install/qt_ros_test/lib/python3.10/site-packages'
[57.876s] Level 1:colcon.colcon_core.environment:checking '/mnt/install/qt_ros_test/bin'
[57.876s] INFO:colcon.colcon_core.shell:Creating package script '/mnt/install/qt_ros_test/share/qt_ros_test/package.ps1'
[57.887s] INFO:colcon.colcon_core.shell:Creating package descriptor '/mnt/install/qt_ros_test/share/qt_ros_test/package.dsv'
[57.899s] INFO:colcon.colcon_core.shell:Creating package script '/mnt/install/qt_ros_test/share/qt_ros_test/package.sh'
[57.911s] INFO:colcon.colcon_core.shell:Creating package script '/mnt/install/qt_ros_test/share/qt_ros_test/package.bash'
[57.924s] INFO:colcon.colcon_core.shell:Creating package script '/mnt/install/qt_ros_test/share/qt_ros_test/package.zsh'
[57.936s] Level 1:colcon.colcon_core.environment:create_file_with_runtime_dependencies(/mnt/install/qt_ros_test/share/colcon-core/packages/qt_ros_test)
[57.952s] DEBUG:colcon.colcon_parallel_executor.executor.parallel:closing loop
[57.953s] DEBUG:colcon.colcon_parallel_executor.executor.parallel:loop closed
[57.953s] DEBUG:colcon.colcon_parallel_executor.executor.parallel:run_until_complete finished with '0'
[57.953s] DEBUG:colcon.colcon_core.event_reactor:joining thread
[58.334s] INFO:colcon.colcon_core.plugin_system:Skipping extension 'colcon_notification.desktop_notification.terminal_notifier': Not used on non-Darwin systems
[58.334s] INFO:colcon.colcon_core.plugin_system:Skipping extension 'colcon_notification.desktop_notification.win32': Not used on non-Windows systems
[58.334s] INFO:colcon.colcon_notification.desktop_notification:Sending desktop notification using 'notify2'
[58.345s] DEBUG:colcon.colcon_core.event_reactor:joined thread
[58.346s] INFO:colcon.colcon_core.shell:Creating prefix script '/mnt/install/local_setup.ps1'
[58.359s] INFO:colcon.colcon_core.shell:Creating prefix util module '/mnt/install/_local_setup_util_ps1.py'
[58.373s] INFO:colcon.colcon_core.shell:Creating prefix chain script '/mnt/install/setup.ps1'
[58.385s] INFO:colcon.colcon_core.shell:Creating prefix script '/mnt/install/local_setup.sh'
[58.396s] INFO:colcon.colcon_core.shell:Creating prefix util module '/mnt/install/_local_setup_util_sh.py'
[58.410s] INFO:colcon.colcon_core.shell:Creating prefix chain script '/mnt/install/setup.sh'
[58.422s] INFO:colcon.colcon_core.shell:Creating prefix script '/mnt/install/local_setup.bash'
[58.432s] INFO:colcon.colcon_core.shell:Creating prefix chain script '/mnt/install/setup.bash'
[58.445s] INFO:colcon.colcon_core.shell:Creating prefix script '/mnt/install/local_setup.zsh'
[58.457s] INFO:colcon.colcon_core.shell:Creating prefix chain script '/mnt/install/setup.zsh'
