[0.325s] DEBUG:colcon:Command line arguments: ['/usr/bin/colcon', 'build', '--symlink-install', '--packages-select', 'large_model']
[0.325s] DEBUG:colcon:Parsed command line arguments: Namespace(log_base=None, log_level=None, verb_name='build', build_base='build', install_base='install', merge_install=False, symlink_install=True, test_result_base=None, continue_on_error=False, executor='parallel', parallel_workers=6, event_handlers=None, ignore_user_meta=False, metas=['./colcon.meta'], base_paths=['.'], packages_ignore=None, packages_ignore_regex=None, paths=None, packages_up_to=None, packages_up_to_regex=None, packages_above=None, packages_above_and_dependencies=None, packages_above_depth=None, packages_select_by_dep=None, packages_skip_by_dep=None, packages_skip_up_to=None, packages_select_build_failed=False, packages_skip_build_finished=False, packages_select_test_failures=False, packages_skip_test_passed=False, packages_select=['large_model'], packages_skip=None, packages_select_regex=None, packages_skip_regex=None, packages_start=None, packages_end=None, allow_overriding=[], cmake_args=None, cmake_target=None, cmake_target_skip_unavailable=False, cmake_clean_cache=False, cmake_clean_first=False, cmake_force_configure=False, ament_cmake_args=None, catkin_cmake_args=None, catkin_skip_building_tests=False, verb_parser=<colcon_defaults.argument_parser.defaults.DefaultArgumentsDecorator object at 0xffffaa80e6e0>, verb_extension=<colcon_core.verb.build.BuildVerb object at 0xffffaa80e020>, main=<bound method BuildVerb.main of <colcon_core.verb.build.BuildVerb object at 0xffffaa80e020>>)
[1.108s] Level 1:colcon.colcon_core.package_discovery:discover_packages(colcon_meta) check parameters
[1.108s] Level 1:colcon.colcon_core.package_discovery:discover_packages(recursive) check parameters
[1.108s] Level 1:colcon.colcon_core.package_discovery:discover_packages(ignore) check parameters
[1.108s] Level 1:colcon.colcon_core.package_discovery:discover_packages(path) check parameters
[1.108s] Level 1:colcon.colcon_core.package_discovery:discover_packages(colcon_meta) discover
[1.108s] Level 1:colcon.colcon_core.package_discovery:discover_packages(recursive) discover
[1.108s] INFO:colcon.colcon_core.package_discovery:Crawling recursively for packages in '/home/wheeltec/wheeltec_ros2'
[1.109s] Level 1:colcon.colcon_core.package_identification:_identify(.) by extensions ['ignore', 'ignore_ament_install']
[1.109s] Level 1:colcon.colcon_core.package_identification:_identify(.) by extension 'ignore'
[1.109s] Level 1:colcon.colcon_core.package_identification:_identify(.) by extension 'ignore_ament_install'
[1.109s] Level 1:colcon.colcon_core.package_identification:_identify(.) by extensions ['colcon_pkg']
[1.109s] Level 1:colcon.colcon_core.package_identification:_identify(.) by extension 'colcon_pkg'
[1.109s] Level 1:colcon.colcon_core.package_identification:_identify(.) by extensions ['colcon_meta']
[1.109s] Level 1:colcon.colcon_core.package_identification:_identify(.) by extension 'colcon_meta'
[1.109s] Level 1:colcon.colcon_core.package_identification:_identify(.) by extensions ['ros']
[1.109s] Level 1:colcon.colcon_core.package_identification:_identify(.) by extension 'ros'
[1.158s] Level 1:colcon.colcon_core.package_identification:_identify(.) by extensions ['cmake', 'python']
[1.158s] Level 1:colcon.colcon_core.package_identification:_identify(.) by extension 'cmake'
[1.158s] Level 1:colcon.colcon_core.package_identification:_identify(.) by extension 'python'
[1.158s] Level 1:colcon.colcon_core.package_identification:_identify(.) by extensions ['python_setup_py']
[1.158s] Level 1:colcon.colcon_core.package_identification:_identify(.) by extension 'python_setup_py'
[1.158s] Level 1:colcon.colcon_core.package_identification:_identify(build) by extensions ['ignore', 'ignore_ament_install']
[1.159s] Level 1:colcon.colcon_core.package_identification:_identify(build) by extension 'ignore'
[1.159s] Level 1:colcon.colcon_core.package_identification:_identify(build) ignored
[1.159s] Level 1:colcon.colcon_core.package_identification:_identify(install) by extensions ['ignore', 'ignore_ament_install']
[1.159s] Level 1:colcon.colcon_core.package_identification:_identify(install) by extension 'ignore'
[1.159s] Level 1:colcon.colcon_core.package_identification:_identify(install) ignored
[1.159s] Level 1:colcon.colcon_core.package_identification:_identify(log) by extensions ['ignore', 'ignore_ament_install']
[1.160s] Level 1:colcon.colcon_core.package_identification:_identify(log) by extension 'ignore'
[1.160s] Level 1:colcon.colcon_core.package_identification:_identify(log) ignored
[1.160s] Level 1:colcon.colcon_core.package_identification:_identify(src) by extensions ['ignore', 'ignore_ament_install']
[1.160s] Level 1:colcon.colcon_core.package_identification:_identify(src) by extension 'ignore'
[1.160s] Level 1:colcon.colcon_core.package_identification:_identify(src) by extension 'ignore_ament_install'
[1.160s] Level 1:colcon.colcon_core.package_identification:_identify(src) by extensions ['colcon_pkg']
[1.160s] Level 1:colcon.colcon_core.package_identification:_identify(src) by extension 'colcon_pkg'
[1.160s] Level 1:colcon.colcon_core.package_identification:_identify(src) by extensions ['colcon_meta']
[1.160s] Level 1:colcon.colcon_core.package_identification:_identify(src) by extension 'colcon_meta'
[1.160s] Level 1:colcon.colcon_core.package_identification:_identify(src) by extensions ['ros']
[1.161s] Level 1:colcon.colcon_core.package_identification:_identify(src) by extension 'ros'
[1.161s] Level 1:colcon.colcon_core.package_identification:_identify(src) by extensions ['cmake', 'python']
[1.161s] Level 1:colcon.colcon_core.package_identification:_identify(src) by extension 'cmake'
[1.161s] Level 1:colcon.colcon_core.package_identification:_identify(src) by extension 'python'
[1.161s] Level 1:colcon.colcon_core.package_identification:_identify(src) by extensions ['python_setup_py']
[1.161s] Level 1:colcon.colcon_core.package_identification:_identify(src) by extension 'python_setup_py'
[1.161s] Level 1:colcon.colcon_core.package_identification:_identify(src/aruco_ros-humble-devel) by extensions ['ignore', 'ignore_ament_install']
[1.161s] Level 1:colcon.colcon_core.package_identification:_identify(src/aruco_ros-humble-devel) by extension 'ignore'
[1.161s] Level 1:colcon.colcon_core.package_identification:_identify(src/aruco_ros-humble-devel) by extension 'ignore_ament_install'
[1.162s] Level 1:colcon.colcon_core.package_identification:_identify(src/aruco_ros-humble-devel) by extensions ['colcon_pkg']
[1.162s] Level 1:colcon.colcon_core.package_identification:_identify(src/aruco_ros-humble-devel) by extension 'colcon_pkg'
[1.162s] Level 1:colcon.colcon_core.package_identification:_identify(src/aruco_ros-humble-devel) by extensions ['colcon_meta']
[1.162s] Level 1:colcon.colcon_core.package_identification:_identify(src/aruco_ros-humble-devel) by extension 'colcon_meta'
[1.162s] Level 1:colcon.colcon_core.package_identification:_identify(src/aruco_ros-humble-devel) by extensions ['ros']
[1.162s] Level 1:colcon.colcon_core.package_identification:_identify(src/aruco_ros-humble-devel) by extension 'ros'
[1.162s] Level 1:colcon.colcon_core.package_identification:_identify(src/aruco_ros-humble-devel) by extensions ['cmake', 'python']
[1.162s] Level 1:colcon.colcon_core.package_identification:_identify(src/aruco_ros-humble-devel) by extension 'cmake'
[1.162s] Level 1:colcon.colcon_core.package_identification:_identify(src/aruco_ros-humble-devel) by extension 'python'
[1.162s] Level 1:colcon.colcon_core.package_identification:_identify(src/aruco_ros-humble-devel) by extensions ['python_setup_py']
[1.162s] Level 1:colcon.colcon_core.package_identification:_identify(src/aruco_ros-humble-devel) by extension 'python_setup_py'
[1.163s] Level 1:colcon.colcon_core.package_identification:_identify(src/aruco_ros-humble-devel/aruco) by extensions ['ignore', 'ignore_ament_install']
[1.163s] Level 1:colcon.colcon_core.package_identification:_identify(src/aruco_ros-humble-devel/aruco) by extension 'ignore'
[1.163s] Level 1:colcon.colcon_core.package_identification:_identify(src/aruco_ros-humble-devel/aruco) by extension 'ignore_ament_install'
[1.163s] Level 1:colcon.colcon_core.package_identification:_identify(src/aruco_ros-humble-devel/aruco) by extensions ['colcon_pkg']
[1.163s] Level 1:colcon.colcon_core.package_identification:_identify(src/aruco_ros-humble-devel/aruco) by extension 'colcon_pkg'
[1.163s] Level 1:colcon.colcon_core.package_identification:_identify(src/aruco_ros-humble-devel/aruco) by extensions ['colcon_meta']
[1.163s] Level 1:colcon.colcon_core.package_identification:_identify(src/aruco_ros-humble-devel/aruco) by extension 'colcon_meta'
[1.163s] Level 1:colcon.colcon_core.package_identification:_identify(src/aruco_ros-humble-devel/aruco) by extensions ['ros']
[1.163s] Level 1:colcon.colcon_core.package_identification:_identify(src/aruco_ros-humble-devel/aruco) by extension 'ros'
[1.168s] DEBUG:colcon.colcon_core.package_identification:Package 'src/aruco_ros-humble-devel/aruco' with type 'ros.ament_cmake' and name 'aruco'
[1.169s] Level 1:colcon.colcon_core.package_identification:_identify(src/aruco_ros-humble-devel/aruco_msgs) by extensions ['ignore', 'ignore_ament_install']
[1.169s] Level 1:colcon.colcon_core.package_identification:_identify(src/aruco_ros-humble-devel/aruco_msgs) by extension 'ignore'
[1.169s] Level 1:colcon.colcon_core.package_identification:_identify(src/aruco_ros-humble-devel/aruco_msgs) by extension 'ignore_ament_install'
[1.169s] Level 1:colcon.colcon_core.package_identification:_identify(src/aruco_ros-humble-devel/aruco_msgs) by extensions ['colcon_pkg']
[1.169s] Level 1:colcon.colcon_core.package_identification:_identify(src/aruco_ros-humble-devel/aruco_msgs) by extension 'colcon_pkg'
[1.169s] Level 1:colcon.colcon_core.package_identification:_identify(src/aruco_ros-humble-devel/aruco_msgs) by extensions ['colcon_meta']
[1.169s] Level 1:colcon.colcon_core.package_identification:_identify(src/aruco_ros-humble-devel/aruco_msgs) by extension 'colcon_meta'
[1.169s] Level 1:colcon.colcon_core.package_identification:_identify(src/aruco_ros-humble-devel/aruco_msgs) by extensions ['ros']
[1.169s] Level 1:colcon.colcon_core.package_identification:_identify(src/aruco_ros-humble-devel/aruco_msgs) by extension 'ros'
[1.171s] DEBUG:colcon.colcon_core.package_identification:Package 'src/aruco_ros-humble-devel/aruco_msgs' with type 'ros.ament_cmake' and name 'aruco_msgs'
[1.171s] Level 1:colcon.colcon_core.package_identification:_identify(src/aruco_ros-humble-devel/aruco_ros) by extensions ['ignore', 'ignore_ament_install']
[1.171s] Level 1:colcon.colcon_core.package_identification:_identify(src/aruco_ros-humble-devel/aruco_ros) by extension 'ignore'
[1.171s] Level 1:colcon.colcon_core.package_identification:_identify(src/aruco_ros-humble-devel/aruco_ros) by extension 'ignore_ament_install'
[1.171s] Level 1:colcon.colcon_core.package_identification:_identify(src/aruco_ros-humble-devel/aruco_ros) by extensions ['colcon_pkg']
[1.171s] Level 1:colcon.colcon_core.package_identification:_identify(src/aruco_ros-humble-devel/aruco_ros) by extension 'colcon_pkg'
[1.172s] Level 1:colcon.colcon_core.package_identification:_identify(src/aruco_ros-humble-devel/aruco_ros) by extensions ['colcon_meta']
[1.172s] Level 1:colcon.colcon_core.package_identification:_identify(src/aruco_ros-humble-devel/aruco_ros) by extension 'colcon_meta'
[1.172s] Level 1:colcon.colcon_core.package_identification:_identify(src/aruco_ros-humble-devel/aruco_ros) by extensions ['ros']
[1.172s] Level 1:colcon.colcon_core.package_identification:_identify(src/aruco_ros-humble-devel/aruco_ros) by extension 'ros'
[1.174s] DEBUG:colcon.colcon_core.package_identification:Package 'src/aruco_ros-humble-devel/aruco_ros' with type 'ros.ament_cmake' and name 'aruco_ros'
[1.174s] Level 1:colcon.colcon_core.package_identification:_identify(src/auto_recharge_ros2) by extensions ['ignore', 'ignore_ament_install']
[1.174s] Level 1:colcon.colcon_core.package_identification:_identify(src/auto_recharge_ros2) by extension 'ignore'
[1.174s] Level 1:colcon.colcon_core.package_identification:_identify(src/auto_recharge_ros2) by extension 'ignore_ament_install'
[1.175s] Level 1:colcon.colcon_core.package_identification:_identify(src/auto_recharge_ros2) by extensions ['colcon_pkg']
[1.175s] Level 1:colcon.colcon_core.package_identification:_identify(src/auto_recharge_ros2) by extension 'colcon_pkg'
[1.175s] Level 1:colcon.colcon_core.package_identification:_identify(src/auto_recharge_ros2) by extensions ['colcon_meta']
[1.175s] Level 1:colcon.colcon_core.package_identification:_identify(src/auto_recharge_ros2) by extension 'colcon_meta'
[1.175s] Level 1:colcon.colcon_core.package_identification:_identify(src/auto_recharge_ros2) by extensions ['ros']
[1.175s] Level 1:colcon.colcon_core.package_identification:_identify(src/auto_recharge_ros2) by extension 'ros'
[1.176s] DEBUG:colcon.colcon_core.package_identification:Package 'src/auto_recharge_ros2' with type 'ros.ament_python' and name 'auto_recharge_ros2'
[1.177s] Level 1:colcon.colcon_core.package_identification:_identify(src/data) by extensions ['ignore', 'ignore_ament_install']
[1.177s] Level 1:colcon.colcon_core.package_identification:_identify(src/data) by extension 'ignore'
[1.177s] Level 1:colcon.colcon_core.package_identification:_identify(src/data) by extension 'ignore_ament_install'
[1.177s] Level 1:colcon.colcon_core.package_identification:_identify(src/data) by extensions ['colcon_pkg']
[1.177s] Level 1:colcon.colcon_core.package_identification:_identify(src/data) by extension 'colcon_pkg'
[1.177s] Level 1:colcon.colcon_core.package_identification:_identify(src/data) by extensions ['colcon_meta']
[1.177s] Level 1:colcon.colcon_core.package_identification:_identify(src/data) by extension 'colcon_meta'
[1.177s] Level 1:colcon.colcon_core.package_identification:_identify(src/data) by extensions ['ros']
[1.177s] Level 1:colcon.colcon_core.package_identification:_identify(src/data) by extension 'ros'
[1.178s] Level 1:colcon.colcon_core.package_identification:_identify(src/data) by extensions ['cmake', 'python']
[1.178s] Level 1:colcon.colcon_core.package_identification:_identify(src/data) by extension 'cmake'
[1.178s] Level 1:colcon.colcon_core.package_identification:_identify(src/data) by extension 'python'
[1.178s] Level 1:colcon.colcon_core.package_identification:_identify(src/data) by extensions ['python_setup_py']
[1.178s] Level 1:colcon.colcon_core.package_identification:_identify(src/data) by extension 'python_setup_py'
[1.178s] Level 1:colcon.colcon_core.package_identification:_identify(src/data/LEGO-LOAM) by extensions ['ignore', 'ignore_ament_install']
[1.178s] Level 1:colcon.colcon_core.package_identification:_identify(src/data/LEGO-LOAM) by extension 'ignore'
[1.178s] Level 1:colcon.colcon_core.package_identification:_identify(src/data/LEGO-LOAM) by extension 'ignore_ament_install'
[1.178s] Level 1:colcon.colcon_core.package_identification:_identify(src/data/LEGO-LOAM) by extensions ['colcon_pkg']
[1.179s] Level 1:colcon.colcon_core.package_identification:_identify(src/data/LEGO-LOAM) by extension 'colcon_pkg'
[1.179s] Level 1:colcon.colcon_core.package_identification:_identify(src/data/LEGO-LOAM) by extensions ['colcon_meta']
[1.179s] Level 1:colcon.colcon_core.package_identification:_identify(src/data/LEGO-LOAM) by extension 'colcon_meta'
[1.179s] Level 1:colcon.colcon_core.package_identification:_identify(src/data/LEGO-LOAM) by extensions ['ros']
[1.179s] Level 1:colcon.colcon_core.package_identification:_identify(src/data/LEGO-LOAM) by extension 'ros'
[1.179s] Level 1:colcon.colcon_core.package_identification:_identify(src/data/LEGO-LOAM) by extensions ['cmake', 'python']
[1.179s] Level 1:colcon.colcon_core.package_identification:_identify(src/data/LEGO-LOAM) by extension 'cmake'
[1.179s] Level 1:colcon.colcon_core.package_identification:_identify(src/data/LEGO-LOAM) by extension 'python'
[1.179s] Level 1:colcon.colcon_core.package_identification:_identify(src/data/LEGO-LOAM) by extensions ['python_setup_py']
[1.179s] Level 1:colcon.colcon_core.package_identification:_identify(src/data/LEGO-LOAM) by extension 'python_setup_py'
[1.180s] Level 1:colcon.colcon_core.package_identification:_identify(src/data/LIO-SAM) by extensions ['ignore', 'ignore_ament_install']
[1.180s] Level 1:colcon.colcon_core.package_identification:_identify(src/data/LIO-SAM) by extension 'ignore'
[1.180s] Level 1:colcon.colcon_core.package_identification:_identify(src/data/LIO-SAM) by extension 'ignore_ament_install'
[1.180s] Level 1:colcon.colcon_core.package_identification:_identify(src/data/LIO-SAM) by extensions ['colcon_pkg']
[1.180s] Level 1:colcon.colcon_core.package_identification:_identify(src/data/LIO-SAM) by extension 'colcon_pkg'
[1.180s] Level 1:colcon.colcon_core.package_identification:_identify(src/data/LIO-SAM) by extensions ['colcon_meta']
[1.180s] Level 1:colcon.colcon_core.package_identification:_identify(src/data/LIO-SAM) by extension 'colcon_meta'
[1.180s] Level 1:colcon.colcon_core.package_identification:_identify(src/data/LIO-SAM) by extensions ['ros']
[1.180s] Level 1:colcon.colcon_core.package_identification:_identify(src/data/LIO-SAM) by extension 'ros'
[1.181s] Level 1:colcon.colcon_core.package_identification:_identify(src/data/LIO-SAM) by extensions ['cmake', 'python']
[1.181s] Level 1:colcon.colcon_core.package_identification:_identify(src/data/LIO-SAM) by extension 'cmake'
[1.181s] Level 1:colcon.colcon_core.package_identification:_identify(src/data/LIO-SAM) by extension 'python'
[1.181s] Level 1:colcon.colcon_core.package_identification:_identify(src/data/LIO-SAM) by extensions ['python_setup_py']
[1.181s] Level 1:colcon.colcon_core.package_identification:_identify(src/data/LIO-SAM) by extension 'python_setup_py'
[1.181s] Level 1:colcon.colcon_core.package_identification:_identify(src/data/cartographer) by extensions ['ignore', 'ignore_ament_install']
[1.181s] Level 1:colcon.colcon_core.package_identification:_identify(src/data/cartographer) by extension 'ignore'
[1.181s] Level 1:colcon.colcon_core.package_identification:_identify(src/data/cartographer) by extension 'ignore_ament_install'
[1.182s] Level 1:colcon.colcon_core.package_identification:_identify(src/data/cartographer) by extensions ['colcon_pkg']
[1.182s] Level 1:colcon.colcon_core.package_identification:_identify(src/data/cartographer) by extension 'colcon_pkg'
[1.182s] Level 1:colcon.colcon_core.package_identification:_identify(src/data/cartographer) by extensions ['colcon_meta']
[1.182s] Level 1:colcon.colcon_core.package_identification:_identify(src/data/cartographer) by extension 'colcon_meta'
[1.182s] Level 1:colcon.colcon_core.package_identification:_identify(src/data/cartographer) by extensions ['ros']
[1.182s] Level 1:colcon.colcon_core.package_identification:_identify(src/data/cartographer) by extension 'ros'
[1.182s] Level 1:colcon.colcon_core.package_identification:_identify(src/data/cartographer) by extensions ['cmake', 'python']
[1.182s] Level 1:colcon.colcon_core.package_identification:_identify(src/data/cartographer) by extension 'cmake'
[1.182s] Level 1:colcon.colcon_core.package_identification:_identify(src/data/cartographer) by extension 'python'
[1.182s] Level 1:colcon.colcon_core.package_identification:_identify(src/data/cartographer) by extensions ['python_setup_py']
[1.182s] Level 1:colcon.colcon_core.package_identification:_identify(src/data/cartographer) by extension 'python_setup_py'
[1.182s] Level 1:colcon.colcon_core.package_identification:_identify(src/data/cartographer/carto_map) by extensions ['ignore', 'ignore_ament_install']
[1.183s] Level 1:colcon.colcon_core.package_identification:_identify(src/data/cartographer/carto_map) by extension 'ignore'
[1.183s] Level 1:colcon.colcon_core.package_identification:_identify(src/data/cartographer/carto_map) by extension 'ignore_ament_install'
[1.183s] Level 1:colcon.colcon_core.package_identification:_identify(src/data/cartographer/carto_map) by extensions ['colcon_pkg']
[1.183s] Level 1:colcon.colcon_core.package_identification:_identify(src/data/cartographer/carto_map) by extension 'colcon_pkg'
[1.183s] Level 1:colcon.colcon_core.package_identification:_identify(src/data/cartographer/carto_map) by extensions ['colcon_meta']
[1.183s] Level 1:colcon.colcon_core.package_identification:_identify(src/data/cartographer/carto_map) by extension 'colcon_meta'
[1.183s] Level 1:colcon.colcon_core.package_identification:_identify(src/data/cartographer/carto_map) by extensions ['ros']
[1.183s] Level 1:colcon.colcon_core.package_identification:_identify(src/data/cartographer/carto_map) by extension 'ros'
[1.183s] Level 1:colcon.colcon_core.package_identification:_identify(src/data/cartographer/carto_map) by extensions ['cmake', 'python']
[1.183s] Level 1:colcon.colcon_core.package_identification:_identify(src/data/cartographer/carto_map) by extension 'cmake'
[1.183s] Level 1:colcon.colcon_core.package_identification:_identify(src/data/cartographer/carto_map) by extension 'python'
[1.183s] Level 1:colcon.colcon_core.package_identification:_identify(src/data/cartographer/carto_map) by extensions ['python_setup_py']
[1.183s] Level 1:colcon.colcon_core.package_identification:_identify(src/data/cartographer/carto_map) by extension 'python_setup_py'
[1.184s] Level 1:colcon.colcon_core.package_identification:_identify(src/depend) by extensions ['ignore', 'ignore_ament_install']
[1.184s] Level 1:colcon.colcon_core.package_identification:_identify(src/depend) by extension 'ignore'
[1.184s] Level 1:colcon.colcon_core.package_identification:_identify(src/depend) by extension 'ignore_ament_install'
[1.184s] Level 1:colcon.colcon_core.package_identification:_identify(src/depend) by extensions ['colcon_pkg']
[1.184s] Level 1:colcon.colcon_core.package_identification:_identify(src/depend) by extension 'colcon_pkg'
[1.184s] Level 1:colcon.colcon_core.package_identification:_identify(src/depend) by extensions ['colcon_meta']
[1.184s] Level 1:colcon.colcon_core.package_identification:_identify(src/depend) by extension 'colcon_meta'
[1.184s] Level 1:colcon.colcon_core.package_identification:_identify(src/depend) by extensions ['ros']
[1.184s] Level 1:colcon.colcon_core.package_identification:_identify(src/depend) by extension 'ros'
[1.184s] Level 1:colcon.colcon_core.package_identification:_identify(src/depend) by extensions ['cmake', 'python']
[1.184s] Level 1:colcon.colcon_core.package_identification:_identify(src/depend) by extension 'cmake'
[1.185s] Level 1:colcon.colcon_core.package_identification:_identify(src/depend) by extension 'python'
[1.185s] Level 1:colcon.colcon_core.package_identification:_identify(src/depend) by extensions ['python_setup_py']
[1.185s] Level 1:colcon.colcon_core.package_identification:_identify(src/depend) by extension 'python_setup_py'
[1.185s] Level 1:colcon.colcon_core.package_identification:_identify(src/depend/ackermann_msgs-ros2) by extensions ['ignore', 'ignore_ament_install']
[1.185s] Level 1:colcon.colcon_core.package_identification:_identify(src/depend/ackermann_msgs-ros2) by extension 'ignore'
[1.185s] Level 1:colcon.colcon_core.package_identification:_identify(src/depend/ackermann_msgs-ros2) by extension 'ignore_ament_install'
[1.185s] Level 1:colcon.colcon_core.package_identification:_identify(src/depend/ackermann_msgs-ros2) by extensions ['colcon_pkg']
[1.185s] Level 1:colcon.colcon_core.package_identification:_identify(src/depend/ackermann_msgs-ros2) by extension 'colcon_pkg'
[1.185s] Level 1:colcon.colcon_core.package_identification:_identify(src/depend/ackermann_msgs-ros2) by extensions ['colcon_meta']
[1.185s] Level 1:colcon.colcon_core.package_identification:_identify(src/depend/ackermann_msgs-ros2) by extension 'colcon_meta'
[1.186s] Level 1:colcon.colcon_core.package_identification:_identify(src/depend/ackermann_msgs-ros2) by extensions ['ros']
[1.186s] Level 1:colcon.colcon_core.package_identification:_identify(src/depend/ackermann_msgs-ros2) by extension 'ros'
[1.187s] DEBUG:colcon.colcon_core.package_identification:Package 'src/depend/ackermann_msgs-ros2' with type 'ros.ament_cmake' and name 'ackermann_msgs'
[1.187s] Level 1:colcon.colcon_core.package_identification:_identify(src/depend/serial_ros2) by extensions ['ignore', 'ignore_ament_install']
[1.187s] Level 1:colcon.colcon_core.package_identification:_identify(src/depend/serial_ros2) by extension 'ignore'
[1.187s] Level 1:colcon.colcon_core.package_identification:_identify(src/depend/serial_ros2) by extension 'ignore_ament_install'
[1.187s] Level 1:colcon.colcon_core.package_identification:_identify(src/depend/serial_ros2) by extensions ['colcon_pkg']
[1.187s] Level 1:colcon.colcon_core.package_identification:_identify(src/depend/serial_ros2) by extension 'colcon_pkg'
[1.187s] Level 1:colcon.colcon_core.package_identification:_identify(src/depend/serial_ros2) by extensions ['colcon_meta']
[1.187s] Level 1:colcon.colcon_core.package_identification:_identify(src/depend/serial_ros2) by extension 'colcon_meta'
[1.188s] Level 1:colcon.colcon_core.package_identification:_identify(src/depend/serial_ros2) by extensions ['ros']
[1.188s] Level 1:colcon.colcon_core.package_identification:_identify(src/depend/serial_ros2) by extension 'ros'
[1.189s] DEBUG:colcon.colcon_core.package_identification:Package 'src/depend/serial_ros2' with type 'ros.ament_cmake' and name 'serial'
[1.189s] Level 1:colcon.colcon_core.package_identification:_identify(src/depend/tf2_tools) by extensions ['ignore', 'ignore_ament_install']
[1.189s] Level 1:colcon.colcon_core.package_identification:_identify(src/depend/tf2_tools) by extension 'ignore'
[1.189s] Level 1:colcon.colcon_core.package_identification:_identify(src/depend/tf2_tools) by extension 'ignore_ament_install'
[1.189s] Level 1:colcon.colcon_core.package_identification:_identify(src/depend/tf2_tools) by extensions ['colcon_pkg']
[1.189s] Level 1:colcon.colcon_core.package_identification:_identify(src/depend/tf2_tools) by extension 'colcon_pkg'
[1.189s] Level 1:colcon.colcon_core.package_identification:_identify(src/depend/tf2_tools) by extensions ['colcon_meta']
[1.189s] Level 1:colcon.colcon_core.package_identification:_identify(src/depend/tf2_tools) by extension 'colcon_meta'
[1.189s] Level 1:colcon.colcon_core.package_identification:_identify(src/depend/tf2_tools) by extensions ['ros']
[1.190s] Level 1:colcon.colcon_core.package_identification:_identify(src/depend/tf2_tools) by extension 'ros'
[1.191s] DEBUG:colcon.colcon_core.package_identification:Package 'src/depend/tf2_tools' with type 'ros.ament_python' and name 'tf2_tools'
[1.191s] Level 1:colcon.colcon_core.package_identification:_identify(src/interfaces) by extensions ['ignore', 'ignore_ament_install']
[1.191s] Level 1:colcon.colcon_core.package_identification:_identify(src/interfaces) by extension 'ignore'
[1.191s] Level 1:colcon.colcon_core.package_identification:_identify(src/interfaces) by extension 'ignore_ament_install'
[1.191s] Level 1:colcon.colcon_core.package_identification:_identify(src/interfaces) by extensions ['colcon_pkg']
[1.191s] Level 1:colcon.colcon_core.package_identification:_identify(src/interfaces) by extension 'colcon_pkg'
[1.191s] Level 1:colcon.colcon_core.package_identification:_identify(src/interfaces) by extensions ['colcon_meta']
[1.192s] Level 1:colcon.colcon_core.package_identification:_identify(src/interfaces) by extension 'colcon_meta'
[1.192s] Level 1:colcon.colcon_core.package_identification:_identify(src/interfaces) by extensions ['ros']
[1.192s] Level 1:colcon.colcon_core.package_identification:_identify(src/interfaces) by extension 'ros'
[1.193s] DEBUG:colcon.colcon_core.package_identification:Package 'src/interfaces' with type 'ros.ament_cmake' and name 'interfaces'
[1.193s] Level 1:colcon.colcon_core.package_identification:_identify(src/largemodel) by extensions ['ignore', 'ignore_ament_install']
[1.193s] Level 1:colcon.colcon_core.package_identification:_identify(src/largemodel) by extension 'ignore'
[1.193s] Level 1:colcon.colcon_core.package_identification:_identify(src/largemodel) by extension 'ignore_ament_install'
[1.193s] Level 1:colcon.colcon_core.package_identification:_identify(src/largemodel) by extensions ['colcon_pkg']
[1.193s] Level 1:colcon.colcon_core.package_identification:_identify(src/largemodel) by extension 'colcon_pkg'
[1.193s] Level 1:colcon.colcon_core.package_identification:_identify(src/largemodel) by extensions ['colcon_meta']
[1.193s] Level 1:colcon.colcon_core.package_identification:_identify(src/largemodel) by extension 'colcon_meta'
[1.193s] Level 1:colcon.colcon_core.package_identification:_identify(src/largemodel) by extensions ['ros']
[1.194s] Level 1:colcon.colcon_core.package_identification:_identify(src/largemodel) by extension 'ros'
[1.194s] DEBUG:colcon.colcon_core.package_identification:Package 'src/largemodel' with type 'ros.ament_python' and name 'largemodel'
[1.195s] Level 1:colcon.colcon_core.package_identification:_identify(src/nav2_waypoint_cycle) by extensions ['ignore', 'ignore_ament_install']
[1.195s] Level 1:colcon.colcon_core.package_identification:_identify(src/nav2_waypoint_cycle) by extension 'ignore'
[1.195s] Level 1:colcon.colcon_core.package_identification:_identify(src/nav2_waypoint_cycle) by extension 'ignore_ament_install'
[1.195s] Level 1:colcon.colcon_core.package_identification:_identify(src/nav2_waypoint_cycle) by extensions ['colcon_pkg']
[1.195s] Level 1:colcon.colcon_core.package_identification:_identify(src/nav2_waypoint_cycle) by extension 'colcon_pkg'
[1.195s] Level 1:colcon.colcon_core.package_identification:_identify(src/nav2_waypoint_cycle) by extensions ['colcon_meta']
[1.195s] Level 1:colcon.colcon_core.package_identification:_identify(src/nav2_waypoint_cycle) by extension 'colcon_meta'
[1.195s] Level 1:colcon.colcon_core.package_identification:_identify(src/nav2_waypoint_cycle) by extensions ['ros']
[1.195s] Level 1:colcon.colcon_core.package_identification:_identify(src/nav2_waypoint_cycle) by extension 'ros'
[1.197s] DEBUG:colcon.colcon_core.package_identification:Package 'src/nav2_waypoint_cycle' with type 'ros.ament_python' and name 'nav2_waypoint_cycle'
[1.197s] Level 1:colcon.colcon_core.package_identification:_identify(src/navigation2-humble) by extensions ['ignore', 'ignore_ament_install']
[1.197s] Level 1:colcon.colcon_core.package_identification:_identify(src/navigation2-humble) by extension 'ignore'
[1.197s] Level 1:colcon.colcon_core.package_identification:_identify(src/navigation2-humble) by extension 'ignore_ament_install'
[1.197s] Level 1:colcon.colcon_core.package_identification:_identify(src/navigation2-humble) by extensions ['colcon_pkg']
[1.197s] Level 1:colcon.colcon_core.package_identification:_identify(src/navigation2-humble) by extension 'colcon_pkg'
[1.197s] Level 1:colcon.colcon_core.package_identification:_identify(src/navigation2-humble) by extensions ['colcon_meta']
[1.197s] Level 1:colcon.colcon_core.package_identification:_identify(src/navigation2-humble) by extension 'colcon_meta'
[1.197s] Level 1:colcon.colcon_core.package_identification:_identify(src/navigation2-humble) by extensions ['ros']
[1.197s] Level 1:colcon.colcon_core.package_identification:_identify(src/navigation2-humble) by extension 'ros'
[1.198s] Level 1:colcon.colcon_core.package_identification:_identify(src/navigation2-humble) by extensions ['cmake', 'python']
[1.198s] Level 1:colcon.colcon_core.package_identification:_identify(src/navigation2-humble) by extension 'cmake'
[1.198s] Level 1:colcon.colcon_core.package_identification:_identify(src/navigation2-humble) by extension 'python'
[1.198s] Level 1:colcon.colcon_core.package_identification:_identify(src/navigation2-humble) by extensions ['python_setup_py']
[1.198s] Level 1:colcon.colcon_core.package_identification:_identify(src/navigation2-humble) by extension 'python_setup_py'
[1.199s] Level 1:colcon.colcon_core.package_identification:_identify(src/navigation2-humble/doc) by extensions ['ignore', 'ignore_ament_install']
[1.199s] Level 1:colcon.colcon_core.package_identification:_identify(src/navigation2-humble/doc) by extension 'ignore'
[1.199s] Level 1:colcon.colcon_core.package_identification:_identify(src/navigation2-humble/doc) by extension 'ignore_ament_install'
[1.199s] Level 1:colcon.colcon_core.package_identification:_identify(src/navigation2-humble/doc) by extensions ['colcon_pkg']
[1.199s] Level 1:colcon.colcon_core.package_identification:_identify(src/navigation2-humble/doc) by extension 'colcon_pkg'
[1.199s] Level 1:colcon.colcon_core.package_identification:_identify(src/navigation2-humble/doc) by extensions ['colcon_meta']
[1.199s] Level 1:colcon.colcon_core.package_identification:_identify(src/navigation2-humble/doc) by extension 'colcon_meta'
[1.199s] Level 1:colcon.colcon_core.package_identification:_identify(src/navigation2-humble/doc) by extensions ['ros']
[1.199s] Level 1:colcon.colcon_core.package_identification:_identify(src/navigation2-humble/doc) by extension 'ros'
[1.200s] Level 1:colcon.colcon_core.package_identification:_identify(src/navigation2-humble/doc) by extensions ['cmake', 'python']
[1.200s] Level 1:colcon.colcon_core.package_identification:_identify(src/navigation2-humble/doc) by extension 'cmake'
[1.200s] Level 1:colcon.colcon_core.package_identification:_identify(src/navigation2-humble/doc) by extension 'python'
[1.200s] Level 1:colcon.colcon_core.package_identification:_identify(src/navigation2-humble/doc) by extensions ['python_setup_py']
[1.200s] Level 1:colcon.colcon_core.package_identification:_identify(src/navigation2-humble/doc) by extension 'python_setup_py'
[1.200s] Level 1:colcon.colcon_core.package_identification:_identify(src/navigation2-humble/doc/architecture) by extensions ['ignore', 'ignore_ament_install']
[1.200s] Level 1:colcon.colcon_core.package_identification:_identify(src/navigation2-humble/doc/architecture) by extension 'ignore'
[1.200s] Level 1:colcon.colcon_core.package_identification:_identify(src/navigation2-humble/doc/architecture) by extension 'ignore_ament_install'
[1.200s] Level 1:colcon.colcon_core.package_identification:_identify(src/navigation2-humble/doc/architecture) by extensions ['colcon_pkg']
[1.200s] Level 1:colcon.colcon_core.package_identification:_identify(src/navigation2-humble/doc/architecture) by extension 'colcon_pkg'
[1.201s] Level 1:colcon.colcon_core.package_identification:_identify(src/navigation2-humble/doc/architecture) by extensions ['colcon_meta']
[1.201s] Level 1:colcon.colcon_core.package_identification:_identify(src/navigation2-humble/doc/architecture) by extension 'colcon_meta'
[1.201s] Level 1:colcon.colcon_core.package_identification:_identify(src/navigation2-humble/doc/architecture) by extensions ['ros']
[1.201s] Level 1:colcon.colcon_core.package_identification:_identify(src/navigation2-humble/doc/architecture) by extension 'ros'
[1.201s] Level 1:colcon.colcon_core.package_identification:_identify(src/navigation2-humble/doc/architecture) by extensions ['cmake', 'python']
[1.201s] Level 1:colcon.colcon_core.package_identification:_identify(src/navigation2-humble/doc/architecture) by extension 'cmake'
[1.201s] Level 1:colcon.colcon_core.package_identification:_identify(src/navigation2-humble/doc/architecture) by extension 'python'
[1.201s] Level 1:colcon.colcon_core.package_identification:_identify(src/navigation2-humble/doc/architecture) by extensions ['python_setup_py']
[1.201s] Level 1:colcon.colcon_core.package_identification:_identify(src/navigation2-humble/doc/architecture) by extension 'python_setup_py'
[1.201s] Level 1:colcon.colcon_core.package_identification:_identify(src/navigation2-humble/doc/design) by extensions ['ignore', 'ignore_ament_install']
[1.202s] Level 1:colcon.colcon_core.package_identification:_identify(src/navigation2-humble/doc/design) by extension 'ignore'
[1.202s] Level 1:colcon.colcon_core.package_identification:_identify(src/navigation2-humble/doc/design) by extension 'ignore_ament_install'
[1.202s] Level 1:colcon.colcon_core.package_identification:_identify(src/navigation2-humble/doc/design) by extensions ['colcon_pkg']
[1.202s] Level 1:colcon.colcon_core.package_identification:_identify(src/navigation2-humble/doc/design) by extension 'colcon_pkg'
[1.202s] Level 1:colcon.colcon_core.package_identification:_identify(src/navigation2-humble/doc/design) by extensions ['colcon_meta']
[1.202s] Level 1:colcon.colcon_core.package_identification:_identify(src/navigation2-humble/doc/design) by extension 'colcon_meta'
[1.202s] Level 1:colcon.colcon_core.package_identification:_identify(src/navigation2-humble/doc/design) by extensions ['ros']
[1.202s] Level 1:colcon.colcon_core.package_identification:_identify(src/navigation2-humble/doc/design) by extension 'ros'
[1.202s] Level 1:colcon.colcon_core.package_identification:_identify(src/navigation2-humble/doc/design) by extensions ['cmake', 'python']
[1.202s] Level 1:colcon.colcon_core.package_identification:_identify(src/navigation2-humble/doc/design) by extension 'cmake'
[1.202s] Level 1:colcon.colcon_core.package_identification:_identify(src/navigation2-humble/doc/design) by extension 'python'
[1.202s] Level 1:colcon.colcon_core.package_identification:_identify(src/navigation2-humble/doc/design) by extensions ['python_setup_py']
[1.202s] Level 1:colcon.colcon_core.package_identification:_identify(src/navigation2-humble/doc/design) by extension 'python_setup_py'
[1.203s] Level 1:colcon.colcon_core.package_identification:_identify(src/navigation2-humble/doc/process) by extensions ['ignore', 'ignore_ament_install']
[1.203s] Level 1:colcon.colcon_core.package_identification:_identify(src/navigation2-humble/doc/process) by extension 'ignore'
[1.203s] Level 1:colcon.colcon_core.package_identification:_identify(src/navigation2-humble/doc/process) by extension 'ignore_ament_install'
[1.203s] Level 1:colcon.colcon_core.package_identification:_identify(src/navigation2-humble/doc/process) by extensions ['colcon_pkg']
[1.203s] Level 1:colcon.colcon_core.package_identification:_identify(src/navigation2-humble/doc/process) by extension 'colcon_pkg'
[1.203s] Level 1:colcon.colcon_core.package_identification:_identify(src/navigation2-humble/doc/process) by extensions ['colcon_meta']
[1.203s] Level 1:colcon.colcon_core.package_identification:_identify(src/navigation2-humble/doc/process) by extension 'colcon_meta'
[1.203s] Level 1:colcon.colcon_core.package_identification:_identify(src/navigation2-humble/doc/process) by extensions ['ros']
[1.203s] Level 1:colcon.colcon_core.package_identification:_identify(src/navigation2-humble/doc/process) by extension 'ros'
[1.203s] Level 1:colcon.colcon_core.package_identification:_identify(src/navigation2-humble/doc/process) by extensions ['cmake', 'python']
[1.204s] Level 1:colcon.colcon_core.package_identification:_identify(src/navigation2-humble/doc/process) by extension 'cmake'
[1.204s] Level 1:colcon.colcon_core.package_identification:_identify(src/navigation2-humble/doc/process) by extension 'python'
[1.204s] Level 1:colcon.colcon_core.package_identification:_identify(src/navigation2-humble/doc/process) by extensions ['python_setup_py']
[1.204s] Level 1:colcon.colcon_core.package_identification:_identify(src/navigation2-humble/doc/process) by extension 'python_setup_py'
[1.204s] Level 1:colcon.colcon_core.package_identification:_identify(src/navigation2-humble/doc/requirements) by extensions ['ignore', 'ignore_ament_install']
[1.204s] Level 1:colcon.colcon_core.package_identification:_identify(src/navigation2-humble/doc/requirements) by extension 'ignore'
[1.204s] Level 1:colcon.colcon_core.package_identification:_identify(src/navigation2-humble/doc/requirements) by extension 'ignore_ament_install'
[1.204s] Level 1:colcon.colcon_core.package_identification:_identify(src/navigation2-humble/doc/requirements) by extensions ['colcon_pkg']
[1.204s] Level 1:colcon.colcon_core.package_identification:_identify(src/navigation2-humble/doc/requirements) by extension 'colcon_pkg'
[1.204s] Level 1:colcon.colcon_core.package_identification:_identify(src/navigation2-humble/doc/requirements) by extensions ['colcon_meta']
[1.205s] Level 1:colcon.colcon_core.package_identification:_identify(src/navigation2-humble/doc/requirements) by extension 'colcon_meta'
[1.205s] Level 1:colcon.colcon_core.package_identification:_identify(src/navigation2-humble/doc/requirements) by extensions ['ros']
[1.205s] Level 1:colcon.colcon_core.package_identification:_identify(src/navigation2-humble/doc/requirements) by extension 'ros'
[1.205s] Level 1:colcon.colcon_core.package_identification:_identify(src/navigation2-humble/doc/requirements) by extensions ['cmake', 'python']
[1.205s] Level 1:colcon.colcon_core.package_identification:_identify(src/navigation2-humble/doc/requirements) by extension 'cmake'
[1.205s] Level 1:colcon.colcon_core.package_identification:_identify(src/navigation2-humble/doc/requirements) by extension 'python'
[1.205s] Level 1:colcon.colcon_core.package_identification:_identify(src/navigation2-humble/doc/requirements) by extensions ['python_setup_py']
[1.205s] Level 1:colcon.colcon_core.package_identification:_identify(src/navigation2-humble/doc/requirements) by extension 'python_setup_py'
[1.205s] Level 1:colcon.colcon_core.package_identification:_identify(src/navigation2-humble/doc/requirements/images) by extensions ['ignore', 'ignore_ament_install']
[1.206s] Level 1:colcon.colcon_core.package_identification:_identify(src/navigation2-humble/doc/requirements/images) by extension 'ignore'
[1.206s] Level 1:colcon.colcon_core.package_identification:_identify(src/navigation2-humble/doc/requirements/images) by extension 'ignore_ament_install'
[1.206s] Level 1:colcon.colcon_core.package_identification:_identify(src/navigation2-humble/doc/requirements/images) by extensions ['colcon_pkg']
[1.206s] Level 1:colcon.colcon_core.package_identification:_identify(src/navigation2-humble/doc/requirements/images) by extension 'colcon_pkg'
[1.206s] Level 1:colcon.colcon_core.package_identification:_identify(src/navigation2-humble/doc/requirements/images) by extensions ['colcon_meta']
[1.206s] Level 1:colcon.colcon_core.package_identification:_identify(src/navigation2-humble/doc/requirements/images) by extension 'colcon_meta'
[1.206s] Level 1:colcon.colcon_core.package_identification:_identify(src/navigation2-humble/doc/requirements/images) by extensions ['ros']
[1.206s] Level 1:colcon.colcon_core.package_identification:_identify(src/navigation2-humble/doc/requirements/images) by extension 'ros'
[1.206s] Level 1:colcon.colcon_core.package_identification:_identify(src/navigation2-humble/doc/requirements/images) by extensions ['cmake', 'python']
[1.206s] Level 1:colcon.colcon_core.package_identification:_identify(src/navigation2-humble/doc/requirements/images) by extension 'cmake'
[1.206s] Level 1:colcon.colcon_core.package_identification:_identify(src/navigation2-humble/doc/requirements/images) by extension 'python'
[1.206s] Level 1:colcon.colcon_core.package_identification:_identify(src/navigation2-humble/doc/requirements/images) by extensions ['python_setup_py']
[1.206s] Level 1:colcon.colcon_core.package_identification:_identify(src/navigation2-humble/doc/requirements/images) by extension 'python_setup_py'
[1.207s] Level 1:colcon.colcon_core.package_identification:_identify(src/navigation2-humble/doc/use_cases) by extensions ['ignore', 'ignore_ament_install']
[1.207s] Level 1:colcon.colcon_core.package_identification:_identify(src/navigation2-humble/doc/use_cases) by extension 'ignore'
[1.207s] Level 1:colcon.colcon_core.package_identification:_identify(src/navigation2-humble/doc/use_cases) by extension 'ignore_ament_install'
[1.207s] Level 1:colcon.colcon_core.package_identification:_identify(src/navigation2-humble/doc/use_cases) by extensions ['colcon_pkg']
[1.207s] Level 1:colcon.colcon_core.package_identification:_identify(src/navigation2-humble/doc/use_cases) by extension 'colcon_pkg'
[1.207s] Level 1:colcon.colcon_core.package_identification:_identify(src/navigation2-humble/doc/use_cases) by extensions ['colcon_meta']
[1.207s] Level 1:colcon.colcon_core.package_identification:_identify(src/navigation2-humble/doc/use_cases) by extension 'colcon_meta'
[1.207s] Level 1:colcon.colcon_core.package_identification:_identify(src/navigation2-humble/doc/use_cases) by extensions ['ros']
[1.207s] Level 1:colcon.colcon_core.package_identification:_identify(src/navigation2-humble/doc/use_cases) by extension 'ros'
[1.207s] Level 1:colcon.colcon_core.package_identification:_identify(src/navigation2-humble/doc/use_cases) by extensions ['cmake', 'python']
[1.208s] Level 1:colcon.colcon_core.package_identification:_identify(src/navigation2-humble/doc/use_cases) by extension 'cmake'
[1.208s] Level 1:colcon.colcon_core.package_identification:_identify(src/navigation2-humble/doc/use_cases) by extension 'python'
[1.208s] Level 1:colcon.colcon_core.package_identification:_identify(src/navigation2-humble/doc/use_cases) by extensions ['python_setup_py']
[1.208s] Level 1:colcon.colcon_core.package_identification:_identify(src/navigation2-humble/doc/use_cases) by extension 'python_setup_py'
[1.209s] Level 1:colcon.colcon_core.package_identification:_identify(src/navigation2-humble/nav2_amcl) by extensions ['ignore', 'ignore_ament_install']
[1.209s] Level 1:colcon.colcon_core.package_identification:_identify(src/navigation2-humble/nav2_amcl) by extension 'ignore'
[1.209s] Level 1:colcon.colcon_core.package_identification:_identify(src/navigation2-humble/nav2_amcl) by extension 'ignore_ament_install'
[1.209s] Level 1:colcon.colcon_core.package_identification:_identify(src/navigation2-humble/nav2_amcl) by extensions ['colcon_pkg']
[1.209s] Level 1:colcon.colcon_core.package_identification:_identify(src/navigation2-humble/nav2_amcl) by extension 'colcon_pkg'
[1.209s] Level 1:colcon.colcon_core.package_identification:_identify(src/navigation2-humble/nav2_amcl) by extensions ['colcon_meta']
[1.209s] Level 1:colcon.colcon_core.package_identification:_identify(src/navigation2-humble/nav2_amcl) by extension 'colcon_meta'
[1.209s] Level 1:colcon.colcon_core.package_identification:_identify(src/navigation2-humble/nav2_amcl) by extensions ['ros']
[1.209s] Level 1:colcon.colcon_core.package_identification:_identify(src/navigation2-humble/nav2_amcl) by extension 'ros'
[1.212s] DEBUG:colcon.colcon_core.package_identification:Package 'src/navigation2-humble/nav2_amcl' with type 'ros.ament_cmake' and name 'nav2_amcl'
[1.212s] Level 1:colcon.colcon_core.package_identification:_identify(src/navigation2-humble/nav2_behavior_tree) by extensions ['ignore', 'ignore_ament_install']
[1.212s] Level 1:colcon.colcon_core.package_identification:_identify(src/navigation2-humble/nav2_behavior_tree) by extension 'ignore'
[1.212s] Level 1:colcon.colcon_core.package_identification:_identify(src/navigation2-humble/nav2_behavior_tree) by extension 'ignore_ament_install'
[1.212s] Level 1:colcon.colcon_core.package_identification:_identify(src/navigation2-humble/nav2_behavior_tree) by extensions ['colcon_pkg']
[1.212s] Level 1:colcon.colcon_core.package_identification:_identify(src/navigation2-humble/nav2_behavior_tree) by extension 'colcon_pkg'
[1.212s] Level 1:colcon.colcon_core.package_identification:_identify(src/navigation2-humble/nav2_behavior_tree) by extensions ['colcon_meta']
[1.212s] Level 1:colcon.colcon_core.package_identification:_identify(src/navigation2-humble/nav2_behavior_tree) by extension 'colcon_meta'
[1.213s] Level 1:colcon.colcon_core.package_identification:_identify(src/navigation2-humble/nav2_behavior_tree) by extensions ['ros']
[1.213s] Level 1:colcon.colcon_core.package_identification:_identify(src/navigation2-humble/nav2_behavior_tree) by extension 'ros'
[1.214s] DEBUG:colcon.colcon_core.package_identification:Package 'src/navigation2-humble/nav2_behavior_tree' with type 'ros.ament_cmake' and name 'nav2_behavior_tree'
[1.215s] Level 1:colcon.colcon_core.package_identification:_identify(src/navigation2-humble/nav2_behaviors) by extensions ['ignore', 'ignore_ament_install']
[1.215s] Level 1:colcon.colcon_core.package_identification:_identify(src/navigation2-humble/nav2_behaviors) by extension 'ignore'
[1.215s] Level 1:colcon.colcon_core.package_identification:_identify(src/navigation2-humble/nav2_behaviors) by extension 'ignore_ament_install'
[1.215s] Level 1:colcon.colcon_core.package_identification:_identify(src/navigation2-humble/nav2_behaviors) by extensions ['colcon_pkg']
[1.215s] Level 1:colcon.colcon_core.package_identification:_identify(src/navigation2-humble/nav2_behaviors) by extension 'colcon_pkg'
[1.215s] Level 1:colcon.colcon_core.package_identification:_identify(src/navigation2-humble/nav2_behaviors) by extensions ['colcon_meta']
[1.215s] Level 1:colcon.colcon_core.package_identification:_identify(src/navigation2-humble/nav2_behaviors) by extension 'colcon_meta'
[1.215s] Level 1:colcon.colcon_core.package_identification:_identify(src/navigation2-humble/nav2_behaviors) by extensions ['ros']
[1.215s] Level 1:colcon.colcon_core.package_identification:_identify(src/navigation2-humble/nav2_behaviors) by extension 'ros'
[1.217s] DEBUG:colcon.colcon_core.package_identification:Package 'src/navigation2-humble/nav2_behaviors' with type 'ros.ament_cmake' and name 'nav2_behaviors'
[1.217s] Level 1:colcon.colcon_core.package_identification:_identify(src/navigation2-humble/nav2_bringup) by extensions ['ignore', 'ignore_ament_install']
[1.217s] Level 1:colcon.colcon_core.package_identification:_identify(src/navigation2-humble/nav2_bringup) by extension 'ignore'
[1.217s] Level 1:colcon.colcon_core.package_identification:_identify(src/navigation2-humble/nav2_bringup) by extension 'ignore_ament_install'
[1.217s] Level 1:colcon.colcon_core.package_identification:_identify(src/navigation2-humble/nav2_bringup) by extensions ['colcon_pkg']
[1.218s] Level 1:colcon.colcon_core.package_identification:_identify(src/navigation2-humble/nav2_bringup) by extension 'colcon_pkg'
[1.218s] Level 1:colcon.colcon_core.package_identification:_identify(src/navigation2-humble/nav2_bringup) by extensions ['colcon_meta']
[1.218s] Level 1:colcon.colcon_core.package_identification:_identify(src/navigation2-humble/nav2_bringup) by extension 'colcon_meta'
[1.218s] Level 1:colcon.colcon_core.package_identification:_identify(src/navigation2-humble/nav2_bringup) by extensions ['ros']
[1.218s] Level 1:colcon.colcon_core.package_identification:_identify(src/navigation2-humble/nav2_bringup) by extension 'ros'
[1.219s] DEBUG:colcon.colcon_core.package_identification:Package 'src/navigation2-humble/nav2_bringup' with type 'ros.ament_cmake' and name 'nav2_bringup'
[1.219s] Level 1:colcon.colcon_core.package_identification:_identify(src/navigation2-humble/nav2_bt_navigator) by extensions ['ignore', 'ignore_ament_install']
[1.219s] Level 1:colcon.colcon_core.package_identification:_identify(src/navigation2-humble/nav2_bt_navigator) by extension 'ignore'
[1.219s] Level 1:colcon.colcon_core.package_identification:_identify(src/navigation2-humble/nav2_bt_navigator) by extension 'ignore_ament_install'
[1.220s] Level 1:colcon.colcon_core.package_identification:_identify(src/navigation2-humble/nav2_bt_navigator) by extensions ['colcon_pkg']
[1.220s] Level 1:colcon.colcon_core.package_identification:_identify(src/navigation2-humble/nav2_bt_navigator) by extension 'colcon_pkg'
[1.220s] Level 1:colcon.colcon_core.package_identification:_identify(src/navigation2-humble/nav2_bt_navigator) by extensions ['colcon_meta']
[1.220s] Level 1:colcon.colcon_core.package_identification:_identify(src/navigation2-humble/nav2_bt_navigator) by extension 'colcon_meta'
[1.220s] Level 1:colcon.colcon_core.package_identification:_identify(src/navigation2-humble/nav2_bt_navigator) by extensions ['ros']
[1.220s] Level 1:colcon.colcon_core.package_identification:_identify(src/navigation2-humble/nav2_bt_navigator) by extension 'ros'
[1.221s] DEBUG:colcon.colcon_core.package_identification:Package 'src/navigation2-humble/nav2_bt_navigator' with type 'ros.ament_cmake' and name 'nav2_bt_navigator'
[1.222s] Level 1:colcon.colcon_core.package_identification:_identify(src/navigation2-humble/nav2_collision_monitor) by extensions ['ignore', 'ignore_ament_install']
[1.222s] Level 1:colcon.colcon_core.package_identification:_identify(src/navigation2-humble/nav2_collision_monitor) by extension 'ignore'
[1.222s] Level 1:colcon.colcon_core.package_identification:_identify(src/navigation2-humble/nav2_collision_monitor) by extension 'ignore_ament_install'
[1.222s] Level 1:colcon.colcon_core.package_identification:_identify(src/navigation2-humble/nav2_collision_monitor) by extensions ['colcon_pkg']
[1.222s] Level 1:colcon.colcon_core.package_identification:_identify(src/navigation2-humble/nav2_collision_monitor) by extension 'colcon_pkg'
[1.222s] Level 1:colcon.colcon_core.package_identification:_identify(src/navigation2-humble/nav2_collision_monitor) by extensions ['colcon_meta']
[1.222s] Level 1:colcon.colcon_core.package_identification:_identify(src/navigation2-humble/nav2_collision_monitor) by extension 'colcon_meta'
[1.222s] Level 1:colcon.colcon_core.package_identification:_identify(src/navigation2-humble/nav2_collision_monitor) by extensions ['ros']
[1.223s] Level 1:colcon.colcon_core.package_identification:_identify(src/navigation2-humble/nav2_collision_monitor) by extension 'ros'
[1.224s] DEBUG:colcon.colcon_core.package_identification:Package 'src/navigation2-humble/nav2_collision_monitor' with type 'ros.ament_cmake' and name 'nav2_collision_monitor'
[1.224s] Level 1:colcon.colcon_core.package_identification:_identify(src/navigation2-humble/nav2_common) by extensions ['ignore', 'ignore_ament_install']
[1.225s] Level 1:colcon.colcon_core.package_identification:_identify(src/navigation2-humble/nav2_common) by extension 'ignore'
[1.225s] Level 1:colcon.colcon_core.package_identification:_identify(src/navigation2-humble/nav2_common) by extension 'ignore_ament_install'
[1.225s] Level 1:colcon.colcon_core.package_identification:_identify(src/navigation2-humble/nav2_common) by extensions ['colcon_pkg']
[1.225s] Level 1:colcon.colcon_core.package_identification:_identify(src/navigation2-humble/nav2_common) by extension 'colcon_pkg'
[1.225s] Level 1:colcon.colcon_core.package_identification:_identify(src/navigation2-humble/nav2_common) by extensions ['colcon_meta']
[1.225s] Level 1:colcon.colcon_core.package_identification:_identify(src/navigation2-humble/nav2_common) by extension 'colcon_meta'
[1.225s] Level 1:colcon.colcon_core.package_identification:_identify(src/navigation2-humble/nav2_common) by extensions ['ros']
[1.225s] Level 1:colcon.colcon_core.package_identification:_identify(src/navigation2-humble/nav2_common) by extension 'ros'
[1.226s] DEBUG:colcon.colcon_core.package_identification:Package 'src/navigation2-humble/nav2_common' with type 'ros.ament_cmake' and name 'nav2_common'
[1.227s] Level 1:colcon.colcon_core.package_identification:_identify(src/navigation2-humble/nav2_constrained_smoother) by extensions ['ignore', 'ignore_ament_install']
[1.227s] Level 1:colcon.colcon_core.package_identification:_identify(src/navigation2-humble/nav2_constrained_smoother) by extension 'ignore'
[1.227s] Level 1:colcon.colcon_core.package_identification:_identify(src/navigation2-humble/nav2_constrained_smoother) by extension 'ignore_ament_install'
[1.227s] Level 1:colcon.colcon_core.package_identification:_identify(src/navigation2-humble/nav2_constrained_smoother) by extensions ['colcon_pkg']
[1.227s] Level 1:colcon.colcon_core.package_identification:_identify(src/navigation2-humble/nav2_constrained_smoother) by extension 'colcon_pkg'
[1.227s] Level 1:colcon.colcon_core.package_identification:_identify(src/navigation2-humble/nav2_constrained_smoother) by extensions ['colcon_meta']
[1.227s] Level 1:colcon.colcon_core.package_identification:_identify(src/navigation2-humble/nav2_constrained_smoother) by extension 'colcon_meta'
[1.227s] Level 1:colcon.colcon_core.package_identification:_identify(src/navigation2-humble/nav2_constrained_smoother) by extensions ['ros']
[1.227s] Level 1:colcon.colcon_core.package_identification:_identify(src/navigation2-humble/nav2_constrained_smoother) by extension 'ros'
[1.229s] DEBUG:colcon.colcon_core.package_identification:Package 'src/navigation2-humble/nav2_constrained_smoother' with type 'ros.ament_cmake' and name 'nav2_constrained_smoother'
[1.229s] Level 1:colcon.colcon_core.package_identification:_identify(src/navigation2-humble/nav2_controller) by extensions ['ignore', 'ignore_ament_install']
[1.230s] Level 1:colcon.colcon_core.package_identification:_identify(src/navigation2-humble/nav2_controller) by extension 'ignore'
[1.230s] Level 1:colcon.colcon_core.package_identification:_identify(src/navigation2-humble/nav2_controller) by extension 'ignore_ament_install'
[1.230s] Level 1:colcon.colcon_core.package_identification:_identify(src/navigation2-humble/nav2_controller) by extensions ['colcon_pkg']
[1.230s] Level 1:colcon.colcon_core.package_identification:_identify(src/navigation2-humble/nav2_controller) by extension 'colcon_pkg'
[1.230s] Level 1:colcon.colcon_core.package_identification:_identify(src/navigation2-humble/nav2_controller) by extensions ['colcon_meta']
[1.230s] Level 1:colcon.colcon_core.package_identification:_identify(src/navigation2-humble/nav2_controller) by extension 'colcon_meta'
[1.230s] Level 1:colcon.colcon_core.package_identification:_identify(src/navigation2-humble/nav2_controller) by extensions ['ros']
[1.230s] Level 1:colcon.colcon_core.package_identification:_identify(src/navigation2-humble/nav2_controller) by extension 'ros'
[1.234s] DEBUG:colcon.colcon_core.package_identification:Package 'src/navigation2-humble/nav2_controller' with type 'ros.ament_cmake' and name 'nav2_controller'
[1.234s] Level 1:colcon.colcon_core.package_identification:_identify(src/navigation2-humble/nav2_core) by extensions ['ignore', 'ignore_ament_install']
[1.234s] Level 1:colcon.colcon_core.package_identification:_identify(src/navigation2-humble/nav2_core) by extension 'ignore'
[1.234s] Level 1:colcon.colcon_core.package_identification:_identify(src/navigation2-humble/nav2_core) by extension 'ignore_ament_install'
[1.234s] Level 1:colcon.colcon_core.package_identification:_identify(src/navigation2-humble/nav2_core) by extensions ['colcon_pkg']
[1.234s] Level 1:colcon.colcon_core.package_identification:_identify(src/navigation2-humble/nav2_core) by extension 'colcon_pkg'
[1.234s] Level 1:colcon.colcon_core.package_identification:_identify(src/navigation2-humble/nav2_core) by extensions ['colcon_meta']
[1.235s] Level 1:colcon.colcon_core.package_identification:_identify(src/navigation2-humble/nav2_core) by extension 'colcon_meta'
[1.235s] Level 1:colcon.colcon_core.package_identification:_identify(src/navigation2-humble/nav2_core) by extensions ['ros']
[1.235s] Level 1:colcon.colcon_core.package_identification:_identify(src/navigation2-humble/nav2_core) by extension 'ros'
[1.237s] DEBUG:colcon.colcon_core.package_identification:Package 'src/navigation2-humble/nav2_core' with type 'ros.ament_cmake' and name 'nav2_core'
[1.237s] Level 1:colcon.colcon_core.package_identification:_identify(src/navigation2-humble/nav2_costmap_2d) by extensions ['ignore', 'ignore_ament_install']
[1.237s] Level 1:colcon.colcon_core.package_identification:_identify(src/navigation2-humble/nav2_costmap_2d) by extension 'ignore'
[1.237s] Level 1:colcon.colcon_core.package_identification:_identify(src/navigation2-humble/nav2_costmap_2d) by extension 'ignore_ament_install'
[1.237s] Level 1:colcon.colcon_core.package_identification:_identify(src/navigation2-humble/nav2_costmap_2d) by extensions ['colcon_pkg']
[1.237s] Level 1:colcon.colcon_core.package_identification:_identify(src/navigation2-humble/nav2_costmap_2d) by extension 'colcon_pkg'
[1.237s] Level 1:colcon.colcon_core.package_identification:_identify(src/navigation2-humble/nav2_costmap_2d) by extensions ['colcon_meta']
[1.237s] Level 1:colcon.colcon_core.package_identification:_identify(src/navigation2-humble/nav2_costmap_2d) by extension 'colcon_meta'
[1.238s] Level 1:colcon.colcon_core.package_identification:_identify(src/navigation2-humble/nav2_costmap_2d) by extensions ['ros']
[1.238s] Level 1:colcon.colcon_core.package_identification:_identify(src/navigation2-humble/nav2_costmap_2d) by extension 'ros'
[1.241s] DEBUG:colcon.colcon_core.package_identification:Package 'src/navigation2-humble/nav2_costmap_2d' with type 'ros.ament_cmake' and name 'nav2_costmap_2d'
[1.241s] Level 1:colcon.colcon_core.package_identification:_identify(src/navigation2-humble/nav2_dwb_controller) by extensions ['ignore', 'ignore_ament_install']
[1.241s] Level 1:colcon.colcon_core.package_identification:_identify(src/navigation2-humble/nav2_dwb_controller) by extension 'ignore'
[1.241s] Level 1:colcon.colcon_core.package_identification:_identify(src/navigation2-humble/nav2_dwb_controller) by extension 'ignore_ament_install'
[1.242s] Level 1:colcon.colcon_core.package_identification:_identify(src/navigation2-humble/nav2_dwb_controller) by extensions ['colcon_pkg']
[1.242s] Level 1:colcon.colcon_core.package_identification:_identify(src/navigation2-humble/nav2_dwb_controller) by extension 'colcon_pkg'
[1.242s] Level 1:colcon.colcon_core.package_identification:_identify(src/navigation2-humble/nav2_dwb_controller) by extensions ['colcon_meta']
[1.242s] Level 1:colcon.colcon_core.package_identification:_identify(src/navigation2-humble/nav2_dwb_controller) by extension 'colcon_meta'
[1.242s] Level 1:colcon.colcon_core.package_identification:_identify(src/navigation2-humble/nav2_dwb_controller) by extensions ['ros']
[1.242s] Level 1:colcon.colcon_core.package_identification:_identify(src/navigation2-humble/nav2_dwb_controller) by extension 'ros'
[1.242s] Level 1:colcon.colcon_core.package_identification:_identify(src/navigation2-humble/nav2_dwb_controller) by extensions ['cmake', 'python']
[1.242s] Level 1:colcon.colcon_core.package_identification:_identify(src/navigation2-humble/nav2_dwb_controller) by extension 'cmake'
[1.242s] Level 1:colcon.colcon_core.package_identification:_identify(src/navigation2-humble/nav2_dwb_controller) by extension 'python'
[1.242s] Level 1:colcon.colcon_core.package_identification:_identify(src/navigation2-humble/nav2_dwb_controller) by extensions ['python_setup_py']
[1.242s] Level 1:colcon.colcon_core.package_identification:_identify(src/navigation2-humble/nav2_dwb_controller) by extension 'python_setup_py'
[1.243s] Level 1:colcon.colcon_core.package_identification:_identify(src/navigation2-humble/nav2_dwb_controller/costmap_queue) by extensions ['ignore', 'ignore_ament_install']
[1.243s] Level 1:colcon.colcon_core.package_identification:_identify(src/navigation2-humble/nav2_dwb_controller/costmap_queue) by extension 'ignore'
[1.243s] Level 1:colcon.colcon_core.package_identification:_identify(src/navigation2-humble/nav2_dwb_controller/costmap_queue) by extension 'ignore_ament_install'
[1.243s] Level 1:colcon.colcon_core.package_identification:_identify(src/navigation2-humble/nav2_dwb_controller/costmap_queue) by extensions ['colcon_pkg']
[1.243s] Level 1:colcon.colcon_core.package_identification:_identify(src/navigation2-humble/nav2_dwb_controller/costmap_queue) by extension 'colcon_pkg'
[1.243s] Level 1:colcon.colcon_core.package_identification:_identify(src/navigation2-humble/nav2_dwb_controller/costmap_queue) by extensions ['colcon_meta']
[1.243s] Level 1:colcon.colcon_core.package_identification:_identify(src/navigation2-humble/nav2_dwb_controller/costmap_queue) by extension 'colcon_meta'
[1.243s] Level 1:colcon.colcon_core.package_identification:_identify(src/navigation2-humble/nav2_dwb_controller/costmap_queue) by extensions ['ros']
[1.243s] Level 1:colcon.colcon_core.package_identification:_identify(src/navigation2-humble/nav2_dwb_controller/costmap_queue) by extension 'ros'
[1.244s] DEBUG:colcon.colcon_core.package_identification:Package 'src/navigation2-humble/nav2_dwb_controller/costmap_queue' with type 'ros.ament_cmake' and name 'costmap_queue'
[1.245s] Level 1:colcon.colcon_core.package_identification:_identify(src/navigation2-humble/nav2_dwb_controller/dwb_core) by extensions ['ignore', 'ignore_ament_install']
[1.245s] Level 1:colcon.colcon_core.package_identification:_identify(src/navigation2-humble/nav2_dwb_controller/dwb_core) by extension 'ignore'
[1.245s] Level 1:colcon.colcon_core.package_identification:_identify(src/navigation2-humble/nav2_dwb_controller/dwb_core) by extension 'ignore_ament_install'
[1.245s] Level 1:colcon.colcon_core.package_identification:_identify(src/navigation2-humble/nav2_dwb_controller/dwb_core) by extensions ['colcon_pkg']
[1.245s] Level 1:colcon.colcon_core.package_identification:_identify(src/navigation2-humble/nav2_dwb_controller/dwb_core) by extension 'colcon_pkg'
[1.245s] Level 1:colcon.colcon_core.package_identification:_identify(src/navigation2-humble/nav2_dwb_controller/dwb_core) by extensions ['colcon_meta']
[1.245s] Level 1:colcon.colcon_core.package_identification:_identify(src/navigation2-humble/nav2_dwb_controller/dwb_core) by extension 'colcon_meta'
[1.245s] Level 1:colcon.colcon_core.package_identification:_identify(src/navigation2-humble/nav2_dwb_controller/dwb_core) by extensions ['ros']
[1.246s] Level 1:colcon.colcon_core.package_identification:_identify(src/navigation2-humble/nav2_dwb_controller/dwb_core) by extension 'ros'
[1.247s] DEBUG:colcon.colcon_core.package_identification:Package 'src/navigation2-humble/nav2_dwb_controller/dwb_core' with type 'ros.ament_cmake' and name 'dwb_core'
[1.247s] Level 1:colcon.colcon_core.package_identification:_identify(src/navigation2-humble/nav2_dwb_controller/dwb_critics) by extensions ['ignore', 'ignore_ament_install']
[1.247s] Level 1:colcon.colcon_core.package_identification:_identify(src/navigation2-humble/nav2_dwb_controller/dwb_critics) by extension 'ignore'
[1.247s] Level 1:colcon.colcon_core.package_identification:_identify(src/navigation2-humble/nav2_dwb_controller/dwb_critics) by extension 'ignore_ament_install'
[1.248s] Level 1:colcon.colcon_core.package_identification:_identify(src/navigation2-humble/nav2_dwb_controller/dwb_critics) by extensions ['colcon_pkg']
[1.248s] Level 1:colcon.colcon_core.package_identification:_identify(src/navigation2-humble/nav2_dwb_controller/dwb_critics) by extension 'colcon_pkg'
[1.248s] Level 1:colcon.colcon_core.package_identification:_identify(src/navigation2-humble/nav2_dwb_controller/dwb_critics) by extensions ['colcon_meta']
[1.248s] Level 1:colcon.colcon_core.package_identification:_identify(src/navigation2-humble/nav2_dwb_controller/dwb_critics) by extension 'colcon_meta'
[1.248s] Level 1:colcon.colcon_core.package_identification:_identify(src/navigation2-humble/nav2_dwb_controller/dwb_critics) by extensions ['ros']
[1.248s] Level 1:colcon.colcon_core.package_identification:_identify(src/navigation2-humble/nav2_dwb_controller/dwb_critics) by extension 'ros'
[1.250s] DEBUG:colcon.colcon_core.package_identification:Package 'src/navigation2-humble/nav2_dwb_controller/dwb_critics' with type 'ros.ament_cmake' and name 'dwb_critics'
[1.250s] Level 1:colcon.colcon_core.package_identification:_identify(src/navigation2-humble/nav2_dwb_controller/dwb_msgs) by extensions ['ignore', 'ignore_ament_install']
[1.250s] Level 1:colcon.colcon_core.package_identification:_identify(src/navigation2-humble/nav2_dwb_controller/dwb_msgs) by extension 'ignore'
[1.250s] Level 1:colcon.colcon_core.package_identification:_identify(src/navigation2-humble/nav2_dwb_controller/dwb_msgs) by extension 'ignore_ament_install'
[1.251s] Level 1:colcon.colcon_core.package_identification:_identify(src/navigation2-humble/nav2_dwb_controller/dwb_msgs) by extensions ['colcon_pkg']
[1.251s] Level 1:colcon.colcon_core.package_identification:_identify(src/navigation2-humble/nav2_dwb_controller/dwb_msgs) by extension 'colcon_pkg'
[1.251s] Level 1:colcon.colcon_core.package_identification:_identify(src/navigation2-humble/nav2_dwb_controller/dwb_msgs) by extensions ['colcon_meta']
[1.251s] Level 1:colcon.colcon_core.package_identification:_identify(src/navigation2-humble/nav2_dwb_controller/dwb_msgs) by extension 'colcon_meta'
[1.251s] Level 1:colcon.colcon_core.package_identification:_identify(src/navigation2-humble/nav2_dwb_controller/dwb_msgs) by extensions ['ros']
[1.251s] Level 1:colcon.colcon_core.package_identification:_identify(src/navigation2-humble/nav2_dwb_controller/dwb_msgs) by extension 'ros'
[1.252s] DEBUG:colcon.colcon_core.package_identification:Package 'src/navigation2-humble/nav2_dwb_controller/dwb_msgs' with type 'ros.ament_cmake' and name 'dwb_msgs'
[1.253s] Level 1:colcon.colcon_core.package_identification:_identify(src/navigation2-humble/nav2_dwb_controller/dwb_plugins) by extensions ['ignore', 'ignore_ament_install']
[1.253s] Level 1:colcon.colcon_core.package_identification:_identify(src/navigation2-humble/nav2_dwb_controller/dwb_plugins) by extension 'ignore'
[1.253s] Level 1:colcon.colcon_core.package_identification:_identify(src/navigation2-humble/nav2_dwb_controller/dwb_plugins) by extension 'ignore_ament_install'
[1.253s] Level 1:colcon.colcon_core.package_identification:_identify(src/navigation2-humble/nav2_dwb_controller/dwb_plugins) by extensions ['colcon_pkg']
[1.253s] Level 1:colcon.colcon_core.package_identification:_identify(src/navigation2-humble/nav2_dwb_controller/dwb_plugins) by extension 'colcon_pkg'
[1.253s] Level 1:colcon.colcon_core.package_identification:_identify(src/navigation2-humble/nav2_dwb_controller/dwb_plugins) by extensions ['colcon_meta']
[1.253s] Level 1:colcon.colcon_core.package_identification:_identify(src/navigation2-humble/nav2_dwb_controller/dwb_plugins) by extension 'colcon_meta'
[1.253s] Level 1:colcon.colcon_core.package_identification:_identify(src/navigation2-humble/nav2_dwb_controller/dwb_plugins) by extensions ['ros']
[1.254s] Level 1:colcon.colcon_core.package_identification:_identify(src/navigation2-humble/nav2_dwb_controller/dwb_plugins) by extension 'ros'
[1.255s] DEBUG:colcon.colcon_core.package_identification:Package 'src/navigation2-humble/nav2_dwb_controller/dwb_plugins' with type 'ros.ament_cmake' and name 'dwb_plugins'
[1.255s] Level 1:colcon.colcon_core.package_identification:_identify(src/navigation2-humble/nav2_dwb_controller/images) by extensions ['ignore', 'ignore_ament_install']
[1.256s] Level 1:colcon.colcon_core.package_identification:_identify(src/navigation2-humble/nav2_dwb_controller/images) by extension 'ignore'
[1.256s] Level 1:colcon.colcon_core.package_identification:_identify(src/navigation2-humble/nav2_dwb_controller/images) by extension 'ignore_ament_install'
[1.256s] Level 1:colcon.colcon_core.package_identification:_identify(src/navigation2-humble/nav2_dwb_controller/images) by extensions ['colcon_pkg']
[1.256s] Level 1:colcon.colcon_core.package_identification:_identify(src/navigation2-humble/nav2_dwb_controller/images) by extension 'colcon_pkg'
[1.256s] Level 1:colcon.colcon_core.package_identification:_identify(src/navigation2-humble/nav2_dwb_controller/images) by extensions ['colcon_meta']
[1.256s] Level 1:colcon.colcon_core.package_identification:_identify(src/navigation2-humble/nav2_dwb_controller/images) by extension 'colcon_meta'
[1.256s] Level 1:colcon.colcon_core.package_identification:_identify(src/navigation2-humble/nav2_dwb_controller/images) by extensions ['ros']
[1.256s] Level 1:colcon.colcon_core.package_identification:_identify(src/navigation2-humble/nav2_dwb_controller/images) by extension 'ros'
[1.256s] Level 1:colcon.colcon_core.package_identification:_identify(src/navigation2-humble/nav2_dwb_controller/images) by extensions ['cmake', 'python']
[1.256s] Level 1:colcon.colcon_core.package_identification:_identify(src/navigation2-humble/nav2_dwb_controller/images) by extension 'cmake'
[1.256s] Level 1:colcon.colcon_core.package_identification:_identify(src/navigation2-humble/nav2_dwb_controller/images) by extension 'python'
[1.256s] Level 1:colcon.colcon_core.package_identification:_identify(src/navigation2-humble/nav2_dwb_controller/images) by extensions ['python_setup_py']
[1.256s] Level 1:colcon.colcon_core.package_identification:_identify(src/navigation2-humble/nav2_dwb_controller/images) by extension 'python_setup_py'
[1.257s] Level 1:colcon.colcon_core.package_identification:_identify(src/navigation2-humble/nav2_dwb_controller/nav2_dwb_controller) by extensions ['ignore', 'ignore_ament_install']
[1.257s] Level 1:colcon.colcon_core.package_identification:_identify(src/navigation2-humble/nav2_dwb_controller/nav2_dwb_controller) by extension 'ignore'
[1.257s] Level 1:colcon.colcon_core.package_identification:_identify(src/navigation2-humble/nav2_dwb_controller/nav2_dwb_controller) by extension 'ignore_ament_install'
[1.257s] Level 1:colcon.colcon_core.package_identification:_identify(src/navigation2-humble/nav2_dwb_controller/nav2_dwb_controller) by extensions ['colcon_pkg']
[1.257s] Level 1:colcon.colcon_core.package_identification:_identify(src/navigation2-humble/nav2_dwb_controller/nav2_dwb_controller) by extension 'colcon_pkg'
[1.257s] Level 1:colcon.colcon_core.package_identification:_identify(src/navigation2-humble/nav2_dwb_controller/nav2_dwb_controller) by extensions ['colcon_meta']
[1.257s] Level 1:colcon.colcon_core.package_identification:_identify(src/navigation2-humble/nav2_dwb_controller/nav2_dwb_controller) by extension 'colcon_meta'
[1.257s] Level 1:colcon.colcon_core.package_identification:_identify(src/navigation2-humble/nav2_dwb_controller/nav2_dwb_controller) by extensions ['ros']
[1.257s] Level 1:colcon.colcon_core.package_identification:_identify(src/navigation2-humble/nav2_dwb_controller/nav2_dwb_controller) by extension 'ros'
[1.259s] DEBUG:colcon.colcon_core.package_identification:Package 'src/navigation2-humble/nav2_dwb_controller/nav2_dwb_controller' with type 'ros.ament_cmake' and name 'nav2_dwb_controller'
[1.259s] Level 1:colcon.colcon_core.package_identification:_identify(src/navigation2-humble/nav2_dwb_controller/nav_2d_msgs) by extensions ['ignore', 'ignore_ament_install']
[1.259s] Level 1:colcon.colcon_core.package_identification:_identify(src/navigation2-humble/nav2_dwb_controller/nav_2d_msgs) by extension 'ignore'
[1.259s] Level 1:colcon.colcon_core.package_identification:_identify(src/navigation2-humble/nav2_dwb_controller/nav_2d_msgs) by extension 'ignore_ament_install'
[1.260s] Level 1:colcon.colcon_core.package_identification:_identify(src/navigation2-humble/nav2_dwb_controller/nav_2d_msgs) by extensions ['colcon_pkg']
[1.260s] Level 1:colcon.colcon_core.package_identification:_identify(src/navigation2-humble/nav2_dwb_controller/nav_2d_msgs) by extension 'colcon_pkg'
[1.260s] Level 1:colcon.colcon_core.package_identification:_identify(src/navigation2-humble/nav2_dwb_controller/nav_2d_msgs) by extensions ['colcon_meta']
[1.260s] Level 1:colcon.colcon_core.package_identification:_identify(src/navigation2-humble/nav2_dwb_controller/nav_2d_msgs) by extension 'colcon_meta'
[1.260s] Level 1:colcon.colcon_core.package_identification:_identify(src/navigation2-humble/nav2_dwb_controller/nav_2d_msgs) by extensions ['ros']
[1.260s] Level 1:colcon.colcon_core.package_identification:_identify(src/navigation2-humble/nav2_dwb_controller/nav_2d_msgs) by extension 'ros'
[1.261s] DEBUG:colcon.colcon_core.package_identification:Package 'src/navigation2-humble/nav2_dwb_controller/nav_2d_msgs' with type 'ros.ament_cmake' and name 'nav_2d_msgs'
[1.261s] Level 1:colcon.colcon_core.package_identification:_identify(src/navigation2-humble/nav2_dwb_controller/nav_2d_utils) by extensions ['ignore', 'ignore_ament_install']
[1.262s] Level 1:colcon.colcon_core.package_identification:_identify(src/navigation2-humble/nav2_dwb_controller/nav_2d_utils) by extension 'ignore'
[1.262s] Level 1:colcon.colcon_core.package_identification:_identify(src/navigation2-humble/nav2_dwb_controller/nav_2d_utils) by extension 'ignore_ament_install'
[1.262s] Level 1:colcon.colcon_core.package_identification:_identify(src/navigation2-humble/nav2_dwb_controller/nav_2d_utils) by extensions ['colcon_pkg']
[1.262s] Level 1:colcon.colcon_core.package_identification:_identify(src/navigation2-humble/nav2_dwb_controller/nav_2d_utils) by extension 'colcon_pkg'
[1.262s] Level 1:colcon.colcon_core.package_identification:_identify(src/navigation2-humble/nav2_dwb_controller/nav_2d_utils) by extensions ['colcon_meta']
[1.262s] Level 1:colcon.colcon_core.package_identification:_identify(src/navigation2-humble/nav2_dwb_controller/nav_2d_utils) by extension 'colcon_meta'
[1.262s] Level 1:colcon.colcon_core.package_identification:_identify(src/navigation2-humble/nav2_dwb_controller/nav_2d_utils) by extensions ['ros']
[1.262s] Level 1:colcon.colcon_core.package_identification:_identify(src/navigation2-humble/nav2_dwb_controller/nav_2d_utils) by extension 'ros'
[1.264s] DEBUG:colcon.colcon_core.package_identification:Package 'src/navigation2-humble/nav2_dwb_controller/nav_2d_utils' with type 'ros.ament_cmake' and name 'nav_2d_utils'
[1.264s] Level 1:colcon.colcon_core.package_identification:_identify(src/navigation2-humble/nav2_lifecycle_manager) by extensions ['ignore', 'ignore_ament_install']
[1.264s] Level 1:colcon.colcon_core.package_identification:_identify(src/navigation2-humble/nav2_lifecycle_manager) by extension 'ignore'
[1.264s] Level 1:colcon.colcon_core.package_identification:_identify(src/navigation2-humble/nav2_lifecycle_manager) by extension 'ignore_ament_install'
[1.264s] Level 1:colcon.colcon_core.package_identification:_identify(src/navigation2-humble/nav2_lifecycle_manager) by extensions ['colcon_pkg']
[1.264s] Level 1:colcon.colcon_core.package_identification:_identify(src/navigation2-humble/nav2_lifecycle_manager) by extension 'colcon_pkg'
[1.265s] Level 1:colcon.colcon_core.package_identification:_identify(src/navigation2-humble/nav2_lifecycle_manager) by extensions ['colcon_meta']
[1.265s] Level 1:colcon.colcon_core.package_identification:_identify(src/navigation2-humble/nav2_lifecycle_manager) by extension 'colcon_meta'
[1.265s] Level 1:colcon.colcon_core.package_identification:_identify(src/navigation2-humble/nav2_lifecycle_manager) by extensions ['ros']
[1.265s] Level 1:colcon.colcon_core.package_identification:_identify(src/navigation2-humble/nav2_lifecycle_manager) by extension 'ros'
[1.266s] DEBUG:colcon.colcon_core.package_identification:Package 'src/navigation2-humble/nav2_lifecycle_manager' with type 'ros.ament_cmake' and name 'nav2_lifecycle_manager'
[1.266s] Level 1:colcon.colcon_core.package_identification:_identify(src/navigation2-humble/nav2_map_server) by extensions ['ignore', 'ignore_ament_install']
[1.267s] Level 1:colcon.colcon_core.package_identification:_identify(src/navigation2-humble/nav2_map_server) by extension 'ignore'
[1.267s] Level 1:colcon.colcon_core.package_identification:_identify(src/navigation2-humble/nav2_map_server) by extension 'ignore_ament_install'
[1.267s] Level 1:colcon.colcon_core.package_identification:_identify(src/navigation2-humble/nav2_map_server) by extensions ['colcon_pkg']
[1.267s] Level 1:colcon.colcon_core.package_identification:_identify(src/navigation2-humble/nav2_map_server) by extension 'colcon_pkg'
[1.267s] Level 1:colcon.colcon_core.package_identification:_identify(src/navigation2-humble/nav2_map_server) by extensions ['colcon_meta']
[1.267s] Level 1:colcon.colcon_core.package_identification:_identify(src/navigation2-humble/nav2_map_server) by extension 'colcon_meta'
[1.267s] Level 1:colcon.colcon_core.package_identification:_identify(src/navigation2-humble/nav2_map_server) by extensions ['ros']
[1.267s] Level 1:colcon.colcon_core.package_identification:_identify(src/navigation2-humble/nav2_map_server) by extension 'ros'
[1.269s] DEBUG:colcon.colcon_core.package_identification:Package 'src/navigation2-humble/nav2_map_server' with type 'ros.ament_cmake' and name 'nav2_map_server'
[1.269s] Level 1:colcon.colcon_core.package_identification:_identify(src/navigation2-humble/nav2_mppi_controller) by extensions ['ignore', 'ignore_ament_install']
[1.270s] Level 1:colcon.colcon_core.package_identification:_identify(src/navigation2-humble/nav2_mppi_controller) by extension 'ignore'
[1.270s] Level 1:colcon.colcon_core.package_identification:_identify(src/navigation2-humble/nav2_mppi_controller) by extension 'ignore_ament_install'
[1.270s] Level 1:colcon.colcon_core.package_identification:_identify(src/navigation2-humble/nav2_mppi_controller) by extensions ['colcon_pkg']
[1.270s] Level 1:colcon.colcon_core.package_identification:_identify(src/navigation2-humble/nav2_mppi_controller) by extension 'colcon_pkg'
[1.270s] Level 1:colcon.colcon_core.package_identification:_identify(src/navigation2-humble/nav2_mppi_controller) by extensions ['colcon_meta']
[1.270s] Level 1:colcon.colcon_core.package_identification:_identify(src/navigation2-humble/nav2_mppi_controller) by extension 'colcon_meta'
[1.270s] Level 1:colcon.colcon_core.package_identification:_identify(src/navigation2-humble/nav2_mppi_controller) by extensions ['ros']
[1.270s] Level 1:colcon.colcon_core.package_identification:_identify(src/navigation2-humble/nav2_mppi_controller) by extension 'ros'
[1.273s] DEBUG:colcon.colcon_core.package_identification:Package 'src/navigation2-humble/nav2_mppi_controller' with type 'ros.ament_cmake' and name 'nav2_mppi_controller'
[1.273s] Level 1:colcon.colcon_core.package_identification:_identify(src/navigation2-humble/nav2_msgs) by extensions ['ignore', 'ignore_ament_install']
[1.273s] Level 1:colcon.colcon_core.package_identification:_identify(src/navigation2-humble/nav2_msgs) by extension 'ignore'
[1.273s] Level 1:colcon.colcon_core.package_identification:_identify(src/navigation2-humble/nav2_msgs) by extension 'ignore_ament_install'
[1.274s] Level 1:colcon.colcon_core.package_identification:_identify(src/navigation2-humble/nav2_msgs) by extensions ['colcon_pkg']
[1.274s] Level 1:colcon.colcon_core.package_identification:_identify(src/navigation2-humble/nav2_msgs) by extension 'colcon_pkg'
[1.274s] Level 1:colcon.colcon_core.package_identification:_identify(src/navigation2-humble/nav2_msgs) by extensions ['colcon_meta']
[1.274s] Level 1:colcon.colcon_core.package_identification:_identify(src/navigation2-humble/nav2_msgs) by extension 'colcon_meta'
[1.274s] Level 1:colcon.colcon_core.package_identification:_identify(src/navigation2-humble/nav2_msgs) by extensions ['ros']
[1.274s] Level 1:colcon.colcon_core.package_identification:_identify(src/navigation2-humble/nav2_msgs) by extension 'ros'
[1.276s] DEBUG:colcon.colcon_core.package_identification:Package 'src/navigation2-humble/nav2_msgs' with type 'ros.ament_cmake' and name 'nav2_msgs'
[1.276s] Level 1:colcon.colcon_core.package_identification:_identify(src/navigation2-humble/nav2_navfn_planner) by extensions ['ignore', 'ignore_ament_install']
[1.276s] Level 1:colcon.colcon_core.package_identification:_identify(src/navigation2-humble/nav2_navfn_planner) by extension 'ignore'
[1.276s] Level 1:colcon.colcon_core.package_identification:_identify(src/navigation2-humble/nav2_navfn_planner) by extension 'ignore_ament_install'
[1.276s] Level 1:colcon.colcon_core.package_identification:_identify(src/navigation2-humble/nav2_navfn_planner) by extensions ['colcon_pkg']
[1.276s] Level 1:colcon.colcon_core.package_identification:_identify(src/navigation2-humble/nav2_navfn_planner) by extension 'colcon_pkg'
[1.276s] Level 1:colcon.colcon_core.package_identification:_identify(src/navigation2-humble/nav2_navfn_planner) by extensions ['colcon_meta']
[1.276s] Level 1:colcon.colcon_core.package_identification:_identify(src/navigation2-humble/nav2_navfn_planner) by extension 'colcon_meta'
[1.277s] Level 1:colcon.colcon_core.package_identification:_identify(src/navigation2-humble/nav2_navfn_planner) by extensions ['ros']
[1.277s] Level 1:colcon.colcon_core.package_identification:_identify(src/navigation2-humble/nav2_navfn_planner) by extension 'ros'
[1.279s] DEBUG:colcon.colcon_core.package_identification:Package 'src/navigation2-humble/nav2_navfn_planner' with type 'ros.ament_cmake' and name 'nav2_navfn_planner'
[1.279s] Level 1:colcon.colcon_core.package_identification:_identify(src/navigation2-humble/nav2_planner) by extensions ['ignore', 'ignore_ament_install']
[1.279s] Level 1:colcon.colcon_core.package_identification:_identify(src/navigation2-humble/nav2_planner) by extension 'ignore'
[1.279s] Level 1:colcon.colcon_core.package_identification:_identify(src/navigation2-humble/nav2_planner) by extension 'ignore_ament_install'
[1.279s] Level 1:colcon.colcon_core.package_identification:_identify(src/navigation2-humble/nav2_planner) by extensions ['colcon_pkg']
[1.280s] Level 1:colcon.colcon_core.package_identification:_identify(src/navigation2-humble/nav2_planner) by extension 'colcon_pkg'
[1.280s] Level 1:colcon.colcon_core.package_identification:_identify(src/navigation2-humble/nav2_planner) by extensions ['colcon_meta']
[1.280s] Level 1:colcon.colcon_core.package_identification:_identify(src/navigation2-humble/nav2_planner) by extension 'colcon_meta'
[1.280s] Level 1:colcon.colcon_core.package_identification:_identify(src/navigation2-humble/nav2_planner) by extensions ['ros']
[1.280s] Level 1:colcon.colcon_core.package_identification:_identify(src/navigation2-humble/nav2_planner) by extension 'ros'
[1.282s] DEBUG:colcon.colcon_core.package_identification:Package 'src/navigation2-humble/nav2_planner' with type 'ros.ament_cmake' and name 'nav2_planner'
[1.282s] Level 1:colcon.colcon_core.package_identification:_identify(src/navigation2-humble/nav2_regulated_pure_pursuit_controller) by extensions ['ignore', 'ignore_ament_install']
[1.283s] Level 1:colcon.colcon_core.package_identification:_identify(src/navigation2-humble/nav2_regulated_pure_pursuit_controller) by extension 'ignore'
[1.283s] Level 1:colcon.colcon_core.package_identification:_identify(src/navigation2-humble/nav2_regulated_pure_pursuit_controller) by extension 'ignore_ament_install'
[1.283s] Level 1:colcon.colcon_core.package_identification:_identify(src/navigation2-humble/nav2_regulated_pure_pursuit_controller) by extensions ['colcon_pkg']
[1.283s] Level 1:colcon.colcon_core.package_identification:_identify(src/navigation2-humble/nav2_regulated_pure_pursuit_controller) by extension 'colcon_pkg'
[1.283s] Level 1:colcon.colcon_core.package_identification:_identify(src/navigation2-humble/nav2_regulated_pure_pursuit_controller) by extensions ['colcon_meta']
[1.283s] Level 1:colcon.colcon_core.package_identification:_identify(src/navigation2-humble/nav2_regulated_pure_pursuit_controller) by extension 'colcon_meta'
[1.283s] Level 1:colcon.colcon_core.package_identification:_identify(src/navigation2-humble/nav2_regulated_pure_pursuit_controller) by extensions ['ros']
[1.283s] Level 1:colcon.colcon_core.package_identification:_identify(src/navigation2-humble/nav2_regulated_pure_pursuit_controller) by extension 'ros'
[1.285s] DEBUG:colcon.colcon_core.package_identification:Package 'src/navigation2-humble/nav2_regulated_pure_pursuit_controller' with type 'ros.ament_cmake' and name 'nav2_regulated_pure_pursuit_controller'
[1.285s] Level 1:colcon.colcon_core.package_identification:_identify(src/navigation2-humble/nav2_rotation_shim_controller) by extensions ['ignore', 'ignore_ament_install']
[1.285s] Level 1:colcon.colcon_core.package_identification:_identify(src/navigation2-humble/nav2_rotation_shim_controller) by extension 'ignore'
[1.286s] Level 1:colcon.colcon_core.package_identification:_identify(src/navigation2-humble/nav2_rotation_shim_controller) by extension 'ignore_ament_install'
[1.286s] Level 1:colcon.colcon_core.package_identification:_identify(src/navigation2-humble/nav2_rotation_shim_controller) by extensions ['colcon_pkg']
[1.286s] Level 1:colcon.colcon_core.package_identification:_identify(src/navigation2-humble/nav2_rotation_shim_controller) by extension 'colcon_pkg'
[1.286s] Level 1:colcon.colcon_core.package_identification:_identify(src/navigation2-humble/nav2_rotation_shim_controller) by extensions ['colcon_meta']
[1.286s] Level 1:colcon.colcon_core.package_identification:_identify(src/navigation2-humble/nav2_rotation_shim_controller) by extension 'colcon_meta'
[1.286s] Level 1:colcon.colcon_core.package_identification:_identify(src/navigation2-humble/nav2_rotation_shim_controller) by extensions ['ros']
[1.286s] Level 1:colcon.colcon_core.package_identification:_identify(src/navigation2-humble/nav2_rotation_shim_controller) by extension 'ros'
[1.288s] DEBUG:colcon.colcon_core.package_identification:Package 'src/navigation2-humble/nav2_rotation_shim_controller' with type 'ros.ament_cmake' and name 'nav2_rotation_shim_controller'
[1.288s] Level 1:colcon.colcon_core.package_identification:_identify(src/navigation2-humble/nav2_rviz_plugins) by extensions ['ignore', 'ignore_ament_install']
[1.288s] Level 1:colcon.colcon_core.package_identification:_identify(src/navigation2-humble/nav2_rviz_plugins) by extension 'ignore'
[1.288s] Level 1:colcon.colcon_core.package_identification:_identify(src/navigation2-humble/nav2_rviz_plugins) by extension 'ignore_ament_install'
[1.289s] Level 1:colcon.colcon_core.package_identification:_identify(src/navigation2-humble/nav2_rviz_plugins) by extensions ['colcon_pkg']
[1.289s] Level 1:colcon.colcon_core.package_identification:_identify(src/navigation2-humble/nav2_rviz_plugins) by extension 'colcon_pkg'
[1.289s] Level 1:colcon.colcon_core.package_identification:_identify(src/navigation2-humble/nav2_rviz_plugins) by extensions ['colcon_meta']
[1.289s] Level 1:colcon.colcon_core.package_identification:_identify(src/navigation2-humble/nav2_rviz_plugins) by extension 'colcon_meta'
[1.289s] Level 1:colcon.colcon_core.package_identification:_identify(src/navigation2-humble/nav2_rviz_plugins) by extensions ['ros']
[1.289s] Level 1:colcon.colcon_core.package_identification:_identify(src/navigation2-humble/nav2_rviz_plugins) by extension 'ros'
[1.291s] DEBUG:colcon.colcon_core.package_identification:Package 'src/navigation2-humble/nav2_rviz_plugins' with type 'ros.ament_cmake' and name 'nav2_rviz_plugins'
[1.292s] Level 1:colcon.colcon_core.package_identification:_identify(src/navigation2-humble/nav2_simple_commander) by extensions ['ignore', 'ignore_ament_install']
[1.292s] Level 1:colcon.colcon_core.package_identification:_identify(src/navigation2-humble/nav2_simple_commander) by extension 'ignore'
[1.292s] Level 1:colcon.colcon_core.package_identification:_identify(src/navigation2-humble/nav2_simple_commander) by extension 'ignore_ament_install'
[1.292s] Level 1:colcon.colcon_core.package_identification:_identify(src/navigation2-humble/nav2_simple_commander) by extensions ['colcon_pkg']
[1.292s] Level 1:colcon.colcon_core.package_identification:_identify(src/navigation2-humble/nav2_simple_commander) by extension 'colcon_pkg'
[1.292s] Level 1:colcon.colcon_core.package_identification:_identify(src/navigation2-humble/nav2_simple_commander) by extensions ['colcon_meta']
[1.292s] Level 1:colcon.colcon_core.package_identification:_identify(src/navigation2-humble/nav2_simple_commander) by extension 'colcon_meta'
[1.292s] Level 1:colcon.colcon_core.package_identification:_identify(src/navigation2-humble/nav2_simple_commander) by extensions ['ros']
[1.292s] Level 1:colcon.colcon_core.package_identification:_identify(src/navigation2-humble/nav2_simple_commander) by extension 'ros'
[1.293s] DEBUG:colcon.colcon_core.package_identification:Package 'src/navigation2-humble/nav2_simple_commander' with type 'ros.ament_python' and name 'nav2_simple_commander'
[1.294s] Level 1:colcon.colcon_core.package_identification:_identify(src/navigation2-humble/nav2_smac_planner) by extensions ['ignore', 'ignore_ament_install']
[1.294s] Level 1:colcon.colcon_core.package_identification:_identify(src/navigation2-humble/nav2_smac_planner) by extension 'ignore'
[1.294s] Level 1:colcon.colcon_core.package_identification:_identify(src/navigation2-humble/nav2_smac_planner) by extension 'ignore_ament_install'
[1.294s] Level 1:colcon.colcon_core.package_identification:_identify(src/navigation2-humble/nav2_smac_planner) by extensions ['colcon_pkg']
[1.294s] Level 1:colcon.colcon_core.package_identification:_identify(src/navigation2-humble/nav2_smac_planner) by extension 'colcon_pkg'
[1.294s] Level 1:colcon.colcon_core.package_identification:_identify(src/navigation2-humble/nav2_smac_planner) by extensions ['colcon_meta']
[1.294s] Level 1:colcon.colcon_core.package_identification:_identify(src/navigation2-humble/nav2_smac_planner) by extension 'colcon_meta'
[1.294s] Level 1:colcon.colcon_core.package_identification:_identify(src/navigation2-humble/nav2_smac_planner) by extensions ['ros']
[1.294s] Level 1:colcon.colcon_core.package_identification:_identify(src/navigation2-humble/nav2_smac_planner) by extension 'ros'
[1.297s] DEBUG:colcon.colcon_core.package_identification:Package 'src/navigation2-humble/nav2_smac_planner' with type 'ros.ament_cmake' and name 'nav2_smac_planner'
[1.298s] Level 1:colcon.colcon_core.package_identification:_identify(src/navigation2-humble/nav2_smoother) by extensions ['ignore', 'ignore_ament_install']
[1.298s] Level 1:colcon.colcon_core.package_identification:_identify(src/navigation2-humble/nav2_smoother) by extension 'ignore'
[1.298s] Level 1:colcon.colcon_core.package_identification:_identify(src/navigation2-humble/nav2_smoother) by extension 'ignore_ament_install'
[1.298s] Level 1:colcon.colcon_core.package_identification:_identify(src/navigation2-humble/nav2_smoother) by extensions ['colcon_pkg']
[1.298s] Level 1:colcon.colcon_core.package_identification:_identify(src/navigation2-humble/nav2_smoother) by extension 'colcon_pkg'
[1.298s] Level 1:colcon.colcon_core.package_identification:_identify(src/navigation2-humble/nav2_smoother) by extensions ['colcon_meta']
[1.298s] Level 1:colcon.colcon_core.package_identification:_identify(src/navigation2-humble/nav2_smoother) by extension 'colcon_meta'
[1.298s] Level 1:colcon.colcon_core.package_identification:_identify(src/navigation2-humble/nav2_smoother) by extensions ['ros']
[1.298s] Level 1:colcon.colcon_core.package_identification:_identify(src/navigation2-humble/nav2_smoother) by extension 'ros'
[1.300s] DEBUG:colcon.colcon_core.package_identification:Package 'src/navigation2-humble/nav2_smoother' with type 'ros.ament_cmake' and name 'nav2_smoother'
[1.301s] Level 1:colcon.colcon_core.package_identification:_identify(src/navigation2-humble/nav2_theta_star_planner) by extensions ['ignore', 'ignore_ament_install']
[1.301s] Level 1:colcon.colcon_core.package_identification:_identify(src/navigation2-humble/nav2_theta_star_planner) by extension 'ignore'
[1.301s] Level 1:colcon.colcon_core.package_identification:_identify(src/navigation2-humble/nav2_theta_star_planner) by extension 'ignore_ament_install'
[1.301s] Level 1:colcon.colcon_core.package_identification:_identify(src/navigation2-humble/nav2_theta_star_planner) by extensions ['colcon_pkg']
[1.301s] Level 1:colcon.colcon_core.package_identification:_identify(src/navigation2-humble/nav2_theta_star_planner) by extension 'colcon_pkg'
[1.301s] Level 1:colcon.colcon_core.package_identification:_identify(src/navigation2-humble/nav2_theta_star_planner) by extensions ['colcon_meta']
[1.301s] Level 1:colcon.colcon_core.package_identification:_identify(src/navigation2-humble/nav2_theta_star_planner) by extension 'colcon_meta'
[1.301s] Level 1:colcon.colcon_core.package_identification:_identify(src/navigation2-humble/nav2_theta_star_planner) by extensions ['ros']
[1.301s] Level 1:colcon.colcon_core.package_identification:_identify(src/navigation2-humble/nav2_theta_star_planner) by extension 'ros'
[1.303s] DEBUG:colcon.colcon_core.package_identification:Package 'src/navigation2-humble/nav2_theta_star_planner' with type 'ros.ament_cmake' and name 'nav2_theta_star_planner'
[1.303s] Level 1:colcon.colcon_core.package_identification:_identify(src/navigation2-humble/nav2_util) by extensions ['ignore', 'ignore_ament_install']
[1.304s] Level 1:colcon.colcon_core.package_identification:_identify(src/navigation2-humble/nav2_util) by extension 'ignore'
[1.304s] Level 1:colcon.colcon_core.package_identification:_identify(src/navigation2-humble/nav2_util) by extension 'ignore_ament_install'
[1.304s] Level 1:colcon.colcon_core.package_identification:_identify(src/navigation2-humble/nav2_util) by extensions ['colcon_pkg']
[1.304s] Level 1:colcon.colcon_core.package_identification:_identify(src/navigation2-humble/nav2_util) by extension 'colcon_pkg'
[1.304s] Level 1:colcon.colcon_core.package_identification:_identify(src/navigation2-humble/nav2_util) by extensions ['colcon_meta']
[1.304s] Level 1:colcon.colcon_core.package_identification:_identify(src/navigation2-humble/nav2_util) by extension 'colcon_meta'
[1.304s] Level 1:colcon.colcon_core.package_identification:_identify(src/navigation2-humble/nav2_util) by extensions ['ros']
[1.304s] Level 1:colcon.colcon_core.package_identification:_identify(src/navigation2-humble/nav2_util) by extension 'ros'
[1.307s] DEBUG:colcon.colcon_core.package_identification:Package 'src/navigation2-humble/nav2_util' with type 'ros.ament_cmake' and name 'nav2_util'
[1.307s] Level 1:colcon.colcon_core.package_identification:_identify(src/navigation2-humble/nav2_velocity_smoother) by extensions ['ignore', 'ignore_ament_install']
[1.307s] Level 1:colcon.colcon_core.package_identification:_identify(src/navigation2-humble/nav2_velocity_smoother) by extension 'ignore'
[1.307s] Level 1:colcon.colcon_core.package_identification:_identify(src/navigation2-humble/nav2_velocity_smoother) by extension 'ignore_ament_install'
[1.307s] Level 1:colcon.colcon_core.package_identification:_identify(src/navigation2-humble/nav2_velocity_smoother) by extensions ['colcon_pkg']
[1.308s] Level 1:colcon.colcon_core.package_identification:_identify(src/navigation2-humble/nav2_velocity_smoother) by extension 'colcon_pkg'
[1.308s] Level 1:colcon.colcon_core.package_identification:_identify(src/navigation2-humble/nav2_velocity_smoother) by extensions ['colcon_meta']
[1.308s] Level 1:colcon.colcon_core.package_identification:_identify(src/navigation2-humble/nav2_velocity_smoother) by extension 'colcon_meta'
[1.308s] Level 1:colcon.colcon_core.package_identification:_identify(src/navigation2-humble/nav2_velocity_smoother) by extensions ['ros']
[1.308s] Level 1:colcon.colcon_core.package_identification:_identify(src/navigation2-humble/nav2_velocity_smoother) by extension 'ros'
[1.309s] DEBUG:colcon.colcon_core.package_identification:Package 'src/navigation2-humble/nav2_velocity_smoother' with type 'ros.ament_cmake' and name 'nav2_velocity_smoother'
[1.309s] Level 1:colcon.colcon_core.package_identification:_identify(src/navigation2-humble/nav2_voxel_grid) by extensions ['ignore', 'ignore_ament_install']
[1.310s] Level 1:colcon.colcon_core.package_identification:_identify(src/navigation2-humble/nav2_voxel_grid) by extension 'ignore'
[1.310s] Level 1:colcon.colcon_core.package_identification:_identify(src/navigation2-humble/nav2_voxel_grid) by extension 'ignore_ament_install'
[1.310s] Level 1:colcon.colcon_core.package_identification:_identify(src/navigation2-humble/nav2_voxel_grid) by extensions ['colcon_pkg']
[1.310s] Level 1:colcon.colcon_core.package_identification:_identify(src/navigation2-humble/nav2_voxel_grid) by extension 'colcon_pkg'
[1.310s] Level 1:colcon.colcon_core.package_identification:_identify(src/navigation2-humble/nav2_voxel_grid) by extensions ['colcon_meta']
[1.310s] Level 1:colcon.colcon_core.package_identification:_identify(src/navigation2-humble/nav2_voxel_grid) by extension 'colcon_meta'
[1.310s] Level 1:colcon.colcon_core.package_identification:_identify(src/navigation2-humble/nav2_voxel_grid) by extensions ['ros']
[1.310s] Level 1:colcon.colcon_core.package_identification:_identify(src/navigation2-humble/nav2_voxel_grid) by extension 'ros'
[1.311s] DEBUG:colcon.colcon_core.package_identification:Package 'src/navigation2-humble/nav2_voxel_grid' with type 'ros.ament_cmake' and name 'nav2_voxel_grid'
[1.311s] Level 1:colcon.colcon_core.package_identification:_identify(src/navigation2-humble/nav2_waypoint_follower) by extensions ['ignore', 'ignore_ament_install']
[1.312s] Level 1:colcon.colcon_core.package_identification:_identify(src/navigation2-humble/nav2_waypoint_follower) by extension 'ignore'
[1.312s] Level 1:colcon.colcon_core.package_identification:_identify(src/navigation2-humble/nav2_waypoint_follower) by extension 'ignore_ament_install'
[1.312s] Level 1:colcon.colcon_core.package_identification:_identify(src/navigation2-humble/nav2_waypoint_follower) by extensions ['colcon_pkg']
[1.312s] Level 1:colcon.colcon_core.package_identification:_identify(src/navigation2-humble/nav2_waypoint_follower) by extension 'colcon_pkg'
[1.312s] Level 1:colcon.colcon_core.package_identification:_identify(src/navigation2-humble/nav2_waypoint_follower) by extensions ['colcon_meta']
[1.312s] Level 1:colcon.colcon_core.package_identification:_identify(src/navigation2-humble/nav2_waypoint_follower) by extension 'colcon_meta'
[1.312s] Level 1:colcon.colcon_core.package_identification:_identify(src/navigation2-humble/nav2_waypoint_follower) by extensions ['ros']
[1.312s] Level 1:colcon.colcon_core.package_identification:_identify(src/navigation2-humble/nav2_waypoint_follower) by extension 'ros'
[1.314s] DEBUG:colcon.colcon_core.package_identification:Package 'src/navigation2-humble/nav2_waypoint_follower' with type 'ros.ament_cmake' and name 'nav2_waypoint_follower'
[1.315s] Level 1:colcon.colcon_core.package_identification:_identify(src/navigation2-humble/navigation2) by extensions ['ignore', 'ignore_ament_install']
[1.315s] Level 1:colcon.colcon_core.package_identification:_identify(src/navigation2-humble/navigation2) by extension 'ignore'
[1.315s] Level 1:colcon.colcon_core.package_identification:_identify(src/navigation2-humble/navigation2) by extension 'ignore_ament_install'
[1.315s] Level 1:colcon.colcon_core.package_identification:_identify(src/navigation2-humble/navigation2) by extensions ['colcon_pkg']
[1.315s] Level 1:colcon.colcon_core.package_identification:_identify(src/navigation2-humble/navigation2) by extension 'colcon_pkg'
[1.315s] Level 1:colcon.colcon_core.package_identification:_identify(src/navigation2-humble/navigation2) by extensions ['colcon_meta']
[1.315s] Level 1:colcon.colcon_core.package_identification:_identify(src/navigation2-humble/navigation2) by extension 'colcon_meta'
[1.315s] Level 1:colcon.colcon_core.package_identification:_identify(src/navigation2-humble/navigation2) by extensions ['ros']
[1.315s] Level 1:colcon.colcon_core.package_identification:_identify(src/navigation2-humble/navigation2) by extension 'ros'
[1.317s] DEBUG:colcon.colcon_core.package_identification:Package 'src/navigation2-humble/navigation2' with type 'ros.ament_cmake' and name 'navigation2'
[1.317s] Level 1:colcon.colcon_core.package_identification:_identify(src/navigation2-humble/tools) by extensions ['ignore', 'ignore_ament_install']
[1.317s] Level 1:colcon.colcon_core.package_identification:_identify(src/navigation2-humble/tools) by extension 'ignore'
[1.317s] Level 1:colcon.colcon_core.package_identification:_identify(src/navigation2-humble/tools) by extension 'ignore_ament_install'
[1.317s] Level 1:colcon.colcon_core.package_identification:_identify(src/navigation2-humble/tools) by extensions ['colcon_pkg']
[1.317s] Level 1:colcon.colcon_core.package_identification:_identify(src/navigation2-humble/tools) by extension 'colcon_pkg'
[1.317s] Level 1:colcon.colcon_core.package_identification:_identify(src/navigation2-humble/tools) by extensions ['colcon_meta']
[1.317s] Level 1:colcon.colcon_core.package_identification:_identify(src/navigation2-humble/tools) by extension 'colcon_meta'
[1.317s] Level 1:colcon.colcon_core.package_identification:_identify(src/navigation2-humble/tools) by extensions ['ros']
[1.318s] Level 1:colcon.colcon_core.package_identification:_identify(src/navigation2-humble/tools) by extension 'ros'
[1.318s] Level 1:colcon.colcon_core.package_identification:_identify(src/navigation2-humble/tools) by extensions ['cmake', 'python']
[1.318s] Level 1:colcon.colcon_core.package_identification:_identify(src/navigation2-humble/tools) by extension 'cmake'
[1.318s] Level 1:colcon.colcon_core.package_identification:_identify(src/navigation2-humble/tools) by extension 'python'
[1.318s] Level 1:colcon.colcon_core.package_identification:_identify(src/navigation2-humble/tools) by extensions ['python_setup_py']
[1.318s] Level 1:colcon.colcon_core.package_identification:_identify(src/navigation2-humble/tools) by extension 'python_setup_py'
[1.318s] Level 1:colcon.colcon_core.package_identification:_identify(src/navigation2-humble/tools/planner_benchmarking) by extensions ['ignore', 'ignore_ament_install']
[1.318s] Level 1:colcon.colcon_core.package_identification:_identify(src/navigation2-humble/tools/planner_benchmarking) by extension 'ignore'
[1.318s] Level 1:colcon.colcon_core.package_identification:_identify(src/navigation2-humble/tools/planner_benchmarking) by extension 'ignore_ament_install'
[1.319s] Level 1:colcon.colcon_core.package_identification:_identify(src/navigation2-humble/tools/planner_benchmarking) by extensions ['colcon_pkg']
[1.319s] Level 1:colcon.colcon_core.package_identification:_identify(src/navigation2-humble/tools/planner_benchmarking) by extension 'colcon_pkg'
[1.319s] Level 1:colcon.colcon_core.package_identification:_identify(src/navigation2-humble/tools/planner_benchmarking) by extensions ['colcon_meta']
[1.319s] Level 1:colcon.colcon_core.package_identification:_identify(src/navigation2-humble/tools/planner_benchmarking) by extension 'colcon_meta'
[1.319s] Level 1:colcon.colcon_core.package_identification:_identify(src/navigation2-humble/tools/planner_benchmarking) by extensions ['ros']
[1.319s] Level 1:colcon.colcon_core.package_identification:_identify(src/navigation2-humble/tools/planner_benchmarking) by extension 'ros'
[1.319s] Level 1:colcon.colcon_core.package_identification:_identify(src/navigation2-humble/tools/planner_benchmarking) by extensions ['cmake', 'python']
[1.319s] Level 1:colcon.colcon_core.package_identification:_identify(src/navigation2-humble/tools/planner_benchmarking) by extension 'cmake'
[1.319s] Level 1:colcon.colcon_core.package_identification:_identify(src/navigation2-humble/tools/planner_benchmarking) by extension 'python'
[1.319s] Level 1:colcon.colcon_core.package_identification:_identify(src/navigation2-humble/tools/planner_benchmarking) by extensions ['python_setup_py']
[1.319s] Level 1:colcon.colcon_core.package_identification:_identify(src/navigation2-humble/tools/planner_benchmarking) by extension 'python_setup_py'
[1.320s] Level 1:colcon.colcon_core.package_identification:_identify(src/navigation2-humble/tools/smoother_benchmarking) by extensions ['ignore', 'ignore_ament_install']
[1.320s] Level 1:colcon.colcon_core.package_identification:_identify(src/navigation2-humble/tools/smoother_benchmarking) by extension 'ignore'
[1.320s] Level 1:colcon.colcon_core.package_identification:_identify(src/navigation2-humble/tools/smoother_benchmarking) by extension 'ignore_ament_install'
[1.320s] Level 1:colcon.colcon_core.package_identification:_identify(src/navigation2-humble/tools/smoother_benchmarking) by extensions ['colcon_pkg']
[1.320s] Level 1:colcon.colcon_core.package_identification:_identify(src/navigation2-humble/tools/smoother_benchmarking) by extension 'colcon_pkg'
[1.320s] Level 1:colcon.colcon_core.package_identification:_identify(src/navigation2-humble/tools/smoother_benchmarking) by extensions ['colcon_meta']
[1.320s] Level 1:colcon.colcon_core.package_identification:_identify(src/navigation2-humble/tools/smoother_benchmarking) by extension 'colcon_meta'
[1.320s] Level 1:colcon.colcon_core.package_identification:_identify(src/navigation2-humble/tools/smoother_benchmarking) by extensions ['ros']
[1.320s] Level 1:colcon.colcon_core.package_identification:_identify(src/navigation2-humble/tools/smoother_benchmarking) by extension 'ros'
[1.320s] Level 1:colcon.colcon_core.package_identification:_identify(src/navigation2-humble/tools/smoother_benchmarking) by extensions ['cmake', 'python']
[1.320s] Level 1:colcon.colcon_core.package_identification:_identify(src/navigation2-humble/tools/smoother_benchmarking) by extension 'cmake'
[1.320s] Level 1:colcon.colcon_core.package_identification:_identify(src/navigation2-humble/tools/smoother_benchmarking) by extension 'python'
[1.320s] Level 1:colcon.colcon_core.package_identification:_identify(src/navigation2-humble/tools/smoother_benchmarking) by extensions ['python_setup_py']
[1.321s] Level 1:colcon.colcon_core.package_identification:_identify(src/navigation2-humble/tools/smoother_benchmarking) by extension 'python_setup_py'
[1.321s] Level 1:colcon.colcon_core.package_identification:_identify(src/navigation2-humble/tools/smoother_benchmarking/maps) by extensions ['ignore', 'ignore_ament_install']
[1.321s] Level 1:colcon.colcon_core.package_identification:_identify(src/navigation2-humble/tools/smoother_benchmarking/maps) by extension 'ignore'
[1.321s] Level 1:colcon.colcon_core.package_identification:_identify(src/navigation2-humble/tools/smoother_benchmarking/maps) by extension 'ignore_ament_install'
[1.321s] Level 1:colcon.colcon_core.package_identification:_identify(src/navigation2-humble/tools/smoother_benchmarking/maps) by extensions ['colcon_pkg']
[1.321s] Level 1:colcon.colcon_core.package_identification:_identify(src/navigation2-humble/tools/smoother_benchmarking/maps) by extension 'colcon_pkg'
[1.321s] Level 1:colcon.colcon_core.package_identification:_identify(src/navigation2-humble/tools/smoother_benchmarking/maps) by extensions ['colcon_meta']
[1.321s] Level 1:colcon.colcon_core.package_identification:_identify(src/navigation2-humble/tools/smoother_benchmarking/maps) by extension 'colcon_meta'
[1.321s] Level 1:colcon.colcon_core.package_identification:_identify(src/navigation2-humble/tools/smoother_benchmarking/maps) by extensions ['ros']
[1.321s] Level 1:colcon.colcon_core.package_identification:_identify(src/navigation2-humble/tools/smoother_benchmarking/maps) by extension 'ros'
[1.322s] Level 1:colcon.colcon_core.package_identification:_identify(src/navigation2-humble/tools/smoother_benchmarking/maps) by extensions ['cmake', 'python']
[1.322s] Level 1:colcon.colcon_core.package_identification:_identify(src/navigation2-humble/tools/smoother_benchmarking/maps) by extension 'cmake'
[1.322s] Level 1:colcon.colcon_core.package_identification:_identify(src/navigation2-humble/tools/smoother_benchmarking/maps) by extension 'python'
[1.322s] Level 1:colcon.colcon_core.package_identification:_identify(src/navigation2-humble/tools/smoother_benchmarking/maps) by extensions ['python_setup_py']
[1.322s] Level 1:colcon.colcon_core.package_identification:_identify(src/navigation2-humble/tools/smoother_benchmarking/maps) by extension 'python_setup_py'
[1.322s] Level 1:colcon.colcon_core.package_identification:_identify(src/ollama_ros_chat-ros2) by extensions ['ignore', 'ignore_ament_install']
[1.322s] Level 1:colcon.colcon_core.package_identification:_identify(src/ollama_ros_chat-ros2) by extension 'ignore'
[1.322s] Level 1:colcon.colcon_core.package_identification:_identify(src/ollama_ros_chat-ros2) by extension 'ignore_ament_install'
[1.322s] Level 1:colcon.colcon_core.package_identification:_identify(src/ollama_ros_chat-ros2) by extensions ['colcon_pkg']
[1.322s] Level 1:colcon.colcon_core.package_identification:_identify(src/ollama_ros_chat-ros2) by extension 'colcon_pkg'
[1.322s] Level 1:colcon.colcon_core.package_identification:_identify(src/ollama_ros_chat-ros2) by extensions ['colcon_meta']
[1.322s] Level 1:colcon.colcon_core.package_identification:_identify(src/ollama_ros_chat-ros2) by extension 'colcon_meta'
[1.323s] Level 1:colcon.colcon_core.package_identification:_identify(src/ollama_ros_chat-ros2) by extensions ['ros']
[1.323s] Level 1:colcon.colcon_core.package_identification:_identify(src/ollama_ros_chat-ros2) by extension 'ros'
[1.323s] Level 1:colcon.colcon_core.package_identification:_identify(src/ollama_ros_chat-ros2) by extensions ['cmake', 'python']
[1.323s] Level 1:colcon.colcon_core.package_identification:_identify(src/ollama_ros_chat-ros2) by extension 'cmake'
[1.323s] Level 1:colcon.colcon_core.package_identification:_identify(src/ollama_ros_chat-ros2) by extension 'python'
[1.323s] Level 1:colcon.colcon_core.package_identification:_identify(src/ollama_ros_chat-ros2) by extensions ['python_setup_py']
[1.323s] Level 1:colcon.colcon_core.package_identification:_identify(src/ollama_ros_chat-ros2) by extension 'python_setup_py'
[1.323s] Level 1:colcon.colcon_core.package_identification:_identify(src/ollama_ros_chat-ros2/ollama_ros_chat) by extensions ['ignore', 'ignore_ament_install']
[1.323s] Level 1:colcon.colcon_core.package_identification:_identify(src/ollama_ros_chat-ros2/ollama_ros_chat) by extension 'ignore'
[1.323s] Level 1:colcon.colcon_core.package_identification:_identify(src/ollama_ros_chat-ros2/ollama_ros_chat) by extension 'ignore_ament_install'
[1.323s] Level 1:colcon.colcon_core.package_identification:_identify(src/ollama_ros_chat-ros2/ollama_ros_chat) by extensions ['colcon_pkg']
[1.323s] Level 1:colcon.colcon_core.package_identification:_identify(src/ollama_ros_chat-ros2/ollama_ros_chat) by extension 'colcon_pkg'
[1.324s] Level 1:colcon.colcon_core.package_identification:_identify(src/ollama_ros_chat-ros2/ollama_ros_chat) by extensions ['colcon_meta']
[1.324s] Level 1:colcon.colcon_core.package_identification:_identify(src/ollama_ros_chat-ros2/ollama_ros_chat) by extension 'colcon_meta'
[1.324s] Level 1:colcon.colcon_core.package_identification:_identify(src/ollama_ros_chat-ros2/ollama_ros_chat) by extensions ['ros']
[1.324s] Level 1:colcon.colcon_core.package_identification:_identify(src/ollama_ros_chat-ros2/ollama_ros_chat) by extension 'ros'
[1.325s] DEBUG:colcon.colcon_core.package_identification:Package 'src/ollama_ros_chat-ros2/ollama_ros_chat' with type 'ros.ament_python' and name 'ollama_ros_chat'
[1.325s] Level 1:colcon.colcon_core.package_identification:_identify(src/ollama_ros_chat-ros2/ollama_ros_msgs) by extensions ['ignore', 'ignore_ament_install']
[1.325s] Level 1:colcon.colcon_core.package_identification:_identify(src/ollama_ros_chat-ros2/ollama_ros_msgs) by extension 'ignore'
[1.326s] Level 1:colcon.colcon_core.package_identification:_identify(src/ollama_ros_chat-ros2/ollama_ros_msgs) by extension 'ignore_ament_install'
[1.326s] Level 1:colcon.colcon_core.package_identification:_identify(src/ollama_ros_chat-ros2/ollama_ros_msgs) by extensions ['colcon_pkg']
[1.326s] Level 1:colcon.colcon_core.package_identification:_identify(src/ollama_ros_chat-ros2/ollama_ros_msgs) by extension 'colcon_pkg'
[1.326s] Level 1:colcon.colcon_core.package_identification:_identify(src/ollama_ros_chat-ros2/ollama_ros_msgs) by extensions ['colcon_meta']
[1.326s] Level 1:colcon.colcon_core.package_identification:_identify(src/ollama_ros_chat-ros2/ollama_ros_msgs) by extension 'colcon_meta'
[1.326s] Level 1:colcon.colcon_core.package_identification:_identify(src/ollama_ros_chat-ros2/ollama_ros_msgs) by extensions ['ros']
[1.326s] Level 1:colcon.colcon_core.package_identification:_identify(src/ollama_ros_chat-ros2/ollama_ros_msgs) by extension 'ros'
[1.327s] DEBUG:colcon.colcon_core.package_identification:Package 'src/ollama_ros_chat-ros2/ollama_ros_msgs' with type 'ros.ament_cmake' and name 'ollama_ros_msgs'
[1.327s] Level 1:colcon.colcon_core.package_identification:_identify(src/ros2_astra_camera-master) by extensions ['ignore', 'ignore_ament_install']
[1.327s] Level 1:colcon.colcon_core.package_identification:_identify(src/ros2_astra_camera-master) by extension 'ignore'
[1.327s] Level 1:colcon.colcon_core.package_identification:_identify(src/ros2_astra_camera-master) by extension 'ignore_ament_install'
[1.328s] Level 1:colcon.colcon_core.package_identification:_identify(src/ros2_astra_camera-master) by extensions ['colcon_pkg']
[1.328s] Level 1:colcon.colcon_core.package_identification:_identify(src/ros2_astra_camera-master) by extension 'colcon_pkg'
[1.328s] Level 1:colcon.colcon_core.package_identification:_identify(src/ros2_astra_camera-master) by extensions ['colcon_meta']
[1.328s] Level 1:colcon.colcon_core.package_identification:_identify(src/ros2_astra_camera-master) by extension 'colcon_meta'
[1.328s] Level 1:colcon.colcon_core.package_identification:_identify(src/ros2_astra_camera-master) by extensions ['ros']
[1.328s] Level 1:colcon.colcon_core.package_identification:_identify(src/ros2_astra_camera-master) by extension 'ros'
[1.328s] Level 1:colcon.colcon_core.package_identification:_identify(src/ros2_astra_camera-master) by extensions ['cmake', 'python']
[1.328s] Level 1:colcon.colcon_core.package_identification:_identify(src/ros2_astra_camera-master) by extension 'cmake'
[1.328s] Level 1:colcon.colcon_core.package_identification:_identify(src/ros2_astra_camera-master) by extension 'python'
[1.328s] Level 1:colcon.colcon_core.package_identification:_identify(src/ros2_astra_camera-master) by extensions ['python_setup_py']
[1.328s] Level 1:colcon.colcon_core.package_identification:_identify(src/ros2_astra_camera-master) by extension 'python_setup_py'
[1.328s] Level 1:colcon.colcon_core.package_identification:_identify(src/ros2_astra_camera-master/astra_camera) by extensions ['ignore', 'ignore_ament_install']
[1.329s] Level 1:colcon.colcon_core.package_identification:_identify(src/ros2_astra_camera-master/astra_camera) by extension 'ignore'
[1.329s] Level 1:colcon.colcon_core.package_identification:_identify(src/ros2_astra_camera-master/astra_camera) by extension 'ignore_ament_install'
[1.329s] Level 1:colcon.colcon_core.package_identification:_identify(src/ros2_astra_camera-master/astra_camera) by extensions ['colcon_pkg']
[1.329s] Level 1:colcon.colcon_core.package_identification:_identify(src/ros2_astra_camera-master/astra_camera) by extension 'colcon_pkg'
[1.329s] Level 1:colcon.colcon_core.package_identification:_identify(src/ros2_astra_camera-master/astra_camera) by extensions ['colcon_meta']
[1.329s] Level 1:colcon.colcon_core.package_identification:_identify(src/ros2_astra_camera-master/astra_camera) by extension 'colcon_meta'
[1.329s] Level 1:colcon.colcon_core.package_identification:_identify(src/ros2_astra_camera-master/astra_camera) by extensions ['ros']
[1.329s] Level 1:colcon.colcon_core.package_identification:_identify(src/ros2_astra_camera-master/astra_camera) by extension 'ros'
[1.332s] DEBUG:colcon.colcon_core.package_identification:Package 'src/ros2_astra_camera-master/astra_camera' with type 'ros.ament_cmake' and name 'astra_camera'
[1.332s] Level 1:colcon.colcon_core.package_identification:_identify(src/ros2_astra_camera-master/astra_camera_msgs) by extensions ['ignore', 'ignore_ament_install']
[1.332s] Level 1:colcon.colcon_core.package_identification:_identify(src/ros2_astra_camera-master/astra_camera_msgs) by extension 'ignore'
[1.333s] Level 1:colcon.colcon_core.package_identification:_identify(src/ros2_astra_camera-master/astra_camera_msgs) by extension 'ignore_ament_install'
[1.333s] Level 1:colcon.colcon_core.package_identification:_identify(src/ros2_astra_camera-master/astra_camera_msgs) by extensions ['colcon_pkg']
[1.333s] Level 1:colcon.colcon_core.package_identification:_identify(src/ros2_astra_camera-master/astra_camera_msgs) by extension 'colcon_pkg'
[1.333s] Level 1:colcon.colcon_core.package_identification:_identify(src/ros2_astra_camera-master/astra_camera_msgs) by extensions ['colcon_meta']
[1.333s] Level 1:colcon.colcon_core.package_identification:_identify(src/ros2_astra_camera-master/astra_camera_msgs) by extension 'colcon_meta'
[1.333s] Level 1:colcon.colcon_core.package_identification:_identify(src/ros2_astra_camera-master/astra_camera_msgs) by extensions ['ros']
[1.333s] Level 1:colcon.colcon_core.package_identification:_identify(src/ros2_astra_camera-master/astra_camera_msgs) by extension 'ros'
[1.334s] DEBUG:colcon.colcon_core.package_identification:Package 'src/ros2_astra_camera-master/astra_camera_msgs' with type 'ros.ament_cmake' and name 'astra_camera_msgs'
[1.334s] Level 1:colcon.colcon_core.package_identification:_identify(src/simple_follower_ros2) by extensions ['ignore', 'ignore_ament_install']
[1.334s] Level 1:colcon.colcon_core.package_identification:_identify(src/simple_follower_ros2) by extension 'ignore'
[1.334s] Level 1:colcon.colcon_core.package_identification:_identify(src/simple_follower_ros2) by extension 'ignore_ament_install'
[1.334s] Level 1:colcon.colcon_core.package_identification:_identify(src/simple_follower_ros2) by extensions ['colcon_pkg']
[1.334s] Level 1:colcon.colcon_core.package_identification:_identify(src/simple_follower_ros2) by extension 'colcon_pkg'
[1.335s] Level 1:colcon.colcon_core.package_identification:_identify(src/simple_follower_ros2) by extensions ['colcon_meta']
[1.335s] Level 1:colcon.colcon_core.package_identification:_identify(src/simple_follower_ros2) by extension 'colcon_meta'
[1.335s] Level 1:colcon.colcon_core.package_identification:_identify(src/simple_follower_ros2) by extensions ['ros']
[1.335s] Level 1:colcon.colcon_core.package_identification:_identify(src/simple_follower_ros2) by extension 'ros'
[1.336s] DEBUG:colcon.colcon_core.package_identification:Package 'src/simple_follower_ros2' with type 'ros.ament_python' and name 'simple_follower_ros2'
[1.336s] Level 1:colcon.colcon_core.package_identification:_identify(src/tts_make_ros2) by extensions ['ignore', 'ignore_ament_install']
[1.336s] Level 1:colcon.colcon_core.package_identification:_identify(src/tts_make_ros2) by extension 'ignore'
[1.336s] Level 1:colcon.colcon_core.package_identification:_identify(src/tts_make_ros2) by extension 'ignore_ament_install'
[1.336s] Level 1:colcon.colcon_core.package_identification:_identify(src/tts_make_ros2) by extensions ['colcon_pkg']
[1.336s] Level 1:colcon.colcon_core.package_identification:_identify(src/tts_make_ros2) by extension 'colcon_pkg'
[1.336s] Level 1:colcon.colcon_core.package_identification:_identify(src/tts_make_ros2) by extensions ['colcon_meta']
[1.337s] Level 1:colcon.colcon_core.package_identification:_identify(src/tts_make_ros2) by extension 'colcon_meta'
[1.337s] Level 1:colcon.colcon_core.package_identification:_identify(src/tts_make_ros2) by extensions ['ros']
[1.337s] Level 1:colcon.colcon_core.package_identification:_identify(src/tts_make_ros2) by extension 'ros'
[1.338s] DEBUG:colcon.colcon_core.package_identification:Package 'src/tts_make_ros2' with type 'ros.ament_cmake' and name 'tts'
[1.338s] Level 1:colcon.colcon_core.package_identification:_identify(src/turn_on_wheeltec_robot) by extensions ['ignore', 'ignore_ament_install']
[1.338s] Level 1:colcon.colcon_core.package_identification:_identify(src/turn_on_wheeltec_robot) by extension 'ignore'
[1.338s] Level 1:colcon.colcon_core.package_identification:_identify(src/turn_on_wheeltec_robot) by extension 'ignore_ament_install'
[1.338s] Level 1:colcon.colcon_core.package_identification:_identify(src/turn_on_wheeltec_robot) by extensions ['colcon_pkg']
[1.338s] Level 1:colcon.colcon_core.package_identification:_identify(src/turn_on_wheeltec_robot) by extension 'colcon_pkg'
[1.338s] Level 1:colcon.colcon_core.package_identification:_identify(src/turn_on_wheeltec_robot) by extensions ['colcon_meta']
[1.338s] Level 1:colcon.colcon_core.package_identification:_identify(src/turn_on_wheeltec_robot) by extension 'colcon_meta'
[1.338s] Level 1:colcon.colcon_core.package_identification:_identify(src/turn_on_wheeltec_robot) by extensions ['ros']
[1.338s] Level 1:colcon.colcon_core.package_identification:_identify(src/turn_on_wheeltec_robot) by extension 'ros'
[1.341s] DEBUG:colcon.colcon_core.package_identification:Package 'src/turn_on_wheeltec_robot' with type 'ros.ament_cmake' and name 'turn_on_wheeltec_robot'
[1.341s] Level 1:colcon.colcon_core.package_identification:_identify(src/ultralytics_ros2) by extensions ['ignore', 'ignore_ament_install']
[1.341s] Level 1:colcon.colcon_core.package_identification:_identify(src/ultralytics_ros2) by extension 'ignore'
[1.341s] Level 1:colcon.colcon_core.package_identification:_identify(src/ultralytics_ros2) by extension 'ignore_ament_install'
[1.342s] Level 1:colcon.colcon_core.package_identification:_identify(src/ultralytics_ros2) by extensions ['colcon_pkg']
[1.342s] Level 1:colcon.colcon_core.package_identification:_identify(src/ultralytics_ros2) by extension 'colcon_pkg'
[1.342s] Level 1:colcon.colcon_core.package_identification:_identify(src/ultralytics_ros2) by extensions ['colcon_meta']
[1.342s] Level 1:colcon.colcon_core.package_identification:_identify(src/ultralytics_ros2) by extension 'colcon_meta'
[1.342s] Level 1:colcon.colcon_core.package_identification:_identify(src/ultralytics_ros2) by extensions ['ros']
[1.342s] Level 1:colcon.colcon_core.package_identification:_identify(src/ultralytics_ros2) by extension 'ros'
[1.343s] DEBUG:colcon.colcon_core.package_identification:Package 'src/ultralytics_ros2' with type 'ros.ament_python' and name 'ultralytics_ros2'
[1.344s] Level 1:colcon.colcon_core.package_identification:_identify(src/usb_cam-ros2) by extensions ['ignore', 'ignore_ament_install']
[1.344s] Level 1:colcon.colcon_core.package_identification:_identify(src/usb_cam-ros2) by extension 'ignore'
[1.344s] Level 1:colcon.colcon_core.package_identification:_identify(src/usb_cam-ros2) by extension 'ignore_ament_install'
[1.344s] Level 1:colcon.colcon_core.package_identification:_identify(src/usb_cam-ros2) by extensions ['colcon_pkg']
[1.344s] Level 1:colcon.colcon_core.package_identification:_identify(src/usb_cam-ros2) by extension 'colcon_pkg'
[1.344s] Level 1:colcon.colcon_core.package_identification:_identify(src/usb_cam-ros2) by extensions ['colcon_meta']
[1.344s] Level 1:colcon.colcon_core.package_identification:_identify(src/usb_cam-ros2) by extension 'colcon_meta'
[1.344s] Level 1:colcon.colcon_core.package_identification:_identify(src/usb_cam-ros2) by extensions ['ros']
[1.344s] Level 1:colcon.colcon_core.package_identification:_identify(src/usb_cam-ros2) by extension 'ros'
[1.346s] DEBUG:colcon.colcon_core.package_identification:Package 'src/usb_cam-ros2' with type 'ros.ament_cmake' and name 'usb_cam'
[1.347s] Level 1:colcon.colcon_core.package_identification:_identify(src/web_video_server-ros2) by extensions ['ignore', 'ignore_ament_install']
[1.347s] Level 1:colcon.colcon_core.package_identification:_identify(src/web_video_server-ros2) by extension 'ignore'
[1.347s] Level 1:colcon.colcon_core.package_identification:_identify(src/web_video_server-ros2) by extension 'ignore_ament_install'
[1.347s] Level 1:colcon.colcon_core.package_identification:_identify(src/web_video_server-ros2) by extensions ['colcon_pkg']
[1.347s] Level 1:colcon.colcon_core.package_identification:_identify(src/web_video_server-ros2) by extension 'colcon_pkg'
[1.347s] Level 1:colcon.colcon_core.package_identification:_identify(src/web_video_server-ros2) by extensions ['colcon_meta']
[1.347s] Level 1:colcon.colcon_core.package_identification:_identify(src/web_video_server-ros2) by extension 'colcon_meta'
[1.347s] Level 1:colcon.colcon_core.package_identification:_identify(src/web_video_server-ros2) by extensions ['ros']
[1.347s] Level 1:colcon.colcon_core.package_identification:_identify(src/web_video_server-ros2) by extension 'ros'
[1.347s] Level 1:colcon.colcon_core.package_identification:_identify(src/web_video_server-ros2) by extensions ['cmake', 'python']
[1.348s] Level 1:colcon.colcon_core.package_identification:_identify(src/web_video_server-ros2) by extension 'cmake'
[1.348s] Level 1:colcon.colcon_core.package_identification:_identify(src/web_video_server-ros2) by extension 'python'
[1.348s] Level 1:colcon.colcon_core.package_identification:_identify(src/web_video_server-ros2) by extensions ['python_setup_py']
[1.348s] Level 1:colcon.colcon_core.package_identification:_identify(src/web_video_server-ros2) by extension 'python_setup_py'
[1.348s] Level 1:colcon.colcon_core.package_identification:_identify(src/web_video_server-ros2/web_video_server-ros2) by extensions ['ignore', 'ignore_ament_install']
[1.348s] Level 1:colcon.colcon_core.package_identification:_identify(src/web_video_server-ros2/web_video_server-ros2) by extension 'ignore'
[1.348s] Level 1:colcon.colcon_core.package_identification:_identify(src/web_video_server-ros2/web_video_server-ros2) by extension 'ignore_ament_install'
[1.348s] Level 1:colcon.colcon_core.package_identification:_identify(src/web_video_server-ros2/web_video_server-ros2) by extensions ['colcon_pkg']
[1.348s] Level 1:colcon.colcon_core.package_identification:_identify(src/web_video_server-ros2/web_video_server-ros2) by extension 'colcon_pkg'
[1.348s] Level 1:colcon.colcon_core.package_identification:_identify(src/web_video_server-ros2/web_video_server-ros2) by extensions ['colcon_meta']
[1.349s] Level 1:colcon.colcon_core.package_identification:_identify(src/web_video_server-ros2/web_video_server-ros2) by extension 'colcon_meta'
[1.349s] Level 1:colcon.colcon_core.package_identification:_identify(src/web_video_server-ros2/web_video_server-ros2) by extensions ['ros']
[1.349s] Level 1:colcon.colcon_core.package_identification:_identify(src/web_video_server-ros2/web_video_server-ros2) by extension 'ros'
[1.350s] DEBUG:colcon.colcon_core.package_identification:Package 'src/web_video_server-ros2/web_video_server-ros2' with type 'ros.ament_cmake' and name 'web_video_server'
[1.350s] Level 1:colcon.colcon_core.package_identification:_identify(src/wheeltec_bodyreader) by extensions ['ignore', 'ignore_ament_install']
[1.350s] Level 1:colcon.colcon_core.package_identification:_identify(src/wheeltec_bodyreader) by extension 'ignore'
[1.351s] Level 1:colcon.colcon_core.package_identification:_identify(src/wheeltec_bodyreader) by extension 'ignore_ament_install'
[1.351s] Level 1:colcon.colcon_core.package_identification:_identify(src/wheeltec_bodyreader) by extensions ['colcon_pkg']
[1.351s] Level 1:colcon.colcon_core.package_identification:_identify(src/wheeltec_bodyreader) by extension 'colcon_pkg'
[1.351s] Level 1:colcon.colcon_core.package_identification:_identify(src/wheeltec_bodyreader) by extensions ['colcon_meta']
[1.351s] Level 1:colcon.colcon_core.package_identification:_identify(src/wheeltec_bodyreader) by extension 'colcon_meta'
[1.351s] Level 1:colcon.colcon_core.package_identification:_identify(src/wheeltec_bodyreader) by extensions ['ros']
[1.351s] Level 1:colcon.colcon_core.package_identification:_identify(src/wheeltec_bodyreader) by extension 'ros'
[1.351s] Level 1:colcon.colcon_core.package_identification:_identify(src/wheeltec_bodyreader) by extensions ['cmake', 'python']
[1.351s] Level 1:colcon.colcon_core.package_identification:_identify(src/wheeltec_bodyreader) by extension 'cmake'
[1.351s] Level 1:colcon.colcon_core.package_identification:_identify(src/wheeltec_bodyreader) by extension 'python'
[1.351s] Level 1:colcon.colcon_core.package_identification:_identify(src/wheeltec_bodyreader) by extensions ['python_setup_py']
[1.351s] Level 1:colcon.colcon_core.package_identification:_identify(src/wheeltec_bodyreader) by extension 'python_setup_py'
[1.352s] Level 1:colcon.colcon_core.package_identification:_identify(src/wheeltec_bodyreader/bodyreader) by extensions ['ignore', 'ignore_ament_install']
[1.352s] Level 1:colcon.colcon_core.package_identification:_identify(src/wheeltec_bodyreader/bodyreader) by extension 'ignore'
[1.352s] Level 1:colcon.colcon_core.package_identification:_identify(src/wheeltec_bodyreader/bodyreader) by extension 'ignore_ament_install'
[1.352s] Level 1:colcon.colcon_core.package_identification:_identify(src/wheeltec_bodyreader/bodyreader) by extensions ['colcon_pkg']
[1.352s] Level 1:colcon.colcon_core.package_identification:_identify(src/wheeltec_bodyreader/bodyreader) by extension 'colcon_pkg'
[1.352s] Level 1:colcon.colcon_core.package_identification:_identify(src/wheeltec_bodyreader/bodyreader) by extensions ['colcon_meta']
[1.352s] Level 1:colcon.colcon_core.package_identification:_identify(src/wheeltec_bodyreader/bodyreader) by extension 'colcon_meta'
[1.352s] Level 1:colcon.colcon_core.package_identification:_identify(src/wheeltec_bodyreader/bodyreader) by extensions ['ros']
[1.352s] Level 1:colcon.colcon_core.package_identification:_identify(src/wheeltec_bodyreader/bodyreader) by extension 'ros'
[1.355s] DEBUG:colcon.colcon_core.package_identification:Package 'src/wheeltec_bodyreader/bodyreader' with type 'ros.ament_cmake' and name 'bodyreader'
[1.355s] Level 1:colcon.colcon_core.package_identification:_identify(src/wheeltec_bodyreader/bodyreader_msg) by extensions ['ignore', 'ignore_ament_install']
[1.355s] Level 1:colcon.colcon_core.package_identification:_identify(src/wheeltec_bodyreader/bodyreader_msg) by extension 'ignore'
[1.355s] Level 1:colcon.colcon_core.package_identification:_identify(src/wheeltec_bodyreader/bodyreader_msg) by extension 'ignore_ament_install'
[1.355s] Level 1:colcon.colcon_core.package_identification:_identify(src/wheeltec_bodyreader/bodyreader_msg) by extensions ['colcon_pkg']
[1.355s] Level 1:colcon.colcon_core.package_identification:_identify(src/wheeltec_bodyreader/bodyreader_msg) by extension 'colcon_pkg'
[1.355s] Level 1:colcon.colcon_core.package_identification:_identify(src/wheeltec_bodyreader/bodyreader_msg) by extensions ['colcon_meta']
[1.356s] Level 1:colcon.colcon_core.package_identification:_identify(src/wheeltec_bodyreader/bodyreader_msg) by extension 'colcon_meta'
[1.356s] Level 1:colcon.colcon_core.package_identification:_identify(src/wheeltec_bodyreader/bodyreader_msg) by extensions ['ros']
[1.356s] Level 1:colcon.colcon_core.package_identification:_identify(src/wheeltec_bodyreader/bodyreader_msg) by extension 'ros'
[1.357s] DEBUG:colcon.colcon_core.package_identification:Package 'src/wheeltec_bodyreader/bodyreader_msg' with type 'ros.ament_cmake' and name 'bodyreader_msg'
[1.357s] Level 1:colcon.colcon_core.package_identification:_identify(src/wheeltec_gps) by extensions ['ignore', 'ignore_ament_install']
[1.357s] Level 1:colcon.colcon_core.package_identification:_identify(src/wheeltec_gps) by extension 'ignore'
[1.357s] Level 1:colcon.colcon_core.package_identification:_identify(src/wheeltec_gps) by extension 'ignore_ament_install'
[1.357s] Level 1:colcon.colcon_core.package_identification:_identify(src/wheeltec_gps) by extensions ['colcon_pkg']
[1.357s] Level 1:colcon.colcon_core.package_identification:_identify(src/wheeltec_gps) by extension 'colcon_pkg'
[1.357s] Level 1:colcon.colcon_core.package_identification:_identify(src/wheeltec_gps) by extensions ['colcon_meta']
[1.357s] Level 1:colcon.colcon_core.package_identification:_identify(src/wheeltec_gps) by extension 'colcon_meta'
[1.357s] Level 1:colcon.colcon_core.package_identification:_identify(src/wheeltec_gps) by extensions ['ros']
[1.357s] Level 1:colcon.colcon_core.package_identification:_identify(src/wheeltec_gps) by extension 'ros'
[1.358s] Level 1:colcon.colcon_core.package_identification:_identify(src/wheeltec_gps) by extensions ['cmake', 'python']
[1.358s] Level 1:colcon.colcon_core.package_identification:_identify(src/wheeltec_gps) by extension 'cmake'
[1.358s] Level 1:colcon.colcon_core.package_identification:_identify(src/wheeltec_gps) by extension 'python'
[1.358s] Level 1:colcon.colcon_core.package_identification:_identify(src/wheeltec_gps) by extensions ['python_setup_py']
[1.358s] Level 1:colcon.colcon_core.package_identification:_identify(src/wheeltec_gps) by extension 'python_setup_py'
[1.358s] Level 1:colcon.colcon_core.package_identification:_identify(src/wheeltec_gps/nmea_msgs) by extensions ['ignore', 'ignore_ament_install']
[1.358s] Level 1:colcon.colcon_core.package_identification:_identify(src/wheeltec_gps/nmea_msgs) by extension 'ignore'
[1.358s] Level 1:colcon.colcon_core.package_identification:_identify(src/wheeltec_gps/nmea_msgs) by extension 'ignore_ament_install'
[1.358s] Level 1:colcon.colcon_core.package_identification:_identify(src/wheeltec_gps/nmea_msgs) by extensions ['colcon_pkg']
[1.358s] Level 1:colcon.colcon_core.package_identification:_identify(src/wheeltec_gps/nmea_msgs) by extension 'colcon_pkg'
[1.359s] Level 1:colcon.colcon_core.package_identification:_identify(src/wheeltec_gps/nmea_msgs) by extensions ['colcon_meta']
[1.359s] Level 1:colcon.colcon_core.package_identification:_identify(src/wheeltec_gps/nmea_msgs) by extension 'colcon_meta'
[1.359s] Level 1:colcon.colcon_core.package_identification:_identify(src/wheeltec_gps/nmea_msgs) by extensions ['ros']
[1.359s] Level 1:colcon.colcon_core.package_identification:_identify(src/wheeltec_gps/nmea_msgs) by extension 'ros'
[1.360s] DEBUG:colcon.colcon_core.package_identification:Package 'src/wheeltec_gps/nmea_msgs' with type 'ros.ament_cmake' and name 'nmea_msgs'
[1.360s] Level 1:colcon.colcon_core.package_identification:_identify(src/wheeltec_gps/nmea_navsat_driver) by extensions ['ignore', 'ignore_ament_install']
[1.360s] Level 1:colcon.colcon_core.package_identification:_identify(src/wheeltec_gps/nmea_navsat_driver) by extension 'ignore'
[1.360s] Level 1:colcon.colcon_core.package_identification:_identify(src/wheeltec_gps/nmea_navsat_driver) by extension 'ignore_ament_install'
[1.360s] Level 1:colcon.colcon_core.package_identification:_identify(src/wheeltec_gps/nmea_navsat_driver) by extensions ['colcon_pkg']
[1.360s] Level 1:colcon.colcon_core.package_identification:_identify(src/wheeltec_gps/nmea_navsat_driver) by extension 'colcon_pkg'
[1.361s] Level 1:colcon.colcon_core.package_identification:_identify(src/wheeltec_gps/nmea_navsat_driver) by extensions ['colcon_meta']
[1.361s] Level 1:colcon.colcon_core.package_identification:_identify(src/wheeltec_gps/nmea_navsat_driver) by extension 'colcon_meta'
[1.361s] Level 1:colcon.colcon_core.package_identification:_identify(src/wheeltec_gps/nmea_navsat_driver) by extensions ['ros']
[1.361s] Level 1:colcon.colcon_core.package_identification:_identify(src/wheeltec_gps/nmea_navsat_driver) by extension 'ros'
[1.363s] DEBUG:colcon.colcon_core.package_identification:Package 'src/wheeltec_gps/nmea_navsat_driver' with type 'ros.ament_python' and name 'nmea_navsat_driver'
[1.363s] Level 1:colcon.colcon_core.package_identification:_identify(src/wheeltec_gps/ublox-ros2) by extensions ['ignore', 'ignore_ament_install']
[1.363s] Level 1:colcon.colcon_core.package_identification:_identify(src/wheeltec_gps/ublox-ros2) by extension 'ignore'
[1.363s] Level 1:colcon.colcon_core.package_identification:_identify(src/wheeltec_gps/ublox-ros2) by extension 'ignore_ament_install'
[1.363s] Level 1:colcon.colcon_core.package_identification:_identify(src/wheeltec_gps/ublox-ros2) by extensions ['colcon_pkg']
[1.363s] Level 1:colcon.colcon_core.package_identification:_identify(src/wheeltec_gps/ublox-ros2) by extension 'colcon_pkg'
[1.364s] Level 1:colcon.colcon_core.package_identification:_identify(src/wheeltec_gps/ublox-ros2) by extensions ['colcon_meta']
[1.364s] Level 1:colcon.colcon_core.package_identification:_identify(src/wheeltec_gps/ublox-ros2) by extension 'colcon_meta'
[1.364s] Level 1:colcon.colcon_core.package_identification:_identify(src/wheeltec_gps/ublox-ros2) by extensions ['ros']
[1.364s] Level 1:colcon.colcon_core.package_identification:_identify(src/wheeltec_gps/ublox-ros2) by extension 'ros'
[1.364s] Level 1:colcon.colcon_core.package_identification:_identify(src/wheeltec_gps/ublox-ros2) by extensions ['cmake', 'python']
[1.364s] Level 1:colcon.colcon_core.package_identification:_identify(src/wheeltec_gps/ublox-ros2) by extension 'cmake'
[1.364s] Level 1:colcon.colcon_core.package_identification:_identify(src/wheeltec_gps/ublox-ros2) by extension 'python'
[1.364s] Level 1:colcon.colcon_core.package_identification:_identify(src/wheeltec_gps/ublox-ros2) by extensions ['python_setup_py']
[1.364s] Level 1:colcon.colcon_core.package_identification:_identify(src/wheeltec_gps/ublox-ros2) by extension 'python_setup_py'
[1.364s] Level 1:colcon.colcon_core.package_identification:_identify(src/wheeltec_gps/ublox-ros2/ublox) by extensions ['ignore', 'ignore_ament_install']
[1.365s] Level 1:colcon.colcon_core.package_identification:_identify(src/wheeltec_gps/ublox-ros2/ublox) by extension 'ignore'
[1.365s] Level 1:colcon.colcon_core.package_identification:_identify(src/wheeltec_gps/ublox-ros2/ublox) by extension 'ignore_ament_install'
[1.365s] Level 1:colcon.colcon_core.package_identification:_identify(src/wheeltec_gps/ublox-ros2/ublox) by extensions ['colcon_pkg']
[1.365s] Level 1:colcon.colcon_core.package_identification:_identify(src/wheeltec_gps/ublox-ros2/ublox) by extension 'colcon_pkg'
[1.365s] Level 1:colcon.colcon_core.package_identification:_identify(src/wheeltec_gps/ublox-ros2/ublox) by extensions ['colcon_meta']
[1.365s] Level 1:colcon.colcon_core.package_identification:_identify(src/wheeltec_gps/ublox-ros2/ublox) by extension 'colcon_meta'
[1.365s] Level 1:colcon.colcon_core.package_identification:_identify(src/wheeltec_gps/ublox-ros2/ublox) by extensions ['ros']
[1.365s] Level 1:colcon.colcon_core.package_identification:_identify(src/wheeltec_gps/ublox-ros2/ublox) by extension 'ros'
[1.366s] DEBUG:colcon.colcon_core.package_identification:Package 'src/wheeltec_gps/ublox-ros2/ublox' with type 'ros.ament_cmake' and name 'ublox'
[1.366s] Level 1:colcon.colcon_core.package_identification:_identify(src/wheeltec_gps/ublox-ros2/ublox_gps) by extensions ['ignore', 'ignore_ament_install']
[1.367s] Level 1:colcon.colcon_core.package_identification:_identify(src/wheeltec_gps/ublox-ros2/ublox_gps) by extension 'ignore'
[1.367s] Level 1:colcon.colcon_core.package_identification:_identify(src/wheeltec_gps/ublox-ros2/ublox_gps) by extension 'ignore_ament_install'
[1.367s] Level 1:colcon.colcon_core.package_identification:_identify(src/wheeltec_gps/ublox-ros2/ublox_gps) by extensions ['colcon_pkg']
[1.367s] Level 1:colcon.colcon_core.package_identification:_identify(src/wheeltec_gps/ublox-ros2/ublox_gps) by extension 'colcon_pkg'
[1.367s] Level 1:colcon.colcon_core.package_identification:_identify(src/wheeltec_gps/ublox-ros2/ublox_gps) by extensions ['colcon_meta']
[1.367s] Level 1:colcon.colcon_core.package_identification:_identify(src/wheeltec_gps/ublox-ros2/ublox_gps) by extension 'colcon_meta'
[1.367s] Level 1:colcon.colcon_core.package_identification:_identify(src/wheeltec_gps/ublox-ros2/ublox_gps) by extensions ['ros']
[1.367s] Level 1:colcon.colcon_core.package_identification:_identify(src/wheeltec_gps/ublox-ros2/ublox_gps) by extension 'ros'
[1.369s] DEBUG:colcon.colcon_core.package_identification:Package 'src/wheeltec_gps/ublox-ros2/ublox_gps' with type 'ros.ament_cmake' and name 'ublox_gps'
[1.370s] Level 1:colcon.colcon_core.package_identification:_identify(src/wheeltec_gps/ublox-ros2/ublox_msgs) by extensions ['ignore', 'ignore_ament_install']
[1.370s] Level 1:colcon.colcon_core.package_identification:_identify(src/wheeltec_gps/ublox-ros2/ublox_msgs) by extension 'ignore'
[1.370s] Level 1:colcon.colcon_core.package_identification:_identify(src/wheeltec_gps/ublox-ros2/ublox_msgs) by extension 'ignore_ament_install'
[1.370s] Level 1:colcon.colcon_core.package_identification:_identify(src/wheeltec_gps/ublox-ros2/ublox_msgs) by extensions ['colcon_pkg']
[1.370s] Level 1:colcon.colcon_core.package_identification:_identify(src/wheeltec_gps/ublox-ros2/ublox_msgs) by extension 'colcon_pkg'
[1.370s] Level 1:colcon.colcon_core.package_identification:_identify(src/wheeltec_gps/ublox-ros2/ublox_msgs) by extensions ['colcon_meta']
[1.370s] Level 1:colcon.colcon_core.package_identification:_identify(src/wheeltec_gps/ublox-ros2/ublox_msgs) by extension 'colcon_meta'
[1.370s] Level 1:colcon.colcon_core.package_identification:_identify(src/wheeltec_gps/ublox-ros2/ublox_msgs) by extensions ['ros']
[1.370s] Level 1:colcon.colcon_core.package_identification:_identify(src/wheeltec_gps/ublox-ros2/ublox_msgs) by extension 'ros'
[1.371s] DEBUG:colcon.colcon_core.package_identification:Package 'src/wheeltec_gps/ublox-ros2/ublox_msgs' with type 'ros.ament_cmake' and name 'ublox_msgs'
[1.372s] Level 1:colcon.colcon_core.package_identification:_identify(src/wheeltec_gps/ublox-ros2/ublox_serialization) by extensions ['ignore', 'ignore_ament_install']
[1.372s] Level 1:colcon.colcon_core.package_identification:_identify(src/wheeltec_gps/ublox-ros2/ublox_serialization) by extension 'ignore'
[1.372s] Level 1:colcon.colcon_core.package_identification:_identify(src/wheeltec_gps/ublox-ros2/ublox_serialization) by extension 'ignore_ament_install'
[1.372s] Level 1:colcon.colcon_core.package_identification:_identify(src/wheeltec_gps/ublox-ros2/ublox_serialization) by extensions ['colcon_pkg']
[1.372s] Level 1:colcon.colcon_core.package_identification:_identify(src/wheeltec_gps/ublox-ros2/ublox_serialization) by extension 'colcon_pkg'
[1.372s] Level 1:colcon.colcon_core.package_identification:_identify(src/wheeltec_gps/ublox-ros2/ublox_serialization) by extensions ['colcon_meta']
[1.372s] Level 1:colcon.colcon_core.package_identification:_identify(src/wheeltec_gps/ublox-ros2/ublox_serialization) by extension 'colcon_meta'
[1.372s] Level 1:colcon.colcon_core.package_identification:_identify(src/wheeltec_gps/ublox-ros2/ublox_serialization) by extensions ['ros']
[1.372s] Level 1:colcon.colcon_core.package_identification:_identify(src/wheeltec_gps/ublox-ros2/ublox_serialization) by extension 'ros'
[1.373s] DEBUG:colcon.colcon_core.package_identification:Package 'src/wheeltec_gps/ublox-ros2/ublox_serialization' with type 'ros.ament_cmake' and name 'ublox_serialization'
[1.373s] Level 1:colcon.colcon_core.package_identification:_identify(src/wheeltec_gps/wheeltec_dual_rtk_driver) by extensions ['ignore', 'ignore_ament_install']
[1.374s] Level 1:colcon.colcon_core.package_identification:_identify(src/wheeltec_gps/wheeltec_dual_rtk_driver) by extension 'ignore'
[1.374s] Level 1:colcon.colcon_core.package_identification:_identify(src/wheeltec_gps/wheeltec_dual_rtk_driver) by extension 'ignore_ament_install'
[1.374s] Level 1:colcon.colcon_core.package_identification:_identify(src/wheeltec_gps/wheeltec_dual_rtk_driver) by extensions ['colcon_pkg']
[1.374s] Level 1:colcon.colcon_core.package_identification:_identify(src/wheeltec_gps/wheeltec_dual_rtk_driver) by extension 'colcon_pkg'
[1.374s] Level 1:colcon.colcon_core.package_identification:_identify(src/wheeltec_gps/wheeltec_dual_rtk_driver) by extensions ['colcon_meta']
[1.374s] Level 1:colcon.colcon_core.package_identification:_identify(src/wheeltec_gps/wheeltec_dual_rtk_driver) by extension 'colcon_meta'
[1.374s] Level 1:colcon.colcon_core.package_identification:_identify(src/wheeltec_gps/wheeltec_dual_rtk_driver) by extensions ['ros']
[1.374s] Level 1:colcon.colcon_core.package_identification:_identify(src/wheeltec_gps/wheeltec_dual_rtk_driver) by extension 'ros'
[1.375s] DEBUG:colcon.colcon_core.package_identification:Package 'src/wheeltec_gps/wheeltec_dual_rtk_driver' with type 'ros.ament_python' and name 'wheeltec_dual_rtk_driver'
[1.375s] Level 1:colcon.colcon_core.package_identification:_identify(src/wheeltec_gps/wheeltec_gps_driver) by extensions ['ignore', 'ignore_ament_install']
[1.376s] Level 1:colcon.colcon_core.package_identification:_identify(src/wheeltec_gps/wheeltec_gps_driver) by extension 'ignore'
[1.376s] Level 1:colcon.colcon_core.package_identification:_identify(src/wheeltec_gps/wheeltec_gps_driver) by extension 'ignore_ament_install'
[1.376s] Level 1:colcon.colcon_core.package_identification:_identify(src/wheeltec_gps/wheeltec_gps_driver) by extensions ['colcon_pkg']
[1.376s] Level 1:colcon.colcon_core.package_identification:_identify(src/wheeltec_gps/wheeltec_gps_driver) by extension 'colcon_pkg'
[1.376s] Level 1:colcon.colcon_core.package_identification:_identify(src/wheeltec_gps/wheeltec_gps_driver) by extensions ['colcon_meta']
[1.376s] Level 1:colcon.colcon_core.package_identification:_identify(src/wheeltec_gps/wheeltec_gps_driver) by extension 'colcon_meta'
[1.376s] Level 1:colcon.colcon_core.package_identification:_identify(src/wheeltec_gps/wheeltec_gps_driver) by extensions ['ros']
[1.376s] Level 1:colcon.colcon_core.package_identification:_identify(src/wheeltec_gps/wheeltec_gps_driver) by extension 'ros'
[1.377s] DEBUG:colcon.colcon_core.package_identification:Package 'src/wheeltec_gps/wheeltec_gps_driver' with type 'ros.ament_cmake' and name 'wheeltec_gps_driver'
[1.377s] Level 1:colcon.colcon_core.package_identification:_identify(src/wheeltec_imu) by extensions ['ignore', 'ignore_ament_install']
[1.377s] Level 1:colcon.colcon_core.package_identification:_identify(src/wheeltec_imu) by extension 'ignore'
[1.378s] Level 1:colcon.colcon_core.package_identification:_identify(src/wheeltec_imu) by extension 'ignore_ament_install'
[1.378s] Level 1:colcon.colcon_core.package_identification:_identify(src/wheeltec_imu) by extensions ['colcon_pkg']
[1.378s] Level 1:colcon.colcon_core.package_identification:_identify(src/wheeltec_imu) by extension 'colcon_pkg'
[1.378s] Level 1:colcon.colcon_core.package_identification:_identify(src/wheeltec_imu) by extensions ['colcon_meta']
[1.378s] Level 1:colcon.colcon_core.package_identification:_identify(src/wheeltec_imu) by extension 'colcon_meta'
[1.378s] Level 1:colcon.colcon_core.package_identification:_identify(src/wheeltec_imu) by extensions ['ros']
[1.378s] Level 1:colcon.colcon_core.package_identification:_identify(src/wheeltec_imu) by extension 'ros'
[1.378s] Level 1:colcon.colcon_core.package_identification:_identify(src/wheeltec_imu) by extensions ['cmake', 'python']
[1.378s] Level 1:colcon.colcon_core.package_identification:_identify(src/wheeltec_imu) by extension 'cmake'
[1.378s] Level 1:colcon.colcon_core.package_identification:_identify(src/wheeltec_imu) by extension 'python'
[1.378s] Level 1:colcon.colcon_core.package_identification:_identify(src/wheeltec_imu) by extensions ['python_setup_py']
[1.378s] Level 1:colcon.colcon_core.package_identification:_identify(src/wheeltec_imu) by extension 'python_setup_py'
[1.379s] Level 1:colcon.colcon_core.package_identification:_identify(src/wheeltec_imu/fdilink_ahrs_ros-ros2) by extensions ['ignore', 'ignore_ament_install']
[1.379s] Level 1:colcon.colcon_core.package_identification:_identify(src/wheeltec_imu/fdilink_ahrs_ros-ros2) by extension 'ignore'
[1.379s] Level 1:colcon.colcon_core.package_identification:_identify(src/wheeltec_imu/fdilink_ahrs_ros-ros2) by extension 'ignore_ament_install'
[1.379s] Level 1:colcon.colcon_core.package_identification:_identify(src/wheeltec_imu/fdilink_ahrs_ros-ros2) by extensions ['colcon_pkg']
[1.379s] Level 1:colcon.colcon_core.package_identification:_identify(src/wheeltec_imu/fdilink_ahrs_ros-ros2) by extension 'colcon_pkg'
[1.379s] Level 1:colcon.colcon_core.package_identification:_identify(src/wheeltec_imu/fdilink_ahrs_ros-ros2) by extensions ['colcon_meta']
[1.379s] Level 1:colcon.colcon_core.package_identification:_identify(src/wheeltec_imu/fdilink_ahrs_ros-ros2) by extension 'colcon_meta'
[1.379s] Level 1:colcon.colcon_core.package_identification:_identify(src/wheeltec_imu/fdilink_ahrs_ros-ros2) by extensions ['ros']
[1.379s] Level 1:colcon.colcon_core.package_identification:_identify(src/wheeltec_imu/fdilink_ahrs_ros-ros2) by extension 'ros'
[1.381s] DEBUG:colcon.colcon_core.package_identification:Package 'src/wheeltec_imu/fdilink_ahrs_ros-ros2' with type 'ros.ament_cmake' and name 'fdilink_ahrs'
[1.381s] Level 1:colcon.colcon_core.package_identification:_identify(src/wheeltec_imu/hipnuc_imu_ros-ros2) by extensions ['ignore', 'ignore_ament_install']
[1.381s] Level 1:colcon.colcon_core.package_identification:_identify(src/wheeltec_imu/hipnuc_imu_ros-ros2) by extension 'ignore'
[1.381s] Level 1:colcon.colcon_core.package_identification:_identify(src/wheeltec_imu/hipnuc_imu_ros-ros2) by extension 'ignore_ament_install'
[1.382s] Level 1:colcon.colcon_core.package_identification:_identify(src/wheeltec_imu/hipnuc_imu_ros-ros2) by extensions ['colcon_pkg']
[1.382s] Level 1:colcon.colcon_core.package_identification:_identify(src/wheeltec_imu/hipnuc_imu_ros-ros2) by extension 'colcon_pkg'
[1.382s] Level 1:colcon.colcon_core.package_identification:_identify(src/wheeltec_imu/hipnuc_imu_ros-ros2) by extensions ['colcon_meta']
[1.382s] Level 1:colcon.colcon_core.package_identification:_identify(src/wheeltec_imu/hipnuc_imu_ros-ros2) by extension 'colcon_meta'
[1.382s] Level 1:colcon.colcon_core.package_identification:_identify(src/wheeltec_imu/hipnuc_imu_ros-ros2) by extensions ['ros']
[1.382s] Level 1:colcon.colcon_core.package_identification:_identify(src/wheeltec_imu/hipnuc_imu_ros-ros2) by extension 'ros'
[1.383s] DEBUG:colcon.colcon_core.package_identification:Package 'src/wheeltec_imu/hipnuc_imu_ros-ros2' with type 'ros.ament_cmake' and name 'hipnuc_imu'
[1.383s] Level 1:colcon.colcon_core.package_identification:_identify(src/wheeltec_imu/yesense_ros2) by extensions ['ignore', 'ignore_ament_install']
[1.383s] Level 1:colcon.colcon_core.package_identification:_identify(src/wheeltec_imu/yesense_ros2) by extension 'ignore'
[1.384s] Level 1:colcon.colcon_core.package_identification:_identify(src/wheeltec_imu/yesense_ros2) by extension 'ignore_ament_install'
[1.384s] Level 1:colcon.colcon_core.package_identification:_identify(src/wheeltec_imu/yesense_ros2) by extensions ['colcon_pkg']
[1.384s] Level 1:colcon.colcon_core.package_identification:_identify(src/wheeltec_imu/yesense_ros2) by extension 'colcon_pkg'
[1.384s] Level 1:colcon.colcon_core.package_identification:_identify(src/wheeltec_imu/yesense_ros2) by extensions ['colcon_meta']
[1.384s] Level 1:colcon.colcon_core.package_identification:_identify(src/wheeltec_imu/yesense_ros2) by extension 'colcon_meta'
[1.384s] Level 1:colcon.colcon_core.package_identification:_identify(src/wheeltec_imu/yesense_ros2) by extensions ['ros']
[1.384s] Level 1:colcon.colcon_core.package_identification:_identify(src/wheeltec_imu/yesense_ros2) by extension 'ros'
[1.384s] Level 1:colcon.colcon_core.package_identification:_identify(src/wheeltec_imu/yesense_ros2) by extensions ['cmake', 'python']
[1.384s] Level 1:colcon.colcon_core.package_identification:_identify(src/wheeltec_imu/yesense_ros2) by extension 'cmake'
[1.384s] Level 1:colcon.colcon_core.package_identification:_identify(src/wheeltec_imu/yesense_ros2) by extension 'python'
[1.384s] Level 1:colcon.colcon_core.package_identification:_identify(src/wheeltec_imu/yesense_ros2) by extensions ['python_setup_py']
[1.384s] Level 1:colcon.colcon_core.package_identification:_identify(src/wheeltec_imu/yesense_ros2) by extension 'python_setup_py'
[1.385s] Level 1:colcon.colcon_core.package_identification:_identify(src/wheeltec_imu/yesense_ros2/yesense_interface) by extensions ['ignore', 'ignore_ament_install']
[1.385s] Level 1:colcon.colcon_core.package_identification:_identify(src/wheeltec_imu/yesense_ros2/yesense_interface) by extension 'ignore'
[1.385s] Level 1:colcon.colcon_core.package_identification:_identify(src/wheeltec_imu/yesense_ros2/yesense_interface) by extension 'ignore_ament_install'
[1.385s] Level 1:colcon.colcon_core.package_identification:_identify(src/wheeltec_imu/yesense_ros2/yesense_interface) by extensions ['colcon_pkg']
[1.385s] Level 1:colcon.colcon_core.package_identification:_identify(src/wheeltec_imu/yesense_ros2/yesense_interface) by extension 'colcon_pkg'
[1.385s] Level 1:colcon.colcon_core.package_identification:_identify(src/wheeltec_imu/yesense_ros2/yesense_interface) by extensions ['colcon_meta']
[1.385s] Level 1:colcon.colcon_core.package_identification:_identify(src/wheeltec_imu/yesense_ros2/yesense_interface) by extension 'colcon_meta'
[1.385s] Level 1:colcon.colcon_core.package_identification:_identify(src/wheeltec_imu/yesense_ros2/yesense_interface) by extensions ['ros']
[1.385s] Level 1:colcon.colcon_core.package_identification:_identify(src/wheeltec_imu/yesense_ros2/yesense_interface) by extension 'ros'
[1.386s] DEBUG:colcon.colcon_core.package_identification:Package 'src/wheeltec_imu/yesense_ros2/yesense_interface' with type 'ros.ament_cmake' and name 'yesense_interface'
[1.386s] Level 1:colcon.colcon_core.package_identification:_identify(src/wheeltec_imu/yesense_ros2/yesense_std_ros2) by extensions ['ignore', 'ignore_ament_install']
[1.387s] Level 1:colcon.colcon_core.package_identification:_identify(src/wheeltec_imu/yesense_ros2/yesense_std_ros2) by extension 'ignore'
[1.387s] Level 1:colcon.colcon_core.package_identification:_identify(src/wheeltec_imu/yesense_ros2/yesense_std_ros2) by extension 'ignore_ament_install'
[1.387s] Level 1:colcon.colcon_core.package_identification:_identify(src/wheeltec_imu/yesense_ros2/yesense_std_ros2) by extensions ['colcon_pkg']
[1.387s] Level 1:colcon.colcon_core.package_identification:_identify(src/wheeltec_imu/yesense_ros2/yesense_std_ros2) by extension 'colcon_pkg'
[1.387s] Level 1:colcon.colcon_core.package_identification:_identify(src/wheeltec_imu/yesense_ros2/yesense_std_ros2) by extensions ['colcon_meta']
[1.387s] Level 1:colcon.colcon_core.package_identification:_identify(src/wheeltec_imu/yesense_ros2/yesense_std_ros2) by extension 'colcon_meta'
[1.387s] Level 1:colcon.colcon_core.package_identification:_identify(src/wheeltec_imu/yesense_ros2/yesense_std_ros2) by extensions ['ros']
[1.387s] Level 1:colcon.colcon_core.package_identification:_identify(src/wheeltec_imu/yesense_ros2/yesense_std_ros2) by extension 'ros'
[1.389s] DEBUG:colcon.colcon_core.package_identification:Package 'src/wheeltec_imu/yesense_ros2/yesense_std_ros2' with type 'ros.ament_cmake' and name 'yesense_std_ros2'
[1.389s] Level 1:colcon.colcon_core.package_identification:_identify(src/wheeltec_joy) by extensions ['ignore', 'ignore_ament_install']
[1.389s] Level 1:colcon.colcon_core.package_identification:_identify(src/wheeltec_joy) by extension 'ignore'
[1.389s] Level 1:colcon.colcon_core.package_identification:_identify(src/wheeltec_joy) by extension 'ignore_ament_install'
[1.389s] Level 1:colcon.colcon_core.package_identification:_identify(src/wheeltec_joy) by extensions ['colcon_pkg']
[1.389s] Level 1:colcon.colcon_core.package_identification:_identify(src/wheeltec_joy) by extension 'colcon_pkg'
[1.389s] Level 1:colcon.colcon_core.package_identification:_identify(src/wheeltec_joy) by extensions ['colcon_meta']
[1.389s] Level 1:colcon.colcon_core.package_identification:_identify(src/wheeltec_joy) by extension 'colcon_meta'
[1.390s] Level 1:colcon.colcon_core.package_identification:_identify(src/wheeltec_joy) by extensions ['ros']
[1.390s] Level 1:colcon.colcon_core.package_identification:_identify(src/wheeltec_joy) by extension 'ros'
[1.390s] DEBUG:colcon.colcon_core.package_identification:Package 'src/wheeltec_joy' with type 'ros.ament_cmake' and name 'wheeltec_joy'
[1.391s] Level 1:colcon.colcon_core.package_identification:_identify(src/wheeltec_lidar_ros2) by extensions ['ignore', 'ignore_ament_install']
[1.391s] Level 1:colcon.colcon_core.package_identification:_identify(src/wheeltec_lidar_ros2) by extension 'ignore'
[1.391s] Level 1:colcon.colcon_core.package_identification:_identify(src/wheeltec_lidar_ros2) by extension 'ignore_ament_install'
[1.391s] Level 1:colcon.colcon_core.package_identification:_identify(src/wheeltec_lidar_ros2) by extensions ['colcon_pkg']
[1.391s] Level 1:colcon.colcon_core.package_identification:_identify(src/wheeltec_lidar_ros2) by extension 'colcon_pkg'
[1.391s] Level 1:colcon.colcon_core.package_identification:_identify(src/wheeltec_lidar_ros2) by extensions ['colcon_meta']
[1.391s] Level 1:colcon.colcon_core.package_identification:_identify(src/wheeltec_lidar_ros2) by extension 'colcon_meta'
[1.391s] Level 1:colcon.colcon_core.package_identification:_identify(src/wheeltec_lidar_ros2) by extensions ['ros']
[1.391s] Level 1:colcon.colcon_core.package_identification:_identify(src/wheeltec_lidar_ros2) by extension 'ros'
[1.392s] Level 1:colcon.colcon_core.package_identification:_identify(src/wheeltec_lidar_ros2) by extensions ['cmake', 'python']
[1.392s] Level 1:colcon.colcon_core.package_identification:_identify(src/wheeltec_lidar_ros2) by extension 'cmake'
[1.392s] Level 1:colcon.colcon_core.package_identification:_identify(src/wheeltec_lidar_ros2) by extension 'python'
[1.392s] Level 1:colcon.colcon_core.package_identification:_identify(src/wheeltec_lidar_ros2) by extensions ['python_setup_py']
[1.392s] Level 1:colcon.colcon_core.package_identification:_identify(src/wheeltec_lidar_ros2) by extension 'python_setup_py'
[1.392s] Level 1:colcon.colcon_core.package_identification:_identify(src/wheeltec_lidar_ros2/ldlidar_ros2) by extensions ['ignore', 'ignore_ament_install']
[1.392s] Level 1:colcon.colcon_core.package_identification:_identify(src/wheeltec_lidar_ros2/ldlidar_ros2) by extension 'ignore'
[1.392s] Level 1:colcon.colcon_core.package_identification:_identify(src/wheeltec_lidar_ros2/ldlidar_ros2) by extension 'ignore_ament_install'
[1.392s] Level 1:colcon.colcon_core.package_identification:_identify(src/wheeltec_lidar_ros2/ldlidar_ros2) by extensions ['colcon_pkg']
[1.392s] Level 1:colcon.colcon_core.package_identification:_identify(src/wheeltec_lidar_ros2/ldlidar_ros2) by extension 'colcon_pkg'
[1.393s] Level 1:colcon.colcon_core.package_identification:_identify(src/wheeltec_lidar_ros2/ldlidar_ros2) by extensions ['colcon_meta']
[1.393s] Level 1:colcon.colcon_core.package_identification:_identify(src/wheeltec_lidar_ros2/ldlidar_ros2) by extension 'colcon_meta'
[1.393s] Level 1:colcon.colcon_core.package_identification:_identify(src/wheeltec_lidar_ros2/ldlidar_ros2) by extensions ['ros']
[1.393s] Level 1:colcon.colcon_core.package_identification:_identify(src/wheeltec_lidar_ros2/ldlidar_ros2) by extension 'ros'
[1.393s] Level 1:colcon.colcon_core.package_identification:_identify(src/wheeltec_lidar_ros2/ldlidar_ros2) by extensions ['cmake', 'python']
[1.393s] Level 1:colcon.colcon_core.package_identification:_identify(src/wheeltec_lidar_ros2/ldlidar_ros2) by extension 'cmake'
[1.393s] Level 1:colcon.colcon_core.package_identification:_identify(src/wheeltec_lidar_ros2/ldlidar_ros2) by extension 'python'
[1.393s] Level 1:colcon.colcon_core.package_identification:_identify(src/wheeltec_lidar_ros2/ldlidar_ros2) by extensions ['python_setup_py']
[1.393s] Level 1:colcon.colcon_core.package_identification:_identify(src/wheeltec_lidar_ros2/ldlidar_ros2) by extension 'python_setup_py'
[1.393s] Level 1:colcon.colcon_core.package_identification:_identify(src/wheeltec_lidar_ros2/ldlidar_ros2/ldlidar) by extensions ['ignore', 'ignore_ament_install']
[1.394s] Level 1:colcon.colcon_core.package_identification:_identify(src/wheeltec_lidar_ros2/ldlidar_ros2/ldlidar) by extension 'ignore'
[1.394s] Level 1:colcon.colcon_core.package_identification:_identify(src/wheeltec_lidar_ros2/ldlidar_ros2/ldlidar) by extension 'ignore_ament_install'
[1.394s] Level 1:colcon.colcon_core.package_identification:_identify(src/wheeltec_lidar_ros2/ldlidar_ros2/ldlidar) by extensions ['colcon_pkg']
[1.394s] Level 1:colcon.colcon_core.package_identification:_identify(src/wheeltec_lidar_ros2/ldlidar_ros2/ldlidar) by extension 'colcon_pkg'
[1.394s] Level 1:colcon.colcon_core.package_identification:_identify(src/wheeltec_lidar_ros2/ldlidar_ros2/ldlidar) by extensions ['colcon_meta']
[1.394s] Level 1:colcon.colcon_core.package_identification:_identify(src/wheeltec_lidar_ros2/ldlidar_ros2/ldlidar) by extension 'colcon_meta'
[1.394s] Level 1:colcon.colcon_core.package_identification:_identify(src/wheeltec_lidar_ros2/ldlidar_ros2/ldlidar) by extensions ['ros']
[1.394s] Level 1:colcon.colcon_core.package_identification:_identify(src/wheeltec_lidar_ros2/ldlidar_ros2/ldlidar) by extension 'ros'
[1.395s] DEBUG:colcon.colcon_core.package_identification:Package 'src/wheeltec_lidar_ros2/ldlidar_ros2/ldlidar' with type 'ros.ament_cmake' and name 'ldlidar'
[1.395s] Level 1:colcon.colcon_core.package_identification:_identify(src/wheeltec_lidar_ros2/ldlidar_ros2/ldlidar_driver) by extensions ['ignore', 'ignore_ament_install']
[1.396s] Level 1:colcon.colcon_core.package_identification:_identify(src/wheeltec_lidar_ros2/ldlidar_ros2/ldlidar_driver) by extension 'ignore'
[1.396s] Level 1:colcon.colcon_core.package_identification:_identify(src/wheeltec_lidar_ros2/ldlidar_ros2/ldlidar_driver) by extension 'ignore_ament_install'
[1.396s] Level 1:colcon.colcon_core.package_identification:_identify(src/wheeltec_lidar_ros2/ldlidar_ros2/ldlidar_driver) by extensions ['colcon_pkg']
[1.396s] Level 1:colcon.colcon_core.package_identification:_identify(src/wheeltec_lidar_ros2/ldlidar_ros2/ldlidar_driver) by extension 'colcon_pkg'
[1.396s] Level 1:colcon.colcon_core.package_identification:_identify(src/wheeltec_lidar_ros2/ldlidar_ros2/ldlidar_driver) by extensions ['colcon_meta']
[1.396s] Level 1:colcon.colcon_core.package_identification:_identify(src/wheeltec_lidar_ros2/ldlidar_ros2/ldlidar_driver) by extension 'colcon_meta'
[1.396s] Level 1:colcon.colcon_core.package_identification:_identify(src/wheeltec_lidar_ros2/ldlidar_ros2/ldlidar_driver) by extensions ['ros']
[1.396s] Level 1:colcon.colcon_core.package_identification:_identify(src/wheeltec_lidar_ros2/ldlidar_ros2/ldlidar_driver) by extension 'ros'
[1.396s] Level 1:colcon.colcon_core.package_identification:_identify(src/wheeltec_lidar_ros2/ldlidar_ros2/ldlidar_driver) by extensions ['cmake', 'python']
[1.396s] Level 1:colcon.colcon_core.package_identification:_identify(src/wheeltec_lidar_ros2/ldlidar_ros2/ldlidar_driver) by extension 'cmake'
[1.396s] Level 1:colcon.colcon_core.package_identification:_identify(src/wheeltec_lidar_ros2/ldlidar_ros2/ldlidar_driver) by extension 'python'
[1.396s] Level 1:colcon.colcon_core.package_identification:_identify(src/wheeltec_lidar_ros2/ldlidar_ros2/ldlidar_driver) by extensions ['python_setup_py']
[1.397s] Level 1:colcon.colcon_core.package_identification:_identify(src/wheeltec_lidar_ros2/ldlidar_ros2/ldlidar_driver) by extension 'python_setup_py'
[1.397s] Level 1:colcon.colcon_core.package_identification:_identify(src/wheeltec_lidar_ros2/ldlidar_ros2/ldlidar_driver/include) by extensions ['ignore', 'ignore_ament_install']
[1.397s] Level 1:colcon.colcon_core.package_identification:_identify(src/wheeltec_lidar_ros2/ldlidar_ros2/ldlidar_driver/include) by extension 'ignore'
[1.397s] Level 1:colcon.colcon_core.package_identification:_identify(src/wheeltec_lidar_ros2/ldlidar_ros2/ldlidar_driver/include) by extension 'ignore_ament_install'
[1.397s] Level 1:colcon.colcon_core.package_identification:_identify(src/wheeltec_lidar_ros2/ldlidar_ros2/ldlidar_driver/include) by extensions ['colcon_pkg']
[1.397s] Level 1:colcon.colcon_core.package_identification:_identify(src/wheeltec_lidar_ros2/ldlidar_ros2/ldlidar_driver/include) by extension 'colcon_pkg'
[1.397s] Level 1:colcon.colcon_core.package_identification:_identify(src/wheeltec_lidar_ros2/ldlidar_ros2/ldlidar_driver/include) by extensions ['colcon_meta']
[1.397s] Level 1:colcon.colcon_core.package_identification:_identify(src/wheeltec_lidar_ros2/ldlidar_ros2/ldlidar_driver/include) by extension 'colcon_meta'
[1.397s] Level 1:colcon.colcon_core.package_identification:_identify(src/wheeltec_lidar_ros2/ldlidar_ros2/ldlidar_driver/include) by extensions ['ros']
[1.398s] Level 1:colcon.colcon_core.package_identification:_identify(src/wheeltec_lidar_ros2/ldlidar_ros2/ldlidar_driver/include) by extension 'ros'
[1.398s] Level 1:colcon.colcon_core.package_identification:_identify(src/wheeltec_lidar_ros2/ldlidar_ros2/ldlidar_driver/include) by extensions ['cmake', 'python']
[1.398s] Level 1:colcon.colcon_core.package_identification:_identify(src/wheeltec_lidar_ros2/ldlidar_ros2/ldlidar_driver/include) by extension 'cmake'
[1.398s] Level 1:colcon.colcon_core.package_identification:_identify(src/wheeltec_lidar_ros2/ldlidar_ros2/ldlidar_driver/include) by extension 'python'
[1.398s] Level 1:colcon.colcon_core.package_identification:_identify(src/wheeltec_lidar_ros2/ldlidar_ros2/ldlidar_driver/include) by extensions ['python_setup_py']
[1.398s] Level 1:colcon.colcon_core.package_identification:_identify(src/wheeltec_lidar_ros2/ldlidar_ros2/ldlidar_driver/include) by extension 'python_setup_py'
[1.398s] Level 1:colcon.colcon_core.package_identification:_identify(src/wheeltec_lidar_ros2/ldlidar_ros2/ldlidar_driver/include/core) by extensions ['ignore', 'ignore_ament_install']
[1.398s] Level 1:colcon.colcon_core.package_identification:_identify(src/wheeltec_lidar_ros2/ldlidar_ros2/ldlidar_driver/include/core) by extension 'ignore'
[1.398s] Level 1:colcon.colcon_core.package_identification:_identify(src/wheeltec_lidar_ros2/ldlidar_ros2/ldlidar_driver/include/core) by extension 'ignore_ament_install'
[1.399s] Level 1:colcon.colcon_core.package_identification:_identify(src/wheeltec_lidar_ros2/ldlidar_ros2/ldlidar_driver/include/core) by extensions ['colcon_pkg']
[1.399s] Level 1:colcon.colcon_core.package_identification:_identify(src/wheeltec_lidar_ros2/ldlidar_ros2/ldlidar_driver/include/core) by extension 'colcon_pkg'
[1.399s] Level 1:colcon.colcon_core.package_identification:_identify(src/wheeltec_lidar_ros2/ldlidar_ros2/ldlidar_driver/include/core) by extensions ['colcon_meta']
[1.399s] Level 1:colcon.colcon_core.package_identification:_identify(src/wheeltec_lidar_ros2/ldlidar_ros2/ldlidar_driver/include/core) by extension 'colcon_meta'
[1.399s] Level 1:colcon.colcon_core.package_identification:_identify(src/wheeltec_lidar_ros2/ldlidar_ros2/ldlidar_driver/include/core) by extensions ['ros']
[1.399s] Level 1:colcon.colcon_core.package_identification:_identify(src/wheeltec_lidar_ros2/ldlidar_ros2/ldlidar_driver/include/core) by extension 'ros'
[1.399s] Level 1:colcon.colcon_core.package_identification:_identify(src/wheeltec_lidar_ros2/ldlidar_ros2/ldlidar_driver/include/core) by extensions ['cmake', 'python']
[1.399s] Level 1:colcon.colcon_core.package_identification:_identify(src/wheeltec_lidar_ros2/ldlidar_ros2/ldlidar_driver/include/core) by extension 'cmake'
[1.399s] Level 1:colcon.colcon_core.package_identification:_identify(src/wheeltec_lidar_ros2/ldlidar_ros2/ldlidar_driver/include/core) by extension 'python'
[1.399s] Level 1:colcon.colcon_core.package_identification:_identify(src/wheeltec_lidar_ros2/ldlidar_ros2/ldlidar_driver/include/core) by extensions ['python_setup_py']
[1.399s] Level 1:colcon.colcon_core.package_identification:_identify(src/wheeltec_lidar_ros2/ldlidar_ros2/ldlidar_driver/include/core) by extension 'python_setup_py'
[1.400s] Level 1:colcon.colcon_core.package_identification:_identify(src/wheeltec_lidar_ros2/ldlidar_ros2/ldlidar_driver/include/dataprocess) by extensions ['ignore', 'ignore_ament_install']
[1.400s] Level 1:colcon.colcon_core.package_identification:_identify(src/wheeltec_lidar_ros2/ldlidar_ros2/ldlidar_driver/include/dataprocess) by extension 'ignore'
[1.400s] Level 1:colcon.colcon_core.package_identification:_identify(src/wheeltec_lidar_ros2/ldlidar_ros2/ldlidar_driver/include/dataprocess) by extension 'ignore_ament_install'
[1.400s] Level 1:colcon.colcon_core.package_identification:_identify(src/wheeltec_lidar_ros2/ldlidar_ros2/ldlidar_driver/include/dataprocess) by extensions ['colcon_pkg']
[1.400s] Level 1:colcon.colcon_core.package_identification:_identify(src/wheeltec_lidar_ros2/ldlidar_ros2/ldlidar_driver/include/dataprocess) by extension 'colcon_pkg'
[1.400s] Level 1:colcon.colcon_core.package_identification:_identify(src/wheeltec_lidar_ros2/ldlidar_ros2/ldlidar_driver/include/dataprocess) by extensions ['colcon_meta']
[1.400s] Level 1:colcon.colcon_core.package_identification:_identify(src/wheeltec_lidar_ros2/ldlidar_ros2/ldlidar_driver/include/dataprocess) by extension 'colcon_meta'
[1.400s] Level 1:colcon.colcon_core.package_identification:_identify(src/wheeltec_lidar_ros2/ldlidar_ros2/ldlidar_driver/include/dataprocess) by extensions ['ros']
[1.400s] Level 1:colcon.colcon_core.package_identification:_identify(src/wheeltec_lidar_ros2/ldlidar_ros2/ldlidar_driver/include/dataprocess) by extension 'ros'
[1.400s] Level 1:colcon.colcon_core.package_identification:_identify(src/wheeltec_lidar_ros2/ldlidar_ros2/ldlidar_driver/include/dataprocess) by extensions ['cmake', 'python']
[1.400s] Level 1:colcon.colcon_core.package_identification:_identify(src/wheeltec_lidar_ros2/ldlidar_ros2/ldlidar_driver/include/dataprocess) by extension 'cmake'
[1.400s] Level 1:colcon.colcon_core.package_identification:_identify(src/wheeltec_lidar_ros2/ldlidar_ros2/ldlidar_driver/include/dataprocess) by extension 'python'
[1.400s] Level 1:colcon.colcon_core.package_identification:_identify(src/wheeltec_lidar_ros2/ldlidar_ros2/ldlidar_driver/include/dataprocess) by extensions ['python_setup_py']
[1.401s] Level 1:colcon.colcon_core.package_identification:_identify(src/wheeltec_lidar_ros2/ldlidar_ros2/ldlidar_driver/include/dataprocess) by extension 'python_setup_py'
[1.401s] Level 1:colcon.colcon_core.package_identification:_identify(src/wheeltec_lidar_ros2/ldlidar_ros2/ldlidar_driver/include/filter) by extensions ['ignore', 'ignore_ament_install']
[1.401s] Level 1:colcon.colcon_core.package_identification:_identify(src/wheeltec_lidar_ros2/ldlidar_ros2/ldlidar_driver/include/filter) by extension 'ignore'
[1.401s] Level 1:colcon.colcon_core.package_identification:_identify(src/wheeltec_lidar_ros2/ldlidar_ros2/ldlidar_driver/include/filter) by extension 'ignore_ament_install'
[1.401s] Level 1:colcon.colcon_core.package_identification:_identify(src/wheeltec_lidar_ros2/ldlidar_ros2/ldlidar_driver/include/filter) by extensions ['colcon_pkg']
[1.401s] Level 1:colcon.colcon_core.package_identification:_identify(src/wheeltec_lidar_ros2/ldlidar_ros2/ldlidar_driver/include/filter) by extension 'colcon_pkg'
[1.401s] Level 1:colcon.colcon_core.package_identification:_identify(src/wheeltec_lidar_ros2/ldlidar_ros2/ldlidar_driver/include/filter) by extensions ['colcon_meta']
[1.401s] Level 1:colcon.colcon_core.package_identification:_identify(src/wheeltec_lidar_ros2/ldlidar_ros2/ldlidar_driver/include/filter) by extension 'colcon_meta'
[1.401s] Level 1:colcon.colcon_core.package_identification:_identify(src/wheeltec_lidar_ros2/ldlidar_ros2/ldlidar_driver/include/filter) by extensions ['ros']
[1.401s] Level 1:colcon.colcon_core.package_identification:_identify(src/wheeltec_lidar_ros2/ldlidar_ros2/ldlidar_driver/include/filter) by extension 'ros'
[1.402s] Level 1:colcon.colcon_core.package_identification:_identify(src/wheeltec_lidar_ros2/ldlidar_ros2/ldlidar_driver/include/filter) by extensions ['cmake', 'python']
[1.402s] Level 1:colcon.colcon_core.package_identification:_identify(src/wheeltec_lidar_ros2/ldlidar_ros2/ldlidar_driver/include/filter) by extension 'cmake'
[1.402s] Level 1:colcon.colcon_core.package_identification:_identify(src/wheeltec_lidar_ros2/ldlidar_ros2/ldlidar_driver/include/filter) by extension 'python'
[1.402s] Level 1:colcon.colcon_core.package_identification:_identify(src/wheeltec_lidar_ros2/ldlidar_ros2/ldlidar_driver/include/filter) by extensions ['python_setup_py']
[1.402s] Level 1:colcon.colcon_core.package_identification:_identify(src/wheeltec_lidar_ros2/ldlidar_ros2/ldlidar_driver/include/filter) by extension 'python_setup_py'
[1.402s] Level 1:colcon.colcon_core.package_identification:_identify(src/wheeltec_lidar_ros2/ldlidar_ros2/ldlidar_driver/include/logger) by extensions ['ignore', 'ignore_ament_install']
[1.402s] Level 1:colcon.colcon_core.package_identification:_identify(src/wheeltec_lidar_ros2/ldlidar_ros2/ldlidar_driver/include/logger) by extension 'ignore'
[1.402s] Level 1:colcon.colcon_core.package_identification:_identify(src/wheeltec_lidar_ros2/ldlidar_ros2/ldlidar_driver/include/logger) by extension 'ignore_ament_install'
[1.402s] Level 1:colcon.colcon_core.package_identification:_identify(src/wheeltec_lidar_ros2/ldlidar_ros2/ldlidar_driver/include/logger) by extensions ['colcon_pkg']
[1.403s] Level 1:colcon.colcon_core.package_identification:_identify(src/wheeltec_lidar_ros2/ldlidar_ros2/ldlidar_driver/include/logger) by extension 'colcon_pkg'
[1.403s] Level 1:colcon.colcon_core.package_identification:_identify(src/wheeltec_lidar_ros2/ldlidar_ros2/ldlidar_driver/include/logger) by extensions ['colcon_meta']
[1.403s] Level 1:colcon.colcon_core.package_identification:_identify(src/wheeltec_lidar_ros2/ldlidar_ros2/ldlidar_driver/include/logger) by extension 'colcon_meta'
[1.403s] Level 1:colcon.colcon_core.package_identification:_identify(src/wheeltec_lidar_ros2/ldlidar_ros2/ldlidar_driver/include/logger) by extensions ['ros']
[1.403s] Level 1:colcon.colcon_core.package_identification:_identify(src/wheeltec_lidar_ros2/ldlidar_ros2/ldlidar_driver/include/logger) by extension 'ros'
[1.403s] Level 1:colcon.colcon_core.package_identification:_identify(src/wheeltec_lidar_ros2/ldlidar_ros2/ldlidar_driver/include/logger) by extensions ['cmake', 'python']
[1.403s] Level 1:colcon.colcon_core.package_identification:_identify(src/wheeltec_lidar_ros2/ldlidar_ros2/ldlidar_driver/include/logger) by extension 'cmake'
[1.403s] Level 1:colcon.colcon_core.package_identification:_identify(src/wheeltec_lidar_ros2/ldlidar_ros2/ldlidar_driver/include/logger) by extension 'python'
[1.403s] Level 1:colcon.colcon_core.package_identification:_identify(src/wheeltec_lidar_ros2/ldlidar_ros2/ldlidar_driver/include/logger) by extensions ['python_setup_py']
[1.403s] Level 1:colcon.colcon_core.package_identification:_identify(src/wheeltec_lidar_ros2/ldlidar_ros2/ldlidar_driver/include/logger) by extension 'python_setup_py'
[1.403s] Level 1:colcon.colcon_core.package_identification:_identify(src/wheeltec_lidar_ros2/ldlidar_ros2/ldlidar_driver/include/networkcom) by extensions ['ignore', 'ignore_ament_install']
[1.404s] Level 1:colcon.colcon_core.package_identification:_identify(src/wheeltec_lidar_ros2/ldlidar_ros2/ldlidar_driver/include/networkcom) by extension 'ignore'
[1.404s] Level 1:colcon.colcon_core.package_identification:_identify(src/wheeltec_lidar_ros2/ldlidar_ros2/ldlidar_driver/include/networkcom) by extension 'ignore_ament_install'
[1.404s] Level 1:colcon.colcon_core.package_identification:_identify(src/wheeltec_lidar_ros2/ldlidar_ros2/ldlidar_driver/include/networkcom) by extensions ['colcon_pkg']
[1.404s] Level 1:colcon.colcon_core.package_identification:_identify(src/wheeltec_lidar_ros2/ldlidar_ros2/ldlidar_driver/include/networkcom) by extension 'colcon_pkg'
[1.404s] Level 1:colcon.colcon_core.package_identification:_identify(src/wheeltec_lidar_ros2/ldlidar_ros2/ldlidar_driver/include/networkcom) by extensions ['colcon_meta']
[1.404s] Level 1:colcon.colcon_core.package_identification:_identify(src/wheeltec_lidar_ros2/ldlidar_ros2/ldlidar_driver/include/networkcom) by extension 'colcon_meta'
[1.404s] Level 1:colcon.colcon_core.package_identification:_identify(src/wheeltec_lidar_ros2/ldlidar_ros2/ldlidar_driver/include/networkcom) by extensions ['ros']
[1.404s] Level 1:colcon.colcon_core.package_identification:_identify(src/wheeltec_lidar_ros2/ldlidar_ros2/ldlidar_driver/include/networkcom) by extension 'ros'
[1.404s] Level 1:colcon.colcon_core.package_identification:_identify(src/wheeltec_lidar_ros2/ldlidar_ros2/ldlidar_driver/include/networkcom) by extensions ['cmake', 'python']
[1.404s] Level 1:colcon.colcon_core.package_identification:_identify(src/wheeltec_lidar_ros2/ldlidar_ros2/ldlidar_driver/include/networkcom) by extension 'cmake'
[1.404s] Level 1:colcon.colcon_core.package_identification:_identify(src/wheeltec_lidar_ros2/ldlidar_ros2/ldlidar_driver/include/networkcom) by extension 'python'
[1.404s] Level 1:colcon.colcon_core.package_identification:_identify(src/wheeltec_lidar_ros2/ldlidar_ros2/ldlidar_driver/include/networkcom) by extensions ['python_setup_py']
[1.404s] Level 1:colcon.colcon_core.package_identification:_identify(src/wheeltec_lidar_ros2/ldlidar_ros2/ldlidar_driver/include/networkcom) by extension 'python_setup_py'
[1.405s] Level 1:colcon.colcon_core.package_identification:_identify(src/wheeltec_lidar_ros2/ldlidar_ros2/ldlidar_driver/include/serialcom) by extensions ['ignore', 'ignore_ament_install']
[1.405s] Level 1:colcon.colcon_core.package_identification:_identify(src/wheeltec_lidar_ros2/ldlidar_ros2/ldlidar_driver/include/serialcom) by extension 'ignore'
[1.405s] Level 1:colcon.colcon_core.package_identification:_identify(src/wheeltec_lidar_ros2/ldlidar_ros2/ldlidar_driver/include/serialcom) by extension 'ignore_ament_install'
[1.405s] Level 1:colcon.colcon_core.package_identification:_identify(src/wheeltec_lidar_ros2/ldlidar_ros2/ldlidar_driver/include/serialcom) by extensions ['colcon_pkg']
[1.405s] Level 1:colcon.colcon_core.package_identification:_identify(src/wheeltec_lidar_ros2/ldlidar_ros2/ldlidar_driver/include/serialcom) by extension 'colcon_pkg'
[1.405s] Level 1:colcon.colcon_core.package_identification:_identify(src/wheeltec_lidar_ros2/ldlidar_ros2/ldlidar_driver/include/serialcom) by extensions ['colcon_meta']
[1.405s] Level 1:colcon.colcon_core.package_identification:_identify(src/wheeltec_lidar_ros2/ldlidar_ros2/ldlidar_driver/include/serialcom) by extension 'colcon_meta'
[1.405s] Level 1:colcon.colcon_core.package_identification:_identify(src/wheeltec_lidar_ros2/ldlidar_ros2/ldlidar_driver/include/serialcom) by extensions ['ros']
[1.405s] Level 1:colcon.colcon_core.package_identification:_identify(src/wheeltec_lidar_ros2/ldlidar_ros2/ldlidar_driver/include/serialcom) by extension 'ros'
[1.406s] Level 1:colcon.colcon_core.package_identification:_identify(src/wheeltec_lidar_ros2/ldlidar_ros2/ldlidar_driver/include/serialcom) by extensions ['cmake', 'python']
[1.406s] Level 1:colcon.colcon_core.package_identification:_identify(src/wheeltec_lidar_ros2/ldlidar_ros2/ldlidar_driver/include/serialcom) by extension 'cmake'
[1.406s] Level 1:colcon.colcon_core.package_identification:_identify(src/wheeltec_lidar_ros2/ldlidar_ros2/ldlidar_driver/include/serialcom) by extension 'python'
[1.406s] Level 1:colcon.colcon_core.package_identification:_identify(src/wheeltec_lidar_ros2/ldlidar_ros2/ldlidar_driver/include/serialcom) by extensions ['python_setup_py']
[1.406s] Level 1:colcon.colcon_core.package_identification:_identify(src/wheeltec_lidar_ros2/ldlidar_ros2/ldlidar_driver/include/serialcom) by extension 'python_setup_py'
[1.406s] Level 1:colcon.colcon_core.package_identification:_identify(src/wheeltec_lidar_ros2/ldlidar_ros2/ldlidar_driver/src) by extensions ['ignore', 'ignore_ament_install']
[1.406s] Level 1:colcon.colcon_core.package_identification:_identify(src/wheeltec_lidar_ros2/ldlidar_ros2/ldlidar_driver/src) by extension 'ignore'
[1.406s] Level 1:colcon.colcon_core.package_identification:_identify(src/wheeltec_lidar_ros2/ldlidar_ros2/ldlidar_driver/src) by extension 'ignore_ament_install'
[1.406s] Level 1:colcon.colcon_core.package_identification:_identify(src/wheeltec_lidar_ros2/ldlidar_ros2/ldlidar_driver/src) by extensions ['colcon_pkg']
[1.406s] Level 1:colcon.colcon_core.package_identification:_identify(src/wheeltec_lidar_ros2/ldlidar_ros2/ldlidar_driver/src) by extension 'colcon_pkg'
[1.407s] Level 1:colcon.colcon_core.package_identification:_identify(src/wheeltec_lidar_ros2/ldlidar_ros2/ldlidar_driver/src) by extensions ['colcon_meta']
[1.407s] Level 1:colcon.colcon_core.package_identification:_identify(src/wheeltec_lidar_ros2/ldlidar_ros2/ldlidar_driver/src) by extension 'colcon_meta'
[1.407s] Level 1:colcon.colcon_core.package_identification:_identify(src/wheeltec_lidar_ros2/ldlidar_ros2/ldlidar_driver/src) by extensions ['ros']
[1.407s] Level 1:colcon.colcon_core.package_identification:_identify(src/wheeltec_lidar_ros2/ldlidar_ros2/ldlidar_driver/src) by extension 'ros'
[1.407s] Level 1:colcon.colcon_core.package_identification:_identify(src/wheeltec_lidar_ros2/ldlidar_ros2/ldlidar_driver/src) by extensions ['cmake', 'python']
[1.407s] Level 1:colcon.colcon_core.package_identification:_identify(src/wheeltec_lidar_ros2/ldlidar_ros2/ldlidar_driver/src) by extension 'cmake'
[1.407s] Level 1:colcon.colcon_core.package_identification:_identify(src/wheeltec_lidar_ros2/ldlidar_ros2/ldlidar_driver/src) by extension 'python'
[1.407s] Level 1:colcon.colcon_core.package_identification:_identify(src/wheeltec_lidar_ros2/ldlidar_ros2/ldlidar_driver/src) by extensions ['python_setup_py']
[1.407s] Level 1:colcon.colcon_core.package_identification:_identify(src/wheeltec_lidar_ros2/ldlidar_ros2/ldlidar_driver/src) by extension 'python_setup_py'
[1.407s] Level 1:colcon.colcon_core.package_identification:_identify(src/wheeltec_lidar_ros2/ldlidar_ros2/ldlidar_driver/src/core) by extensions ['ignore', 'ignore_ament_install']
[1.408s] Level 1:colcon.colcon_core.package_identification:_identify(src/wheeltec_lidar_ros2/ldlidar_ros2/ldlidar_driver/src/core) by extension 'ignore'
[1.408s] Level 1:colcon.colcon_core.package_identification:_identify(src/wheeltec_lidar_ros2/ldlidar_ros2/ldlidar_driver/src/core) by extension 'ignore_ament_install'
[1.408s] Level 1:colcon.colcon_core.package_identification:_identify(src/wheeltec_lidar_ros2/ldlidar_ros2/ldlidar_driver/src/core) by extensions ['colcon_pkg']
[1.408s] Level 1:colcon.colcon_core.package_identification:_identify(src/wheeltec_lidar_ros2/ldlidar_ros2/ldlidar_driver/src/core) by extension 'colcon_pkg'
[1.408s] Level 1:colcon.colcon_core.package_identification:_identify(src/wheeltec_lidar_ros2/ldlidar_ros2/ldlidar_driver/src/core) by extensions ['colcon_meta']
[1.408s] Level 1:colcon.colcon_core.package_identification:_identify(src/wheeltec_lidar_ros2/ldlidar_ros2/ldlidar_driver/src/core) by extension 'colcon_meta'
[1.408s] Level 1:colcon.colcon_core.package_identification:_identify(src/wheeltec_lidar_ros2/ldlidar_ros2/ldlidar_driver/src/core) by extensions ['ros']
[1.408s] Level 1:colcon.colcon_core.package_identification:_identify(src/wheeltec_lidar_ros2/ldlidar_ros2/ldlidar_driver/src/core) by extension 'ros'
[1.408s] Level 1:colcon.colcon_core.package_identification:_identify(src/wheeltec_lidar_ros2/ldlidar_ros2/ldlidar_driver/src/core) by extensions ['cmake', 'python']
[1.408s] Level 1:colcon.colcon_core.package_identification:_identify(src/wheeltec_lidar_ros2/ldlidar_ros2/ldlidar_driver/src/core) by extension 'cmake'
[1.408s] Level 1:colcon.colcon_core.package_identification:_identify(src/wheeltec_lidar_ros2/ldlidar_ros2/ldlidar_driver/src/core) by extension 'python'
[1.408s] Level 1:colcon.colcon_core.package_identification:_identify(src/wheeltec_lidar_ros2/ldlidar_ros2/ldlidar_driver/src/core) by extensions ['python_setup_py']
[1.408s] Level 1:colcon.colcon_core.package_identification:_identify(src/wheeltec_lidar_ros2/ldlidar_ros2/ldlidar_driver/src/core) by extension 'python_setup_py'
[1.409s] Level 1:colcon.colcon_core.package_identification:_identify(src/wheeltec_lidar_ros2/ldlidar_ros2/ldlidar_driver/src/dataprocess) by extensions ['ignore', 'ignore_ament_install']
[1.409s] Level 1:colcon.colcon_core.package_identification:_identify(src/wheeltec_lidar_ros2/ldlidar_ros2/ldlidar_driver/src/dataprocess) by extension 'ignore'
[1.409s] Level 1:colcon.colcon_core.package_identification:_identify(src/wheeltec_lidar_ros2/ldlidar_ros2/ldlidar_driver/src/dataprocess) by extension 'ignore_ament_install'
[1.409s] Level 1:colcon.colcon_core.package_identification:_identify(src/wheeltec_lidar_ros2/ldlidar_ros2/ldlidar_driver/src/dataprocess) by extensions ['colcon_pkg']
[1.409s] Level 1:colcon.colcon_core.package_identification:_identify(src/wheeltec_lidar_ros2/ldlidar_ros2/ldlidar_driver/src/dataprocess) by extension 'colcon_pkg'
[1.409s] Level 1:colcon.colcon_core.package_identification:_identify(src/wheeltec_lidar_ros2/ldlidar_ros2/ldlidar_driver/src/dataprocess) by extensions ['colcon_meta']
[1.409s] Level 1:colcon.colcon_core.package_identification:_identify(src/wheeltec_lidar_ros2/ldlidar_ros2/ldlidar_driver/src/dataprocess) by extension 'colcon_meta'
[1.409s] Level 1:colcon.colcon_core.package_identification:_identify(src/wheeltec_lidar_ros2/ldlidar_ros2/ldlidar_driver/src/dataprocess) by extensions ['ros']
[1.409s] Level 1:colcon.colcon_core.package_identification:_identify(src/wheeltec_lidar_ros2/ldlidar_ros2/ldlidar_driver/src/dataprocess) by extension 'ros'
[1.409s] Level 1:colcon.colcon_core.package_identification:_identify(src/wheeltec_lidar_ros2/ldlidar_ros2/ldlidar_driver/src/dataprocess) by extensions ['cmake', 'python']
[1.409s] Level 1:colcon.colcon_core.package_identification:_identify(src/wheeltec_lidar_ros2/ldlidar_ros2/ldlidar_driver/src/dataprocess) by extension 'cmake'
[1.410s] Level 1:colcon.colcon_core.package_identification:_identify(src/wheeltec_lidar_ros2/ldlidar_ros2/ldlidar_driver/src/dataprocess) by extension 'python'
[1.410s] Level 1:colcon.colcon_core.package_identification:_identify(src/wheeltec_lidar_ros2/ldlidar_ros2/ldlidar_driver/src/dataprocess) by extensions ['python_setup_py']
[1.410s] Level 1:colcon.colcon_core.package_identification:_identify(src/wheeltec_lidar_ros2/ldlidar_ros2/ldlidar_driver/src/dataprocess) by extension 'python_setup_py'
[1.410s] Level 1:colcon.colcon_core.package_identification:_identify(src/wheeltec_lidar_ros2/ldlidar_ros2/ldlidar_driver/src/filter) by extensions ['ignore', 'ignore_ament_install']
[1.410s] Level 1:colcon.colcon_core.package_identification:_identify(src/wheeltec_lidar_ros2/ldlidar_ros2/ldlidar_driver/src/filter) by extension 'ignore'
[1.410s] Level 1:colcon.colcon_core.package_identification:_identify(src/wheeltec_lidar_ros2/ldlidar_ros2/ldlidar_driver/src/filter) by extension 'ignore_ament_install'
[1.410s] Level 1:colcon.colcon_core.package_identification:_identify(src/wheeltec_lidar_ros2/ldlidar_ros2/ldlidar_driver/src/filter) by extensions ['colcon_pkg']
[1.410s] Level 1:colcon.colcon_core.package_identification:_identify(src/wheeltec_lidar_ros2/ldlidar_ros2/ldlidar_driver/src/filter) by extension 'colcon_pkg'
[1.410s] Level 1:colcon.colcon_core.package_identification:_identify(src/wheeltec_lidar_ros2/ldlidar_ros2/ldlidar_driver/src/filter) by extensions ['colcon_meta']
[1.410s] Level 1:colcon.colcon_core.package_identification:_identify(src/wheeltec_lidar_ros2/ldlidar_ros2/ldlidar_driver/src/filter) by extension 'colcon_meta'
[1.410s] Level 1:colcon.colcon_core.package_identification:_identify(src/wheeltec_lidar_ros2/ldlidar_ros2/ldlidar_driver/src/filter) by extensions ['ros']
[1.411s] Level 1:colcon.colcon_core.package_identification:_identify(src/wheeltec_lidar_ros2/ldlidar_ros2/ldlidar_driver/src/filter) by extension 'ros'
[1.411s] Level 1:colcon.colcon_core.package_identification:_identify(src/wheeltec_lidar_ros2/ldlidar_ros2/ldlidar_driver/src/filter) by extensions ['cmake', 'python']
[1.411s] Level 1:colcon.colcon_core.package_identification:_identify(src/wheeltec_lidar_ros2/ldlidar_ros2/ldlidar_driver/src/filter) by extension 'cmake'
[1.411s] Level 1:colcon.colcon_core.package_identification:_identify(src/wheeltec_lidar_ros2/ldlidar_ros2/ldlidar_driver/src/filter) by extension 'python'
[1.411s] Level 1:colcon.colcon_core.package_identification:_identify(src/wheeltec_lidar_ros2/ldlidar_ros2/ldlidar_driver/src/filter) by extensions ['python_setup_py']
[1.411s] Level 1:colcon.colcon_core.package_identification:_identify(src/wheeltec_lidar_ros2/ldlidar_ros2/ldlidar_driver/src/filter) by extension 'python_setup_py'
[1.411s] Level 1:colcon.colcon_core.package_identification:_identify(src/wheeltec_lidar_ros2/ldlidar_ros2/ldlidar_driver/src/logger) by extensions ['ignore', 'ignore_ament_install']
[1.411s] Level 1:colcon.colcon_core.package_identification:_identify(src/wheeltec_lidar_ros2/ldlidar_ros2/ldlidar_driver/src/logger) by extension 'ignore'
[1.411s] Level 1:colcon.colcon_core.package_identification:_identify(src/wheeltec_lidar_ros2/ldlidar_ros2/ldlidar_driver/src/logger) by extension 'ignore_ament_install'
[1.411s] Level 1:colcon.colcon_core.package_identification:_identify(src/wheeltec_lidar_ros2/ldlidar_ros2/ldlidar_driver/src/logger) by extensions ['colcon_pkg']
[1.411s] Level 1:colcon.colcon_core.package_identification:_identify(src/wheeltec_lidar_ros2/ldlidar_ros2/ldlidar_driver/src/logger) by extension 'colcon_pkg'
[1.412s] Level 1:colcon.colcon_core.package_identification:_identify(src/wheeltec_lidar_ros2/ldlidar_ros2/ldlidar_driver/src/logger) by extensions ['colcon_meta']
[1.412s] Level 1:colcon.colcon_core.package_identification:_identify(src/wheeltec_lidar_ros2/ldlidar_ros2/ldlidar_driver/src/logger) by extension 'colcon_meta'
[1.412s] Level 1:colcon.colcon_core.package_identification:_identify(src/wheeltec_lidar_ros2/ldlidar_ros2/ldlidar_driver/src/logger) by extensions ['ros']
[1.412s] Level 1:colcon.colcon_core.package_identification:_identify(src/wheeltec_lidar_ros2/ldlidar_ros2/ldlidar_driver/src/logger) by extension 'ros'
[1.412s] Level 1:colcon.colcon_core.package_identification:_identify(src/wheeltec_lidar_ros2/ldlidar_ros2/ldlidar_driver/src/logger) by extensions ['cmake', 'python']
[1.412s] Level 1:colcon.colcon_core.package_identification:_identify(src/wheeltec_lidar_ros2/ldlidar_ros2/ldlidar_driver/src/logger) by extension 'cmake'
[1.412s] Level 1:colcon.colcon_core.package_identification:_identify(src/wheeltec_lidar_ros2/ldlidar_ros2/ldlidar_driver/src/logger) by extension 'python'
[1.412s] Level 1:colcon.colcon_core.package_identification:_identify(src/wheeltec_lidar_ros2/ldlidar_ros2/ldlidar_driver/src/logger) by extensions ['python_setup_py']
[1.412s] Level 1:colcon.colcon_core.package_identification:_identify(src/wheeltec_lidar_ros2/ldlidar_ros2/ldlidar_driver/src/logger) by extension 'python_setup_py'
[1.412s] Level 1:colcon.colcon_core.package_identification:_identify(src/wheeltec_lidar_ros2/ldlidar_ros2/ldlidar_driver/src/networkcom) by extensions ['ignore', 'ignore_ament_install']
[1.412s] Level 1:colcon.colcon_core.package_identification:_identify(src/wheeltec_lidar_ros2/ldlidar_ros2/ldlidar_driver/src/networkcom) by extension 'ignore'
[1.413s] Level 1:colcon.colcon_core.package_identification:_identify(src/wheeltec_lidar_ros2/ldlidar_ros2/ldlidar_driver/src/networkcom) by extension 'ignore_ament_install'
[1.413s] Level 1:colcon.colcon_core.package_identification:_identify(src/wheeltec_lidar_ros2/ldlidar_ros2/ldlidar_driver/src/networkcom) by extensions ['colcon_pkg']
[1.413s] Level 1:colcon.colcon_core.package_identification:_identify(src/wheeltec_lidar_ros2/ldlidar_ros2/ldlidar_driver/src/networkcom) by extension 'colcon_pkg'
[1.413s] Level 1:colcon.colcon_core.package_identification:_identify(src/wheeltec_lidar_ros2/ldlidar_ros2/ldlidar_driver/src/networkcom) by extensions ['colcon_meta']
[1.413s] Level 1:colcon.colcon_core.package_identification:_identify(src/wheeltec_lidar_ros2/ldlidar_ros2/ldlidar_driver/src/networkcom) by extension 'colcon_meta'
[1.413s] Level 1:colcon.colcon_core.package_identification:_identify(src/wheeltec_lidar_ros2/ldlidar_ros2/ldlidar_driver/src/networkcom) by extensions ['ros']
[1.413s] Level 1:colcon.colcon_core.package_identification:_identify(src/wheeltec_lidar_ros2/ldlidar_ros2/ldlidar_driver/src/networkcom) by extension 'ros'
[1.413s] Level 1:colcon.colcon_core.package_identification:_identify(src/wheeltec_lidar_ros2/ldlidar_ros2/ldlidar_driver/src/networkcom) by extensions ['cmake', 'python']
[1.413s] Level 1:colcon.colcon_core.package_identification:_identify(src/wheeltec_lidar_ros2/ldlidar_ros2/ldlidar_driver/src/networkcom) by extension 'cmake'
[1.413s] Level 1:colcon.colcon_core.package_identification:_identify(src/wheeltec_lidar_ros2/ldlidar_ros2/ldlidar_driver/src/networkcom) by extension 'python'
[1.413s] Level 1:colcon.colcon_core.package_identification:_identify(src/wheeltec_lidar_ros2/ldlidar_ros2/ldlidar_driver/src/networkcom) by extensions ['python_setup_py']
[1.413s] Level 1:colcon.colcon_core.package_identification:_identify(src/wheeltec_lidar_ros2/ldlidar_ros2/ldlidar_driver/src/networkcom) by extension 'python_setup_py'
[1.414s] Level 1:colcon.colcon_core.package_identification:_identify(src/wheeltec_lidar_ros2/ldlidar_ros2/ldlidar_driver/src/serialcom) by extensions ['ignore', 'ignore_ament_install']
[1.414s] Level 1:colcon.colcon_core.package_identification:_identify(src/wheeltec_lidar_ros2/ldlidar_ros2/ldlidar_driver/src/serialcom) by extension 'ignore'
[1.414s] Level 1:colcon.colcon_core.package_identification:_identify(src/wheeltec_lidar_ros2/ldlidar_ros2/ldlidar_driver/src/serialcom) by extension 'ignore_ament_install'
[1.414s] Level 1:colcon.colcon_core.package_identification:_identify(src/wheeltec_lidar_ros2/ldlidar_ros2/ldlidar_driver/src/serialcom) by extensions ['colcon_pkg']
[1.414s] Level 1:colcon.colcon_core.package_identification:_identify(src/wheeltec_lidar_ros2/ldlidar_ros2/ldlidar_driver/src/serialcom) by extension 'colcon_pkg'
[1.414s] Level 1:colcon.colcon_core.package_identification:_identify(src/wheeltec_lidar_ros2/ldlidar_ros2/ldlidar_driver/src/serialcom) by extensions ['colcon_meta']
[1.414s] Level 1:colcon.colcon_core.package_identification:_identify(src/wheeltec_lidar_ros2/ldlidar_ros2/ldlidar_driver/src/serialcom) by extension 'colcon_meta'
[1.414s] Level 1:colcon.colcon_core.package_identification:_identify(src/wheeltec_lidar_ros2/ldlidar_ros2/ldlidar_driver/src/serialcom) by extensions ['ros']
[1.414s] Level 1:colcon.colcon_core.package_identification:_identify(src/wheeltec_lidar_ros2/ldlidar_ros2/ldlidar_driver/src/serialcom) by extension 'ros'
[1.414s] Level 1:colcon.colcon_core.package_identification:_identify(src/wheeltec_lidar_ros2/ldlidar_ros2/ldlidar_driver/src/serialcom) by extensions ['cmake', 'python']
[1.414s] Level 1:colcon.colcon_core.package_identification:_identify(src/wheeltec_lidar_ros2/ldlidar_ros2/ldlidar_driver/src/serialcom) by extension 'cmake'
[1.414s] Level 1:colcon.colcon_core.package_identification:_identify(src/wheeltec_lidar_ros2/ldlidar_ros2/ldlidar_driver/src/serialcom) by extension 'python'
[1.415s] Level 1:colcon.colcon_core.package_identification:_identify(src/wheeltec_lidar_ros2/ldlidar_ros2/ldlidar_driver/src/serialcom) by extensions ['python_setup_py']
[1.415s] Level 1:colcon.colcon_core.package_identification:_identify(src/wheeltec_lidar_ros2/ldlidar_ros2/ldlidar_driver/src/serialcom) by extension 'python_setup_py'
[1.415s] Level 1:colcon.colcon_core.package_identification:_identify(src/wheeltec_lidar_ros2/lslidar_ros2) by extensions ['ignore', 'ignore_ament_install']
[1.415s] Level 1:colcon.colcon_core.package_identification:_identify(src/wheeltec_lidar_ros2/lslidar_ros2) by extension 'ignore'
[1.415s] Level 1:colcon.colcon_core.package_identification:_identify(src/wheeltec_lidar_ros2/lslidar_ros2) by extension 'ignore_ament_install'
[1.415s] Level 1:colcon.colcon_core.package_identification:_identify(src/wheeltec_lidar_ros2/lslidar_ros2) by extensions ['colcon_pkg']
[1.415s] Level 1:colcon.colcon_core.package_identification:_identify(src/wheeltec_lidar_ros2/lslidar_ros2) by extension 'colcon_pkg'
[1.415s] Level 1:colcon.colcon_core.package_identification:_identify(src/wheeltec_lidar_ros2/lslidar_ros2) by extensions ['colcon_meta']
[1.415s] Level 1:colcon.colcon_core.package_identification:_identify(src/wheeltec_lidar_ros2/lslidar_ros2) by extension 'colcon_meta'
[1.415s] Level 1:colcon.colcon_core.package_identification:_identify(src/wheeltec_lidar_ros2/lslidar_ros2) by extensions ['ros']
[1.415s] Level 1:colcon.colcon_core.package_identification:_identify(src/wheeltec_lidar_ros2/lslidar_ros2) by extension 'ros'
[1.415s] Level 1:colcon.colcon_core.package_identification:_identify(src/wheeltec_lidar_ros2/lslidar_ros2) by extensions ['cmake', 'python']
[1.416s] Level 1:colcon.colcon_core.package_identification:_identify(src/wheeltec_lidar_ros2/lslidar_ros2) by extension 'cmake'
[1.416s] Level 1:colcon.colcon_core.package_identification:_identify(src/wheeltec_lidar_ros2/lslidar_ros2) by extension 'python'
[1.416s] Level 1:colcon.colcon_core.package_identification:_identify(src/wheeltec_lidar_ros2/lslidar_ros2) by extensions ['python_setup_py']
[1.416s] Level 1:colcon.colcon_core.package_identification:_identify(src/wheeltec_lidar_ros2/lslidar_ros2) by extension 'python_setup_py'
[1.416s] Level 1:colcon.colcon_core.package_identification:_identify(src/wheeltec_lidar_ros2/lslidar_ros2/lslidar_driver) by extensions ['ignore', 'ignore_ament_install']
[1.416s] Level 1:colcon.colcon_core.package_identification:_identify(src/wheeltec_lidar_ros2/lslidar_ros2/lslidar_driver) by extension 'ignore'
[1.416s] Level 1:colcon.colcon_core.package_identification:_identify(src/wheeltec_lidar_ros2/lslidar_ros2/lslidar_driver) by extension 'ignore_ament_install'
[1.416s] Level 1:colcon.colcon_core.package_identification:_identify(src/wheeltec_lidar_ros2/lslidar_ros2/lslidar_driver) by extensions ['colcon_pkg']
[1.416s] Level 1:colcon.colcon_core.package_identification:_identify(src/wheeltec_lidar_ros2/lslidar_ros2/lslidar_driver) by extension 'colcon_pkg'
[1.416s] Level 1:colcon.colcon_core.package_identification:_identify(src/wheeltec_lidar_ros2/lslidar_ros2/lslidar_driver) by extensions ['colcon_meta']
[1.416s] Level 1:colcon.colcon_core.package_identification:_identify(src/wheeltec_lidar_ros2/lslidar_ros2/lslidar_driver) by extension 'colcon_meta'
[1.416s] Level 1:colcon.colcon_core.package_identification:_identify(src/wheeltec_lidar_ros2/lslidar_ros2/lslidar_driver) by extensions ['ros']
[1.416s] Level 1:colcon.colcon_core.package_identification:_identify(src/wheeltec_lidar_ros2/lslidar_ros2/lslidar_driver) by extension 'ros'
[1.418s] DEBUG:colcon.colcon_core.package_identification:Package 'src/wheeltec_lidar_ros2/lslidar_ros2/lslidar_driver' with type 'ros.ament_cmake' and name 'lslidar_driver'
[1.418s] Level 1:colcon.colcon_core.package_identification:_identify(src/wheeltec_lidar_ros2/lslidar_ros2/lslidar_msgs) by extensions ['ignore', 'ignore_ament_install']
[1.418s] Level 1:colcon.colcon_core.package_identification:_identify(src/wheeltec_lidar_ros2/lslidar_ros2/lslidar_msgs) by extension 'ignore'
[1.418s] Level 1:colcon.colcon_core.package_identification:_identify(src/wheeltec_lidar_ros2/lslidar_ros2/lslidar_msgs) by extension 'ignore_ament_install'
[1.418s] Level 1:colcon.colcon_core.package_identification:_identify(src/wheeltec_lidar_ros2/lslidar_ros2/lslidar_msgs) by extensions ['colcon_pkg']
[1.418s] Level 1:colcon.colcon_core.package_identification:_identify(src/wheeltec_lidar_ros2/lslidar_ros2/lslidar_msgs) by extension 'colcon_pkg'
[1.418s] Level 1:colcon.colcon_core.package_identification:_identify(src/wheeltec_lidar_ros2/lslidar_ros2/lslidar_msgs) by extensions ['colcon_meta']
[1.418s] Level 1:colcon.colcon_core.package_identification:_identify(src/wheeltec_lidar_ros2/lslidar_ros2/lslidar_msgs) by extension 'colcon_meta'
[1.419s] Level 1:colcon.colcon_core.package_identification:_identify(src/wheeltec_lidar_ros2/lslidar_ros2/lslidar_msgs) by extensions ['ros']
[1.419s] Level 1:colcon.colcon_core.package_identification:_identify(src/wheeltec_lidar_ros2/lslidar_ros2/lslidar_msgs) by extension 'ros'
[1.420s] DEBUG:colcon.colcon_core.package_identification:Package 'src/wheeltec_lidar_ros2/lslidar_ros2/lslidar_msgs' with type 'ros.ament_cmake' and name 'lslidar_msgs'
[1.420s] Level 1:colcon.colcon_core.package_identification:_identify(src/wheeltec_lidar_ros2/pointcloud_to_laserscan-humble) by extensions ['ignore', 'ignore_ament_install']
[1.420s] Level 1:colcon.colcon_core.package_identification:_identify(src/wheeltec_lidar_ros2/pointcloud_to_laserscan-humble) by extension 'ignore'
[1.420s] Level 1:colcon.colcon_core.package_identification:_identify(src/wheeltec_lidar_ros2/pointcloud_to_laserscan-humble) by extension 'ignore_ament_install'
[1.420s] Level 1:colcon.colcon_core.package_identification:_identify(src/wheeltec_lidar_ros2/pointcloud_to_laserscan-humble) by extensions ['colcon_pkg']
[1.420s] Level 1:colcon.colcon_core.package_identification:_identify(src/wheeltec_lidar_ros2/pointcloud_to_laserscan-humble) by extension 'colcon_pkg'
[1.420s] Level 1:colcon.colcon_core.package_identification:_identify(src/wheeltec_lidar_ros2/pointcloud_to_laserscan-humble) by extensions ['colcon_meta']
[1.420s] Level 1:colcon.colcon_core.package_identification:_identify(src/wheeltec_lidar_ros2/pointcloud_to_laserscan-humble) by extension 'colcon_meta'
[1.420s] Level 1:colcon.colcon_core.package_identification:_identify(src/wheeltec_lidar_ros2/pointcloud_to_laserscan-humble) by extensions ['ros']
[1.420s] Level 1:colcon.colcon_core.package_identification:_identify(src/wheeltec_lidar_ros2/pointcloud_to_laserscan-humble) by extension 'ros'
[1.423s] DEBUG:colcon.colcon_core.package_identification:Package 'src/wheeltec_lidar_ros2/pointcloud_to_laserscan-humble' with type 'ros.ament_cmake' and name 'pointcloud_to_laserscan'
[1.423s] Level 1:colcon.colcon_core.package_identification:_identify(src/wheeltec_lidar_ros2/rplidar_ros) by extensions ['ignore', 'ignore_ament_install']
[1.423s] Level 1:colcon.colcon_core.package_identification:_identify(src/wheeltec_lidar_ros2/rplidar_ros) by extension 'ignore'
[1.423s] Level 1:colcon.colcon_core.package_identification:_identify(src/wheeltec_lidar_ros2/rplidar_ros) by extension 'ignore_ament_install'
[1.423s] Level 1:colcon.colcon_core.package_identification:_identify(src/wheeltec_lidar_ros2/rplidar_ros) by extensions ['colcon_pkg']
[1.423s] Level 1:colcon.colcon_core.package_identification:_identify(src/wheeltec_lidar_ros2/rplidar_ros) by extension 'colcon_pkg'
[1.423s] Level 1:colcon.colcon_core.package_identification:_identify(src/wheeltec_lidar_ros2/rplidar_ros) by extensions ['colcon_meta']
[1.424s] Level 1:colcon.colcon_core.package_identification:_identify(src/wheeltec_lidar_ros2/rplidar_ros) by extension 'colcon_meta'
[1.424s] Level 1:colcon.colcon_core.package_identification:_identify(src/wheeltec_lidar_ros2/rplidar_ros) by extensions ['ros']
[1.424s] Level 1:colcon.colcon_core.package_identification:_identify(src/wheeltec_lidar_ros2/rplidar_ros) by extension 'ros'
[1.425s] DEBUG:colcon.colcon_core.package_identification:Package 'src/wheeltec_lidar_ros2/rplidar_ros' with type 'ros.ament_cmake' and name 'rplidar_ros'
[1.425s] Level 1:colcon.colcon_core.package_identification:_identify(src/wheeltec_mic) by extensions ['ignore', 'ignore_ament_install']
[1.425s] Level 1:colcon.colcon_core.package_identification:_identify(src/wheeltec_mic) by extension 'ignore'
[1.425s] Level 1:colcon.colcon_core.package_identification:_identify(src/wheeltec_mic) by extension 'ignore_ament_install'
[1.425s] Level 1:colcon.colcon_core.package_identification:_identify(src/wheeltec_mic) by extensions ['colcon_pkg']
[1.425s] Level 1:colcon.colcon_core.package_identification:_identify(src/wheeltec_mic) by extension 'colcon_pkg'
[1.426s] Level 1:colcon.colcon_core.package_identification:_identify(src/wheeltec_mic) by extensions ['colcon_meta']
[1.426s] Level 1:colcon.colcon_core.package_identification:_identify(src/wheeltec_mic) by extension 'colcon_meta'
[1.426s] Level 1:colcon.colcon_core.package_identification:_identify(src/wheeltec_mic) by extensions ['ros']
[1.426s] Level 1:colcon.colcon_core.package_identification:_identify(src/wheeltec_mic) by extension 'ros'
[1.426s] Level 1:colcon.colcon_core.package_identification:_identify(src/wheeltec_mic) by extensions ['cmake', 'python']
[1.426s] Level 1:colcon.colcon_core.package_identification:_identify(src/wheeltec_mic) by extension 'cmake'
[1.426s] Level 1:colcon.colcon_core.package_identification:_identify(src/wheeltec_mic) by extension 'python'
[1.426s] Level 1:colcon.colcon_core.package_identification:_identify(src/wheeltec_mic) by extensions ['python_setup_py']
[1.426s] Level 1:colcon.colcon_core.package_identification:_identify(src/wheeltec_mic) by extension 'python_setup_py'
[1.426s] Level 1:colcon.colcon_core.package_identification:_identify(src/wheeltec_mic/wheeltec_mic_msg) by extensions ['ignore', 'ignore_ament_install']
[1.427s] Level 1:colcon.colcon_core.package_identification:_identify(src/wheeltec_mic/wheeltec_mic_msg) by extension 'ignore'
[1.427s] Level 1:colcon.colcon_core.package_identification:_identify(src/wheeltec_mic/wheeltec_mic_msg) by extension 'ignore_ament_install'
[1.427s] Level 1:colcon.colcon_core.package_identification:_identify(src/wheeltec_mic/wheeltec_mic_msg) by extensions ['colcon_pkg']
[1.427s] Level 1:colcon.colcon_core.package_identification:_identify(src/wheeltec_mic/wheeltec_mic_msg) by extension 'colcon_pkg'
[1.427s] Level 1:colcon.colcon_core.package_identification:_identify(src/wheeltec_mic/wheeltec_mic_msg) by extensions ['colcon_meta']
[1.427s] Level 1:colcon.colcon_core.package_identification:_identify(src/wheeltec_mic/wheeltec_mic_msg) by extension 'colcon_meta'
[1.427s] Level 1:colcon.colcon_core.package_identification:_identify(src/wheeltec_mic/wheeltec_mic_msg) by extensions ['ros']
[1.427s] Level 1:colcon.colcon_core.package_identification:_identify(src/wheeltec_mic/wheeltec_mic_msg) by extension 'ros'
[1.428s] DEBUG:colcon.colcon_core.package_identification:Package 'src/wheeltec_mic/wheeltec_mic_msg' with type 'ros.ament_cmake' and name 'wheeltec_mic_msg'
[1.429s] Level 1:colcon.colcon_core.package_identification:_identify(src/wheeltec_mic/wheeltec_mic_ros2) by extensions ['ignore', 'ignore_ament_install']
[1.429s] Level 1:colcon.colcon_core.package_identification:_identify(src/wheeltec_mic/wheeltec_mic_ros2) by extension 'ignore'
[1.429s] Level 1:colcon.colcon_core.package_identification:_identify(src/wheeltec_mic/wheeltec_mic_ros2) by extension 'ignore_ament_install'
[1.429s] Level 1:colcon.colcon_core.package_identification:_identify(src/wheeltec_mic/wheeltec_mic_ros2) by extensions ['colcon_pkg']
[1.429s] Level 1:colcon.colcon_core.package_identification:_identify(src/wheeltec_mic/wheeltec_mic_ros2) by extension 'colcon_pkg'
[1.429s] Level 1:colcon.colcon_core.package_identification:_identify(src/wheeltec_mic/wheeltec_mic_ros2) by extensions ['colcon_meta']
[1.429s] Level 1:colcon.colcon_core.package_identification:_identify(src/wheeltec_mic/wheeltec_mic_ros2) by extension 'colcon_meta'
[1.429s] Level 1:colcon.colcon_core.package_identification:_identify(src/wheeltec_mic/wheeltec_mic_ros2) by extensions ['ros']
[1.429s] Level 1:colcon.colcon_core.package_identification:_identify(src/wheeltec_mic/wheeltec_mic_ros2) by extension 'ros'
[1.431s] DEBUG:colcon.colcon_core.package_identification:Package 'src/wheeltec_mic/wheeltec_mic_ros2' with type 'ros.ament_cmake' and name 'wheeltec_mic_ros2'
[1.431s] Level 1:colcon.colcon_core.package_identification:_identify(src/wheeltec_mic_aiui) by extensions ['ignore', 'ignore_ament_install']
[1.431s] Level 1:colcon.colcon_core.package_identification:_identify(src/wheeltec_mic_aiui) by extension 'ignore'
[1.431s] Level 1:colcon.colcon_core.package_identification:_identify(src/wheeltec_mic_aiui) by extension 'ignore_ament_install'
[1.432s] Level 1:colcon.colcon_core.package_identification:_identify(src/wheeltec_mic_aiui) by extensions ['colcon_pkg']
[1.432s] Level 1:colcon.colcon_core.package_identification:_identify(src/wheeltec_mic_aiui) by extension 'colcon_pkg'
[1.432s] Level 1:colcon.colcon_core.package_identification:_identify(src/wheeltec_mic_aiui) by extensions ['colcon_meta']
[1.432s] Level 1:colcon.colcon_core.package_identification:_identify(src/wheeltec_mic_aiui) by extension 'colcon_meta'
[1.432s] Level 1:colcon.colcon_core.package_identification:_identify(src/wheeltec_mic_aiui) by extensions ['ros']
[1.432s] Level 1:colcon.colcon_core.package_identification:_identify(src/wheeltec_mic_aiui) by extension 'ros'
[1.433s] DEBUG:colcon.colcon_core.package_identification:Package 'src/wheeltec_mic_aiui' with type 'ros.ament_cmake' and name 'wheeltec_mic_aiui'
[1.433s] Level 1:colcon.colcon_core.package_identification:_identify(src/wheeltec_multi) by extensions ['ignore', 'ignore_ament_install']
[1.434s] Level 1:colcon.colcon_core.package_identification:_identify(src/wheeltec_multi) by extension 'ignore'
[1.434s] Level 1:colcon.colcon_core.package_identification:_identify(src/wheeltec_multi) by extension 'ignore_ament_install'
[1.434s] Level 1:colcon.colcon_core.package_identification:_identify(src/wheeltec_multi) by extensions ['colcon_pkg']
[1.434s] Level 1:colcon.colcon_core.package_identification:_identify(src/wheeltec_multi) by extension 'colcon_pkg'
[1.434s] Level 1:colcon.colcon_core.package_identification:_identify(src/wheeltec_multi) by extensions ['colcon_meta']
[1.434s] Level 1:colcon.colcon_core.package_identification:_identify(src/wheeltec_multi) by extension 'colcon_meta'
[1.434s] Level 1:colcon.colcon_core.package_identification:_identify(src/wheeltec_multi) by extensions ['ros']
[1.434s] Level 1:colcon.colcon_core.package_identification:_identify(src/wheeltec_multi) by extension 'ros'
[1.436s] DEBUG:colcon.colcon_core.package_identification:Package 'src/wheeltec_multi' with type 'ros.ament_cmake' and name 'wheeltec_multi'
[1.437s] Level 1:colcon.colcon_core.package_identification:_identify(src/wheeltec_path_follow) by extensions ['ignore', 'ignore_ament_install']
[1.437s] Level 1:colcon.colcon_core.package_identification:_identify(src/wheeltec_path_follow) by extension 'ignore'
[1.437s] Level 1:colcon.colcon_core.package_identification:_identify(src/wheeltec_path_follow) by extension 'ignore_ament_install'
[1.437s] Level 1:colcon.colcon_core.package_identification:_identify(src/wheeltec_path_follow) by extensions ['colcon_pkg']
[1.437s] Level 1:colcon.colcon_core.package_identification:_identify(src/wheeltec_path_follow) by extension 'colcon_pkg'
[1.437s] Level 1:colcon.colcon_core.package_identification:_identify(src/wheeltec_path_follow) by extensions ['colcon_meta']
[1.437s] Level 1:colcon.colcon_core.package_identification:_identify(src/wheeltec_path_follow) by extension 'colcon_meta'
[1.438s] Level 1:colcon.colcon_core.package_identification:_identify(src/wheeltec_path_follow) by extensions ['ros']
[1.438s] Level 1:colcon.colcon_core.package_identification:_identify(src/wheeltec_path_follow) by extension 'ros'
[1.440s] DEBUG:colcon.colcon_core.package_identification:Package 'src/wheeltec_path_follow' with type 'ros.ament_cmake' and name 'wheeltec_path_follow'
[1.441s] Level 1:colcon.colcon_core.package_identification:_identify(src/wheeltec_radar) by extensions ['ignore', 'ignore_ament_install']
[1.441s] Level 1:colcon.colcon_core.package_identification:_identify(src/wheeltec_radar) by extension 'ignore'
[1.441s] Level 1:colcon.colcon_core.package_identification:_identify(src/wheeltec_radar) by extension 'ignore_ament_install'
[1.441s] Level 1:colcon.colcon_core.package_identification:_identify(src/wheeltec_radar) by extensions ['colcon_pkg']
[1.441s] Level 1:colcon.colcon_core.package_identification:_identify(src/wheeltec_radar) by extension 'colcon_pkg'
[1.441s] Level 1:colcon.colcon_core.package_identification:_identify(src/wheeltec_radar) by extensions ['colcon_meta']
[1.441s] Level 1:colcon.colcon_core.package_identification:_identify(src/wheeltec_radar) by extension 'colcon_meta'
[1.441s] Level 1:colcon.colcon_core.package_identification:_identify(src/wheeltec_radar) by extensions ['ros']
[1.441s] Level 1:colcon.colcon_core.package_identification:_identify(src/wheeltec_radar) by extension 'ros'
[1.444s] DEBUG:colcon.colcon_core.package_identification:Package 'src/wheeltec_radar' with type 'ros.ament_cmake' and name 'wheeltec_radar'
[1.445s] Level 1:colcon.colcon_core.package_identification:_identify(src/wheeltec_robot_kcf) by extensions ['ignore', 'ignore_ament_install']
[1.445s] Level 1:colcon.colcon_core.package_identification:_identify(src/wheeltec_robot_kcf) by extension 'ignore'
[1.445s] Level 1:colcon.colcon_core.package_identification:_identify(src/wheeltec_robot_kcf) by extension 'ignore_ament_install'
[1.445s] Level 1:colcon.colcon_core.package_identification:_identify(src/wheeltec_robot_kcf) by extensions ['colcon_pkg']
[1.445s] Level 1:colcon.colcon_core.package_identification:_identify(src/wheeltec_robot_kcf) by extension 'colcon_pkg'
[1.445s] Level 1:colcon.colcon_core.package_identification:_identify(src/wheeltec_robot_kcf) by extensions ['colcon_meta']
[1.445s] Level 1:colcon.colcon_core.package_identification:_identify(src/wheeltec_robot_kcf) by extension 'colcon_meta'
[1.445s] Level 1:colcon.colcon_core.package_identification:_identify(src/wheeltec_robot_kcf) by extensions ['ros']
[1.446s] Level 1:colcon.colcon_core.package_identification:_identify(src/wheeltec_robot_kcf) by extension 'ros'
[1.447s] DEBUG:colcon.colcon_core.package_identification:Package 'src/wheeltec_robot_kcf' with type 'ros.ament_cmake' and name 'wheeltec_robot_kcf'
[1.448s] Level 1:colcon.colcon_core.package_identification:_identify(src/wheeltec_robot_keyboard) by extensions ['ignore', 'ignore_ament_install']
[1.448s] Level 1:colcon.colcon_core.package_identification:_identify(src/wheeltec_robot_keyboard) by extension 'ignore'
[1.448s] Level 1:colcon.colcon_core.package_identification:_identify(src/wheeltec_robot_keyboard) by extension 'ignore_ament_install'
[1.448s] Level 1:colcon.colcon_core.package_identification:_identify(src/wheeltec_robot_keyboard) by extensions ['colcon_pkg']
[1.448s] Level 1:colcon.colcon_core.package_identification:_identify(src/wheeltec_robot_keyboard) by extension 'colcon_pkg'
[1.448s] Level 1:colcon.colcon_core.package_identification:_identify(src/wheeltec_robot_keyboard) by extensions ['colcon_meta']
[1.448s] Level 1:colcon.colcon_core.package_identification:_identify(src/wheeltec_robot_keyboard) by extension 'colcon_meta'
[1.448s] Level 1:colcon.colcon_core.package_identification:_identify(src/wheeltec_robot_keyboard) by extensions ['ros']
[1.448s] Level 1:colcon.colcon_core.package_identification:_identify(src/wheeltec_robot_keyboard) by extension 'ros'
[1.450s] DEBUG:colcon.colcon_core.package_identification:Package 'src/wheeltec_robot_keyboard' with type 'ros.ament_python' and name 'wheeltec_robot_keyboard'
[1.450s] Level 1:colcon.colcon_core.package_identification:_identify(src/wheeltec_robot_msg) by extensions ['ignore', 'ignore_ament_install']
[1.450s] Level 1:colcon.colcon_core.package_identification:_identify(src/wheeltec_robot_msg) by extension 'ignore'
[1.450s] Level 1:colcon.colcon_core.package_identification:_identify(src/wheeltec_robot_msg) by extension 'ignore_ament_install'
[1.451s] Level 1:colcon.colcon_core.package_identification:_identify(src/wheeltec_robot_msg) by extensions ['colcon_pkg']
[1.451s] Level 1:colcon.colcon_core.package_identification:_identify(src/wheeltec_robot_msg) by extension 'colcon_pkg'
[1.451s] Level 1:colcon.colcon_core.package_identification:_identify(src/wheeltec_robot_msg) by extensions ['colcon_meta']
[1.451s] Level 1:colcon.colcon_core.package_identification:_identify(src/wheeltec_robot_msg) by extension 'colcon_meta'
[1.451s] Level 1:colcon.colcon_core.package_identification:_identify(src/wheeltec_robot_msg) by extensions ['ros']
[1.451s] Level 1:colcon.colcon_core.package_identification:_identify(src/wheeltec_robot_msg) by extension 'ros'
[1.452s] DEBUG:colcon.colcon_core.package_identification:Package 'src/wheeltec_robot_msg' with type 'ros.ament_cmake' and name 'wheeltec_robot_msg'
[1.453s] Level 1:colcon.colcon_core.package_identification:_identify(src/wheeltec_robot_nav2) by extensions ['ignore', 'ignore_ament_install']
[1.453s] Level 1:colcon.colcon_core.package_identification:_identify(src/wheeltec_robot_nav2) by extension 'ignore'
[1.453s] Level 1:colcon.colcon_core.package_identification:_identify(src/wheeltec_robot_nav2) by extension 'ignore_ament_install'
[1.453s] Level 1:colcon.colcon_core.package_identification:_identify(src/wheeltec_robot_nav2) by extensions ['colcon_pkg']
[1.453s] Level 1:colcon.colcon_core.package_identification:_identify(src/wheeltec_robot_nav2) by extension 'colcon_pkg'
[1.453s] Level 1:colcon.colcon_core.package_identification:_identify(src/wheeltec_robot_nav2) by extensions ['colcon_meta']
[1.453s] Level 1:colcon.colcon_core.package_identification:_identify(src/wheeltec_robot_nav2) by extension 'colcon_meta'
[1.454s] Level 1:colcon.colcon_core.package_identification:_identify(src/wheeltec_robot_nav2) by extensions ['ros']
[1.454s] Level 1:colcon.colcon_core.package_identification:_identify(src/wheeltec_robot_nav2) by extension 'ros'
[1.455s] DEBUG:colcon.colcon_core.package_identification:Package 'src/wheeltec_robot_nav2' with type 'ros.ament_cmake' and name 'wheeltec_nav2'
[1.455s] Level 1:colcon.colcon_core.package_identification:_identify(src/wheeltec_robot_rrt2) by extensions ['ignore', 'ignore_ament_install']
[1.455s] Level 1:colcon.colcon_core.package_identification:_identify(src/wheeltec_robot_rrt2) by extension 'ignore'
[1.455s] Level 1:colcon.colcon_core.package_identification:_identify(src/wheeltec_robot_rrt2) by extension 'ignore_ament_install'
[1.456s] Level 1:colcon.colcon_core.package_identification:_identify(src/wheeltec_robot_rrt2) by extensions ['colcon_pkg']
[1.456s] Level 1:colcon.colcon_core.package_identification:_identify(src/wheeltec_robot_rrt2) by extension 'colcon_pkg'
[1.456s] Level 1:colcon.colcon_core.package_identification:_identify(src/wheeltec_robot_rrt2) by extensions ['colcon_meta']
[1.456s] Level 1:colcon.colcon_core.package_identification:_identify(src/wheeltec_robot_rrt2) by extension 'colcon_meta'
[1.456s] Level 1:colcon.colcon_core.package_identification:_identify(src/wheeltec_robot_rrt2) by extensions ['ros']
[1.456s] Level 1:colcon.colcon_core.package_identification:_identify(src/wheeltec_robot_rrt2) by extension 'ros'
[1.457s] DEBUG:colcon.colcon_core.package_identification:Package 'src/wheeltec_robot_rrt2' with type 'ros.ament_cmake' and name 'wheeltec_robot_rrt'
[1.458s] Level 1:colcon.colcon_core.package_identification:_identify(src/wheeltec_robot_rtab) by extensions ['ignore', 'ignore_ament_install']
[1.458s] Level 1:colcon.colcon_core.package_identification:_identify(src/wheeltec_robot_rtab) by extension 'ignore'
[1.458s] Level 1:colcon.colcon_core.package_identification:_identify(src/wheeltec_robot_rtab) by extension 'ignore_ament_install'
[1.458s] Level 1:colcon.colcon_core.package_identification:_identify(src/wheeltec_robot_rtab) by extensions ['colcon_pkg']
[1.458s] Level 1:colcon.colcon_core.package_identification:_identify(src/wheeltec_robot_rtab) by extension 'colcon_pkg'
[1.458s] Level 1:colcon.colcon_core.package_identification:_identify(src/wheeltec_robot_rtab) by extensions ['colcon_meta']
[1.458s] Level 1:colcon.colcon_core.package_identification:_identify(src/wheeltec_robot_rtab) by extension 'colcon_meta'
[1.458s] Level 1:colcon.colcon_core.package_identification:_identify(src/wheeltec_robot_rtab) by extensions ['ros']
[1.458s] Level 1:colcon.colcon_core.package_identification:_identify(src/wheeltec_robot_rtab) by extension 'ros'
[1.459s] DEBUG:colcon.colcon_core.package_identification:Package 'src/wheeltec_robot_rtab' with type 'ros.ament_cmake' and name 'wheeltec_robot_rtab'
[1.460s] Level 1:colcon.colcon_core.package_identification:_identify(src/wheeltec_robot_slam) by extensions ['ignore', 'ignore_ament_install']
[1.460s] Level 1:colcon.colcon_core.package_identification:_identify(src/wheeltec_robot_slam) by extension 'ignore'
[1.460s] Level 1:colcon.colcon_core.package_identification:_identify(src/wheeltec_robot_slam) by extension 'ignore_ament_install'
[1.460s] Level 1:colcon.colcon_core.package_identification:_identify(src/wheeltec_robot_slam) by extensions ['colcon_pkg']
[1.460s] Level 1:colcon.colcon_core.package_identification:_identify(src/wheeltec_robot_slam) by extension 'colcon_pkg'
[1.460s] Level 1:colcon.colcon_core.package_identification:_identify(src/wheeltec_robot_slam) by extensions ['colcon_meta']
[1.460s] Level 1:colcon.colcon_core.package_identification:_identify(src/wheeltec_robot_slam) by extension 'colcon_meta'
[1.460s] Level 1:colcon.colcon_core.package_identification:_identify(src/wheeltec_robot_slam) by extensions ['ros']
[1.460s] Level 1:colcon.colcon_core.package_identification:_identify(src/wheeltec_robot_slam) by extension 'ros'
[1.460s] Level 1:colcon.colcon_core.package_identification:_identify(src/wheeltec_robot_slam) by extensions ['cmake', 'python']
[1.460s] Level 1:colcon.colcon_core.package_identification:_identify(src/wheeltec_robot_slam) by extension 'cmake'
[1.461s] Level 1:colcon.colcon_core.package_identification:_identify(src/wheeltec_robot_slam) by extension 'python'
[1.461s] Level 1:colcon.colcon_core.package_identification:_identify(src/wheeltec_robot_slam) by extensions ['python_setup_py']
[1.461s] Level 1:colcon.colcon_core.package_identification:_identify(src/wheeltec_robot_slam) by extension 'python_setup_py'
[1.461s] Level 1:colcon.colcon_core.package_identification:_identify(src/wheeltec_robot_slam/LIO-SAM-ROS2) by extensions ['ignore', 'ignore_ament_install']
[1.461s] Level 1:colcon.colcon_core.package_identification:_identify(src/wheeltec_robot_slam/LIO-SAM-ROS2) by extension 'ignore'
[1.461s] Level 1:colcon.colcon_core.package_identification:_identify(src/wheeltec_robot_slam/LIO-SAM-ROS2) by extension 'ignore_ament_install'
[1.461s] Level 1:colcon.colcon_core.package_identification:_identify(src/wheeltec_robot_slam/LIO-SAM-ROS2) by extensions ['colcon_pkg']
[1.461s] Level 1:colcon.colcon_core.package_identification:_identify(src/wheeltec_robot_slam/LIO-SAM-ROS2) by extension 'colcon_pkg'
[1.461s] Level 1:colcon.colcon_core.package_identification:_identify(src/wheeltec_robot_slam/LIO-SAM-ROS2) by extensions ['colcon_meta']
[1.462s] Level 1:colcon.colcon_core.package_identification:_identify(src/wheeltec_robot_slam/LIO-SAM-ROS2) by extension 'colcon_meta'
[1.462s] Level 1:colcon.colcon_core.package_identification:_identify(src/wheeltec_robot_slam/LIO-SAM-ROS2) by extensions ['ros']
[1.462s] Level 1:colcon.colcon_core.package_identification:_identify(src/wheeltec_robot_slam/LIO-SAM-ROS2) by extension 'ros'
[1.464s] DEBUG:colcon.colcon_core.package_identification:Package 'src/wheeltec_robot_slam/LIO-SAM-ROS2' with type 'ros.ament_cmake' and name 'lio_sam'
[1.464s] Level 1:colcon.colcon_core.package_identification:_identify(src/wheeltec_robot_slam/LeGO-LOAM-SR-master) by extensions ['ignore', 'ignore_ament_install']
[1.464s] Level 1:colcon.colcon_core.package_identification:_identify(src/wheeltec_robot_slam/LeGO-LOAM-SR-master) by extension 'ignore'
[1.464s] Level 1:colcon.colcon_core.package_identification:_identify(src/wheeltec_robot_slam/LeGO-LOAM-SR-master) by extension 'ignore_ament_install'
[1.464s] Level 1:colcon.colcon_core.package_identification:_identify(src/wheeltec_robot_slam/LeGO-LOAM-SR-master) by extensions ['colcon_pkg']
[1.464s] Level 1:colcon.colcon_core.package_identification:_identify(src/wheeltec_robot_slam/LeGO-LOAM-SR-master) by extension 'colcon_pkg'
[1.464s] Level 1:colcon.colcon_core.package_identification:_identify(src/wheeltec_robot_slam/LeGO-LOAM-SR-master) by extensions ['colcon_meta']
[1.464s] Level 1:colcon.colcon_core.package_identification:_identify(src/wheeltec_robot_slam/LeGO-LOAM-SR-master) by extension 'colcon_meta'
[1.465s] Level 1:colcon.colcon_core.package_identification:_identify(src/wheeltec_robot_slam/LeGO-LOAM-SR-master) by extensions ['ros']
[1.465s] Level 1:colcon.colcon_core.package_identification:_identify(src/wheeltec_robot_slam/LeGO-LOAM-SR-master) by extension 'ros'
[1.465s] Level 1:colcon.colcon_core.package_identification:_identify(src/wheeltec_robot_slam/LeGO-LOAM-SR-master) by extensions ['cmake', 'python']
[1.465s] Level 1:colcon.colcon_core.package_identification:_identify(src/wheeltec_robot_slam/LeGO-LOAM-SR-master) by extension 'cmake'
[1.465s] Level 1:colcon.colcon_core.package_identification:_identify(src/wheeltec_robot_slam/LeGO-LOAM-SR-master) by extension 'python'
[1.465s] Level 1:colcon.colcon_core.package_identification:_identify(src/wheeltec_robot_slam/LeGO-LOAM-SR-master) by extensions ['python_setup_py']
[1.465s] Level 1:colcon.colcon_core.package_identification:_identify(src/wheeltec_robot_slam/LeGO-LOAM-SR-master) by extension 'python_setup_py'
[1.465s] Level 1:colcon.colcon_core.package_identification:_identify(src/wheeltec_robot_slam/LeGO-LOAM-SR-master/LeGO-LOAM) by extensions ['ignore', 'ignore_ament_install']
[1.465s] Level 1:colcon.colcon_core.package_identification:_identify(src/wheeltec_robot_slam/LeGO-LOAM-SR-master/LeGO-LOAM) by extension 'ignore'
[1.466s] Level 1:colcon.colcon_core.package_identification:_identify(src/wheeltec_robot_slam/LeGO-LOAM-SR-master/LeGO-LOAM) by extension 'ignore_ament_install'
[1.466s] Level 1:colcon.colcon_core.package_identification:_identify(src/wheeltec_robot_slam/LeGO-LOAM-SR-master/LeGO-LOAM) by extensions ['colcon_pkg']
[1.466s] Level 1:colcon.colcon_core.package_identification:_identify(src/wheeltec_robot_slam/LeGO-LOAM-SR-master/LeGO-LOAM) by extension 'colcon_pkg'
[1.466s] Level 1:colcon.colcon_core.package_identification:_identify(src/wheeltec_robot_slam/LeGO-LOAM-SR-master/LeGO-LOAM) by extensions ['colcon_meta']
[1.466s] Level 1:colcon.colcon_core.package_identification:_identify(src/wheeltec_robot_slam/LeGO-LOAM-SR-master/LeGO-LOAM) by extension 'colcon_meta'
[1.466s] Level 1:colcon.colcon_core.package_identification:_identify(src/wheeltec_robot_slam/LeGO-LOAM-SR-master/LeGO-LOAM) by extensions ['ros']
[1.466s] Level 1:colcon.colcon_core.package_identification:_identify(src/wheeltec_robot_slam/LeGO-LOAM-SR-master/LeGO-LOAM) by extension 'ros'
[1.467s] DEBUG:colcon.colcon_core.package_identification:Package 'src/wheeltec_robot_slam/LeGO-LOAM-SR-master/LeGO-LOAM' with type 'ros.ament_cmake' and name 'lego_loam_sr'
[1.468s] Level 1:colcon.colcon_core.package_identification:_identify(src/wheeltec_robot_slam/LeGO-LOAM-SR-master/cloud_msgs) by extensions ['ignore', 'ignore_ament_install']
[1.468s] Level 1:colcon.colcon_core.package_identification:_identify(src/wheeltec_robot_slam/LeGO-LOAM-SR-master/cloud_msgs) by extension 'ignore'
[1.468s] Level 1:colcon.colcon_core.package_identification:_identify(src/wheeltec_robot_slam/LeGO-LOAM-SR-master/cloud_msgs) by extension 'ignore_ament_install'
[1.468s] Level 1:colcon.colcon_core.package_identification:_identify(src/wheeltec_robot_slam/LeGO-LOAM-SR-master/cloud_msgs) by extensions ['colcon_pkg']
[1.468s] Level 1:colcon.colcon_core.package_identification:_identify(src/wheeltec_robot_slam/LeGO-LOAM-SR-master/cloud_msgs) by extension 'colcon_pkg'
[1.468s] Level 1:colcon.colcon_core.package_identification:_identify(src/wheeltec_robot_slam/LeGO-LOAM-SR-master/cloud_msgs) by extensions ['colcon_meta']
[1.468s] Level 1:colcon.colcon_core.package_identification:_identify(src/wheeltec_robot_slam/LeGO-LOAM-SR-master/cloud_msgs) by extension 'colcon_meta'
[1.468s] Level 1:colcon.colcon_core.package_identification:_identify(src/wheeltec_robot_slam/LeGO-LOAM-SR-master/cloud_msgs) by extensions ['ros']
[1.468s] Level 1:colcon.colcon_core.package_identification:_identify(src/wheeltec_robot_slam/LeGO-LOAM-SR-master/cloud_msgs) by extension 'ros'
[1.469s] DEBUG:colcon.colcon_core.package_identification:Package 'src/wheeltec_robot_slam/LeGO-LOAM-SR-master/cloud_msgs' with type 'ros.ament_cmake' and name 'cloud_msgs'
[1.470s] Level 1:colcon.colcon_core.package_identification:_identify(src/wheeltec_robot_slam/openslam_gmapping) by extensions ['ignore', 'ignore_ament_install']
[1.470s] Level 1:colcon.colcon_core.package_identification:_identify(src/wheeltec_robot_slam/openslam_gmapping) by extension 'ignore'
[1.470s] Level 1:colcon.colcon_core.package_identification:_identify(src/wheeltec_robot_slam/openslam_gmapping) by extension 'ignore_ament_install'
[1.470s] Level 1:colcon.colcon_core.package_identification:_identify(src/wheeltec_robot_slam/openslam_gmapping) by extensions ['colcon_pkg']
[1.470s] Level 1:colcon.colcon_core.package_identification:_identify(src/wheeltec_robot_slam/openslam_gmapping) by extension 'colcon_pkg'
[1.470s] Level 1:colcon.colcon_core.package_identification:_identify(src/wheeltec_robot_slam/openslam_gmapping) by extensions ['colcon_meta']
[1.470s] Level 1:colcon.colcon_core.package_identification:_identify(src/wheeltec_robot_slam/openslam_gmapping) by extension 'colcon_meta'
[1.470s] Level 1:colcon.colcon_core.package_identification:_identify(src/wheeltec_robot_slam/openslam_gmapping) by extensions ['ros']
[1.470s] Level 1:colcon.colcon_core.package_identification:_identify(src/wheeltec_robot_slam/openslam_gmapping) by extension 'ros'
[1.471s] DEBUG:colcon.colcon_core.package_identification:Package 'src/wheeltec_robot_slam/openslam_gmapping' with type 'ros.ament_cmake' and name 'openslam_gmapping'
[1.472s] Level 1:colcon.colcon_core.package_identification:_identify(src/wheeltec_robot_slam/orb_slam_2_ros) by extensions ['ignore', 'ignore_ament_install']
[1.472s] Level 1:colcon.colcon_core.package_identification:_identify(src/wheeltec_robot_slam/orb_slam_2_ros) by extension 'ignore'
[1.472s] Level 1:colcon.colcon_core.package_identification:_identify(src/wheeltec_robot_slam/orb_slam_2_ros) by extension 'ignore_ament_install'
[1.472s] Level 1:colcon.colcon_core.package_identification:_identify(src/wheeltec_robot_slam/orb_slam_2_ros) by extensions ['colcon_pkg']
[1.472s] Level 1:colcon.colcon_core.package_identification:_identify(src/wheeltec_robot_slam/orb_slam_2_ros) by extension 'colcon_pkg'
[1.472s] Level 1:colcon.colcon_core.package_identification:_identify(src/wheeltec_robot_slam/orb_slam_2_ros) by extensions ['colcon_meta']
[1.472s] Level 1:colcon.colcon_core.package_identification:_identify(src/wheeltec_robot_slam/orb_slam_2_ros) by extension 'colcon_meta'
[1.472s] Level 1:colcon.colcon_core.package_identification:_identify(src/wheeltec_robot_slam/orb_slam_2_ros) by extensions ['ros']
[1.472s] Level 1:colcon.colcon_core.package_identification:_identify(src/wheeltec_robot_slam/orb_slam_2_ros) by extension 'ros'
[1.473s] Level 1:colcon.colcon_core.package_identification:_identify(src/wheeltec_robot_slam/orb_slam_2_ros) by extensions ['cmake', 'python']
[1.473s] Level 1:colcon.colcon_core.package_identification:_identify(src/wheeltec_robot_slam/orb_slam_2_ros) by extension 'cmake'
[1.473s] Level 1:colcon.colcon_core.package_identification:_identify(src/wheeltec_robot_slam/orb_slam_2_ros) by extension 'python'
[1.473s] Level 1:colcon.colcon_core.package_identification:_identify(src/wheeltec_robot_slam/orb_slam_2_ros) by extensions ['python_setup_py']
[1.473s] Level 1:colcon.colcon_core.package_identification:_identify(src/wheeltec_robot_slam/orb_slam_2_ros) by extension 'python_setup_py'
[1.473s] Level 1:colcon.colcon_core.package_identification:_identify(src/wheeltec_robot_slam/orb_slam_2_ros/orb_slam_2_ros) by extensions ['ignore', 'ignore_ament_install']
[1.473s] Level 1:colcon.colcon_core.package_identification:_identify(src/wheeltec_robot_slam/orb_slam_2_ros/orb_slam_2_ros) by extension 'ignore'
[1.473s] Level 1:colcon.colcon_core.package_identification:_identify(src/wheeltec_robot_slam/orb_slam_2_ros/orb_slam_2_ros) by extension 'ignore_ament_install'
[1.474s] Level 1:colcon.colcon_core.package_identification:_identify(src/wheeltec_robot_slam/orb_slam_2_ros/orb_slam_2_ros) by extensions ['colcon_pkg']
[1.474s] Level 1:colcon.colcon_core.package_identification:_identify(src/wheeltec_robot_slam/orb_slam_2_ros/orb_slam_2_ros) by extension 'colcon_pkg'
[1.474s] Level 1:colcon.colcon_core.package_identification:_identify(src/wheeltec_robot_slam/orb_slam_2_ros/orb_slam_2_ros) by extensions ['colcon_meta']
[1.474s] Level 1:colcon.colcon_core.package_identification:_identify(src/wheeltec_robot_slam/orb_slam_2_ros/orb_slam_2_ros) by extension 'colcon_meta'
[1.474s] Level 1:colcon.colcon_core.package_identification:_identify(src/wheeltec_robot_slam/orb_slam_2_ros/orb_slam_2_ros) by extensions ['ros']
[1.474s] Level 1:colcon.colcon_core.package_identification:_identify(src/wheeltec_robot_slam/orb_slam_2_ros/orb_slam_2_ros) by extension 'ros'
[1.476s] DEBUG:colcon.colcon_core.package_identification:Package 'src/wheeltec_robot_slam/orb_slam_2_ros/orb_slam_2_ros' with type 'ros.ament_cmake' and name 'orb_slam2_ros'
[1.476s] Level 1:colcon.colcon_core.package_identification:_identify(src/wheeltec_robot_slam/slam_gmapping) by extensions ['ignore', 'ignore_ament_install']
[1.476s] Level 1:colcon.colcon_core.package_identification:_identify(src/wheeltec_robot_slam/slam_gmapping) by extension 'ignore'
[1.476s] Level 1:colcon.colcon_core.package_identification:_identify(src/wheeltec_robot_slam/slam_gmapping) by extension 'ignore_ament_install'
[1.476s] Level 1:colcon.colcon_core.package_identification:_identify(src/wheeltec_robot_slam/slam_gmapping) by extensions ['colcon_pkg']
[1.476s] Level 1:colcon.colcon_core.package_identification:_identify(src/wheeltec_robot_slam/slam_gmapping) by extension 'colcon_pkg'
[1.476s] Level 1:colcon.colcon_core.package_identification:_identify(src/wheeltec_robot_slam/slam_gmapping) by extensions ['colcon_meta']
[1.476s] Level 1:colcon.colcon_core.package_identification:_identify(src/wheeltec_robot_slam/slam_gmapping) by extension 'colcon_meta'
[1.477s] Level 1:colcon.colcon_core.package_identification:_identify(src/wheeltec_robot_slam/slam_gmapping) by extensions ['ros']
[1.477s] Level 1:colcon.colcon_core.package_identification:_identify(src/wheeltec_robot_slam/slam_gmapping) by extension 'ros'
[1.478s] DEBUG:colcon.colcon_core.package_identification:Package 'src/wheeltec_robot_slam/slam_gmapping' with type 'ros.ament_cmake' and name 'slam_gmapping'
[1.479s] Level 1:colcon.colcon_core.package_identification:_identify(src/wheeltec_robot_slam/wheeltec_cartographer) by extensions ['ignore', 'ignore_ament_install']
[1.479s] Level 1:colcon.colcon_core.package_identification:_identify(src/wheeltec_robot_slam/wheeltec_cartographer) by extension 'ignore'
[1.479s] Level 1:colcon.colcon_core.package_identification:_identify(src/wheeltec_robot_slam/wheeltec_cartographer) by extension 'ignore_ament_install'
[1.479s] Level 1:colcon.colcon_core.package_identification:_identify(src/wheeltec_robot_slam/wheeltec_cartographer) by extensions ['colcon_pkg']
[1.479s] Level 1:colcon.colcon_core.package_identification:_identify(src/wheeltec_robot_slam/wheeltec_cartographer) by extension 'colcon_pkg'
[1.479s] Level 1:colcon.colcon_core.package_identification:_identify(src/wheeltec_robot_slam/wheeltec_cartographer) by extensions ['colcon_meta']
[1.479s] Level 1:colcon.colcon_core.package_identification:_identify(src/wheeltec_robot_slam/wheeltec_cartographer) by extension 'colcon_meta'
[1.479s] Level 1:colcon.colcon_core.package_identification:_identify(src/wheeltec_robot_slam/wheeltec_cartographer) by extensions ['ros']
[1.479s] Level 1:colcon.colcon_core.package_identification:_identify(src/wheeltec_robot_slam/wheeltec_cartographer) by extension 'ros'
[1.480s] DEBUG:colcon.colcon_core.package_identification:Package 'src/wheeltec_robot_slam/wheeltec_cartographer' with type 'ros.ament_cmake' and name 'wheeltec_cartographer'
[1.481s] Level 1:colcon.colcon_core.package_identification:_identify(src/wheeltec_robot_slam/wheeltec_slam_toolbox) by extensions ['ignore', 'ignore_ament_install']
[1.481s] Level 1:colcon.colcon_core.package_identification:_identify(src/wheeltec_robot_slam/wheeltec_slam_toolbox) by extension 'ignore'
[1.481s] Level 1:colcon.colcon_core.package_identification:_identify(src/wheeltec_robot_slam/wheeltec_slam_toolbox) by extension 'ignore_ament_install'
[1.481s] Level 1:colcon.colcon_core.package_identification:_identify(src/wheeltec_robot_slam/wheeltec_slam_toolbox) by extensions ['colcon_pkg']
[1.481s] Level 1:colcon.colcon_core.package_identification:_identify(src/wheeltec_robot_slam/wheeltec_slam_toolbox) by extension 'colcon_pkg'
[1.481s] Level 1:colcon.colcon_core.package_identification:_identify(src/wheeltec_robot_slam/wheeltec_slam_toolbox) by extensions ['colcon_meta']
[1.481s] Level 1:colcon.colcon_core.package_identification:_identify(src/wheeltec_robot_slam/wheeltec_slam_toolbox) by extension 'colcon_meta'
[1.481s] Level 1:colcon.colcon_core.package_identification:_identify(src/wheeltec_robot_slam/wheeltec_slam_toolbox) by extensions ['ros']
[1.481s] Level 1:colcon.colcon_core.package_identification:_identify(src/wheeltec_robot_slam/wheeltec_slam_toolbox) by extension 'ros'
[1.482s] DEBUG:colcon.colcon_core.package_identification:Package 'src/wheeltec_robot_slam/wheeltec_slam_toolbox' with type 'ros.ament_cmake' and name 'wheeltec_slam_toolbox'
[1.483s] Level 1:colcon.colcon_core.package_identification:_identify(src/wheeltec_robot_urdf) by extensions ['ignore', 'ignore_ament_install']
[1.483s] Level 1:colcon.colcon_core.package_identification:_identify(src/wheeltec_robot_urdf) by extension 'ignore'
[1.483s] Level 1:colcon.colcon_core.package_identification:_identify(src/wheeltec_robot_urdf) by extension 'ignore_ament_install'
[1.483s] Level 1:colcon.colcon_core.package_identification:_identify(src/wheeltec_robot_urdf) by extensions ['colcon_pkg']
[1.483s] Level 1:colcon.colcon_core.package_identification:_identify(src/wheeltec_robot_urdf) by extension 'colcon_pkg'
[1.483s] Level 1:colcon.colcon_core.package_identification:_identify(src/wheeltec_robot_urdf) by extensions ['colcon_meta']
[1.483s] Level 1:colcon.colcon_core.package_identification:_identify(src/wheeltec_robot_urdf) by extension 'colcon_meta'
[1.483s] Level 1:colcon.colcon_core.package_identification:_identify(src/wheeltec_robot_urdf) by extensions ['ros']
[1.483s] Level 1:colcon.colcon_core.package_identification:_identify(src/wheeltec_robot_urdf) by extension 'ros'
[1.483s] Level 1:colcon.colcon_core.package_identification:_identify(src/wheeltec_robot_urdf) by extensions ['cmake', 'python']
[1.483s] Level 1:colcon.colcon_core.package_identification:_identify(src/wheeltec_robot_urdf) by extension 'cmake'
[1.483s] Level 1:colcon.colcon_core.package_identification:_identify(src/wheeltec_robot_urdf) by extension 'python'
[1.484s] Level 1:colcon.colcon_core.package_identification:_identify(src/wheeltec_robot_urdf) by extensions ['python_setup_py']
[1.484s] Level 1:colcon.colcon_core.package_identification:_identify(src/wheeltec_robot_urdf) by extension 'python_setup_py'
[1.484s] Level 1:colcon.colcon_core.package_identification:_identify(src/wheeltec_robot_urdf/wheeltec_robot_urdf) by extensions ['ignore', 'ignore_ament_install']
[1.484s] Level 1:colcon.colcon_core.package_identification:_identify(src/wheeltec_robot_urdf/wheeltec_robot_urdf) by extension 'ignore'
[1.484s] Level 1:colcon.colcon_core.package_identification:_identify(src/wheeltec_robot_urdf/wheeltec_robot_urdf) by extension 'ignore_ament_install'
[1.484s] Level 1:colcon.colcon_core.package_identification:_identify(src/wheeltec_robot_urdf/wheeltec_robot_urdf) by extensions ['colcon_pkg']
[1.484s] Level 1:colcon.colcon_core.package_identification:_identify(src/wheeltec_robot_urdf/wheeltec_robot_urdf) by extension 'colcon_pkg'
[1.484s] Level 1:colcon.colcon_core.package_identification:_identify(src/wheeltec_robot_urdf/wheeltec_robot_urdf) by extensions ['colcon_meta']
[1.484s] Level 1:colcon.colcon_core.package_identification:_identify(src/wheeltec_robot_urdf/wheeltec_robot_urdf) by extension 'colcon_meta'
[1.484s] Level 1:colcon.colcon_core.package_identification:_identify(src/wheeltec_robot_urdf/wheeltec_robot_urdf) by extensions ['ros']
[1.484s] Level 1:colcon.colcon_core.package_identification:_identify(src/wheeltec_robot_urdf/wheeltec_robot_urdf) by extension 'ros'
[1.485s] DEBUG:colcon.colcon_core.package_identification:Package 'src/wheeltec_robot_urdf/wheeltec_robot_urdf' with type 'ros.ament_cmake' and name 'wheeltec_robot_urdf'
[1.486s] Level 1:colcon.colcon_core.package_identification:_identify(src/wheeltec_rrt_msg) by extensions ['ignore', 'ignore_ament_install']
[1.486s] Level 1:colcon.colcon_core.package_identification:_identify(src/wheeltec_rrt_msg) by extension 'ignore'
[1.486s] Level 1:colcon.colcon_core.package_identification:_identify(src/wheeltec_rrt_msg) by extension 'ignore_ament_install'
[1.486s] Level 1:colcon.colcon_core.package_identification:_identify(src/wheeltec_rrt_msg) by extensions ['colcon_pkg']
[1.486s] Level 1:colcon.colcon_core.package_identification:_identify(src/wheeltec_rrt_msg) by extension 'colcon_pkg'
[1.486s] Level 1:colcon.colcon_core.package_identification:_identify(src/wheeltec_rrt_msg) by extensions ['colcon_meta']
[1.486s] Level 1:colcon.colcon_core.package_identification:_identify(src/wheeltec_rrt_msg) by extension 'colcon_meta'
[1.486s] Level 1:colcon.colcon_core.package_identification:_identify(src/wheeltec_rrt_msg) by extensions ['ros']
[1.486s] Level 1:colcon.colcon_core.package_identification:_identify(src/wheeltec_rrt_msg) by extension 'ros'
[1.487s] DEBUG:colcon.colcon_core.package_identification:Package 'src/wheeltec_rrt_msg' with type 'ros.ament_cmake' and name 'wheeltec_rrt_msg'
[1.488s] Level 1:colcon.colcon_core.package_identification:_identify(src/wheeltec_rviz2) by extensions ['ignore', 'ignore_ament_install']
[1.488s] Level 1:colcon.colcon_core.package_identification:_identify(src/wheeltec_rviz2) by extension 'ignore'
[1.488s] Level 1:colcon.colcon_core.package_identification:_identify(src/wheeltec_rviz2) by extension 'ignore_ament_install'
[1.488s] Level 1:colcon.colcon_core.package_identification:_identify(src/wheeltec_rviz2) by extensions ['colcon_pkg']
[1.488s] Level 1:colcon.colcon_core.package_identification:_identify(src/wheeltec_rviz2) by extension 'colcon_pkg'
[1.488s] Level 1:colcon.colcon_core.package_identification:_identify(src/wheeltec_rviz2) by extensions ['colcon_meta']
[1.488s] Level 1:colcon.colcon_core.package_identification:_identify(src/wheeltec_rviz2) by extension 'colcon_meta'
[1.488s] Level 1:colcon.colcon_core.package_identification:_identify(src/wheeltec_rviz2) by extensions ['ros']
[1.488s] Level 1:colcon.colcon_core.package_identification:_identify(src/wheeltec_rviz2) by extension 'ros'
[1.489s] DEBUG:colcon.colcon_core.package_identification:Package 'src/wheeltec_rviz2' with type 'ros.ament_cmake' and name 'wheeltec_rviz2'
[1.489s] Level 1:colcon.colcon_core.package_discovery:discover_packages(recursive) using defaults
[1.490s] Level 1:colcon.colcon_core.package_discovery:discover_packages(ignore) discover
[1.490s] Level 1:colcon.colcon_core.package_discovery:discover_packages(ignore) using defaults
[1.490s] Level 1:colcon.colcon_core.package_discovery:discover_packages(path) discover
[1.490s] Level 1:colcon.colcon_core.package_discovery:discover_packages(path) using defaults
[1.490s] WARNING:colcon.colcon_core.package_selection:ignoring unknown package 'large_model' in --packages-select
[1.624s] INFO:colcon.colcon_core.package_selection:Skipping not selected package 'ackermann_msgs' in 'src/depend/ackermann_msgs-ros2'
[1.624s] INFO:colcon.colcon_core.package_selection:Skipping not selected package 'aruco' in 'src/aruco_ros-humble-devel/aruco'
[1.624s] INFO:colcon.colcon_core.package_selection:Skipping not selected package 'aruco_msgs' in 'src/aruco_ros-humble-devel/aruco_msgs'
[1.624s] INFO:colcon.colcon_core.package_selection:Skipping not selected package 'astra_camera_msgs' in 'src/ros2_astra_camera-master/astra_camera_msgs'
[1.624s] INFO:colcon.colcon_core.package_selection:Skipping not selected package 'auto_recharge_ros2' in 'src/auto_recharge_ros2'
[1.624s] INFO:colcon.colcon_core.package_selection:Skipping not selected package 'bodyreader_msg' in 'src/wheeltec_bodyreader/bodyreader_msg'
[1.624s] INFO:colcon.colcon_core.package_selection:Skipping not selected package 'cloud_msgs' in 'src/wheeltec_robot_slam/LeGO-LOAM-SR-master/cloud_msgs'
[1.625s] INFO:colcon.colcon_core.package_selection:Skipping not selected package 'fdilink_ahrs' in 'src/wheeltec_imu/fdilink_ahrs_ros-ros2'
[1.625s] INFO:colcon.colcon_core.package_selection:Skipping not selected package 'hipnuc_imu' in 'src/wheeltec_imu/hipnuc_imu_ros-ros2'
[1.625s] INFO:colcon.colcon_core.package_selection:Skipping not selected package 'interfaces' in 'src/interfaces'
[1.625s] INFO:colcon.colcon_core.package_selection:Skipping not selected package 'largemodel' in 'src/largemodel'
[1.625s] INFO:colcon.colcon_core.package_selection:Skipping not selected package 'ldlidar' in 'src/wheeltec_lidar_ros2/ldlidar_ros2/ldlidar'
[1.625s] INFO:colcon.colcon_core.package_selection:Skipping not selected package 'lio_sam' in 'src/wheeltec_robot_slam/LIO-SAM-ROS2'
[1.625s] INFO:colcon.colcon_core.package_selection:Skipping not selected package 'lslidar_msgs' in 'src/wheeltec_lidar_ros2/lslidar_ros2/lslidar_msgs'
[1.625s] INFO:colcon.colcon_core.package_selection:Skipping not selected package 'nav2_common' in 'src/navigation2-humble/nav2_common'
[1.625s] INFO:colcon.colcon_core.package_selection:Skipping not selected package 'nav2_waypoint_cycle' in 'src/nav2_waypoint_cycle'
[1.625s] INFO:colcon.colcon_core.package_selection:Skipping not selected package 'nav_2d_msgs' in 'src/navigation2-humble/nav2_dwb_controller/nav_2d_msgs'
[1.625s] INFO:colcon.colcon_core.package_selection:Skipping not selected package 'nmea_msgs' in 'src/wheeltec_gps/nmea_msgs'
[1.625s] INFO:colcon.colcon_core.package_selection:Skipping not selected package 'ollama_ros_msgs' in 'src/ollama_ros_chat-ros2/ollama_ros_msgs'
[1.625s] INFO:colcon.colcon_core.package_selection:Skipping not selected package 'openslam_gmapping' in 'src/wheeltec_robot_slam/openslam_gmapping'
[1.625s] INFO:colcon.colcon_core.package_selection:Skipping not selected package 'orb_slam2_ros' in 'src/wheeltec_robot_slam/orb_slam_2_ros/orb_slam_2_ros'
[1.625s] INFO:colcon.colcon_core.package_selection:Skipping not selected package 'pointcloud_to_laserscan' in 'src/wheeltec_lidar_ros2/pointcloud_to_laserscan-humble'
[1.625s] INFO:colcon.colcon_core.package_selection:Skipping not selected package 'rplidar_ros' in 'src/wheeltec_lidar_ros2/rplidar_ros'
[1.625s] INFO:colcon.colcon_core.package_selection:Skipping not selected package 'serial' in 'src/depend/serial_ros2'
[1.625s] INFO:colcon.colcon_core.package_selection:Skipping not selected package 'tf2_tools' in 'src/depend/tf2_tools'
[1.625s] INFO:colcon.colcon_core.package_selection:Skipping not selected package 'tts' in 'src/tts_make_ros2'
[1.625s] INFO:colcon.colcon_core.package_selection:Skipping not selected package 'ublox_serialization' in 'src/wheeltec_gps/ublox-ros2/ublox_serialization'
[1.625s] INFO:colcon.colcon_core.package_selection:Skipping not selected package 'ultralytics_ros2' in 'src/ultralytics_ros2'
[1.625s] INFO:colcon.colcon_core.package_selection:Skipping not selected package 'usb_cam' in 'src/usb_cam-ros2'
[1.625s] INFO:colcon.colcon_core.package_selection:Skipping not selected package 'web_video_server' in 'src/web_video_server-ros2/web_video_server-ros2'
[1.625s] INFO:colcon.colcon_core.package_selection:Skipping not selected package 'wheeltec_cartographer' in 'src/wheeltec_robot_slam/wheeltec_cartographer'
[1.625s] INFO:colcon.colcon_core.package_selection:Skipping not selected package 'wheeltec_dual_rtk_driver' in 'src/wheeltec_gps/wheeltec_dual_rtk_driver'
[1.625s] INFO:colcon.colcon_core.package_selection:Skipping not selected package 'wheeltec_gps_driver' in 'src/wheeltec_gps/wheeltec_gps_driver'
[1.626s] INFO:colcon.colcon_core.package_selection:Skipping not selected package 'wheeltec_joy' in 'src/wheeltec_joy'
[1.626s] INFO:colcon.colcon_core.package_selection:Skipping not selected package 'wheeltec_mic_aiui' in 'src/wheeltec_mic_aiui'
[1.626s] INFO:colcon.colcon_core.package_selection:Skipping not selected package 'wheeltec_mic_msg' in 'src/wheeltec_mic/wheeltec_mic_msg'
[1.626s] INFO:colcon.colcon_core.package_selection:Skipping not selected package 'wheeltec_robot_kcf' in 'src/wheeltec_robot_kcf'
[1.626s] INFO:colcon.colcon_core.package_selection:Skipping not selected package 'wheeltec_robot_keyboard' in 'src/wheeltec_robot_keyboard'
[1.626s] INFO:colcon.colcon_core.package_selection:Skipping not selected package 'wheeltec_robot_msg' in 'src/wheeltec_robot_msg'
[1.626s] INFO:colcon.colcon_core.package_selection:Skipping not selected package 'wheeltec_robot_rrt' in 'src/wheeltec_robot_rrt2'
[1.626s] INFO:colcon.colcon_core.package_selection:Skipping not selected package 'wheeltec_robot_rtab' in 'src/wheeltec_robot_rtab'
[1.626s] INFO:colcon.colcon_core.package_selection:Skipping not selected package 'wheeltec_robot_urdf' in 'src/wheeltec_robot_urdf/wheeltec_robot_urdf'
[1.626s] INFO:colcon.colcon_core.package_selection:Skipping not selected package 'wheeltec_rrt_msg' in 'src/wheeltec_rrt_msg'
[1.626s] INFO:colcon.colcon_core.package_selection:Skipping not selected package 'wheeltec_rviz2' in 'src/wheeltec_rviz2'
[1.626s] INFO:colcon.colcon_core.package_selection:Skipping not selected package 'wheeltec_slam_toolbox' in 'src/wheeltec_robot_slam/wheeltec_slam_toolbox'
[1.626s] INFO:colcon.colcon_core.package_selection:Skipping not selected package 'yesense_interface' in 'src/wheeltec_imu/yesense_ros2/yesense_interface'
[1.626s] INFO:colcon.colcon_core.package_selection:Skipping not selected package 'aruco_ros' in 'src/aruco_ros-humble-devel/aruco_ros'
[1.626s] INFO:colcon.colcon_core.package_selection:Skipping not selected package 'astra_camera' in 'src/ros2_astra_camera-master/astra_camera'
[1.626s] INFO:colcon.colcon_core.package_selection:Skipping not selected package 'dwb_msgs' in 'src/navigation2-humble/nav2_dwb_controller/dwb_msgs'
[1.626s] INFO:colcon.colcon_core.package_selection:Skipping not selected package 'lego_loam_sr' in 'src/wheeltec_robot_slam/LeGO-LOAM-SR-master/LeGO-LOAM'
[1.626s] INFO:colcon.colcon_core.package_selection:Skipping not selected package 'lslidar_driver' in 'src/wheeltec_lidar_ros2/lslidar_ros2/lslidar_driver'
[1.626s] INFO:colcon.colcon_core.package_selection:Skipping not selected package 'nav2_msgs' in 'src/navigation2-humble/nav2_msgs'
[1.626s] INFO:colcon.colcon_core.package_selection:Skipping not selected package 'nav2_voxel_grid' in 'src/navigation2-humble/nav2_voxel_grid'
[1.626s] INFO:colcon.colcon_core.package_selection:Skipping not selected package 'nmea_navsat_driver' in 'src/wheeltec_gps/nmea_navsat_driver'
[1.626s] INFO:colcon.colcon_core.package_selection:Skipping not selected package 'ollama_ros_chat' in 'src/ollama_ros_chat-ros2/ollama_ros_chat'
[1.626s] INFO:colcon.colcon_core.package_selection:Skipping not selected package 'slam_gmapping' in 'src/wheeltec_robot_slam/slam_gmapping'
[1.626s] INFO:colcon.colcon_core.package_selection:Skipping not selected package 'ublox_msgs' in 'src/wheeltec_gps/ublox-ros2/ublox_msgs'
[1.626s] INFO:colcon.colcon_core.package_selection:Skipping not selected package 'wheeltec_radar' in 'src/wheeltec_radar'
[1.626s] INFO:colcon.colcon_core.package_selection:Skipping not selected package 'yesense_std_ros2' in 'src/wheeltec_imu/yesense_ros2/yesense_std_ros2'
[1.626s] INFO:colcon.colcon_core.package_selection:Skipping not selected package 'bodyreader' in 'src/wheeltec_bodyreader/bodyreader'
[1.627s] INFO:colcon.colcon_core.package_selection:Skipping not selected package 'nav2_simple_commander' in 'src/navigation2-humble/nav2_simple_commander'
[1.627s] INFO:colcon.colcon_core.package_selection:Skipping not selected package 'nav2_util' in 'src/navigation2-humble/nav2_util'
[1.627s] INFO:colcon.colcon_core.package_selection:Skipping not selected package 'turn_on_wheeltec_robot' in 'src/turn_on_wheeltec_robot'
[1.627s] INFO:colcon.colcon_core.package_selection:Skipping not selected package 'ublox_gps' in 'src/wheeltec_gps/ublox-ros2/ublox_gps'
[1.627s] INFO:colcon.colcon_core.package_selection:Skipping not selected package 'wheeltec_mic_ros2' in 'src/wheeltec_mic/wheeltec_mic_ros2'
[1.627s] INFO:colcon.colcon_core.package_selection:Skipping not selected package 'wheeltec_multi' in 'src/wheeltec_multi'
[1.627s] INFO:colcon.colcon_core.package_selection:Skipping not selected package 'wheeltec_path_follow' in 'src/wheeltec_path_follow'
[1.627s] INFO:colcon.colcon_core.package_selection:Skipping not selected package 'nav2_amcl' in 'src/navigation2-humble/nav2_amcl'
[1.627s] INFO:colcon.colcon_core.package_selection:Skipping not selected package 'nav2_behavior_tree' in 'src/navigation2-humble/nav2_behavior_tree'
[1.627s] INFO:colcon.colcon_core.package_selection:Skipping not selected package 'nav2_lifecycle_manager' in 'src/navigation2-humble/nav2_lifecycle_manager'
[1.627s] INFO:colcon.colcon_core.package_selection:Skipping not selected package 'nav2_map_server' in 'src/navigation2-humble/nav2_map_server'
[1.627s] INFO:colcon.colcon_core.package_selection:Skipping not selected package 'nav2_velocity_smoother' in 'src/navigation2-humble/nav2_velocity_smoother'
[1.627s] INFO:colcon.colcon_core.package_selection:Skipping not selected package 'nav_2d_utils' in 'src/navigation2-humble/nav2_dwb_controller/nav_2d_utils'
[1.627s] INFO:colcon.colcon_core.package_selection:Skipping not selected package 'simple_follower_ros2' in 'src/simple_follower_ros2'
[1.627s] INFO:colcon.colcon_core.package_selection:Skipping not selected package 'ublox' in 'src/wheeltec_gps/ublox-ros2/ublox'
[1.627s] INFO:colcon.colcon_core.package_selection:Skipping not selected package 'nav2_costmap_2d' in 'src/navigation2-humble/nav2_costmap_2d'
[1.627s] INFO:colcon.colcon_core.package_selection:Skipping not selected package 'nav2_rviz_plugins' in 'src/navigation2-humble/nav2_rviz_plugins'
[1.627s] INFO:colcon.colcon_core.package_selection:Skipping not selected package 'costmap_queue' in 'src/navigation2-humble/nav2_dwb_controller/costmap_queue'
[1.627s] INFO:colcon.colcon_core.package_selection:Skipping not selected package 'nav2_collision_monitor' in 'src/navigation2-humble/nav2_collision_monitor'
[1.627s] INFO:colcon.colcon_core.package_selection:Skipping not selected package 'nav2_core' in 'src/navigation2-humble/nav2_core'
[1.627s] INFO:colcon.colcon_core.package_selection:Skipping not selected package 'dwb_core' in 'src/navigation2-humble/nav2_dwb_controller/dwb_core'
[1.627s] INFO:colcon.colcon_core.package_selection:Skipping not selected package 'nav2_behaviors' in 'src/navigation2-humble/nav2_behaviors'
[1.627s] INFO:colcon.colcon_core.package_selection:Skipping not selected package 'nav2_bt_navigator' in 'src/navigation2-humble/nav2_bt_navigator'
[1.627s] INFO:colcon.colcon_core.package_selection:Skipping not selected package 'nav2_constrained_smoother' in 'src/navigation2-humble/nav2_constrained_smoother'
[1.627s] INFO:colcon.colcon_core.package_selection:Skipping not selected package 'nav2_controller' in 'src/navigation2-humble/nav2_controller'
[1.627s] INFO:colcon.colcon_core.package_selection:Skipping not selected package 'nav2_mppi_controller' in 'src/navigation2-humble/nav2_mppi_controller'
[1.627s] INFO:colcon.colcon_core.package_selection:Skipping not selected package 'nav2_navfn_planner' in 'src/navigation2-humble/nav2_navfn_planner'
[1.627s] INFO:colcon.colcon_core.package_selection:Skipping not selected package 'nav2_planner' in 'src/navigation2-humble/nav2_planner'
[1.627s] INFO:colcon.colcon_core.package_selection:Skipping not selected package 'nav2_regulated_pure_pursuit_controller' in 'src/navigation2-humble/nav2_regulated_pure_pursuit_controller'
[1.628s] INFO:colcon.colcon_core.package_selection:Skipping not selected package 'nav2_smac_planner' in 'src/navigation2-humble/nav2_smac_planner'
[1.628s] INFO:colcon.colcon_core.package_selection:Skipping not selected package 'nav2_smoother' in 'src/navigation2-humble/nav2_smoother'
[1.628s] INFO:colcon.colcon_core.package_selection:Skipping not selected package 'nav2_theta_star_planner' in 'src/navigation2-humble/nav2_theta_star_planner'
[1.628s] INFO:colcon.colcon_core.package_selection:Skipping not selected package 'nav2_waypoint_follower' in 'src/navigation2-humble/nav2_waypoint_follower'
[1.628s] INFO:colcon.colcon_core.package_selection:Skipping not selected package 'dwb_critics' in 'src/navigation2-humble/nav2_dwb_controller/dwb_critics'
[1.628s] INFO:colcon.colcon_core.package_selection:Skipping not selected package 'dwb_plugins' in 'src/navigation2-humble/nav2_dwb_controller/dwb_plugins'
[1.628s] INFO:colcon.colcon_core.package_selection:Skipping not selected package 'nav2_rotation_shim_controller' in 'src/navigation2-humble/nav2_rotation_shim_controller'
[1.628s] INFO:colcon.colcon_core.package_selection:Skipping not selected package 'nav2_dwb_controller' in 'src/navigation2-humble/nav2_dwb_controller/nav2_dwb_controller'
[1.628s] INFO:colcon.colcon_core.package_selection:Skipping not selected package 'navigation2' in 'src/navigation2-humble/navigation2'
[1.628s] INFO:colcon.colcon_core.package_selection:Skipping not selected package 'nav2_bringup' in 'src/navigation2-humble/nav2_bringup'
[1.628s] INFO:colcon.colcon_core.package_selection:Skipping not selected package 'wheeltec_nav2' in 'src/wheeltec_robot_nav2'
[1.629s] Level 1:colcon.colcon_core.package_discovery:discover_packages(prefix_path) check parameters
[1.629s] Level 1:colcon.colcon_core.package_discovery:discover_packages(prefix_path) discover
[1.687s] DEBUG:colcon.colcon_installed_package_information.package_discovery:Found 377 installed packages in /home/wheeltec/autoware/install
[1.695s] DEBUG:colcon.colcon_installed_package_information.package_discovery:Found 100 installed packages in /home/wheeltec/wheeltec_ros2/install
[1.696s] DEBUG:colcon.colcon_installed_package_information.package_discovery:Found 1 installed packages in /home/wheeltec/wheeltec_stepper_arm/install
[1.698s] DEBUG:colcon.colcon_installed_package_information.package_discovery:Found 385 installed packages in /opt/ros/humble
[1.703s] Level 1:colcon.colcon_core.package_discovery:discover_packages(prefix_path) using defaults
[2.197s] INFO:colcon.colcon_core.executor:Executing jobs using 'parallel' executor
[2.200s] DEBUG:colcon.colcon_parallel_executor.executor.parallel:run_until_complete
[2.201s] DEBUG:colcon.colcon_parallel_executor.executor.parallel:closing loop
[2.201s] DEBUG:colcon.colcon_parallel_executor.executor.parallel:loop closed
[2.201s] DEBUG:colcon.colcon_parallel_executor.executor.parallel:run_until_complete finished with '0'
[2.201s] DEBUG:colcon.colcon_core.event_reactor:joining thread
[2.230s] INFO:colcon.colcon_core.plugin_system:Skipping extension 'colcon_notification.desktop_notification.terminal_notifier': Not used on non-Darwin systems
[2.230s] INFO:colcon.colcon_core.plugin_system:Skipping extension 'colcon_notification.desktop_notification.win32': Not used on non-Windows systems
[2.230s] INFO:colcon.colcon_notification.desktop_notification:Sending desktop notification using 'notify2'
[2.283s] DEBUG:colcon.colcon_core.event_reactor:joined thread
[2.296s] INFO:colcon.colcon_core.plugin_system:Skipping extension 'colcon_core.shell.bat': Not used on non-Windows systems
[2.297s] INFO:colcon.colcon_core.shell:Creating prefix script '/home/wheeltec/wheeltec_ros2/install/local_setup.ps1'
[2.300s] INFO:colcon.colcon_core.shell:Creating prefix util module '/home/wheeltec/wheeltec_ros2/install/_local_setup_util_ps1.py'
[2.309s] INFO:colcon.colcon_core.shell:Creating prefix chain script '/home/wheeltec/wheeltec_ros2/install/setup.ps1'
[2.364s] INFO:colcon.colcon_core.shell:Creating prefix script '/home/wheeltec/wheeltec_ros2/install/local_setup.sh'
[2.366s] INFO:colcon.colcon_core.shell:Creating prefix util module '/home/wheeltec/wheeltec_ros2/install/_local_setup_util_sh.py'
[2.367s] INFO:colcon.colcon_core.shell:Creating prefix chain script '/home/wheeltec/wheeltec_ros2/install/setup.sh'
[2.411s] INFO:colcon.colcon_core.shell:Creating prefix script '/home/wheeltec/wheeltec_ros2/install/local_setup.bash'
[2.413s] INFO:colcon.colcon_core.shell:Creating prefix chain script '/home/wheeltec/wheeltec_ros2/install/setup.bash'
[2.451s] INFO:colcon.colcon_core.shell:Creating prefix script '/home/wheeltec/wheeltec_ros2/install/local_setup.zsh'
[2.452s] INFO:colcon.colcon_core.shell:Creating prefix chain script '/home/wheeltec/wheeltec_ros2/install/setup.zsh'
