[0.273s] Invoking command in '/home/wheeltec/wheeltec_ros2/build/wheeltec_robot_urdf': CMAKE_PREFIX_PATH=${CMAKE_PREFIX_PATH}:/home/wheeltec/wheeltec_ros2/install/wheeltec_robot_keyboard:/home/wheeltec/wheeltec_ros2/install/wheeltec_dual_rtk_driver:/home/wheeltec/wheeltec_ros2/install/ultralytics_ros2:/home/wheeltec/wheeltec_ros2/install/tf2_tools:/home/wheeltec/wheeltec_ros2/install/nav2_waypoint_cycle:/home/wheeltec/wheeltec_ros2/install/nav2_simple_commander:/home/wheeltec/wheeltec_ros2/install/auto_recharge_ros2:/home/wheeltec/autoware/install/autoware_wheeltec_interface:/home/wheeltec/autoware/install/ad_api_visualizers:/opt/ros/humble /usr/bin/cmake --build /home/wheeltec/wheeltec_ros2/build/wheeltec_robot_urdf -- -j6 -l6
[0.482s] Invoked command in '/home/wheeltec/wheeltec_ros2/build/wheeltec_robot_urdf' returned '0': CMAKE_PREFIX_PATH=${CMAKE_PREFIX_PATH}:/home/wheeltec/wheeltec_ros2/install/wheeltec_robot_keyboard:/home/wheeltec/wheeltec_ros2/install/wheeltec_dual_rtk_driver:/home/wheeltec/wheeltec_ros2/install/ultralytics_ros2:/home/wheeltec/wheeltec_ros2/install/tf2_tools:/home/wheeltec/wheeltec_ros2/install/nav2_waypoint_cycle:/home/wheeltec/wheeltec_ros2/install/nav2_simple_commander:/home/wheeltec/wheeltec_ros2/install/auto_recharge_ros2:/home/wheeltec/autoware/install/autoware_wheeltec_interface:/home/wheeltec/autoware/install/ad_api_visualizers:/opt/ros/humble /usr/bin/cmake --build /home/wheeltec/wheeltec_ros2/build/wheeltec_robot_urdf -- -j6 -l6
[0.496s] Invoking command in '/home/wheeltec/wheeltec_ros2/build/wheeltec_robot_urdf': CMAKE_PREFIX_PATH=${CMAKE_PREFIX_PATH}:/home/wheeltec/wheeltec_ros2/install/wheeltec_robot_keyboard:/home/wheeltec/wheeltec_ros2/install/wheeltec_dual_rtk_driver:/home/wheeltec/wheeltec_ros2/install/ultralytics_ros2:/home/wheeltec/wheeltec_ros2/install/tf2_tools:/home/wheeltec/wheeltec_ros2/install/nav2_waypoint_cycle:/home/wheeltec/wheeltec_ros2/install/nav2_simple_commander:/home/wheeltec/wheeltec_ros2/install/auto_recharge_ros2:/home/wheeltec/autoware/install/autoware_wheeltec_interface:/home/wheeltec/autoware/install/ad_api_visualizers:/opt/ros/humble /usr/bin/cmake --install /home/wheeltec/wheeltec_ros2/build/wheeltec_robot_urdf
[0.530s] -- Install configuration: ""
[0.532s] -- Execute custom install script
[0.551s] -- Up-to-date symlink: /home/wheeltec/wheeltec_ros2/install/wheeltec_robot_urdf/share/wheeltec_robot_urdf/meshes/R550A_PLUS_4wd_arm_robot_meshes/arm_A_Link.STL
[0.551s] -- Up-to-date symlink: /home/wheeltec/wheeltec_ros2/install/wheeltec_robot_urdf/share/wheeltec_robot_urdf/meshes/R550A_PLUS_4wd_arm_robot_meshes/arm_B_link.STL
[0.551s] -- Up-to-date symlink: /home/wheeltec/wheeltec_ros2/install/wheeltec_robot_urdf/share/wheeltec_robot_urdf/meshes/R550A_PLUS_4wd_arm_robot_meshes/arm_C_link.STL
[0.552s] -- Up-to-date symlink: /home/wheeltec/wheeltec_ros2/install/wheeltec_robot_urdf/share/wheeltec_robot_urdf/meshes/R550A_PLUS_4wd_arm_robot_meshes/arm_D_link.STL
[0.552s] -- Up-to-date symlink: /home/wheeltec/wheeltec_ros2/install/wheeltec_robot_urdf/share/wheeltec_robot_urdf/meshes/R550A_PLUS_4wd_arm_robot_meshes/base_footprint.STL
[0.552s] -- Up-to-date symlink: /home/wheeltec/wheeltec_ros2/install/wheeltec_robot_urdf/share/wheeltec_robot_urdf/meshes/R550A_PLUS_4wd_arm_robot_meshes/base_link.STL
[0.553s] -- Up-to-date symlink: /home/wheeltec/wheeltec_ros2/install/wheeltec_robot_urdf/share/wheeltec_robot_urdf/meshes/R550A_PLUS_4wd_arm_robot_meshes/camera_link.STL
[0.553s] -- Up-to-date symlink: /home/wheeltec/wheeltec_ros2/install/wheeltec_robot_urdf/share/wheeltec_robot_urdf/meshes/R550A_PLUS_4wd_arm_robot_meshes/grasper_Link.STL
[0.553s] -- Up-to-date symlink: /home/wheeltec/wheeltec_ros2/install/wheeltec_robot_urdf/share/wheeltec_robot_urdf/meshes/R550A_PLUS_4wd_arm_robot_meshes/gyro_link.STL
[0.554s] -- Up-to-date symlink: /home/wheeltec/wheeltec_ros2/install/wheeltec_robot_urdf/share/wheeltec_robot_urdf/meshes/R550A_PLUS_4wd_arm_robot_meshes/hand_left2_link.STL
[0.554s] -- Up-to-date symlink: /home/wheeltec/wheeltec_ros2/install/wheeltec_robot_urdf/share/wheeltec_robot_urdf/meshes/R550A_PLUS_4wd_arm_robot_meshes/hand_left_link.STL
[0.554s] -- Up-to-date symlink: /home/wheeltec/wheeltec_ros2/install/wheeltec_robot_urdf/share/wheeltec_robot_urdf/meshes/R550A_PLUS_4wd_arm_robot_meshes/hand_right2_link.STL
[0.555s] -- Up-to-date symlink: /home/wheeltec/wheeltec_ros2/install/wheeltec_robot_urdf/share/wheeltec_robot_urdf/meshes/R550A_PLUS_4wd_arm_robot_meshes/hand_right_link.STL
[0.555s] -- Up-to-date symlink: /home/wheeltec/wheeltec_ros2/install/wheeltec_robot_urdf/share/wheeltec_robot_urdf/meshes/R550A_PLUS_4wd_arm_robot_meshes/laser.STL
[0.556s] -- Up-to-date symlink: /home/wheeltec/wheeltec_ros2/install/wheeltec_robot_urdf/share/wheeltec_robot_urdf/meshes/R550A_PLUS_4wd_arm_robot_meshes/left_back_link.STL
[0.556s] -- Up-to-date symlink: /home/wheeltec/wheeltec_ros2/install/wheeltec_robot_urdf/share/wheeltec_robot_urdf/meshes/R550A_PLUS_4wd_arm_robot_meshes/left_front_link.STL
[0.556s] -- Up-to-date symlink: /home/wheeltec/wheeltec_ros2/install/wheeltec_robot_urdf/share/wheeltec_robot_urdf/meshes/R550A_PLUS_4wd_arm_robot_meshes/right_back_link.STL
[0.557s] -- Up-to-date symlink: /home/wheeltec/wheeltec_ros2/install/wheeltec_robot_urdf/share/wheeltec_robot_urdf/meshes/R550A_PLUS_4wd_arm_robot_meshes/right_front_link.STL
[0.557s] -- Up-to-date symlink: /home/wheeltec/wheeltec_ros2/install/wheeltec_robot_urdf/share/wheeltec_robot_urdf/meshes/R550A_PLUS_diff_arm_robot_meshes/arm_A_Link.STL
[0.557s] -- Up-to-date symlink: /home/wheeltec/wheeltec_ros2/install/wheeltec_robot_urdf/share/wheeltec_robot_urdf/meshes/R550A_PLUS_diff_arm_robot_meshes/arm_B_link.STL
[0.557s] -- Up-to-date symlink: /home/wheeltec/wheeltec_ros2/install/wheeltec_robot_urdf/share/wheeltec_robot_urdf/meshes/R550A_PLUS_diff_arm_robot_meshes/arm_C_link.STL
[0.558s] -- Up-to-date symlink: /home/wheeltec/wheeltec_ros2/install/wheeltec_robot_urdf/share/wheeltec_robot_urdf/meshes/R550A_PLUS_diff_arm_robot_meshes/arm_D_link.STL
[0.558s] -- Up-to-date symlink: /home/wheeltec/wheeltec_ros2/install/wheeltec_robot_urdf/share/wheeltec_robot_urdf/meshes/R550A_PLUS_diff_arm_robot_meshes/base_footprint.STL
[0.559s] -- Up-to-date symlink: /home/wheeltec/wheeltec_ros2/install/wheeltec_robot_urdf/share/wheeltec_robot_urdf/meshes/R550A_PLUS_diff_arm_robot_meshes/base_link.STL
[0.559s] -- Up-to-date symlink: /home/wheeltec/wheeltec_ros2/install/wheeltec_robot_urdf/share/wheeltec_robot_urdf/meshes/R550A_PLUS_diff_arm_robot_meshes/camera_link.STL
[0.560s] -- Up-to-date symlink: /home/wheeltec/wheeltec_ros2/install/wheeltec_robot_urdf/share/wheeltec_robot_urdf/meshes/R550A_PLUS_diff_arm_robot_meshes/front_link.STL
[0.561s] -- Up-to-date symlink: /home/wheeltec/wheeltec_ros2/install/wheeltec_robot_urdf/share/wheeltec_robot_urdf/meshes/R550A_PLUS_diff_arm_robot_meshes/grasper_Link.STL
[0.561s] -- Up-to-date symlink: /home/wheeltec/wheeltec_ros2/install/wheeltec_robot_urdf/share/wheeltec_robot_urdf/meshes/R550A_PLUS_diff_arm_robot_meshes/gyro_link.STL
[0.561s] -- Up-to-date symlink: /home/wheeltec/wheeltec_ros2/install/wheeltec_robot_urdf/share/wheeltec_robot_urdf/meshes/R550A_PLUS_diff_arm_robot_meshes/hand_left2_link.STL
[0.561s] -- Up-to-date symlink: /home/wheeltec/wheeltec_ros2/install/wheeltec_robot_urdf/share/wheeltec_robot_urdf/meshes/R550A_PLUS_diff_arm_robot_meshes/hand_left_link.STL
[0.561s] -- Up-to-date symlink: /home/wheeltec/wheeltec_ros2/install/wheeltec_robot_urdf/share/wheeltec_robot_urdf/meshes/R550A_PLUS_diff_arm_robot_meshes/hand_right2_link.STL
[0.561s] -- Up-to-date symlink: /home/wheeltec/wheeltec_ros2/install/wheeltec_robot_urdf/share/wheeltec_robot_urdf/meshes/R550A_PLUS_diff_arm_robot_meshes/hand_right_link.STL
[0.562s] -- Up-to-date symlink: /home/wheeltec/wheeltec_ros2/install/wheeltec_robot_urdf/share/wheeltec_robot_urdf/meshes/R550A_PLUS_diff_arm_robot_meshes/laser.STL
[0.562s] -- Up-to-date symlink: /home/wheeltec/wheeltec_ros2/install/wheeltec_robot_urdf/share/wheeltec_robot_urdf/meshes/R550A_PLUS_diff_arm_robot_meshes/left_link.STL
[0.563s] -- Up-to-date symlink: /home/wheeltec/wheeltec_ros2/install/wheeltec_robot_urdf/share/wheeltec_robot_urdf/meshes/R550A_PLUS_diff_arm_robot_meshes/right_link.STL
[0.570s] -- Up-to-date symlink: /home/wheeltec/wheeltec_ros2/install/wheeltec_robot_urdf/share/wheeltec_robot_urdf/meshes/R550A_PLUS_mec_arm_robot_meshes/RGB_Camera_Link.STL
[0.570s] -- Up-to-date symlink: /home/wheeltec/wheeltec_ros2/install/wheeltec_robot_urdf/share/wheeltec_robot_urdf/meshes/R550A_PLUS_mec_arm_robot_meshes/arm_A_Link.STL
[0.577s] -- Up-to-date symlink: /home/wheeltec/wheeltec_ros2/install/wheeltec_robot_urdf/share/wheeltec_robot_urdf/meshes/R550A_PLUS_mec_arm_robot_meshes/arm_B_link.STL
[0.578s] -- Up-to-date symlink: /home/wheeltec/wheeltec_ros2/install/wheeltec_robot_urdf/share/wheeltec_robot_urdf/meshes/R550A_PLUS_mec_arm_robot_meshes/arm_C_link.STL
[0.578s] -- Up-to-date symlink: /home/wheeltec/wheeltec_ros2/install/wheeltec_robot_urdf/share/wheeltec_robot_urdf/meshes/R550A_PLUS_mec_arm_robot_meshes/arm_D_link.STL
[0.578s] -- Up-to-date symlink: /home/wheeltec/wheeltec_ros2/install/wheeltec_robot_urdf/share/wheeltec_robot_urdf/meshes/R550A_PLUS_mec_arm_robot_meshes/base_footprint.STL
[0.578s] -- Up-to-date symlink: /home/wheeltec/wheeltec_ros2/install/wheeltec_robot_urdf/share/wheeltec_robot_urdf/meshes/R550A_PLUS_mec_arm_robot_meshes/base_link.STL
[0.578s] -- Up-to-date symlink: /home/wheeltec/wheeltec_ros2/install/wheeltec_robot_urdf/share/wheeltec_robot_urdf/meshes/R550A_PLUS_mec_arm_robot_meshes/camera_link.STL
[0.578s] -- Up-to-date symlink: /home/wheeltec/wheeltec_ros2/install/wheeltec_robot_urdf/share/wheeltec_robot_urdf/meshes/R550A_PLUS_mec_arm_robot_meshes/grasper_Link.STL
[0.578s] -- Up-to-date symlink: /home/wheeltec/wheeltec_ros2/install/wheeltec_robot_urdf/share/wheeltec_robot_urdf/meshes/R550A_PLUS_mec_arm_robot_meshes/gyro_link.STL
[0.578s] -- Up-to-date symlink: /home/wheeltec/wheeltec_ros2/install/wheeltec_robot_urdf/share/wheeltec_robot_urdf/meshes/R550A_PLUS_mec_arm_robot_meshes/hand_left2_link.STL
[0.578s] -- Up-to-date symlink: /home/wheeltec/wheeltec_ros2/install/wheeltec_robot_urdf/share/wheeltec_robot_urdf/meshes/R550A_PLUS_mec_arm_robot_meshes/hand_left_link.STL
[0.578s] -- Up-to-date symlink: /home/wheeltec/wheeltec_ros2/install/wheeltec_robot_urdf/share/wheeltec_robot_urdf/meshes/R550A_PLUS_mec_arm_robot_meshes/hand_right2_link.STL
[0.579s] -- Up-to-date symlink: /home/wheeltec/wheeltec_ros2/install/wheeltec_robot_urdf/share/wheeltec_robot_urdf/meshes/R550A_PLUS_mec_arm_robot_meshes/hand_right_link.STL
[0.579s] -- Up-to-date symlink: /home/wheeltec/wheeltec_ros2/install/wheeltec_robot_urdf/share/wheeltec_robot_urdf/meshes/R550A_PLUS_mec_arm_robot_meshes/laser.STL
[0.579s] -- Up-to-date symlink: /home/wheeltec/wheeltec_ros2/install/wheeltec_robot_urdf/share/wheeltec_robot_urdf/meshes/R550A_PLUS_mec_arm_robot_meshes/left_back_link.STL
[0.579s] -- Up-to-date symlink: /home/wheeltec/wheeltec_ros2/install/wheeltec_robot_urdf/share/wheeltec_robot_urdf/meshes/R550A_PLUS_mec_arm_robot_meshes/left_front_link.STL
[0.579s] -- Up-to-date symlink: /home/wheeltec/wheeltec_ros2/install/wheeltec_robot_urdf/share/wheeltec_robot_urdf/meshes/R550A_PLUS_mec_arm_robot_meshes/right_back_link.STL
[0.579s] -- Up-to-date symlink: /home/wheeltec/wheeltec_ros2/install/wheeltec_robot_urdf/share/wheeltec_robot_urdf/meshes/R550A_PLUS_mec_arm_robot_meshes/right_front_link.STL
[0.579s] -- Up-to-date symlink: /home/wheeltec/wheeltec_ros2/install/wheeltec_robot_urdf/share/wheeltec_robot_urdf/meshes/S100_diff_robot_meshes/base_link.STL
[0.579s] -- Up-to-date symlink: /home/wheeltec/wheeltec_ros2/install/wheeltec_robot_urdf/share/wheeltec_robot_urdf/meshes/S100_diff_robot_meshes/camera_link.STL
[0.579s] -- Up-to-date symlink: /home/wheeltec/wheeltec_ros2/install/wheeltec_robot_urdf/share/wheeltec_robot_urdf/meshes/S100_diff_robot_meshes/laser.STL
[0.579s] -- Up-to-date symlink: /home/wheeltec/wheeltec_ros2/install/wheeltec_robot_urdf/share/wheeltec_robot_urdf/meshes/S100_diff_robot_meshes/lf_wheel_link.STL
[0.580s] -- Up-to-date symlink: /home/wheeltec/wheeltec_ros2/install/wheeltec_robot_urdf/share/wheeltec_robot_urdf/meshes/S100_diff_robot_meshes/recharge_link.STL
[0.580s] -- Up-to-date symlink: /home/wheeltec/wheeltec_ros2/install/wheeltec_robot_urdf/share/wheeltec_robot_urdf/meshes/S100_diff_robot_meshes/rf_wheel_link.STL
[0.580s] -- Up-to-date symlink: /home/wheeltec/wheeltec_ros2/install/wheeltec_robot_urdf/share/wheeltec_robot_urdf/meshes/S200_diff_robot_meshes/base_link.STL
[0.580s] -- Up-to-date symlink: /home/wheeltec/wheeltec_ros2/install/wheeltec_robot_urdf/share/wheeltec_robot_urdf/meshes/S200_diff_robot_meshes/camera_link.STL
[0.580s] -- Up-to-date symlink: /home/wheeltec/wheeltec_ros2/install/wheeltec_robot_urdf/share/wheeltec_robot_urdf/meshes/S200_diff_robot_meshes/controller_link.STL
[0.581s] -- Up-to-date symlink: /home/wheeltec/wheeltec_ros2/install/wheeltec_robot_urdf/share/wheeltec_robot_urdf/meshes/S200_diff_robot_meshes/laser_link.STL
[0.581s] -- Up-to-date symlink: /home/wheeltec/wheeltec_ros2/install/wheeltec_robot_urdf/share/wheeltec_robot_urdf/meshes/S200_diff_robot_meshes/lb_wheel_link.STL
[0.581s] -- Up-to-date symlink: /home/wheeltec/wheeltec_ros2/install/wheeltec_robot_urdf/share/wheeltec_robot_urdf/meshes/S200_diff_robot_meshes/lf_wheel_link.STL
[0.581s] -- Up-to-date symlink: /home/wheeltec/wheeltec_ros2/install/wheeltec_robot_urdf/share/wheeltec_robot_urdf/meshes/S200_diff_robot_meshes/rb_wheel_link.STL
[0.581s] -- Up-to-date symlink: /home/wheeltec/wheeltec_ros2/install/wheeltec_robot_urdf/share/wheeltec_robot_urdf/meshes/S200_diff_robot_meshes/rf_wheel_link.STL
[0.581s] -- Up-to-date symlink: /home/wheeltec/wheeltec_ros2/install/wheeltec_robot_urdf/share/wheeltec_robot_urdf/meshes/V550_4wd_robot_meshes/base_link.STL
[0.581s] -- Up-to-date symlink: /home/wheeltec/wheeltec_ros2/install/wheeltec_robot_urdf/share/wheeltec_robot_urdf/meshes/V550_4wd_robot_meshes/camera_link.STL
[0.581s] -- Up-to-date symlink: /home/wheeltec/wheeltec_ros2/install/wheeltec_robot_urdf/share/wheeltec_robot_urdf/meshes/V550_4wd_robot_meshes/controller_link.STL
[0.581s] -- Up-to-date symlink: /home/wheeltec/wheeltec_ros2/install/wheeltec_robot_urdf/share/wheeltec_robot_urdf/meshes/V550_4wd_robot_meshes/laser.STL
[0.582s] -- Up-to-date symlink: /home/wheeltec/wheeltec_ros2/install/wheeltec_robot_urdf/share/wheeltec_robot_urdf/meshes/V550_4wd_robot_meshes/lb_wheel_link.STL
[0.582s] -- Up-to-date symlink: /home/wheeltec/wheeltec_ros2/install/wheeltec_robot_urdf/share/wheeltec_robot_urdf/meshes/V550_4wd_robot_meshes/lf_wheel_link.STL
[0.582s] -- Up-to-date symlink: /home/wheeltec/wheeltec_ros2/install/wheeltec_robot_urdf/share/wheeltec_robot_urdf/meshes/V550_4wd_robot_meshes/rb_wheel_link.STL
[0.582s] -- Up-to-date symlink: /home/wheeltec/wheeltec_ros2/install/wheeltec_robot_urdf/share/wheeltec_robot_urdf/meshes/V550_4wd_robot_meshes/rf_wheel_link.STL
[0.582s] -- Up-to-date symlink: /home/wheeltec/wheeltec_ros2/install/wheeltec_robot_urdf/share/wheeltec_robot_urdf/meshes/V550_akm_robot_meshes/base_link.STL
[0.583s] -- Up-to-date symlink: /home/wheeltec/wheeltec_ros2/install/wheeltec_robot_urdf/share/wheeltec_robot_urdf/meshes/V550_akm_robot_meshes/camera_link.STL
[0.583s] -- Up-to-date symlink: /home/wheeltec/wheeltec_ros2/install/wheeltec_robot_urdf/share/wheeltec_robot_urdf/meshes/V550_akm_robot_meshes/controller_link.STL
[0.591s] -- Up-to-date symlink: /home/wheeltec/wheeltec_ros2/install/wheeltec_robot_urdf/share/wheeltec_robot_urdf/meshes/V550_akm_robot_meshes/laser_link.STL
[0.591s] -- Up-to-date symlink: /home/wheeltec/wheeltec_ros2/install/wheeltec_robot_urdf/share/wheeltec_robot_urdf/meshes/V550_akm_robot_meshes/lb_wheel_link.STL
[0.591s] -- Up-to-date symlink: /home/wheeltec/wheeltec_ros2/install/wheeltec_robot_urdf/share/wheeltec_robot_urdf/meshes/V550_akm_robot_meshes/lf_wheel_link.STL
[0.591s] -- Up-to-date symlink: /home/wheeltec/wheeltec_ros2/install/wheeltec_robot_urdf/share/wheeltec_robot_urdf/meshes/V550_akm_robot_meshes/rb_wheel_link.STL
[0.594s] -- Up-to-date symlink: /home/wheeltec/wheeltec_ros2/install/wheeltec_robot_urdf/share/wheeltec_robot_urdf/meshes/V550_akm_robot_meshes/rf_wheel_link.STL
[0.595s] -- Up-to-date symlink: /home/wheeltec/wheeltec_ros2/install/wheeltec_robot_urdf/share/wheeltec_robot_urdf/meshes/V550_mec_robot_meshes/base_link.STL
[0.595s] -- Up-to-date symlink: /home/wheeltec/wheeltec_ros2/install/wheeltec_robot_urdf/share/wheeltec_robot_urdf/meshes/V550_mec_robot_meshes/camera_link.STL
[0.595s] -- Up-to-date symlink: /home/wheeltec/wheeltec_ros2/install/wheeltec_robot_urdf/share/wheeltec_robot_urdf/meshes/V550_mec_robot_meshes/controller_link.STL
[0.595s] -- Up-to-date symlink: /home/wheeltec/wheeltec_ros2/install/wheeltec_robot_urdf/share/wheeltec_robot_urdf/meshes/V550_mec_robot_meshes/laser.STL
[0.595s] -- Up-to-date symlink: /home/wheeltec/wheeltec_ros2/install/wheeltec_robot_urdf/share/wheeltec_robot_urdf/meshes/V550_mec_robot_meshes/lb_wheel_link.STL
[0.595s] -- Up-to-date symlink: /home/wheeltec/wheeltec_ros2/install/wheeltec_robot_urdf/share/wheeltec_robot_urdf/meshes/V550_mec_robot_meshes/lf_wheel_link.STL
[0.595s] -- Up-to-date symlink: /home/wheeltec/wheeltec_ros2/install/wheeltec_robot_urdf/share/wheeltec_robot_urdf/meshes/V550_mec_robot_meshes/rb_wheel_link.STL
[0.595s] -- Up-to-date symlink: /home/wheeltec/wheeltec_ros2/install/wheeltec_robot_urdf/share/wheeltec_robot_urdf/meshes/V550_mec_robot_meshes/rf_wheel_link.STL
[0.596s] -- Up-to-date symlink: /home/wheeltec/wheeltec_ros2/install/wheeltec_robot_urdf/share/wheeltec_robot_urdf/meshes/autoware_s200_dual_antenna_meshes/base_link.STL
[0.596s] -- Up-to-date symlink: /home/wheeltec/wheeltec_ros2/install/wheeltec_robot_urdf/share/wheeltec_robot_urdf/meshes/autoware_s200_dual_antenna_meshes/camera_link.STL
[0.596s] -- Up-to-date symlink: /home/wheeltec/wheeltec_ros2/install/wheeltec_robot_urdf/share/wheeltec_robot_urdf/meshes/autoware_s200_dual_antenna_meshes/controller_link.STL
[0.596s] -- Up-to-date symlink: /home/wheeltec/wheeltec_ros2/install/wheeltec_robot_urdf/share/wheeltec_robot_urdf/meshes/autoware_s200_dual_antenna_meshes/laser_link.STL
[0.596s] -- Up-to-date symlink: /home/wheeltec/wheeltec_ros2/install/wheeltec_robot_urdf/share/wheeltec_robot_urdf/meshes/autoware_s200_dual_antenna_meshes/lb_wheel_link.STL
[0.596s] -- Up-to-date symlink: /home/wheeltec/wheeltec_ros2/install/wheeltec_robot_urdf/share/wheeltec_robot_urdf/meshes/autoware_s200_dual_antenna_meshes/lf_wheel_link.STL
[0.597s] -- Up-to-date symlink: /home/wheeltec/wheeltec_ros2/install/wheeltec_robot_urdf/share/wheeltec_robot_urdf/meshes/autoware_s200_dual_antenna_meshes/mushroom_link.STL
[0.597s] -- Up-to-date symlink: /home/wheeltec/wheeltec_ros2/install/wheeltec_robot_urdf/share/wheeltec_robot_urdf/meshes/autoware_s200_dual_antenna_meshes/rb_wheel_link.STL
[0.597s] -- Up-to-date symlink: /home/wheeltec/wheeltec_ros2/install/wheeltec_robot_urdf/share/wheeltec_robot_urdf/meshes/autoware_s200_dual_antenna_meshes/rf_wheel_link.STL
[0.599s] -- Up-to-date symlink: /home/wheeltec/wheeltec_ros2/install/wheeltec_robot_urdf/share/wheeltec_robot_urdf/meshes/autoware_s200_single_antenna_meshes/base_link.STL
[0.599s] -- Up-to-date symlink: /home/wheeltec/wheeltec_ros2/install/wheeltec_robot_urdf/share/wheeltec_robot_urdf/meshes/autoware_s200_single_antenna_meshes/camera_link.STL
[0.599s] -- Up-to-date symlink: /home/wheeltec/wheeltec_ros2/install/wheeltec_robot_urdf/share/wheeltec_robot_urdf/meshes/autoware_s200_single_antenna_meshes/controller_link.STL
[0.600s] -- Up-to-date symlink: /home/wheeltec/wheeltec_ros2/install/wheeltec_robot_urdf/share/wheeltec_robot_urdf/meshes/autoware_s200_single_antenna_meshes/laser_link.STL
[0.600s] -- Up-to-date symlink: /home/wheeltec/wheeltec_ros2/install/wheeltec_robot_urdf/share/wheeltec_robot_urdf/meshes/autoware_s200_single_antenna_meshes/lb_wheel_link.STL
[0.600s] -- Up-to-date symlink: /home/wheeltec/wheeltec_ros2/install/wheeltec_robot_urdf/share/wheeltec_robot_urdf/meshes/autoware_s200_single_antenna_meshes/lf_wheel_link.STL
[0.600s] -- Up-to-date symlink: /home/wheeltec/wheeltec_ros2/install/wheeltec_robot_urdf/share/wheeltec_robot_urdf/meshes/autoware_s200_single_antenna_meshes/mushroom_link.STL
[0.600s] -- Up-to-date symlink: /home/wheeltec/wheeltec_ros2/install/wheeltec_robot_urdf/share/wheeltec_robot_urdf/meshes/autoware_s200_single_antenna_meshes/rb_wheel_link.STL
[0.600s] -- Up-to-date symlink: /home/wheeltec/wheeltec_ros2/install/wheeltec_robot_urdf/share/wheeltec_robot_urdf/meshes/autoware_s200_single_antenna_meshes/rf_wheel_link.STL
[0.601s] -- Up-to-date symlink: /home/wheeltec/wheeltec_ros2/install/wheeltec_robot_urdf/share/wheeltec_robot_urdf/meshes/autoware_senior_akm_meshes/base_link.STL
[0.601s] -- Up-to-date symlink: /home/wheeltec/wheeltec_ros2/install/wheeltec_robot_urdf/share/wheeltec_robot_urdf/meshes/autoware_senior_akm_meshes/camera_link.STL
[0.601s] -- Up-to-date symlink: /home/wheeltec/wheeltec_ros2/install/wheeltec_robot_urdf/share/wheeltec_robot_urdf/meshes/autoware_senior_akm_meshes/gyro_link.STL
[0.601s] -- Up-to-date symlink: /home/wheeltec/wheeltec_ros2/install/wheeltec_robot_urdf/share/wheeltec_robot_urdf/meshes/autoware_senior_akm_meshes/laser_link.STL
[0.602s] -- Up-to-date symlink: /home/wheeltec/wheeltec_ros2/install/wheeltec_robot_urdf/share/wheeltec_robot_urdf/meshes/autoware_senior_akm_meshes/lb_wheel_link.STL
[0.603s] -- Up-to-date symlink: /home/wheeltec/wheeltec_ros2/install/wheeltec_robot_urdf/share/wheeltec_robot_urdf/meshes/autoware_senior_akm_meshes/lf_wheel_link.STL
[0.603s] -- Up-to-date symlink: /home/wheeltec/wheeltec_ros2/install/wheeltec_robot_urdf/share/wheeltec_robot_urdf/meshes/autoware_senior_akm_meshes/rb_wheel_link.STL
[0.603s] -- Up-to-date symlink: /home/wheeltec/wheeltec_ros2/install/wheeltec_robot_urdf/share/wheeltec_robot_urdf/meshes/autoware_senior_akm_meshes/rf_wheel_link.STL
[0.603s] -- Up-to-date symlink: /home/wheeltec/wheeltec_ros2/install/wheeltec_robot_urdf/share/wheeltec_robot_urdf/meshes/autoware_senior_akm_meshes/rtk_link.STL
[0.604s] -- Up-to-date symlink: /home/wheeltec/wheeltec_ros2/install/wheeltec_robot_urdf/share/wheeltec_robot_urdf/meshes/autoware_top_akm_dual_antenna_meshes/base_link.STL
[0.604s] -- Up-to-date symlink: /home/wheeltec/wheeltec_ros2/install/wheeltec_robot_urdf/share/wheeltec_robot_urdf/meshes/autoware_top_akm_dual_antenna_meshes/camera_link.STL
[0.604s] -- Up-to-date symlink: /home/wheeltec/wheeltec_ros2/install/wheeltec_robot_urdf/share/wheeltec_robot_urdf/meshes/autoware_top_akm_dual_antenna_meshes/laser_link.STL
[0.604s] -- Up-to-date symlink: /home/wheeltec/wheeltec_ros2/install/wheeltec_robot_urdf/share/wheeltec_robot_urdf/meshes/autoware_top_akm_dual_antenna_meshes/lb_wheel_link.STL
[0.606s] -- Up-to-date symlink: /home/wheeltec/wheeltec_ros2/install/wheeltec_robot_urdf/share/wheeltec_robot_urdf/meshes/autoware_top_akm_dual_antenna_meshes/left_mushroom_link.STL
[0.606s] -- Up-to-date symlink: /home/wheeltec/wheeltec_ros2/install/wheeltec_robot_urdf/share/wheeltec_robot_urdf/meshes/autoware_top_akm_dual_antenna_meshes/lf_wheel_link.STL
[0.606s] -- Up-to-date symlink: /home/wheeltec/wheeltec_ros2/install/wheeltec_robot_urdf/share/wheeltec_robot_urdf/meshes/autoware_top_akm_dual_antenna_meshes/rb_wheel_link.STL
[0.606s] -- Up-to-date symlink: /home/wheeltec/wheeltec_ros2/install/wheeltec_robot_urdf/share/wheeltec_robot_urdf/meshes/autoware_top_akm_dual_antenna_meshes/rf_wheel_link.STL
[0.609s] -- Up-to-date symlink: /home/wheeltec/wheeltec_ros2/install/wheeltec_robot_urdf/share/wheeltec_robot_urdf/meshes/autoware_top_akm_dual_antenna_meshes/right_mushroom_link.STL
[0.609s] -- Up-to-date symlink: /home/wheeltec/wheeltec_ros2/install/wheeltec_robot_urdf/share/wheeltec_robot_urdf/meshes/autoware_top_akm_single_antenna_meshes/base_link.STL
[0.610s] -- Up-to-date symlink: /home/wheeltec/wheeltec_ros2/install/wheeltec_robot_urdf/share/wheeltec_robot_urdf/meshes/autoware_top_akm_single_antenna_meshes/camera_link.STL
[0.613s] -- Up-to-date symlink: /home/wheeltec/wheeltec_ros2/install/wheeltec_robot_urdf/share/wheeltec_robot_urdf/meshes/autoware_top_akm_single_antenna_meshes/laser_link.STL
[0.613s] -- Up-to-date symlink: /home/wheeltec/wheeltec_ros2/install/wheeltec_robot_urdf/share/wheeltec_robot_urdf/meshes/autoware_top_akm_single_antenna_meshes/lb_wheel_link.STL
[0.614s] -- Up-to-date symlink: /home/wheeltec/wheeltec_ros2/install/wheeltec_robot_urdf/share/wheeltec_robot_urdf/meshes/autoware_top_akm_single_antenna_meshes/lf_wheel_link.STL
[0.621s] -- Up-to-date symlink: /home/wheeltec/wheeltec_ros2/install/wheeltec_robot_urdf/share/wheeltec_robot_urdf/meshes/autoware_top_akm_single_antenna_meshes/mushroom_link.STL
[0.621s] -- Up-to-date symlink: /home/wheeltec/wheeltec_ros2/install/wheeltec_robot_urdf/share/wheeltec_robot_urdf/meshes/autoware_top_akm_single_antenna_meshes/rb_wheel_joint.STL
[0.621s] -- Up-to-date symlink: /home/wheeltec/wheeltec_ros2/install/wheeltec_robot_urdf/share/wheeltec_robot_urdf/meshes/autoware_top_akm_single_antenna_meshes/rf_wheel_link.STL
[0.621s] -- Up-to-date symlink: /home/wheeltec/wheeltec_ros2/install/wheeltec_robot_urdf/share/wheeltec_robot_urdf/meshes/bases/burger_base.stl
[0.621s] -- Up-to-date symlink: /home/wheeltec/wheeltec_ros2/install/wheeltec_robot_urdf/share/wheeltec_robot_urdf/meshes/bases/waffle_base.stl
[0.622s] -- Up-to-date symlink: /home/wheeltec/wheeltec_ros2/install/wheeltec_robot_urdf/share/wheeltec_robot_urdf/meshes/bases/waffle_pi_base.stl
[0.622s] -- Up-to-date symlink: /home/wheeltec/wheeltec_ros2/install/wheeltec_robot_urdf/share/wheeltec_robot_urdf/meshes/brushless_senior_diff_meshes/base_link.STL
[0.622s] -- Up-to-date symlink: /home/wheeltec/wheeltec_ros2/install/wheeltec_robot_urdf/share/wheeltec_robot_urdf/meshes/brushless_senior_diff_meshes/camera_link.STL
[0.627s] -- Up-to-date symlink: /home/wheeltec/wheeltec_ros2/install/wheeltec_robot_urdf/share/wheeltec_robot_urdf/meshes/brushless_senior_diff_meshes/controller_link.STL
[0.627s] -- Up-to-date symlink: /home/wheeltec/wheeltec_ros2/install/wheeltec_robot_urdf/share/wheeltec_robot_urdf/meshes/brushless_senior_diff_meshes/laser.STL
[0.631s] -- Up-to-date symlink: /home/wheeltec/wheeltec_ros2/install/wheeltec_robot_urdf/share/wheeltec_robot_urdf/meshes/brushless_senior_diff_meshes/lb_wheel_link.STL
[0.631s] -- Up-to-date symlink: /home/wheeltec/wheeltec_ros2/install/wheeltec_robot_urdf/share/wheeltec_robot_urdf/meshes/brushless_senior_diff_meshes/rb_wheel_link.STL
[0.635s] -- Up-to-date symlink: /home/wheeltec/wheeltec_ros2/install/wheeltec_robot_urdf/share/wheeltec_robot_urdf/meshes/flagship_4wd_bs_robot_meshes/base_link.STL
[0.635s] -- Up-to-date symlink: /home/wheeltec/wheeltec_ros2/install/wheeltec_robot_urdf/share/wheeltec_robot_urdf/meshes/flagship_4wd_bs_robot_meshes/camera_link.STL
[0.635s] -- Up-to-date symlink: /home/wheeltec/wheeltec_ros2/install/wheeltec_robot_urdf/share/wheeltec_robot_urdf/meshes/flagship_4wd_bs_robot_meshes/controller_link.STL
[0.636s] -- Up-to-date symlink: /home/wheeltec/wheeltec_ros2/install/wheeltec_robot_urdf/share/wheeltec_robot_urdf/meshes/flagship_4wd_bs_robot_meshes/laser.STL
[0.637s] -- Up-to-date symlink: /home/wheeltec/wheeltec_ros2/install/wheeltec_robot_urdf/share/wheeltec_robot_urdf/meshes/flagship_4wd_bs_robot_meshes/lb_wheel_link.STL
[0.638s] -- Up-to-date symlink: /home/wheeltec/wheeltec_ros2/install/wheeltec_robot_urdf/share/wheeltec_robot_urdf/meshes/flagship_4wd_bs_robot_meshes/lf_wheel_link.STL
[0.638s] -- Up-to-date symlink: /home/wheeltec/wheeltec_ros2/install/wheeltec_robot_urdf/share/wheeltec_robot_urdf/meshes/flagship_4wd_bs_robot_meshes/rb_wheel_link.STL
[0.638s] -- Up-to-date symlink: /home/wheeltec/wheeltec_ros2/install/wheeltec_robot_urdf/share/wheeltec_robot_urdf/meshes/flagship_4wd_bs_robot_meshes/rf_wheel_link.STL
[0.638s] -- Up-to-date symlink: /home/wheeltec/wheeltec_ros2/install/wheeltec_robot_urdf/share/wheeltec_robot_urdf/meshes/flagship_4wd_dl_robot_meshes/base_link.STL
[0.638s] -- Up-to-date symlink: /home/wheeltec/wheeltec_ros2/install/wheeltec_robot_urdf/share/wheeltec_robot_urdf/meshes/flagship_4wd_dl_robot_meshes/camera_link.STL
[0.638s] -- Up-to-date symlink: /home/wheeltec/wheeltec_ros2/install/wheeltec_robot_urdf/share/wheeltec_robot_urdf/meshes/flagship_4wd_dl_robot_meshes/controller_link.STL
[0.639s] -- Up-to-date symlink: /home/wheeltec/wheeltec_ros2/install/wheeltec_robot_urdf/share/wheeltec_robot_urdf/meshes/flagship_4wd_dl_robot_meshes/laser.STL
[0.640s] -- Up-to-date symlink: /home/wheeltec/wheeltec_ros2/install/wheeltec_robot_urdf/share/wheeltec_robot_urdf/meshes/flagship_4wd_dl_robot_meshes/lb_wheel_link.STL
[0.648s] -- Up-to-date symlink: /home/wheeltec/wheeltec_ros2/install/wheeltec_robot_urdf/share/wheeltec_robot_urdf/meshes/flagship_4wd_dl_robot_meshes/lf_wheel_link.STL
[0.649s] -- Up-to-date symlink: /home/wheeltec/wheeltec_ros2/install/wheeltec_robot_urdf/share/wheeltec_robot_urdf/meshes/flagship_4wd_dl_robot_meshes/rb_wheel_link.STL
[0.649s] -- Up-to-date symlink: /home/wheeltec/wheeltec_ros2/install/wheeltec_robot_urdf/share/wheeltec_robot_urdf/meshes/flagship_4wd_dl_robot_meshes/rf_wheel_link.STL
[0.649s] -- Up-to-date symlink: /home/wheeltec/wheeltec_ros2/install/wheeltec_robot_urdf/share/wheeltec_robot_urdf/meshes/flagship_mec_bs_robot_meshes/base_link.STL
[0.649s] -- Up-to-date symlink: /home/wheeltec/wheeltec_ros2/install/wheeltec_robot_urdf/share/wheeltec_robot_urdf/meshes/flagship_mec_bs_robot_meshes/camera_link.STL
[0.650s] -- Up-to-date symlink: /home/wheeltec/wheeltec_ros2/install/wheeltec_robot_urdf/share/wheeltec_robot_urdf/meshes/flagship_mec_bs_robot_meshes/controller_link.STL
[0.651s] -- Up-to-date symlink: /home/wheeltec/wheeltec_ros2/install/wheeltec_robot_urdf/share/wheeltec_robot_urdf/meshes/flagship_mec_bs_robot_meshes/laser.STL
[0.652s] -- Up-to-date symlink: /home/wheeltec/wheeltec_ros2/install/wheeltec_robot_urdf/share/wheeltec_robot_urdf/meshes/flagship_mec_bs_robot_meshes/lb_wheel_link.STL
[0.652s] -- Up-to-date symlink: /home/wheeltec/wheeltec_ros2/install/wheeltec_robot_urdf/share/wheeltec_robot_urdf/meshes/flagship_mec_bs_robot_meshes/lf_wheel_link.STL
[0.653s] -- Up-to-date symlink: /home/wheeltec/wheeltec_ros2/install/wheeltec_robot_urdf/share/wheeltec_robot_urdf/meshes/flagship_mec_bs_robot_meshes/rb_wheel_link.STL
[0.655s] -- Up-to-date symlink: /home/wheeltec/wheeltec_ros2/install/wheeltec_robot_urdf/share/wheeltec_robot_urdf/meshes/flagship_mec_bs_robot_meshes/rf_wheel_link.STL
[0.655s] -- Up-to-date symlink: /home/wheeltec/wheeltec_ros2/install/wheeltec_robot_urdf/share/wheeltec_robot_urdf/meshes/flagship_mec_dl_robot_meshes/base_link.STL
[0.655s] -- Up-to-date symlink: /home/wheeltec/wheeltec_ros2/install/wheeltec_robot_urdf/share/wheeltec_robot_urdf/meshes/flagship_mec_dl_robot_meshes/camera_link.STL
[0.655s] -- Up-to-date symlink: /home/wheeltec/wheeltec_ros2/install/wheeltec_robot_urdf/share/wheeltec_robot_urdf/meshes/flagship_mec_dl_robot_meshes/controller_link.STL
[0.662s] -- Up-to-date symlink: /home/wheeltec/wheeltec_ros2/install/wheeltec_robot_urdf/share/wheeltec_robot_urdf/meshes/flagship_mec_dl_robot_meshes/laser.STL
[0.665s] -- Up-to-date symlink: /home/wheeltec/wheeltec_ros2/install/wheeltec_robot_urdf/share/wheeltec_robot_urdf/meshes/flagship_mec_dl_robot_meshes/lb_wheel_link.STL
[0.667s] -- Up-to-date symlink: /home/wheeltec/wheeltec_ros2/install/wheeltec_robot_urdf/share/wheeltec_robot_urdf/meshes/flagship_mec_dl_robot_meshes/lf_wheel_link.STL
[0.677s] -- Up-to-date symlink: /home/wheeltec/wheeltec_ros2/install/wheeltec_robot_urdf/share/wheeltec_robot_urdf/meshes/flagship_mec_dl_robot_meshes/rb_wheel_link.STL
[0.677s] -- Up-to-date symlink: /home/wheeltec/wheeltec_ros2/install/wheeltec_robot_urdf/share/wheeltec_robot_urdf/meshes/flagship_mec_dl_robot_meshes/rf_wheel_link.STL
[0.677s] -- Up-to-date symlink: /home/wheeltec/wheeltec_ros2/install/wheeltec_robot_urdf/share/wheeltec_robot_urdf/meshes/four_wheel_diff_bs_robot_meshes/base_link.STL
[0.682s] -- Up-to-date symlink: /home/wheeltec/wheeltec_ros2/install/wheeltec_robot_urdf/share/wheeltec_robot_urdf/meshes/four_wheel_diff_bs_robot_meshes/camera_link.STL
[0.684s] -- Up-to-date symlink: /home/wheeltec/wheeltec_ros2/install/wheeltec_robot_urdf/share/wheeltec_robot_urdf/meshes/four_wheel_diff_bs_robot_meshes/controller_link.STL
[0.685s] -- Up-to-date symlink: /home/wheeltec/wheeltec_ros2/install/wheeltec_robot_urdf/share/wheeltec_robot_urdf/meshes/four_wheel_diff_bs_robot_meshes/laser.STL
[0.688s] -- Up-to-date symlink: /home/wheeltec/wheeltec_ros2/install/wheeltec_robot_urdf/share/wheeltec_robot_urdf/meshes/four_wheel_diff_bs_robot_meshes/lb_wheel_link.STL
[0.693s] -- Up-to-date symlink: /home/wheeltec/wheeltec_ros2/install/wheeltec_robot_urdf/share/wheeltec_robot_urdf/meshes/four_wheel_diff_bs_robot_meshes/lf_wheel_link.STL
[0.695s] -- Up-to-date symlink: /home/wheeltec/wheeltec_ros2/install/wheeltec_robot_urdf/share/wheeltec_robot_urdf/meshes/four_wheel_diff_bs_robot_meshes/rb_wheel_link.STL
[0.696s] -- Up-to-date symlink: /home/wheeltec/wheeltec_ros2/install/wheeltec_robot_urdf/share/wheeltec_robot_urdf/meshes/four_wheel_diff_bs_robot_meshes/rf_wheel_link.STL
[0.697s] -- Up-to-date symlink: /home/wheeltec/wheeltec_ros2/install/wheeltec_robot_urdf/share/wheeltec_robot_urdf/meshes/four_wheel_diff_dl_robot_meshes/base_link.STL
[0.697s] -- Up-to-date symlink: /home/wheeltec/wheeltec_ros2/install/wheeltec_robot_urdf/share/wheeltec_robot_urdf/meshes/four_wheel_diff_dl_robot_meshes/camera_link.STL
[0.698s] -- Up-to-date symlink: /home/wheeltec/wheeltec_ros2/install/wheeltec_robot_urdf/share/wheeltec_robot_urdf/meshes/four_wheel_diff_dl_robot_meshes/controller_link.STL
[0.699s] -- Up-to-date symlink: /home/wheeltec/wheeltec_ros2/install/wheeltec_robot_urdf/share/wheeltec_robot_urdf/meshes/four_wheel_diff_dl_robot_meshes/laser.STL
[0.700s] -- Up-to-date symlink: /home/wheeltec/wheeltec_ros2/install/wheeltec_robot_urdf/share/wheeltec_robot_urdf/meshes/four_wheel_diff_dl_robot_meshes/lb_wheel_link.STL
[0.700s] -- Up-to-date symlink: /home/wheeltec/wheeltec_ros2/install/wheeltec_robot_urdf/share/wheeltec_robot_urdf/meshes/four_wheel_diff_dl_robot_meshes/lf_wheel_link.STL
[0.701s] -- Up-to-date symlink: /home/wheeltec/wheeltec_ros2/install/wheeltec_robot_urdf/share/wheeltec_robot_urdf/meshes/four_wheel_diff_dl_robot_meshes/rb_wheel_link.STL
[0.702s] -- Up-to-date symlink: /home/wheeltec/wheeltec_ros2/install/wheeltec_robot_urdf/share/wheeltec_robot_urdf/meshes/four_wheel_diff_dl_robot_meshes/rf_wheel_link.STL
[0.702s] -- Up-to-date symlink: /home/wheeltec/wheeltec_ros2/install/wheeltec_robot_urdf/share/wheeltec_robot_urdf/meshes/mini_4wd_moveit_four_meshes/arm_base_link.STL
[0.706s] -- Up-to-date symlink: /home/wheeltec/wheeltec_ros2/install/wheeltec_robot_urdf/share/wheeltec_robot_urdf/meshes/mini_4wd_moveit_four_meshes/base_link.STL
[0.707s] -- Up-to-date symlink: /home/wheeltec/wheeltec_ros2/install/wheeltec_robot_urdf/share/wheeltec_robot_urdf/meshes/mini_4wd_moveit_four_meshes/camera_link.STL
[0.708s] -- Up-to-date symlink: /home/wheeltec/wheeltec_ros2/install/wheeltec_robot_urdf/share/wheeltec_robot_urdf/meshes/mini_4wd_moveit_four_meshes/controller_link.STL
[0.708s] -- Up-to-date symlink: /home/wheeltec/wheeltec_ros2/install/wheeltec_robot_urdf/share/wheeltec_robot_urdf/meshes/mini_4wd_moveit_four_meshes/display_link.STL
[0.709s] -- Up-to-date symlink: /home/wheeltec/wheeltec_ros2/install/wheeltec_robot_urdf/share/wheeltec_robot_urdf/meshes/mini_4wd_moveit_four_meshes/j1_link.STL
[0.709s] -- Up-to-date symlink: /home/wheeltec/wheeltec_ros2/install/wheeltec_robot_urdf/share/wheeltec_robot_urdf/meshes/mini_4wd_moveit_four_meshes/j2_link.STL
[0.710s] -- Up-to-date symlink: /home/wheeltec/wheeltec_ros2/install/wheeltec_robot_urdf/share/wheeltec_robot_urdf/meshes/mini_4wd_moveit_four_meshes/j3_link.STL
[0.710s] -- Up-to-date symlink: /home/wheeltec/wheeltec_ros2/install/wheeltec_robot_urdf/share/wheeltec_robot_urdf/meshes/mini_4wd_moveit_four_meshes/j4_1_link.STL
[0.711s] -- Up-to-date symlink: /home/wheeltec/wheeltec_ros2/install/wheeltec_robot_urdf/share/wheeltec_robot_urdf/meshes/mini_4wd_moveit_four_meshes/j4_2_link.STL
[0.712s] -- Up-to-date symlink: /home/wheeltec/wheeltec_ros2/install/wheeltec_robot_urdf/share/wheeltec_robot_urdf/meshes/mini_4wd_moveit_four_meshes/j4_3_link.STL
[0.717s] -- Up-to-date symlink: /home/wheeltec/wheeltec_ros2/install/wheeltec_robot_urdf/share/wheeltec_robot_urdf/meshes/mini_4wd_moveit_four_meshes/j4_4_link.STL
[0.717s] -- Up-to-date symlink: /home/wheeltec/wheeltec_ros2/install/wheeltec_robot_urdf/share/wheeltec_robot_urdf/meshes/mini_4wd_moveit_four_meshes/j4_5_link.STL
[0.718s] -- Up-to-date symlink: /home/wheeltec/wheeltec_ros2/install/wheeltec_robot_urdf/share/wheeltec_robot_urdf/meshes/mini_4wd_moveit_four_meshes/j4_6_link.STL
[0.719s] -- Up-to-date symlink: /home/wheeltec/wheeltec_ros2/install/wheeltec_robot_urdf/share/wheeltec_robot_urdf/meshes/mini_4wd_moveit_four_meshes/laser.STL
[0.723s] -- Up-to-date symlink: /home/wheeltec/wheeltec_ros2/install/wheeltec_robot_urdf/share/wheeltec_robot_urdf/meshes/mini_4wd_moveit_four_meshes/lb_wheel_link.STL
[0.724s] -- Up-to-date symlink: /home/wheeltec/wheeltec_ros2/install/wheeltec_robot_urdf/share/wheeltec_robot_urdf/meshes/mini_4wd_moveit_four_meshes/lf_wheel_link.STL
[0.727s] -- Up-to-date symlink: /home/wheeltec/wheeltec_ros2/install/wheeltec_robot_urdf/share/wheeltec_robot_urdf/meshes/mini_4wd_moveit_four_meshes/rb_wheel_link.STL
[0.731s] -- Up-to-date symlink: /home/wheeltec/wheeltec_ros2/install/wheeltec_robot_urdf/share/wheeltec_robot_urdf/meshes/mini_4wd_moveit_four_meshes/rf_wheel_link.STL
[0.735s] -- Up-to-date symlink: /home/wheeltec/wheeltec_ros2/install/wheeltec_robot_urdf/share/wheeltec_robot_urdf/meshes/mini_4wd_robot_meshes/base_link.STL
[0.735s] -- Up-to-date symlink: /home/wheeltec/wheeltec_ros2/install/wheeltec_robot_urdf/share/wheeltec_robot_urdf/meshes/mini_4wd_robot_meshes/camera_link.STL
[0.736s] -- Up-to-date symlink: /home/wheeltec/wheeltec_ros2/install/wheeltec_robot_urdf/share/wheeltec_robot_urdf/meshes/mini_4wd_robot_meshes/controller_link.STL
[0.739s] -- Up-to-date symlink: /home/wheeltec/wheeltec_ros2/install/wheeltec_robot_urdf/share/wheeltec_robot_urdf/meshes/mini_4wd_robot_meshes/laser.STL
[0.739s] -- Up-to-date symlink: /home/wheeltec/wheeltec_ros2/install/wheeltec_robot_urdf/share/wheeltec_robot_urdf/meshes/mini_4wd_robot_meshes/lb_wheel_link.STL
[0.739s] -- Up-to-date symlink: /home/wheeltec/wheeltec_ros2/install/wheeltec_robot_urdf/share/wheeltec_robot_urdf/meshes/mini_4wd_robot_meshes/lf_wheel_link.STL
[0.740s] -- Up-to-date symlink: /home/wheeltec/wheeltec_ros2/install/wheeltec_robot_urdf/share/wheeltec_robot_urdf/meshes/mini_4wd_robot_meshes/rb_wheel_link.STL
[0.740s] -- Up-to-date symlink: /home/wheeltec/wheeltec_ros2/install/wheeltec_robot_urdf/share/wheeltec_robot_urdf/meshes/mini_4wd_robot_meshes/rf_wheel_link.STL
[0.745s] -- Up-to-date symlink: /home/wheeltec/wheeltec_ros2/install/wheeltec_robot_urdf/share/wheeltec_robot_urdf/meshes/mini_akm_meshes/base_link.STL
[0.746s] -- Up-to-date symlink: /home/wheeltec/wheeltec_ros2/install/wheeltec_robot_urdf/share/wheeltec_robot_urdf/meshes/mini_akm_meshes/camera_link.STL
[0.746s] -- Up-to-date symlink: /home/wheeltec/wheeltec_ros2/install/wheeltec_robot_urdf/share/wheeltec_robot_urdf/meshes/mini_akm_meshes/controller_link.STL
[0.746s] -- Up-to-date symlink: /home/wheeltec/wheeltec_ros2/install/wheeltec_robot_urdf/share/wheeltec_robot_urdf/meshes/mini_akm_meshes/front_link.STL
[0.751s] -- Up-to-date symlink: /home/wheeltec/wheeltec_ros2/install/wheeltec_robot_urdf/share/wheeltec_robot_urdf/meshes/mini_akm_meshes/laser_link.STL
[0.752s] -- Up-to-date symlink: /home/wheeltec/wheeltec_ros2/install/wheeltec_robot_urdf/share/wheeltec_robot_urdf/meshes/mini_akm_meshes/lb_link.STL
[0.753s] -- Up-to-date symlink: /home/wheeltec/wheeltec_ros2/install/wheeltec_robot_urdf/share/wheeltec_robot_urdf/meshes/mini_akm_meshes/left_link.STL
[0.754s] -- Up-to-date symlink: /home/wheeltec/wheeltec_ros2/install/wheeltec_robot_urdf/share/wheeltec_robot_urdf/meshes/mini_akm_meshes/lf_link.STL
[0.754s] -- Up-to-date symlink: /home/wheeltec/wheeltec_ros2/install/wheeltec_robot_urdf/share/wheeltec_robot_urdf/meshes/mini_akm_meshes/rb_link.STL
[0.755s] -- Up-to-date symlink: /home/wheeltec/wheeltec_ros2/install/wheeltec_robot_urdf/share/wheeltec_robot_urdf/meshes/mini_akm_meshes/rf_link.STL
[0.756s] -- Up-to-date symlink: /home/wheeltec/wheeltec_ros2/install/wheeltec_robot_urdf/share/wheeltec_robot_urdf/meshes/mini_akm_meshes/right_link.STL
[0.757s] -- Up-to-date symlink: /home/wheeltec/wheeltec_ros2/install/wheeltec_robot_urdf/share/wheeltec_robot_urdf/meshes/mini_akm_robot_meshes/base_link.STL
[0.757s] -- Up-to-date symlink: /home/wheeltec/wheeltec_ros2/install/wheeltec_robot_urdf/share/wheeltec_robot_urdf/meshes/mini_akm_robot_meshes/camera_link.STL
[0.758s] -- Up-to-date symlink: /home/wheeltec/wheeltec_ros2/install/wheeltec_robot_urdf/share/wheeltec_robot_urdf/meshes/mini_akm_robot_meshes/controller_link.STL
[0.759s] -- Up-to-date symlink: /home/wheeltec/wheeltec_ros2/install/wheeltec_robot_urdf/share/wheeltec_robot_urdf/meshes/mini_akm_robot_meshes/front_link.STL
[0.760s] -- Up-to-date symlink: /home/wheeltec/wheeltec_ros2/install/wheeltec_robot_urdf/share/wheeltec_robot_urdf/meshes/mini_akm_robot_meshes/laser.STL
[0.762s] -- Up-to-date symlink: /home/wheeltec/wheeltec_ros2/install/wheeltec_robot_urdf/share/wheeltec_robot_urdf/meshes/mini_akm_robot_meshes/lb_link.STL
[0.763s] -- Up-to-date symlink: /home/wheeltec/wheeltec_ros2/install/wheeltec_robot_urdf/share/wheeltec_robot_urdf/meshes/mini_akm_robot_meshes/left_link.STL
[0.765s] -- Up-to-date symlink: /home/wheeltec/wheeltec_ros2/install/wheeltec_robot_urdf/share/wheeltec_robot_urdf/meshes/mini_akm_robot_meshes/lf_link.STL
[0.766s] -- Up-to-date symlink: /home/wheeltec/wheeltec_ros2/install/wheeltec_robot_urdf/share/wheeltec_robot_urdf/meshes/mini_akm_robot_meshes/rb_link.STL
[0.767s] -- Up-to-date symlink: /home/wheeltec/wheeltec_ros2/install/wheeltec_robot_urdf/share/wheeltec_robot_urdf/meshes/mini_akm_robot_meshes/rf_link.STL
[0.767s] -- Up-to-date symlink: /home/wheeltec/wheeltec_ros2/install/wheeltec_robot_urdf/share/wheeltec_robot_urdf/meshes/mini_akm_robot_meshes/right_link.STL
[0.768s] -- Up-to-date symlink: /home/wheeltec/wheeltec_ros2/install/wheeltec_robot_urdf/share/wheeltec_robot_urdf/meshes/mini_diff_robot_meshes/base_link.STL
[0.772s] -- Up-to-date symlink: /home/wheeltec/wheeltec_ros2/install/wheeltec_robot_urdf/share/wheeltec_robot_urdf/meshes/mini_diff_robot_meshes/camera_link.STL
[0.773s] -- Up-to-date symlink: /home/wheeltec/wheeltec_ros2/install/wheeltec_robot_urdf/share/wheeltec_robot_urdf/meshes/mini_diff_robot_meshes/controller_link.STL
[0.774s] -- Up-to-date symlink: /home/wheeltec/wheeltec_ros2/install/wheeltec_robot_urdf/share/wheeltec_robot_urdf/meshes/mini_diff_robot_meshes/front_link.STL
[0.775s] -- Up-to-date symlink: /home/wheeltec/wheeltec_ros2/install/wheeltec_robot_urdf/share/wheeltec_robot_urdf/meshes/mini_diff_robot_meshes/laser.STL
[0.777s] -- Up-to-date symlink: /home/wheeltec/wheeltec_ros2/install/wheeltec_robot_urdf/share/wheeltec_robot_urdf/meshes/mini_diff_robot_meshes/left_link.STL
[0.779s] -- Up-to-date symlink: /home/wheeltec/wheeltec_ros2/install/wheeltec_robot_urdf/share/wheeltec_robot_urdf/meshes/mini_diff_robot_meshes/right_link.STL
[0.780s] -- Up-to-date symlink: /home/wheeltec/wheeltec_ros2/install/wheeltec_robot_urdf/share/wheeltec_robot_urdf/meshes/mini_mec_moveit_four_meshes/arm_base_link.STL
[0.783s] -- Up-to-date symlink: /home/wheeltec/wheeltec_ros2/install/wheeltec_robot_urdf/share/wheeltec_robot_urdf/meshes/mini_mec_moveit_four_meshes/base_link.STL
[0.784s] -- Up-to-date symlink: /home/wheeltec/wheeltec_ros2/install/wheeltec_robot_urdf/share/wheeltec_robot_urdf/meshes/mini_mec_moveit_four_meshes/camera_link.STL
[0.785s] -- Up-to-date symlink: /home/wheeltec/wheeltec_ros2/install/wheeltec_robot_urdf/share/wheeltec_robot_urdf/meshes/mini_mec_moveit_four_meshes/controller_link.STL
[0.785s] -- Up-to-date symlink: /home/wheeltec/wheeltec_ros2/install/wheeltec_robot_urdf/share/wheeltec_robot_urdf/meshes/mini_mec_moveit_four_meshes/display_link.STL
[0.786s] -- Up-to-date symlink: /home/wheeltec/wheeltec_ros2/install/wheeltec_robot_urdf/share/wheeltec_robot_urdf/meshes/mini_mec_moveit_four_meshes/j1_link.STL
[0.789s] -- Up-to-date symlink: /home/wheeltec/wheeltec_ros2/install/wheeltec_robot_urdf/share/wheeltec_robot_urdf/meshes/mini_mec_moveit_four_meshes/j2_link.STL
[0.790s] -- Up-to-date symlink: /home/wheeltec/wheeltec_ros2/install/wheeltec_robot_urdf/share/wheeltec_robot_urdf/meshes/mini_mec_moveit_four_meshes/j3_link.STL
[0.790s] -- Up-to-date symlink: /home/wheeltec/wheeltec_ros2/install/wheeltec_robot_urdf/share/wheeltec_robot_urdf/meshes/mini_mec_moveit_four_meshes/j4_1_link.STL
[0.791s] -- Up-to-date symlink: /home/wheeltec/wheeltec_ros2/install/wheeltec_robot_urdf/share/wheeltec_robot_urdf/meshes/mini_mec_moveit_four_meshes/j4_2_link.STL
[0.791s] -- Up-to-date symlink: /home/wheeltec/wheeltec_ros2/install/wheeltec_robot_urdf/share/wheeltec_robot_urdf/meshes/mini_mec_moveit_four_meshes/j4_3_link.STL
[0.791s] -- Up-to-date symlink: /home/wheeltec/wheeltec_ros2/install/wheeltec_robot_urdf/share/wheeltec_robot_urdf/meshes/mini_mec_moveit_four_meshes/j4_4_link.STL
[0.792s] -- Up-to-date symlink: /home/wheeltec/wheeltec_ros2/install/wheeltec_robot_urdf/share/wheeltec_robot_urdf/meshes/mini_mec_moveit_four_meshes/j4_5_link.STL
[0.793s] -- Up-to-date symlink: /home/wheeltec/wheeltec_ros2/install/wheeltec_robot_urdf/share/wheeltec_robot_urdf/meshes/mini_mec_moveit_four_meshes/j4_6_link.STL
[0.793s] -- Up-to-date symlink: /home/wheeltec/wheeltec_ros2/install/wheeltec_robot_urdf/share/wheeltec_robot_urdf/meshes/mini_mec_moveit_four_meshes/laser.STL
[0.793s] -- Up-to-date symlink: /home/wheeltec/wheeltec_ros2/install/wheeltec_robot_urdf/share/wheeltec_robot_urdf/meshes/mini_mec_moveit_four_meshes/lb_wheel_link.STL
[0.794s] -- Up-to-date symlink: /home/wheeltec/wheeltec_ros2/install/wheeltec_robot_urdf/share/wheeltec_robot_urdf/meshes/mini_mec_moveit_four_meshes/lf_wheel_link.STL
[0.796s] -- Up-to-date symlink: /home/wheeltec/wheeltec_ros2/install/wheeltec_robot_urdf/share/wheeltec_robot_urdf/meshes/mini_mec_moveit_four_meshes/rb_wheel_link.STL
[0.798s] -- Up-to-date symlink: /home/wheeltec/wheeltec_ros2/install/wheeltec_robot_urdf/share/wheeltec_robot_urdf/meshes/mini_mec_moveit_four_meshes/rf_wheel_link.STL
[0.798s] -- Up-to-date symlink: /home/wheeltec/wheeltec_ros2/install/wheeltec_robot_urdf/share/wheeltec_robot_urdf/meshes/mini_mec_moveit_six_meshes/arm_base_link.STL
[0.805s] -- Up-to-date symlink: /home/wheeltec/wheeltec_ros2/install/wheeltec_robot_urdf/share/wheeltec_robot_urdf/meshes/mini_mec_moveit_six_meshes/base_link.STL
[0.808s] -- Up-to-date symlink: /home/wheeltec/wheeltec_ros2/install/wheeltec_robot_urdf/share/wheeltec_robot_urdf/meshes/mini_mec_moveit_six_meshes/camera_link.STL
[0.809s] -- Up-to-date symlink: /home/wheeltec/wheeltec_ros2/install/wheeltec_robot_urdf/share/wheeltec_robot_urdf/meshes/mini_mec_moveit_six_meshes/controller_link.STL
[0.809s] -- Up-to-date symlink: /home/wheeltec/wheeltec_ros2/install/wheeltec_robot_urdf/share/wheeltec_robot_urdf/meshes/mini_mec_moveit_six_meshes/display_link.STL
[0.810s] -- Up-to-date symlink: /home/wheeltec/wheeltec_ros2/install/wheeltec_robot_urdf/share/wheeltec_robot_urdf/meshes/mini_mec_moveit_six_meshes/j1_link.STL
[0.811s] -- Up-to-date symlink: /home/wheeltec/wheeltec_ros2/install/wheeltec_robot_urdf/share/wheeltec_robot_urdf/meshes/mini_mec_moveit_six_meshes/j2_link.STL
[0.813s] -- Up-to-date symlink: /home/wheeltec/wheeltec_ros2/install/wheeltec_robot_urdf/share/wheeltec_robot_urdf/meshes/mini_mec_moveit_six_meshes/j3_link.STL
[0.815s] -- Up-to-date symlink: /home/wheeltec/wheeltec_ros2/install/wheeltec_robot_urdf/share/wheeltec_robot_urdf/meshes/mini_mec_moveit_six_meshes/j4_link.STL
[0.822s] -- Up-to-date symlink: /home/wheeltec/wheeltec_ros2/install/wheeltec_robot_urdf/share/wheeltec_robot_urdf/meshes/mini_mec_moveit_six_meshes/j5_1_link.STL
[0.822s] -- Up-to-date symlink: /home/wheeltec/wheeltec_ros2/install/wheeltec_robot_urdf/share/wheeltec_robot_urdf/meshes/mini_mec_moveit_six_meshes/j5_2_link.STL
[0.822s] -- Up-to-date symlink: /home/wheeltec/wheeltec_ros2/install/wheeltec_robot_urdf/share/wheeltec_robot_urdf/meshes/mini_mec_moveit_six_meshes/j5_3_link.STL
[0.823s] -- Up-to-date symlink: /home/wheeltec/wheeltec_ros2/install/wheeltec_robot_urdf/share/wheeltec_robot_urdf/meshes/mini_mec_moveit_six_meshes/j5_4_link.STL
[0.823s] -- Up-to-date symlink: /home/wheeltec/wheeltec_ros2/install/wheeltec_robot_urdf/share/wheeltec_robot_urdf/meshes/mini_mec_moveit_six_meshes/j5_5_link.STL
[0.823s] -- Up-to-date symlink: /home/wheeltec/wheeltec_ros2/install/wheeltec_robot_urdf/share/wheeltec_robot_urdf/meshes/mini_mec_moveit_six_meshes/j5_6_link.STL
[0.824s] -- Up-to-date symlink: /home/wheeltec/wheeltec_ros2/install/wheeltec_robot_urdf/share/wheeltec_robot_urdf/meshes/mini_mec_moveit_six_meshes/laser.STL
[0.824s] -- Up-to-date symlink: /home/wheeltec/wheeltec_ros2/install/wheeltec_robot_urdf/share/wheeltec_robot_urdf/meshes/mini_mec_moveit_six_meshes/lb_wheel_link.STL
[0.826s] -- Up-to-date symlink: /home/wheeltec/wheeltec_ros2/install/wheeltec_robot_urdf/share/wheeltec_robot_urdf/meshes/mini_mec_moveit_six_meshes/lf_wheel_link.STL
[0.826s] -- Up-to-date symlink: /home/wheeltec/wheeltec_ros2/install/wheeltec_robot_urdf/share/wheeltec_robot_urdf/meshes/mini_mec_moveit_six_meshes/rb_wheel_link.STL
[0.826s] -- Up-to-date symlink: /home/wheeltec/wheeltec_ros2/install/wheeltec_robot_urdf/share/wheeltec_robot_urdf/meshes/mini_mec_moveit_six_meshes/rf_wheel_link.STL
[0.828s] -- Up-to-date symlink: /home/wheeltec/wheeltec_ros2/install/wheeltec_robot_urdf/share/wheeltec_robot_urdf/meshes/mini_mec_robot_meshes/base_link.STL
[0.831s] -- Up-to-date symlink: /home/wheeltec/wheeltec_ros2/install/wheeltec_robot_urdf/share/wheeltec_robot_urdf/meshes/mini_mec_robot_meshes/camera_link.STL
[0.838s] -- Up-to-date symlink: /home/wheeltec/wheeltec_ros2/install/wheeltec_robot_urdf/share/wheeltec_robot_urdf/meshes/mini_mec_robot_meshes/controller_link.STL
[0.838s] -- Up-to-date symlink: /home/wheeltec/wheeltec_ros2/install/wheeltec_robot_urdf/share/wheeltec_robot_urdf/meshes/mini_mec_robot_meshes/laser.STL
[0.839s] -- Up-to-date symlink: /home/wheeltec/wheeltec_ros2/install/wheeltec_robot_urdf/share/wheeltec_robot_urdf/meshes/mini_mec_robot_meshes/lb_wheel_link.STL
[0.839s] -- Up-to-date symlink: /home/wheeltec/wheeltec_ros2/install/wheeltec_robot_urdf/share/wheeltec_robot_urdf/meshes/mini_mec_robot_meshes/lf_wheel_link.STL
[0.840s] -- Up-to-date symlink: /home/wheeltec/wheeltec_ros2/install/wheeltec_robot_urdf/share/wheeltec_robot_urdf/meshes/mini_mec_robot_meshes/rb_wheel_link.STL
[0.840s] -- Up-to-date symlink: /home/wheeltec/wheeltec_ros2/install/wheeltec_robot_urdf/share/wheeltec_robot_urdf/meshes/mini_mec_robot_meshes/rf_wheel_link.STL
[0.855s] -- Up-to-date symlink: /home/wheeltec/wheeltec_ros2/install/wheeltec_robot_urdf/share/wheeltec_robot_urdf/meshes/mini_omni_robot_meshes/base_link.STL
[0.855s] -- Up-to-date symlink: /home/wheeltec/wheeltec_ros2/install/wheeltec_robot_urdf/share/wheeltec_robot_urdf/meshes/mini_omni_robot_meshes/camera_link.STL
[0.855s] -- Up-to-date symlink: /home/wheeltec/wheeltec_ros2/install/wheeltec_robot_urdf/share/wheeltec_robot_urdf/meshes/mini_omni_robot_meshes/controller_link.STL
[0.855s] -- Up-to-date symlink: /home/wheeltec/wheeltec_ros2/install/wheeltec_robot_urdf/share/wheeltec_robot_urdf/meshes/mini_omni_robot_meshes/front_wheel_link.STL
[0.855s] -- Up-to-date symlink: /home/wheeltec/wheeltec_ros2/install/wheeltec_robot_urdf/share/wheeltec_robot_urdf/meshes/mini_omni_robot_meshes/laser.STL
[0.855s] -- Up-to-date symlink: /home/wheeltec/wheeltec_ros2/install/wheeltec_robot_urdf/share/wheeltec_robot_urdf/meshes/mini_omni_robot_meshes/left_wheel_link.STL
[0.855s] -- Up-to-date symlink: /home/wheeltec/wheeltec_ros2/install/wheeltec_robot_urdf/share/wheeltec_robot_urdf/meshes/mini_omni_robot_meshes/right_wheel_link.STL
[0.856s] -- Up-to-date symlink: /home/wheeltec/wheeltec_ros2/install/wheeltec_robot_urdf/share/wheeltec_robot_urdf/meshes/mini_tank_moveit_four_meshes/arm_base_link.STL
[0.856s] -- Up-to-date symlink: /home/wheeltec/wheeltec_ros2/install/wheeltec_robot_urdf/share/wheeltec_robot_urdf/meshes/mini_tank_moveit_four_meshes/base_link.STL
[0.856s] -- Up-to-date symlink: /home/wheeltec/wheeltec_ros2/install/wheeltec_robot_urdf/share/wheeltec_robot_urdf/meshes/mini_tank_moveit_four_meshes/camera_link.STL
[0.856s] -- Up-to-date symlink: /home/wheeltec/wheeltec_ros2/install/wheeltec_robot_urdf/share/wheeltec_robot_urdf/meshes/mini_tank_moveit_four_meshes/controller_link.STL
[0.856s] -- Up-to-date symlink: /home/wheeltec/wheeltec_ros2/install/wheeltec_robot_urdf/share/wheeltec_robot_urdf/meshes/mini_tank_moveit_four_meshes/j1_link.STL
[0.856s] -- Up-to-date symlink: /home/wheeltec/wheeltec_ros2/install/wheeltec_robot_urdf/share/wheeltec_robot_urdf/meshes/mini_tank_moveit_four_meshes/j2_link.STL
[0.856s] -- Up-to-date symlink: /home/wheeltec/wheeltec_ros2/install/wheeltec_robot_urdf/share/wheeltec_robot_urdf/meshes/mini_tank_moveit_four_meshes/j3_link.STL
[0.856s] -- Up-to-date symlink: /home/wheeltec/wheeltec_ros2/install/wheeltec_robot_urdf/share/wheeltec_robot_urdf/meshes/mini_tank_moveit_four_meshes/j4_1_link.STL
[0.859s] -- Up-to-date symlink: /home/wheeltec/wheeltec_ros2/install/wheeltec_robot_urdf/share/wheeltec_robot_urdf/meshes/mini_tank_moveit_four_meshes/j4_2_link.STL
[0.859s] -- Up-to-date symlink: /home/wheeltec/wheeltec_ros2/install/wheeltec_robot_urdf/share/wheeltec_robot_urdf/meshes/mini_tank_moveit_four_meshes/j4_3_link.STL
[0.860s] -- Up-to-date symlink: /home/wheeltec/wheeltec_ros2/install/wheeltec_robot_urdf/share/wheeltec_robot_urdf/meshes/mini_tank_moveit_four_meshes/j4_4_link.STL
[0.861s] -- Up-to-date symlink: /home/wheeltec/wheeltec_ros2/install/wheeltec_robot_urdf/share/wheeltec_robot_urdf/meshes/mini_tank_moveit_four_meshes/j4_5_link.STL
[0.861s] -- Up-to-date symlink: /home/wheeltec/wheeltec_ros2/install/wheeltec_robot_urdf/share/wheeltec_robot_urdf/meshes/mini_tank_moveit_four_meshes/j4_6_link.STL
[0.865s] -- Up-to-date symlink: /home/wheeltec/wheeltec_ros2/install/wheeltec_robot_urdf/share/wheeltec_robot_urdf/meshes/mini_tank_moveit_four_meshes/laser.STL
[0.867s] -- Up-to-date symlink: /home/wheeltec/wheeltec_ros2/install/wheeltec_robot_urdf/share/wheeltec_robot_urdf/meshes/mini_tank_moveit_four_meshes/left1_link.STL
[0.867s] -- Up-to-date symlink: /home/wheeltec/wheeltec_ros2/install/wheeltec_robot_urdf/share/wheeltec_robot_urdf/meshes/mini_tank_moveit_four_meshes/left2_link.STL
[0.867s] -- Up-to-date symlink: /home/wheeltec/wheeltec_ros2/install/wheeltec_robot_urdf/share/wheeltec_robot_urdf/meshes/mini_tank_moveit_four_meshes/left3_link.STL
[0.867s] -- Up-to-date symlink: /home/wheeltec/wheeltec_ros2/install/wheeltec_robot_urdf/share/wheeltec_robot_urdf/meshes/mini_tank_moveit_four_meshes/left4_link.STL
[0.868s] -- Up-to-date symlink: /home/wheeltec/wheeltec_ros2/install/wheeltec_robot_urdf/share/wheeltec_robot_urdf/meshes/mini_tank_moveit_four_meshes/left5_link.STL
[0.868s] -- Up-to-date symlink: /home/wheeltec/wheeltec_ros2/install/wheeltec_robot_urdf/share/wheeltec_robot_urdf/meshes/mini_tank_moveit_four_meshes/left6_link.STL
[0.872s] -- Up-to-date symlink: /home/wheeltec/wheeltec_ros2/install/wheeltec_robot_urdf/share/wheeltec_robot_urdf/meshes/mini_tank_moveit_four_meshes/left_belt_link.STL
[0.873s] -- Up-to-date symlink: /home/wheeltec/wheeltec_ros2/install/wheeltec_robot_urdf/share/wheeltec_robot_urdf/meshes/mini_tank_moveit_four_meshes/right1_link.STL
[0.873s] -- Up-to-date symlink: /home/wheeltec/wheeltec_ros2/install/wheeltec_robot_urdf/share/wheeltec_robot_urdf/meshes/mini_tank_moveit_four_meshes/right2_link.STL
[0.874s] -- Up-to-date symlink: /home/wheeltec/wheeltec_ros2/install/wheeltec_robot_urdf/share/wheeltec_robot_urdf/meshes/mini_tank_moveit_four_meshes/right3_link.STL
[0.875s] -- Up-to-date symlink: /home/wheeltec/wheeltec_ros2/install/wheeltec_robot_urdf/share/wheeltec_robot_urdf/meshes/mini_tank_moveit_four_meshes/right4_link.STL
[0.875s] -- Up-to-date symlink: /home/wheeltec/wheeltec_ros2/install/wheeltec_robot_urdf/share/wheeltec_robot_urdf/meshes/mini_tank_moveit_four_meshes/right5_link.STL
[0.876s] -- Up-to-date symlink: /home/wheeltec/wheeltec_ros2/install/wheeltec_robot_urdf/share/wheeltec_robot_urdf/meshes/mini_tank_moveit_four_meshes/right6_link.STL
[0.877s] -- Up-to-date symlink: /home/wheeltec/wheeltec_ros2/install/wheeltec_robot_urdf/share/wheeltec_robot_urdf/meshes/mini_tank_moveit_four_meshes/right_belt_link.STL
[0.877s] -- Up-to-date symlink: /home/wheeltec/wheeltec_ros2/install/wheeltec_robot_urdf/share/wheeltec_robot_urdf/meshes/mini_tank_robot_meshes/base_link.STL
[0.879s] -- Up-to-date symlink: /home/wheeltec/wheeltec_ros2/install/wheeltec_robot_urdf/share/wheeltec_robot_urdf/meshes/mini_tank_robot_meshes/camera_link.STL
[0.881s] -- Up-to-date symlink: /home/wheeltec/wheeltec_ros2/install/wheeltec_robot_urdf/share/wheeltec_robot_urdf/meshes/mini_tank_robot_meshes/controller_link.STL
[0.882s] -- Up-to-date symlink: /home/wheeltec/wheeltec_ros2/install/wheeltec_robot_urdf/share/wheeltec_robot_urdf/meshes/mini_tank_robot_meshes/laser.STL
[0.882s] -- Up-to-date symlink: /home/wheeltec/wheeltec_ros2/install/wheeltec_robot_urdf/share/wheeltec_robot_urdf/meshes/mini_tank_robot_meshes/left1_link.STL
[0.883s] -- Up-to-date symlink: /home/wheeltec/wheeltec_ros2/install/wheeltec_robot_urdf/share/wheeltec_robot_urdf/meshes/mini_tank_robot_meshes/left2_link.STL
[0.883s] -- Up-to-date symlink: /home/wheeltec/wheeltec_ros2/install/wheeltec_robot_urdf/share/wheeltec_robot_urdf/meshes/mini_tank_robot_meshes/left3_link.STL
[0.884s] -- Up-to-date symlink: /home/wheeltec/wheeltec_ros2/install/wheeltec_robot_urdf/share/wheeltec_robot_urdf/meshes/mini_tank_robot_meshes/left4_link.STL
[0.884s] -- Up-to-date symlink: /home/wheeltec/wheeltec_ros2/install/wheeltec_robot_urdf/share/wheeltec_robot_urdf/meshes/mini_tank_robot_meshes/left5_link.STL
[0.885s] -- Up-to-date symlink: /home/wheeltec/wheeltec_ros2/install/wheeltec_robot_urdf/share/wheeltec_robot_urdf/meshes/mini_tank_robot_meshes/left6_link.STL
[0.885s] -- Up-to-date symlink: /home/wheeltec/wheeltec_ros2/install/wheeltec_robot_urdf/share/wheeltec_robot_urdf/meshes/mini_tank_robot_meshes/right1_link.STL
[0.885s] -- Up-to-date symlink: /home/wheeltec/wheeltec_ros2/install/wheeltec_robot_urdf/share/wheeltec_robot_urdf/meshes/mini_tank_robot_meshes/right2_link.STL
[0.890s] -- Up-to-date symlink: /home/wheeltec/wheeltec_ros2/install/wheeltec_robot_urdf/share/wheeltec_robot_urdf/meshes/mini_tank_robot_meshes/right3_link.STL
[0.890s] -- Up-to-date symlink: /home/wheeltec/wheeltec_ros2/install/wheeltec_robot_urdf/share/wheeltec_robot_urdf/meshes/mini_tank_robot_meshes/right4_link.STL
[0.900s] -- Up-to-date symlink: /home/wheeltec/wheeltec_ros2/install/wheeltec_robot_urdf/share/wheeltec_robot_urdf/meshes/mini_tank_robot_meshes/right5_link.STL
[0.900s] -- Up-to-date symlink: /home/wheeltec/wheeltec_ros2/install/wheeltec_robot_urdf/share/wheeltec_robot_urdf/meshes/mini_tank_robot_meshes/right6_link.STL
[0.901s] -- Up-to-date symlink: /home/wheeltec/wheeltec_ros2/install/wheeltec_robot_urdf/share/wheeltec_robot_urdf/meshes/r3S_4wd_robot_meshes/base_link.STL
[0.901s] -- Up-to-date symlink: /home/wheeltec/wheeltec_ros2/install/wheeltec_robot_urdf/share/wheeltec_robot_urdf/meshes/r3S_4wd_robot_meshes/camera_link.STL
[0.901s] -- Up-to-date symlink: /home/wheeltec/wheeltec_ros2/install/wheeltec_robot_urdf/share/wheeltec_robot_urdf/meshes/r3S_4wd_robot_meshes/controller_link.STL
[0.901s] -- Up-to-date symlink: /home/wheeltec/wheeltec_ros2/install/wheeltec_robot_urdf/share/wheeltec_robot_urdf/meshes/r3S_4wd_robot_meshes/laser.STL
[0.901s] -- Up-to-date symlink: /home/wheeltec/wheeltec_ros2/install/wheeltec_robot_urdf/share/wheeltec_robot_urdf/meshes/r3S_4wd_robot_meshes/lb_wheel_link.STL
[0.901s] -- Up-to-date symlink: /home/wheeltec/wheeltec_ros2/install/wheeltec_robot_urdf/share/wheeltec_robot_urdf/meshes/r3S_4wd_robot_meshes/lf_wheel_link.STL
[0.901s] -- Up-to-date symlink: /home/wheeltec/wheeltec_ros2/install/wheeltec_robot_urdf/share/wheeltec_robot_urdf/meshes/r3S_4wd_robot_meshes/rb_wheel_link.STL
[0.901s] -- Up-to-date symlink: /home/wheeltec/wheeltec_ros2/install/wheeltec_robot_urdf/share/wheeltec_robot_urdf/meshes/r3S_4wd_robot_meshes/rf_wheel_link.STL
[0.901s] -- Up-to-date symlink: /home/wheeltec/wheeltec_ros2/install/wheeltec_robot_urdf/share/wheeltec_robot_urdf/meshes/r3s_mec_robot_meshes/base_link.STL
[0.902s] -- Up-to-date symlink: /home/wheeltec/wheeltec_ros2/install/wheeltec_robot_urdf/share/wheeltec_robot_urdf/meshes/r3s_mec_robot_meshes/camera_link.STL
[0.902s] -- Up-to-date symlink: /home/wheeltec/wheeltec_ros2/install/wheeltec_robot_urdf/share/wheeltec_robot_urdf/meshes/r3s_mec_robot_meshes/controller_link.STL
[0.902s] -- Up-to-date symlink: /home/wheeltec/wheeltec_ros2/install/wheeltec_robot_urdf/share/wheeltec_robot_urdf/meshes/r3s_mec_robot_meshes/laser.STL
[0.902s] -- Up-to-date symlink: /home/wheeltec/wheeltec_ros2/install/wheeltec_robot_urdf/share/wheeltec_robot_urdf/meshes/r3s_mec_robot_meshes/lb_wheel_link.STL
[0.906s] -- Up-to-date symlink: /home/wheeltec/wheeltec_ros2/install/wheeltec_robot_urdf/share/wheeltec_robot_urdf/meshes/r3s_mec_robot_meshes/lf_wheel_link.STL
[0.907s] -- Up-to-date symlink: /home/wheeltec/wheeltec_ros2/install/wheeltec_robot_urdf/share/wheeltec_robot_urdf/meshes/r3s_mec_robot_meshes/rb_wheel_link.STL
[0.908s] -- Up-to-date symlink: /home/wheeltec/wheeltec_ros2/install/wheeltec_robot_urdf/share/wheeltec_robot_urdf/meshes/r3s_mec_robot_meshes/rf_wheel_link.STL
[0.909s] -- Up-to-date symlink: /home/wheeltec/wheeltec_ros2/install/wheeltec_robot_urdf/share/wheeltec_robot_urdf/meshes/s300_mini_robot_meshes/arm1_link.STL
[0.910s] -- Up-to-date symlink: /home/wheeltec/wheeltec_ros2/install/wheeltec_robot_urdf/share/wheeltec_robot_urdf/meshes/s300_mini_robot_meshes/arm2_link.STL
[0.911s] -- Up-to-date symlink: /home/wheeltec/wheeltec_ros2/install/wheeltec_robot_urdf/share/wheeltec_robot_urdf/meshes/s300_mini_robot_meshes/arm3_link.STL
[0.913s] -- Up-to-date symlink: /home/wheeltec/wheeltec_ros2/install/wheeltec_robot_urdf/share/wheeltec_robot_urdf/meshes/s300_mini_robot_meshes/arm4_link.STL
[0.913s] -- Up-to-date symlink: /home/wheeltec/wheeltec_ros2/install/wheeltec_robot_urdf/share/wheeltec_robot_urdf/meshes/s300_mini_robot_meshes/arm5_link.STL
[0.914s] -- Up-to-date symlink: /home/wheeltec/wheeltec_ros2/install/wheeltec_robot_urdf/share/wheeltec_robot_urdf/meshes/s300_mini_robot_meshes/arm6_link.STL
[0.914s] -- Up-to-date symlink: /home/wheeltec/wheeltec_ros2/install/wheeltec_robot_urdf/share/wheeltec_robot_urdf/meshes/s300_mini_robot_meshes/arm_base_link.STL
[0.914s] -- Up-to-date symlink: /home/wheeltec/wheeltec_ros2/install/wheeltec_robot_urdf/share/wheeltec_robot_urdf/meshes/s300_mini_robot_meshes/base_link.STL
[0.915s] -- Up-to-date symlink: /home/wheeltec/wheeltec_ros2/install/wheeltec_robot_urdf/share/wheeltec_robot_urdf/meshes/s300_mini_robot_meshes/camera_link.STL
[0.915s] -- Up-to-date symlink: /home/wheeltec/wheeltec_ros2/install/wheeltec_robot_urdf/share/wheeltec_robot_urdf/meshes/s300_mini_robot_meshes/gripper1_link.STL
[0.915s] -- Up-to-date symlink: /home/wheeltec/wheeltec_ros2/install/wheeltec_robot_urdf/share/wheeltec_robot_urdf/meshes/s300_mini_robot_meshes/laser.STL
[0.915s] -- Up-to-date symlink: /home/wheeltec/wheeltec_ros2/install/wheeltec_robot_urdf/share/wheeltec_robot_urdf/meshes/s300_mini_robot_meshes/laser_link.STL
[0.916s] -- Up-to-date symlink: /home/wheeltec/wheeltec_ros2/install/wheeltec_robot_urdf/share/wheeltec_robot_urdf/meshes/s300_mini_robot_meshes/lm_wheel_link.STL
[0.916s] -- Up-to-date symlink: /home/wheeltec/wheeltec_ros2/install/wheeltec_robot_urdf/share/wheeltec_robot_urdf/meshes/s300_mini_robot_meshes/rm_wheel_link.STL
[0.916s] -- Up-to-date symlink: /home/wheeltec/wheeltec_ros2/install/wheeltec_robot_urdf/share/wheeltec_robot_urdf/meshes/s300_yw_robot_meshes/arm1_link.STL
[0.917s] -- Up-to-date symlink: /home/wheeltec/wheeltec_ros2/install/wheeltec_robot_urdf/share/wheeltec_robot_urdf/meshes/s300_yw_robot_meshes/arm2_link.STL
[0.917s] -- Up-to-date symlink: /home/wheeltec/wheeltec_ros2/install/wheeltec_robot_urdf/share/wheeltec_robot_urdf/meshes/s300_yw_robot_meshes/arm3_link.STL
[0.917s] -- Up-to-date symlink: /home/wheeltec/wheeltec_ros2/install/wheeltec_robot_urdf/share/wheeltec_robot_urdf/meshes/s300_yw_robot_meshes/arm4_link.STL
[0.918s] -- Up-to-date symlink: /home/wheeltec/wheeltec_ros2/install/wheeltec_robot_urdf/share/wheeltec_robot_urdf/meshes/s300_yw_robot_meshes/arm5_link.STL
[0.918s] -- Up-to-date symlink: /home/wheeltec/wheeltec_ros2/install/wheeltec_robot_urdf/share/wheeltec_robot_urdf/meshes/s300_yw_robot_meshes/arm6_link.STL
[0.918s] -- Up-to-date symlink: /home/wheeltec/wheeltec_ros2/install/wheeltec_robot_urdf/share/wheeltec_robot_urdf/meshes/s300_yw_robot_meshes/arm_base_link.STL
[0.919s] -- Up-to-date symlink: /home/wheeltec/wheeltec_ros2/install/wheeltec_robot_urdf/share/wheeltec_robot_urdf/meshes/s300_yw_robot_meshes/base_link.STL
[0.923s] -- Up-to-date symlink: /home/wheeltec/wheeltec_ros2/install/wheeltec_robot_urdf/share/wheeltec_robot_urdf/meshes/s300_yw_robot_meshes/camera_link.STL
[0.925s] -- Up-to-date symlink: /home/wheeltec/wheeltec_ros2/install/wheeltec_robot_urdf/share/wheeltec_robot_urdf/meshes/s300_yw_robot_meshes/gripper1_link.STL
[0.927s] -- Up-to-date symlink: /home/wheeltec/wheeltec_ros2/install/wheeltec_robot_urdf/share/wheeltec_robot_urdf/meshes/s300_yw_robot_meshes/laser.STL
[0.930s] -- Up-to-date symlink: /home/wheeltec/wheeltec_ros2/install/wheeltec_robot_urdf/share/wheeltec_robot_urdf/meshes/s300_yw_robot_meshes/laser_link.STL
[0.933s] -- Up-to-date symlink: /home/wheeltec/wheeltec_ros2/install/wheeltec_robot_urdf/share/wheeltec_robot_urdf/meshes/s300_yw_robot_meshes/lm_wheel_link.STL
[0.934s] -- Up-to-date symlink: /home/wheeltec/wheeltec_ros2/install/wheeltec_robot_urdf/share/wheeltec_robot_urdf/meshes/s300_yw_robot_meshes/rm_wheel_link.STL
[0.935s] -- Up-to-date symlink: /home/wheeltec/wheeltec_ros2/install/wheeltec_robot_urdf/share/wheeltec_robot_urdf/meshes/senior_4wd_bs_robot_meshes/base_link.STL
[0.939s] -- Up-to-date symlink: /home/wheeltec/wheeltec_ros2/install/wheeltec_robot_urdf/share/wheeltec_robot_urdf/meshes/senior_4wd_bs_robot_meshes/camera_link.STL
[0.940s] -- Up-to-date symlink: /home/wheeltec/wheeltec_ros2/install/wheeltec_robot_urdf/share/wheeltec_robot_urdf/meshes/senior_4wd_bs_robot_meshes/controller_link.STL
[0.942s] -- Up-to-date symlink: /home/wheeltec/wheeltec_ros2/install/wheeltec_robot_urdf/share/wheeltec_robot_urdf/meshes/senior_4wd_bs_robot_meshes/laser.STL
[0.943s] -- Up-to-date symlink: /home/wheeltec/wheeltec_ros2/install/wheeltec_robot_urdf/share/wheeltec_robot_urdf/meshes/senior_4wd_bs_robot_meshes/lb_wheel_link.STL
[0.944s] -- Up-to-date symlink: /home/wheeltec/wheeltec_ros2/install/wheeltec_robot_urdf/share/wheeltec_robot_urdf/meshes/senior_4wd_bs_robot_meshes/lf_wheel_link.STL
[0.945s] -- Up-to-date symlink: /home/wheeltec/wheeltec_ros2/install/wheeltec_robot_urdf/share/wheeltec_robot_urdf/meshes/senior_4wd_bs_robot_meshes/rb_wheel_link.STL
[0.946s] -- Up-to-date symlink: /home/wheeltec/wheeltec_ros2/install/wheeltec_robot_urdf/share/wheeltec_robot_urdf/meshes/senior_4wd_bs_robot_meshes/rf_wheel_link.STL
[0.947s] -- Up-to-date symlink: /home/wheeltec/wheeltec_ros2/install/wheeltec_robot_urdf/share/wheeltec_robot_urdf/meshes/senior_4wd_dl_robot_meshes/base_link.STL
[0.952s] -- Up-to-date symlink: /home/wheeltec/wheeltec_ros2/install/wheeltec_robot_urdf/share/wheeltec_robot_urdf/meshes/senior_4wd_dl_robot_meshes/camera_link.STL
[0.956s] -- Up-to-date symlink: /home/wheeltec/wheeltec_ros2/install/wheeltec_robot_urdf/share/wheeltec_robot_urdf/meshes/senior_4wd_dl_robot_meshes/controller_link.STL
[0.958s] -- Up-to-date symlink: /home/wheeltec/wheeltec_ros2/install/wheeltec_robot_urdf/share/wheeltec_robot_urdf/meshes/senior_4wd_dl_robot_meshes/laser.STL
[0.959s] -- Up-to-date symlink: /home/wheeltec/wheeltec_ros2/install/wheeltec_robot_urdf/share/wheeltec_robot_urdf/meshes/senior_4wd_dl_robot_meshes/lb_wheel_link.STL
[0.960s] -- Up-to-date symlink: /home/wheeltec/wheeltec_ros2/install/wheeltec_robot_urdf/share/wheeltec_robot_urdf/meshes/senior_4wd_dl_robot_meshes/lf_wheel_link.STL
[0.961s] -- Up-to-date symlink: /home/wheeltec/wheeltec_ros2/install/wheeltec_robot_urdf/share/wheeltec_robot_urdf/meshes/senior_4wd_dl_robot_meshes/rb_wheel_link.STL
[0.962s] -- Up-to-date symlink: /home/wheeltec/wheeltec_ros2/install/wheeltec_robot_urdf/share/wheeltec_robot_urdf/meshes/senior_4wd_dl_robot_meshes/rf_wheel_link.STL
[0.963s] -- Up-to-date symlink: /home/wheeltec/wheeltec_ros2/install/wheeltec_robot_urdf/share/wheeltec_robot_urdf/meshes/senior_akm_bs_meshes/base_link.STL
[0.964s] -- Up-to-date symlink: /home/wheeltec/wheeltec_ros2/install/wheeltec_robot_urdf/share/wheeltec_robot_urdf/meshes/senior_akm_bs_meshes/camera_link.STL
[0.965s] -- Up-to-date symlink: /home/wheeltec/wheeltec_ros2/install/wheeltec_robot_urdf/share/wheeltec_robot_urdf/meshes/senior_akm_bs_meshes/controller_link.STL
[0.966s] -- Up-to-date symlink: /home/wheeltec/wheeltec_ros2/install/wheeltec_robot_urdf/share/wheeltec_robot_urdf/meshes/senior_akm_bs_meshes/laser_link.STL
[0.967s] -- Up-to-date symlink: /home/wheeltec/wheeltec_ros2/install/wheeltec_robot_urdf/share/wheeltec_robot_urdf/meshes/senior_akm_bs_meshes/lb_wheel_link.STL
[0.968s] -- Up-to-date symlink: /home/wheeltec/wheeltec_ros2/install/wheeltec_robot_urdf/share/wheeltec_robot_urdf/meshes/senior_akm_bs_meshes/lf_1_link.STL
[0.970s] -- Up-to-date symlink: /home/wheeltec/wheeltec_ros2/install/wheeltec_robot_urdf/share/wheeltec_robot_urdf/meshes/senior_akm_bs_meshes/lf_2_link.STL
[0.971s] -- Up-to-date symlink: /home/wheeltec/wheeltec_ros2/install/wheeltec_robot_urdf/share/wheeltec_robot_urdf/meshes/senior_akm_bs_meshes/lf_wheel_link.STL
[0.972s] -- Up-to-date symlink: /home/wheeltec/wheeltec_ros2/install/wheeltec_robot_urdf/share/wheeltec_robot_urdf/meshes/senior_akm_bs_meshes/rb_wheel_link.STL
[0.973s] -- Up-to-date symlink: /home/wheeltec/wheeltec_ros2/install/wheeltec_robot_urdf/share/wheeltec_robot_urdf/meshes/senior_akm_bs_meshes/rf_1_link.STL
[0.973s] -- Up-to-date symlink: /home/wheeltec/wheeltec_ros2/install/wheeltec_robot_urdf/share/wheeltec_robot_urdf/meshes/senior_akm_bs_meshes/rf_2_link.STL
[0.974s] -- Up-to-date symlink: /home/wheeltec/wheeltec_ros2/install/wheeltec_robot_urdf/share/wheeltec_robot_urdf/meshes/senior_akm_bs_meshes/rf_wheel_link.STL
[0.974s] -- Up-to-date symlink: /home/wheeltec/wheeltec_ros2/install/wheeltec_robot_urdf/share/wheeltec_robot_urdf/meshes/senior_akm_robot_meshes/base_link.STL
[0.975s] -- Up-to-date symlink: /home/wheeltec/wheeltec_ros2/install/wheeltec_robot_urdf/share/wheeltec_robot_urdf/meshes/senior_akm_robot_meshes/camera_link.STL
[0.976s] -- Up-to-date symlink: /home/wheeltec/wheeltec_ros2/install/wheeltec_robot_urdf/share/wheeltec_robot_urdf/meshes/senior_akm_robot_meshes/controller_link.STL
[0.977s] -- Up-to-date symlink: /home/wheeltec/wheeltec_ros2/install/wheeltec_robot_urdf/share/wheeltec_robot_urdf/meshes/senior_akm_robot_meshes/laser.STL
[0.978s] -- Up-to-date symlink: /home/wheeltec/wheeltec_ros2/install/wheeltec_robot_urdf/share/wheeltec_robot_urdf/meshes/senior_akm_robot_meshes/lb_wheel_link.STL
[0.979s] -- Up-to-date symlink: /home/wheeltec/wheeltec_ros2/install/wheeltec_robot_urdf/share/wheeltec_robot_urdf/meshes/senior_akm_robot_meshes/lf_wheel_link.STL
[0.980s] -- Up-to-date symlink: /home/wheeltec/wheeltec_ros2/install/wheeltec_robot_urdf/share/wheeltec_robot_urdf/meshes/senior_akm_robot_meshes/rb_wheel_link.STL
[0.981s] -- Up-to-date symlink: /home/wheeltec/wheeltec_ros2/install/wheeltec_robot_urdf/share/wheeltec_robot_urdf/meshes/senior_akm_robot_meshes/rf_wheel_link.STL
[0.982s] -- Up-to-date symlink: /home/wheeltec/wheeltec_ros2/install/wheeltec_robot_urdf/share/wheeltec_robot_urdf/meshes/senior_diff_robot_meshes/base_link.STL
[0.983s] -- Up-to-date symlink: /home/wheeltec/wheeltec_ros2/install/wheeltec_robot_urdf/share/wheeltec_robot_urdf/meshes/senior_diff_robot_meshes/camera_link.STL
[0.984s] -- Up-to-date symlink: /home/wheeltec/wheeltec_ros2/install/wheeltec_robot_urdf/share/wheeltec_robot_urdf/meshes/senior_diff_robot_meshes/controller_link.STL
[0.985s] -- Up-to-date symlink: /home/wheeltec/wheeltec_ros2/install/wheeltec_robot_urdf/share/wheeltec_robot_urdf/meshes/senior_diff_robot_meshes/laser.STL
[0.986s] -- Up-to-date symlink: /home/wheeltec/wheeltec_ros2/install/wheeltec_robot_urdf/share/wheeltec_robot_urdf/meshes/senior_diff_robot_meshes/left_wheel_link.STL
[0.987s] -- Up-to-date symlink: /home/wheeltec/wheeltec_ros2/install/wheeltec_robot_urdf/share/wheeltec_robot_urdf/meshes/senior_diff_robot_meshes/quanxiang_wheel_link.STL
[0.988s] -- Up-to-date symlink: /home/wheeltec/wheeltec_ros2/install/wheeltec_robot_urdf/share/wheeltec_robot_urdf/meshes/senior_diff_robot_meshes/right_wheel_link.STL
[0.988s] -- Up-to-date symlink: /home/wheeltec/wheeltec_ros2/install/wheeltec_robot_urdf/share/wheeltec_robot_urdf/meshes/senior_mec_bs_robot_meshes/base_link.STL
[0.989s] -- Up-to-date symlink: /home/wheeltec/wheeltec_ros2/install/wheeltec_robot_urdf/share/wheeltec_robot_urdf/meshes/senior_mec_bs_robot_meshes/camera_link.STL
[0.990s] -- Up-to-date symlink: /home/wheeltec/wheeltec_ros2/install/wheeltec_robot_urdf/share/wheeltec_robot_urdf/meshes/senior_mec_bs_robot_meshes/controller_link.STL
[0.990s] -- Up-to-date symlink: /home/wheeltec/wheeltec_ros2/install/wheeltec_robot_urdf/share/wheeltec_robot_urdf/meshes/senior_mec_bs_robot_meshes/laser.STL
[0.991s] -- Up-to-date symlink: /home/wheeltec/wheeltec_ros2/install/wheeltec_robot_urdf/share/wheeltec_robot_urdf/meshes/senior_mec_bs_robot_meshes/lb_wheel_link.STL
[0.991s] -- Up-to-date symlink: /home/wheeltec/wheeltec_ros2/install/wheeltec_robot_urdf/share/wheeltec_robot_urdf/meshes/senior_mec_bs_robot_meshes/lf_wheel_link.STL
[0.992s] -- Up-to-date symlink: /home/wheeltec/wheeltec_ros2/install/wheeltec_robot_urdf/share/wheeltec_robot_urdf/meshes/senior_mec_bs_robot_meshes/rb_wheel_link.STL
[0.993s] -- Up-to-date symlink: /home/wheeltec/wheeltec_ros2/install/wheeltec_robot_urdf/share/wheeltec_robot_urdf/meshes/senior_mec_bs_robot_meshes/rf_wheel_link.STL
[0.993s] -- Up-to-date symlink: /home/wheeltec/wheeltec_ros2/install/wheeltec_robot_urdf/share/wheeltec_robot_urdf/meshes/senior_mec_dl_robot_meshes/base_link.STL
[0.994s] -- Up-to-date symlink: /home/wheeltec/wheeltec_ros2/install/wheeltec_robot_urdf/share/wheeltec_robot_urdf/meshes/senior_mec_dl_robot_meshes/camera_link.STL
[0.996s] -- Up-to-date symlink: /home/wheeltec/wheeltec_ros2/install/wheeltec_robot_urdf/share/wheeltec_robot_urdf/meshes/senior_mec_dl_robot_meshes/controller_link.STL
[0.997s] -- Up-to-date symlink: /home/wheeltec/wheeltec_ros2/install/wheeltec_robot_urdf/share/wheeltec_robot_urdf/meshes/senior_mec_dl_robot_meshes/laser.STL
[0.997s] -- Up-to-date symlink: /home/wheeltec/wheeltec_ros2/install/wheeltec_robot_urdf/share/wheeltec_robot_urdf/meshes/senior_mec_dl_robot_meshes/lb_wheel_link.STL
[0.998s] -- Up-to-date symlink: /home/wheeltec/wheeltec_ros2/install/wheeltec_robot_urdf/share/wheeltec_robot_urdf/meshes/senior_mec_dl_robot_meshes/lf_wheel_link.STL
[0.999s] -- Up-to-date symlink: /home/wheeltec/wheeltec_ros2/install/wheeltec_robot_urdf/share/wheeltec_robot_urdf/meshes/senior_mec_dl_robot_meshes/rb_wheel_link.STL
[1.000s] -- Up-to-date symlink: /home/wheeltec/wheeltec_ros2/install/wheeltec_robot_urdf/share/wheeltec_robot_urdf/meshes/senior_mec_dl_robot_meshes/rf_wheel_link.STL
[1.002s] -- Up-to-date symlink: /home/wheeltec/wheeltec_ros2/install/wheeltec_robot_urdf/share/wheeltec_robot_urdf/meshes/senior_omni_robot_meshes/base_link.STL
[1.003s] -- Up-to-date symlink: /home/wheeltec/wheeltec_ros2/install/wheeltec_robot_urdf/share/wheeltec_robot_urdf/meshes/senior_omni_robot_meshes/camera_link.STL
[1.004s] -- Up-to-date symlink: /home/wheeltec/wheeltec_ros2/install/wheeltec_robot_urdf/share/wheeltec_robot_urdf/meshes/senior_omni_robot_meshes/controller_link.STL
[1.004s] -- Up-to-date symlink: /home/wheeltec/wheeltec_ros2/install/wheeltec_robot_urdf/share/wheeltec_robot_urdf/meshes/senior_omni_robot_meshes/laser.STL
[1.005s] -- Up-to-date symlink: /home/wheeltec/wheeltec_ros2/install/wheeltec_robot_urdf/share/wheeltec_robot_urdf/meshes/senior_omni_robot_meshes/quanxiang_wheel1_link.STL
[1.006s] -- Up-to-date symlink: /home/wheeltec/wheeltec_ros2/install/wheeltec_robot_urdf/share/wheeltec_robot_urdf/meshes/senior_omni_robot_meshes/quanxiang_wheel2_link.STL
[1.006s] -- Up-to-date symlink: /home/wheeltec/wheeltec_ros2/install/wheeltec_robot_urdf/share/wheeltec_robot_urdf/meshes/senior_omni_robot_meshes/quanxiang_wheel3_link.STL
[1.007s] -- Up-to-date symlink: /home/wheeltec/wheeltec_ros2/install/wheeltec_robot_urdf/share/wheeltec_robot_urdf/meshes/sensors/astra.dae
[1.008s] -- Up-to-date symlink: /home/wheeltec/wheeltec_ros2/install/wheeltec_robot_urdf/share/wheeltec_robot_urdf/meshes/sensors/astra.jpg
[1.010s] -- Up-to-date symlink: /home/wheeltec/wheeltec_ros2/install/wheeltec_robot_urdf/share/wheeltec_robot_urdf/meshes/sensors/lds.stl
[1.012s] -- Up-to-date symlink: /home/wheeltec/wheeltec_ros2/install/wheeltec_robot_urdf/share/wheeltec_robot_urdf/meshes/sensors/r200.dae
[1.013s] -- Up-to-date symlink: /home/wheeltec/wheeltec_ros2/install/wheeltec_robot_urdf/share/wheeltec_robot_urdf/meshes/sensors/r200.jpg
[1.014s] -- Up-to-date symlink: /home/wheeltec/wheeltec_ros2/install/wheeltec_robot_urdf/share/wheeltec_robot_urdf/meshes/top_4wd_bs_meshes/base_link.STL
[1.018s] -- Up-to-date symlink: /home/wheeltec/wheeltec_ros2/install/wheeltec_robot_urdf/share/wheeltec_robot_urdf/meshes/top_4wd_bs_meshes/camera_link.STL
[1.019s] -- Up-to-date symlink: /home/wheeltec/wheeltec_ros2/install/wheeltec_robot_urdf/share/wheeltec_robot_urdf/meshes/top_4wd_bs_meshes/controller_link.STL
[1.021s] -- Up-to-date symlink: /home/wheeltec/wheeltec_ros2/install/wheeltec_robot_urdf/share/wheeltec_robot_urdf/meshes/top_4wd_bs_meshes/laser_link.STL
[1.022s] -- Up-to-date symlink: /home/wheeltec/wheeltec_ros2/install/wheeltec_robot_urdf/share/wheeltec_robot_urdf/meshes/top_4wd_bs_meshes/lb_wheel_link.STL
[1.023s] -- Up-to-date symlink: /home/wheeltec/wheeltec_ros2/install/wheeltec_robot_urdf/share/wheeltec_robot_urdf/meshes/top_4wd_bs_meshes/lf_wheel_link.STL
[1.024s] -- Up-to-date symlink: /home/wheeltec/wheeltec_ros2/install/wheeltec_robot_urdf/share/wheeltec_robot_urdf/meshes/top_4wd_bs_meshes/rb_wheel_link.STL
[1.025s] -- Up-to-date symlink: /home/wheeltec/wheeltec_ros2/install/wheeltec_robot_urdf/share/wheeltec_robot_urdf/meshes/top_4wd_bs_meshes/rf_wheel_link.STL
[1.025s] -- Up-to-date symlink: /home/wheeltec/wheeltec_ros2/install/wheeltec_robot_urdf/share/wheeltec_robot_urdf/meshes/top_4wd_bs_robot_meshes/base_link.STL
[1.026s] -- Up-to-date symlink: /home/wheeltec/wheeltec_ros2/install/wheeltec_robot_urdf/share/wheeltec_robot_urdf/meshes/top_4wd_bs_robot_meshes/camera_link.STL
[1.028s] -- Up-to-date symlink: /home/wheeltec/wheeltec_ros2/install/wheeltec_robot_urdf/share/wheeltec_robot_urdf/meshes/top_4wd_bs_robot_meshes/controller_link.STL
[1.030s] -- Up-to-date symlink: /home/wheeltec/wheeltec_ros2/install/wheeltec_robot_urdf/share/wheeltec_robot_urdf/meshes/top_4wd_bs_robot_meshes/laser.STL
[1.034s] -- Up-to-date symlink: /home/wheeltec/wheeltec_ros2/install/wheeltec_robot_urdf/share/wheeltec_robot_urdf/meshes/top_4wd_bs_robot_meshes/lb_wheel_link.STL
[1.036s] -- Up-to-date symlink: /home/wheeltec/wheeltec_ros2/install/wheeltec_robot_urdf/share/wheeltec_robot_urdf/meshes/top_4wd_bs_robot_meshes/lf_wheel_link.STL
[1.043s] -- Up-to-date symlink: /home/wheeltec/wheeltec_ros2/install/wheeltec_robot_urdf/share/wheeltec_robot_urdf/meshes/top_4wd_bs_robot_meshes/rb_wheel_link.STL
[1.044s] -- Up-to-date symlink: /home/wheeltec/wheeltec_ros2/install/wheeltec_robot_urdf/share/wheeltec_robot_urdf/meshes/top_4wd_bs_robot_meshes/rf_wheel_link.STL
[1.045s] -- Up-to-date symlink: /home/wheeltec/wheeltec_ros2/install/wheeltec_robot_urdf/share/wheeltec_robot_urdf/meshes/top_4wd_dl_robot_meshes/base_link.STL
[1.046s] -- Up-to-date symlink: /home/wheeltec/wheeltec_ros2/install/wheeltec_robot_urdf/share/wheeltec_robot_urdf/meshes/top_4wd_dl_robot_meshes/camera_link.STL
[1.051s] -- Up-to-date symlink: /home/wheeltec/wheeltec_ros2/install/wheeltec_robot_urdf/share/wheeltec_robot_urdf/meshes/top_4wd_dl_robot_meshes/charger_link.STL
[1.053s] -- Up-to-date symlink: /home/wheeltec/wheeltec_ros2/install/wheeltec_robot_urdf/share/wheeltec_robot_urdf/meshes/top_4wd_dl_robot_meshes/controller_link.STL
[1.056s] -- Up-to-date symlink: /home/wheeltec/wheeltec_ros2/install/wheeltec_robot_urdf/share/wheeltec_robot_urdf/meshes/top_4wd_dl_robot_meshes/laser.STL
[1.058s] -- Up-to-date symlink: /home/wheeltec/wheeltec_ros2/install/wheeltec_robot_urdf/share/wheeltec_robot_urdf/meshes/top_4wd_dl_robot_meshes/lb_wheel_link.STL
[1.059s] -- Up-to-date symlink: /home/wheeltec/wheeltec_ros2/install/wheeltec_robot_urdf/share/wheeltec_robot_urdf/meshes/top_4wd_dl_robot_meshes/lf_wheel_link.STL
[1.059s] -- Up-to-date symlink: /home/wheeltec/wheeltec_ros2/install/wheeltec_robot_urdf/share/wheeltec_robot_urdf/meshes/top_4wd_dl_robot_meshes/rb_wheel_link.STL
[1.060s] -- Up-to-date symlink: /home/wheeltec/wheeltec_ros2/install/wheeltec_robot_urdf/share/wheeltec_robot_urdf/meshes/top_4wd_dl_robot_meshes/rf_wheel_link.STL
[1.061s] -- Up-to-date symlink: /home/wheeltec/wheeltec_ros2/install/wheeltec_robot_urdf/share/wheeltec_robot_urdf/meshes/top_akm_bs_meshes/base_link.STL
[1.062s] -- Up-to-date symlink: /home/wheeltec/wheeltec_ros2/install/wheeltec_robot_urdf/share/wheeltec_robot_urdf/meshes/top_akm_bs_meshes/camera_link.STL
[1.063s] -- Up-to-date symlink: /home/wheeltec/wheeltec_ros2/install/wheeltec_robot_urdf/share/wheeltec_robot_urdf/meshes/top_akm_bs_meshes/controller_link.STL
[1.064s] -- Up-to-date symlink: /home/wheeltec/wheeltec_ros2/install/wheeltec_robot_urdf/share/wheeltec_robot_urdf/meshes/top_akm_bs_meshes/laser_link.STL
[1.065s] -- Up-to-date symlink: /home/wheeltec/wheeltec_ros2/install/wheeltec_robot_urdf/share/wheeltec_robot_urdf/meshes/top_akm_bs_meshes/lb_wheel_link.STL
[1.066s] -- Up-to-date symlink: /home/wheeltec/wheeltec_ros2/install/wheeltec_robot_urdf/share/wheeltec_robot_urdf/meshes/top_akm_bs_meshes/left1_link.STL
[1.067s] -- Up-to-date symlink: /home/wheeltec/wheeltec_ros2/install/wheeltec_robot_urdf/share/wheeltec_robot_urdf/meshes/top_akm_bs_meshes/lf_wheel_link.STL
[1.068s] -- Up-to-date symlink: /home/wheeltec/wheeltec_ros2/install/wheeltec_robot_urdf/share/wheeltec_robot_urdf/meshes/top_akm_bs_meshes/rb_wheel_link.STL
[1.070s] -- Up-to-date symlink: /home/wheeltec/wheeltec_ros2/install/wheeltec_robot_urdf/share/wheeltec_robot_urdf/meshes/top_akm_bs_meshes/rf_wheel_link.STL
[1.071s] -- Up-to-date symlink: /home/wheeltec/wheeltec_ros2/install/wheeltec_robot_urdf/share/wheeltec_robot_urdf/meshes/top_akm_bs_meshes/right1_link.STL
[1.072s] -- Up-to-date symlink: /home/wheeltec/wheeltec_ros2/install/wheeltec_robot_urdf/share/wheeltec_robot_urdf/meshes/top_akm_bs_robot_meshes/base_link.STL
[1.072s] -- Up-to-date symlink: /home/wheeltec/wheeltec_ros2/install/wheeltec_robot_urdf/share/wheeltec_robot_urdf/meshes/top_akm_bs_robot_meshes/camera_link.STL
[1.073s] -- Up-to-date symlink: /home/wheeltec/wheeltec_ros2/install/wheeltec_robot_urdf/share/wheeltec_robot_urdf/meshes/top_akm_bs_robot_meshes/controller_link.STL
[1.074s] -- Up-to-date symlink: /home/wheeltec/wheeltec_ros2/install/wheeltec_robot_urdf/share/wheeltec_robot_urdf/meshes/top_akm_bs_robot_meshes/laser.STL
[1.074s] -- Up-to-date symlink: /home/wheeltec/wheeltec_ros2/install/wheeltec_robot_urdf/share/wheeltec_robot_urdf/meshes/top_akm_bs_robot_meshes/lb_wheel_link.STL
[1.078s] -- Up-to-date symlink: /home/wheeltec/wheeltec_ros2/install/wheeltec_robot_urdf/share/wheeltec_robot_urdf/meshes/top_akm_bs_robot_meshes/left1_link.STL
[1.080s] -- Up-to-date symlink: /home/wheeltec/wheeltec_ros2/install/wheeltec_robot_urdf/share/wheeltec_robot_urdf/meshes/top_akm_bs_robot_meshes/lf_wheel_link.STL
[1.081s] -- Up-to-date symlink: /home/wheeltec/wheeltec_ros2/install/wheeltec_robot_urdf/share/wheeltec_robot_urdf/meshes/top_akm_bs_robot_meshes/rb_wheel_link.STL
[1.082s] -- Up-to-date symlink: /home/wheeltec/wheeltec_ros2/install/wheeltec_robot_urdf/share/wheeltec_robot_urdf/meshes/top_akm_bs_robot_meshes/rf_wheel_link.STL
[1.083s] -- Up-to-date symlink: /home/wheeltec/wheeltec_ros2/install/wheeltec_robot_urdf/share/wheeltec_robot_urdf/meshes/top_akm_bs_robot_meshes/right1_link.STL
[1.084s] -- Up-to-date symlink: /home/wheeltec/wheeltec_ros2/install/wheeltec_robot_urdf/share/wheeltec_robot_urdf/meshes/top_akm_dl_meshes/base_link.STL
[1.086s] -- Up-to-date symlink: /home/wheeltec/wheeltec_ros2/install/wheeltec_robot_urdf/share/wheeltec_robot_urdf/meshes/top_akm_dl_meshes/camera_link.STL
[1.095s] -- Up-to-date symlink: /home/wheeltec/wheeltec_ros2/install/wheeltec_robot_urdf/share/wheeltec_robot_urdf/meshes/top_akm_dl_meshes/controller_link.STL
[1.096s] -- Up-to-date symlink: /home/wheeltec/wheeltec_ros2/install/wheeltec_robot_urdf/share/wheeltec_robot_urdf/meshes/top_akm_dl_meshes/laser_link.STL
[1.097s] -- Up-to-date symlink: /home/wheeltec/wheeltec_ros2/install/wheeltec_robot_urdf/share/wheeltec_robot_urdf/meshes/top_akm_dl_meshes/lb_wheel_link.STL
[1.098s] -- Up-to-date symlink: /home/wheeltec/wheeltec_ros2/install/wheeltec_robot_urdf/share/wheeltec_robot_urdf/meshes/top_akm_dl_meshes/left1_link.STL
[1.098s] -- Up-to-date symlink: /home/wheeltec/wheeltec_ros2/install/wheeltec_robot_urdf/share/wheeltec_robot_urdf/meshes/top_akm_dl_meshes/lf_wheel_link.STL
[1.099s] -- Up-to-date symlink: /home/wheeltec/wheeltec_ros2/install/wheeltec_robot_urdf/share/wheeltec_robot_urdf/meshes/top_akm_dl_meshes/rb_wheel_link.STL
[1.100s] -- Up-to-date symlink: /home/wheeltec/wheeltec_ros2/install/wheeltec_robot_urdf/share/wheeltec_robot_urdf/meshes/top_akm_dl_meshes/rf_wheel_link.STL
[1.101s] -- Up-to-date symlink: /home/wheeltec/wheeltec_ros2/install/wheeltec_robot_urdf/share/wheeltec_robot_urdf/meshes/top_akm_dl_meshes/right1_link.STL
[1.102s] -- Up-to-date symlink: /home/wheeltec/wheeltec_ros2/install/wheeltec_robot_urdf/share/wheeltec_robot_urdf/meshes/top_akm_dl_robot_meshes/base_link.STL
[1.103s] -- Up-to-date symlink: /home/wheeltec/wheeltec_ros2/install/wheeltec_robot_urdf/share/wheeltec_robot_urdf/meshes/top_akm_dl_robot_meshes/camera_link.STL
[1.103s] -- Up-to-date symlink: /home/wheeltec/wheeltec_ros2/install/wheeltec_robot_urdf/share/wheeltec_robot_urdf/meshes/top_akm_dl_robot_meshes/controller_link.STL
[1.104s] -- Up-to-date symlink: /home/wheeltec/wheeltec_ros2/install/wheeltec_robot_urdf/share/wheeltec_robot_urdf/meshes/top_akm_dl_robot_meshes/laser.STL
[1.105s] -- Up-to-date symlink: /home/wheeltec/wheeltec_ros2/install/wheeltec_robot_urdf/share/wheeltec_robot_urdf/meshes/top_akm_dl_robot_meshes/lb_wheel_link.STL
[1.105s] -- Up-to-date symlink: /home/wheeltec/wheeltec_ros2/install/wheeltec_robot_urdf/share/wheeltec_robot_urdf/meshes/top_akm_dl_robot_meshes/left1_link.STL
[1.106s] -- Up-to-date symlink: /home/wheeltec/wheeltec_ros2/install/wheeltec_robot_urdf/share/wheeltec_robot_urdf/meshes/top_akm_dl_robot_meshes/lf_wheel_link.STL
[1.107s] -- Up-to-date symlink: /home/wheeltec/wheeltec_ros2/install/wheeltec_robot_urdf/share/wheeltec_robot_urdf/meshes/top_akm_dl_robot_meshes/rb_wheel_link.STL
[1.107s] -- Up-to-date symlink: /home/wheeltec/wheeltec_ros2/install/wheeltec_robot_urdf/share/wheeltec_robot_urdf/meshes/top_akm_dl_robot_meshes/rf_wheel_link.STL
[1.108s] -- Up-to-date symlink: /home/wheeltec/wheeltec_ros2/install/wheeltec_robot_urdf/share/wheeltec_robot_urdf/meshes/top_akm_dl_robot_meshes/right1_link.STL
[1.108s] -- Up-to-date symlink: /home/wheeltec/wheeltec_ros2/install/wheeltec_robot_urdf/share/wheeltec_robot_urdf/meshes/top_mec_EightDrive_robot_meshes/base_link.STL
[1.109s] -- Up-to-date symlink: /home/wheeltec/wheeltec_ros2/install/wheeltec_robot_urdf/share/wheeltec_robot_urdf/meshes/top_mec_EightDrive_robot_meshes/camera_link.STL
[1.110s] -- Up-to-date symlink: /home/wheeltec/wheeltec_ros2/install/wheeltec_robot_urdf/share/wheeltec_robot_urdf/meshes/top_mec_EightDrive_robot_meshes/controller_link.STL
[1.110s] -- Up-to-date symlink: /home/wheeltec/wheeltec_ros2/install/wheeltec_robot_urdf/share/wheeltec_robot_urdf/meshes/top_mec_EightDrive_robot_meshes/laser.STL
[1.111s] -- Up-to-date symlink: /home/wheeltec/wheeltec_ros2/install/wheeltec_robot_urdf/share/wheeltec_robot_urdf/meshes/top_mec_EightDrive_robot_meshes/left_wheel1_link.STL
[1.112s] -- Up-to-date symlink: /home/wheeltec/wheeltec_ros2/install/wheeltec_robot_urdf/share/wheeltec_robot_urdf/meshes/top_mec_EightDrive_robot_meshes/left_wheel2_link.STL
[1.115s] -- Up-to-date symlink: /home/wheeltec/wheeltec_ros2/install/wheeltec_robot_urdf/share/wheeltec_robot_urdf/meshes/top_mec_EightDrive_robot_meshes/left_wheel3_link.STL
[1.116s] -- Up-to-date symlink: /home/wheeltec/wheeltec_ros2/install/wheeltec_robot_urdf/share/wheeltec_robot_urdf/meshes/top_mec_EightDrive_robot_meshes/left_wheel4_link.STL
[1.117s] -- Up-to-date symlink: /home/wheeltec/wheeltec_ros2/install/wheeltec_robot_urdf/share/wheeltec_robot_urdf/meshes/top_mec_EightDrive_robot_meshes/right_wheel1_link.STL
[1.117s] -- Up-to-date symlink: /home/wheeltec/wheeltec_ros2/install/wheeltec_robot_urdf/share/wheeltec_robot_urdf/meshes/top_mec_EightDrive_robot_meshes/right_wheel2_link.STL
[1.118s] -- Up-to-date symlink: /home/wheeltec/wheeltec_ros2/install/wheeltec_robot_urdf/share/wheeltec_robot_urdf/meshes/top_mec_EightDrive_robot_meshes/right_wheel3_link.STL
[1.120s] -- Up-to-date symlink: /home/wheeltec/wheeltec_ros2/install/wheeltec_robot_urdf/share/wheeltec_robot_urdf/meshes/top_mec_EightDrive_robot_meshes/right_wheel4_link.STL
[1.122s] -- Up-to-date symlink: /home/wheeltec/wheeltec_ros2/install/wheeltec_robot_urdf/share/wheeltec_robot_urdf/meshes/top_mec_bs_robot_meshes/base_link.STL
[1.125s] -- Up-to-date symlink: /home/wheeltec/wheeltec_ros2/install/wheeltec_robot_urdf/share/wheeltec_robot_urdf/meshes/top_mec_bs_robot_meshes/camera_link.STL
[1.127s] -- Up-to-date symlink: /home/wheeltec/wheeltec_ros2/install/wheeltec_robot_urdf/share/wheeltec_robot_urdf/meshes/top_mec_bs_robot_meshes/controller_link.STL
[1.128s] -- Up-to-date symlink: /home/wheeltec/wheeltec_ros2/install/wheeltec_robot_urdf/share/wheeltec_robot_urdf/meshes/top_mec_bs_robot_meshes/laser.STL
[1.129s] -- Up-to-date symlink: /home/wheeltec/wheeltec_ros2/install/wheeltec_robot_urdf/share/wheeltec_robot_urdf/meshes/top_mec_bs_robot_meshes/lb_wheel_link.STL
[1.130s] -- Up-to-date symlink: /home/wheeltec/wheeltec_ros2/install/wheeltec_robot_urdf/share/wheeltec_robot_urdf/meshes/top_mec_bs_robot_meshes/lf_wheel_link.STL
[1.130s] -- Up-to-date symlink: /home/wheeltec/wheeltec_ros2/install/wheeltec_robot_urdf/share/wheeltec_robot_urdf/meshes/top_mec_bs_robot_meshes/rb_wheel_link.STL
[1.131s] -- Up-to-date symlink: /home/wheeltec/wheeltec_ros2/install/wheeltec_robot_urdf/share/wheeltec_robot_urdf/meshes/top_mec_bs_robot_meshes/rf_wheel_link.STL
[1.132s] -- Up-to-date symlink: /home/wheeltec/wheeltec_ros2/install/wheeltec_robot_urdf/share/wheeltec_robot_urdf/meshes/top_mec_dl_robot_meshes/base_link.STL
[1.134s] -- Up-to-date symlink: /home/wheeltec/wheeltec_ros2/install/wheeltec_robot_urdf/share/wheeltec_robot_urdf/meshes/top_mec_dl_robot_meshes/camera_link.STL
[1.135s] -- Up-to-date symlink: /home/wheeltec/wheeltec_ros2/install/wheeltec_robot_urdf/share/wheeltec_robot_urdf/meshes/top_mec_dl_robot_meshes/controller_link.STL
[1.137s] -- Up-to-date symlink: /home/wheeltec/wheeltec_ros2/install/wheeltec_robot_urdf/share/wheeltec_robot_urdf/meshes/top_mec_dl_robot_meshes/laser.STL
[1.139s] -- Up-to-date symlink: /home/wheeltec/wheeltec_ros2/install/wheeltec_robot_urdf/share/wheeltec_robot_urdf/meshes/top_mec_dl_robot_meshes/lb_wheel_link.STL
[1.139s] -- Up-to-date symlink: /home/wheeltec/wheeltec_ros2/install/wheeltec_robot_urdf/share/wheeltec_robot_urdf/meshes/top_mec_dl_robot_meshes/lf_wheel_link.STL
[1.140s] -- Up-to-date symlink: /home/wheeltec/wheeltec_ros2/install/wheeltec_robot_urdf/share/wheeltec_robot_urdf/meshes/top_mec_dl_robot_meshes/rb_wheel_link.STL
[1.142s] -- Up-to-date symlink: /home/wheeltec/wheeltec_ros2/install/wheeltec_robot_urdf/share/wheeltec_robot_urdf/meshes/top_mec_dl_robot_meshes/rf_wheel_link.STL
[1.143s] -- Up-to-date symlink: /home/wheeltec/wheeltec_ros2/install/wheeltec_robot_urdf/share/wheeltec_robot_urdf/meshes/top_omni_robot_meshes/base_link.STL
[1.144s] -- Up-to-date symlink: /home/wheeltec/wheeltec_ros2/install/wheeltec_robot_urdf/share/wheeltec_robot_urdf/meshes/top_omni_robot_meshes/camera_link.STL
[1.144s] -- Up-to-date symlink: /home/wheeltec/wheeltec_ros2/install/wheeltec_robot_urdf/share/wheeltec_robot_urdf/meshes/top_omni_robot_meshes/controller_link.STL
[1.146s] -- Up-to-date symlink: /home/wheeltec/wheeltec_ros2/install/wheeltec_robot_urdf/share/wheeltec_robot_urdf/meshes/top_omni_robot_meshes/laser.STL
[1.146s] -- Up-to-date symlink: /home/wheeltec/wheeltec_ros2/install/wheeltec_robot_urdf/share/wheeltec_robot_urdf/meshes/top_omni_robot_meshes/quanxiang_wheel1_link.STL
[1.147s] -- Up-to-date symlink: /home/wheeltec/wheeltec_ros2/install/wheeltec_robot_urdf/share/wheeltec_robot_urdf/meshes/top_omni_robot_meshes/quanxiang_wheel2_link.STL
[1.148s] -- Up-to-date symlink: /home/wheeltec/wheeltec_ros2/install/wheeltec_robot_urdf/share/wheeltec_robot_urdf/meshes/top_omni_robot_meshes/quanxiang_wheel3_link.STL
[1.150s] -- Up-to-date symlink: /home/wheeltec/wheeltec_ros2/install/wheeltec_robot_urdf/share/wheeltec_robot_urdf/meshes/wheels/left_tire.stl
[1.151s] -- Up-to-date symlink: /home/wheeltec/wheeltec_ros2/install/wheeltec_robot_urdf/share/wheeltec_robot_urdf/meshes/wheels/right_tire.stl
[1.152s] -- Up-to-date symlink: /home/wheeltec/wheeltec_ros2/install/wheeltec_robot_urdf/share/wheeltec_robot_urdf/rviz/model.rviz
[1.156s] -- Up-to-date symlink: /home/wheeltec/wheeltec_ros2/install/wheeltec_robot_urdf/share/wheeltec_robot_urdf/urdf/R550A_PLUS_4wd_arm_robot.urdf
[1.157s] -- Up-to-date symlink: /home/wheeltec/wheeltec_ros2/install/wheeltec_robot_urdf/share/wheeltec_robot_urdf/urdf/R550A_PLUS_diff_arm_robot.urdf
[1.158s] -- Up-to-date symlink: /home/wheeltec/wheeltec_ros2/install/wheeltec_robot_urdf/share/wheeltec_robot_urdf/urdf/R550A_PLUS_mec_arm_robot.urdf
[1.159s] -- Up-to-date symlink: /home/wheeltec/wheeltec_ros2/install/wheeltec_robot_urdf/share/wheeltec_robot_urdf/urdf/S100_diff_robot.urdf
[1.159s] -- Up-to-date symlink: /home/wheeltec/wheeltec_ros2/install/wheeltec_robot_urdf/share/wheeltec_robot_urdf/urdf/S200_diff_robot.urdf
[1.160s] -- Up-to-date symlink: /home/wheeltec/wheeltec_ros2/install/wheeltec_robot_urdf/share/wheeltec_robot_urdf/urdf/V550_4wd_robot.urdf
[1.161s] -- Up-to-date symlink: /home/wheeltec/wheeltec_ros2/install/wheeltec_robot_urdf/share/wheeltec_robot_urdf/urdf/V550_akm_robot.urdf
[1.161s] -- Up-to-date symlink: /home/wheeltec/wheeltec_ros2/install/wheeltec_robot_urdf/share/wheeltec_robot_urdf/urdf/V550_mec_robot.urdf
[1.162s] -- Up-to-date symlink: /home/wheeltec/wheeltec_ros2/install/wheeltec_robot_urdf/share/wheeltec_robot_urdf/urdf/autoware_s200_dual_antenna_robot.urdf
[1.164s] -- Up-to-date symlink: /home/wheeltec/wheeltec_ros2/install/wheeltec_robot_urdf/share/wheeltec_robot_urdf/urdf/autoware_s200_single_antenna_robot.urdf
[1.165s] -- Up-to-date symlink: /home/wheeltec/wheeltec_ros2/install/wheeltec_robot_urdf/share/wheeltec_robot_urdf/urdf/autoware_senior_akm_robot.urdf
[1.166s] -- Up-to-date symlink: /home/wheeltec/wheeltec_ros2/install/wheeltec_robot_urdf/share/wheeltec_robot_urdf/urdf/autoware_top_akm_dual_antenna_robot.urdf
[1.167s] -- Up-to-date symlink: /home/wheeltec/wheeltec_ros2/install/wheeltec_robot_urdf/share/wheeltec_robot_urdf/urdf/autoware_top_akm_single_antenna_robot.urdf
[1.168s] -- Up-to-date symlink: /home/wheeltec/wheeltec_ros2/install/wheeltec_robot_urdf/share/wheeltec_robot_urdf/urdf/brushless_senior_diff_robot.urdf
[1.168s] -- Up-to-date symlink: /home/wheeltec/wheeltec_ros2/install/wheeltec_robot_urdf/share/wheeltec_robot_urdf/urdf/flagship_4wd_bs_robot.urdf
[1.169s] -- Up-to-date symlink: /home/wheeltec/wheeltec_ros2/install/wheeltec_robot_urdf/share/wheeltec_robot_urdf/urdf/flagship_4wd_dl_robot.urdf
[1.169s] -- Up-to-date symlink: /home/wheeltec/wheeltec_ros2/install/wheeltec_robot_urdf/share/wheeltec_robot_urdf/urdf/flagship_mec_bs_robot.urdf
[1.170s] -- Up-to-date symlink: /home/wheeltec/wheeltec_ros2/install/wheeltec_robot_urdf/share/wheeltec_robot_urdf/urdf/flagship_mec_dl_robot.urdf
[1.171s] -- Up-to-date symlink: /home/wheeltec/wheeltec_ros2/install/wheeltec_robot_urdf/share/wheeltec_robot_urdf/urdf/four_wheel_diff_bs_robot.urdf
[1.172s] -- Up-to-date symlink: /home/wheeltec/wheeltec_ros2/install/wheeltec_robot_urdf/share/wheeltec_robot_urdf/urdf/four_wheel_diff_dl_robot.urdf
[1.172s] -- Up-to-date symlink: /home/wheeltec/wheeltec_ros2/install/wheeltec_robot_urdf/share/wheeltec_robot_urdf/urdf/mini_4wd_moveit_four.urdf
[1.173s] -- Up-to-date symlink: /home/wheeltec/wheeltec_ros2/install/wheeltec_robot_urdf/share/wheeltec_robot_urdf/urdf/mini_4wd_robot.urdf
[1.173s] -- Up-to-date symlink: /home/wheeltec/wheeltec_ros2/install/wheeltec_robot_urdf/share/wheeltec_robot_urdf/urdf/mini_akm_robot.urdf
[1.174s] -- Up-to-date symlink: /home/wheeltec/wheeltec_ros2/install/wheeltec_robot_urdf/share/wheeltec_robot_urdf/urdf/mini_diff_robot.urdf
[1.175s] -- Up-to-date symlink: /home/wheeltec/wheeltec_ros2/install/wheeltec_robot_urdf/share/wheeltec_robot_urdf/urdf/mini_mec_moveit_four.urdf
[1.175s] -- Up-to-date symlink: /home/wheeltec/wheeltec_ros2/install/wheeltec_robot_urdf/share/wheeltec_robot_urdf/urdf/mini_mec_moveit_six.urdf
[1.176s] -- Up-to-date symlink: /home/wheeltec/wheeltec_ros2/install/wheeltec_robot_urdf/share/wheeltec_robot_urdf/urdf/mini_mec_robot.urdf
[1.177s] -- Up-to-date symlink: /home/wheeltec/wheeltec_ros2/install/wheeltec_robot_urdf/share/wheeltec_robot_urdf/urdf/mini_omni_robot.urdf
[1.178s] -- Up-to-date symlink: /home/wheeltec/wheeltec_ros2/install/wheeltec_robot_urdf/share/wheeltec_robot_urdf/urdf/mini_tank_moveit_four.urdf
[1.179s] -- Up-to-date symlink: /home/wheeltec/wheeltec_ros2/install/wheeltec_robot_urdf/share/wheeltec_robot_urdf/urdf/mini_tank_robot.urdf
[1.180s] -- Up-to-date symlink: /home/wheeltec/wheeltec_ros2/install/wheeltec_robot_urdf/share/wheeltec_robot_urdf/urdf/r3S_4wd_robot.urdf
[1.181s] -- Up-to-date symlink: /home/wheeltec/wheeltec_ros2/install/wheeltec_robot_urdf/share/wheeltec_robot_urdf/urdf/r3s_mec_robot.urdf
[1.182s] -- Up-to-date symlink: /home/wheeltec/wheeltec_ros2/install/wheeltec_robot_urdf/share/wheeltec_robot_urdf/urdf/s300_mini_robot.urdf
[1.183s] -- Up-to-date symlink: /home/wheeltec/wheeltec_ros2/install/wheeltec_robot_urdf/share/wheeltec_robot_urdf/urdf/s300_yw_robot.urdf
[1.183s] -- Up-to-date symlink: /home/wheeltec/wheeltec_ros2/install/wheeltec_robot_urdf/share/wheeltec_robot_urdf/urdf/senior_4wd_bs_robot.urdf
[1.184s] -- Up-to-date symlink: /home/wheeltec/wheeltec_ros2/install/wheeltec_robot_urdf/share/wheeltec_robot_urdf/urdf/senior_4wd_dl_robot.urdf
[1.184s] -- Up-to-date symlink: /home/wheeltec/wheeltec_ros2/install/wheeltec_robot_urdf/share/wheeltec_robot_urdf/urdf/senior_akm_robot.urdf
[1.185s] -- Up-to-date symlink: /home/wheeltec/wheeltec_ros2/install/wheeltec_robot_urdf/share/wheeltec_robot_urdf/urdf/senior_diff_robot.urdf
[1.185s] -- Up-to-date symlink: /home/wheeltec/wheeltec_ros2/install/wheeltec_robot_urdf/share/wheeltec_robot_urdf/urdf/senior_mec_bs_robot.urdf
[1.186s] -- Up-to-date symlink: /home/wheeltec/wheeltec_ros2/install/wheeltec_robot_urdf/share/wheeltec_robot_urdf/urdf/senior_mec_dl_robot.urdf
[1.187s] -- Up-to-date symlink: /home/wheeltec/wheeltec_ros2/install/wheeltec_robot_urdf/share/wheeltec_robot_urdf/urdf/senior_omni_robot.urdf
[1.187s] -- Up-to-date symlink: /home/wheeltec/wheeltec_ros2/install/wheeltec_robot_urdf/share/wheeltec_robot_urdf/urdf/top_4wd_bs_robot.urdf
[1.188s] -- Up-to-date symlink: /home/wheeltec/wheeltec_ros2/install/wheeltec_robot_urdf/share/wheeltec_robot_urdf/urdf/top_4wd_dl_robot.urdf
[1.188s] -- Up-to-date symlink: /home/wheeltec/wheeltec_ros2/install/wheeltec_robot_urdf/share/wheeltec_robot_urdf/urdf/top_akm_bs_robot.urdf
[1.189s] -- Up-to-date symlink: /home/wheeltec/wheeltec_ros2/install/wheeltec_robot_urdf/share/wheeltec_robot_urdf/urdf/top_akm_dl_robot.urdf
[1.189s] -- Up-to-date symlink: /home/wheeltec/wheeltec_ros2/install/wheeltec_robot_urdf/share/wheeltec_robot_urdf/urdf/top_mec_EightDrive_robot.urdf
[1.190s] -- Up-to-date symlink: /home/wheeltec/wheeltec_ros2/install/wheeltec_robot_urdf/share/wheeltec_robot_urdf/urdf/top_mec_bs_robot.urdf
[1.190s] -- Up-to-date symlink: /home/wheeltec/wheeltec_ros2/install/wheeltec_robot_urdf/share/wheeltec_robot_urdf/urdf/top_mec_dl_robot.urdf
[1.191s] -- Up-to-date symlink: /home/wheeltec/wheeltec_ros2/install/wheeltec_robot_urdf/share/wheeltec_robot_urdf/urdf/top_omni_robot.urdf
[1.192s] -- Up-to-date symlink: /home/wheeltec/wheeltec_ros2/install/wheeltec_robot_urdf/share/ament_index/resource_index/package_run_dependencies/wheeltec_robot_urdf
[1.192s] -- Up-to-date symlink: /home/wheeltec/wheeltec_ros2/install/wheeltec_robot_urdf/share/ament_index/resource_index/parent_prefix_path/wheeltec_robot_urdf
[1.193s] -- Up-to-date symlink: /home/wheeltec/wheeltec_ros2/install/wheeltec_robot_urdf/share/wheeltec_robot_urdf/environment/ament_prefix_path.sh
[1.194s] -- Up-to-date symlink: /home/wheeltec/wheeltec_ros2/install/wheeltec_robot_urdf/share/wheeltec_robot_urdf/environment/ament_prefix_path.dsv
[1.203s] -- Up-to-date symlink: /home/wheeltec/wheeltec_ros2/install/wheeltec_robot_urdf/share/wheeltec_robot_urdf/environment/path.sh
[1.204s] -- Up-to-date symlink: /home/wheeltec/wheeltec_ros2/install/wheeltec_robot_urdf/share/wheeltec_robot_urdf/environment/path.dsv
[1.204s] -- Up-to-date symlink: /home/wheeltec/wheeltec_ros2/install/wheeltec_robot_urdf/share/wheeltec_robot_urdf/local_setup.bash
[1.204s] -- Up-to-date symlink: /home/wheeltec/wheeltec_ros2/install/wheeltec_robot_urdf/share/wheeltec_robot_urdf/local_setup.sh
[1.204s] -- Up-to-date symlink: /home/wheeltec/wheeltec_ros2/install/wheeltec_robot_urdf/share/wheeltec_robot_urdf/local_setup.zsh
[1.204s] -- Up-to-date symlink: /home/wheeltec/wheeltec_ros2/install/wheeltec_robot_urdf/share/wheeltec_robot_urdf/local_setup.dsv
[1.204s] -- Symlinking: /home/wheeltec/wheeltec_ros2/install/wheeltec_robot_urdf/share/wheeltec_robot_urdf/package.dsv
[1.230s] -- Up-to-date symlink: /home/wheeltec/wheeltec_ros2/install/wheeltec_robot_urdf/share/ament_index/resource_index/packages/wheeltec_robot_urdf
[1.230s] -- Up-to-date symlink: /home/wheeltec/wheeltec_ros2/install/wheeltec_robot_urdf/share/wheeltec_robot_urdf/cmake/wheeltec_robot_urdfConfig.cmake
[1.230s] -- Up-to-date symlink: /home/wheeltec/wheeltec_ros2/install/wheeltec_robot_urdf/share/wheeltec_robot_urdf/cmake/wheeltec_robot_urdfConfig-version.cmake
[1.231s] -- Up-to-date symlink: /home/wheeltec/wheeltec_ros2/install/wheeltec_robot_urdf/share/wheeltec_robot_urdf/package.xml
[1.370s] Invoked command in '/home/wheeltec/wheeltec_ros2/build/wheeltec_robot_urdf' returned '0': CMAKE_PREFIX_PATH=${CMAKE_PREFIX_PATH}:/home/wheeltec/wheeltec_ros2/install/wheeltec_robot_keyboard:/home/wheeltec/wheeltec_ros2/install/wheeltec_dual_rtk_driver:/home/wheeltec/wheeltec_ros2/install/ultralytics_ros2:/home/wheeltec/wheeltec_ros2/install/tf2_tools:/home/wheeltec/wheeltec_ros2/install/nav2_waypoint_cycle:/home/wheeltec/wheeltec_ros2/install/nav2_simple_commander:/home/wheeltec/wheeltec_ros2/install/auto_recharge_ros2:/home/wheeltec/autoware/install/autoware_wheeltec_interface:/home/wheeltec/autoware/install/ad_api_visualizers:/opt/ros/humble /usr/bin/cmake --install /home/wheeltec/wheeltec_ros2/build/wheeltec_robot_urdf
